reporter_name_raw,hs6_code,hs6_desc,year,export_value_usd,export_netweight_kg,export_qty,qty_unit,iso3
,252321,,2023,107927.979,590270.0,590270.0,,ALB
,252329,,2023,60214695.76,583570265.0,583570265.0,,ALB
,310210,,2023,1346655.686,2288480.0,2288480.0,,ALB
,310230,,2023,96213.189,179300.0,179300.0,,ALB
,250700,,2023,656.914,100.0,100.0,,AGO
,252310,,2023,16579319.508,560386262.1,560386262.1,,AGO
,252321,,2023,47291.45,,0.0,,AGO
,252329,,2023,4764710.451,47286977.272,47286977.272,,AGO
,252390,,2023,509791.952,568844.387,568844.387,,AGO
,260112,,2023,154.591,1848.0,1848.0,,AGO
,310210,,2023,23.582,72.0,72.0,,AGO
,310230,,2023,17095.984,20000.0,20000.0,,AGO
,252310,,2023,46056189.48,814804000.0,814804000.0,,AZE
,252321,,2023,168512.77,2414300.0,2414300.0,,AZE
,252329,,2023,3927961.83,57360030.0,57360030.0,,AZE
,310210,,2023,83010451.4,362206150.0,362206150.0,,AZE
,250700,,2023,41742.43,107455.0,107455.0,,ARG
,280800,,2023,493663.25,556333.0,556333.0,,ARG
,281420,,2023,56088.2,77300.6,77300.6,,ARG
,310210,,2023,608610.92,1280500.0,1280500.0,,ARG
,250700,,2023,3861681.836,13164970.0,13164970.0,,AUS
,252310,,2023,183314.269,93929.4,93929.4,,AUS
,252321,,2023,168549.366,492561.0,492561.0,,AUS
,252329,,2023,794603.441,3383902.0,3383902.0,,AUS
,252330,,2023,135690.415,211982.21,211982.21,,AUS
,252390,,2023,1746048.099,5544867.8,5544867.8,,AUS
,260112,,2023,442817306.071,,0.0,,AUS
,280410,,2023,94587.992,50567.35,0.0,,AUS
,280800,,2023,88027.363,,0.0,,AUS
,281410,,2023,111597844.809,247951720.0,247951720.0,,AUS
,281420,,2023,169002.465,436742.0,436742.0,,AUS
,283421,,2023,66079.983,16468.0,16468.0,,AUS
,310210,,2023,1774340.853,1799589.8,1799589.8,,AUS
,310221,,2023,24159.059,,0.0,,AUS
,310229,,2023,378497.463,134475.6,134475.6,,AUS
,310230,,2023,17022731.916,26624950.0,26624950.0,,AUS
,310240,,2023,3089.309,632.0,632.0,,AUS
,310250,,2023,2727.229,309.0,309.0,,AUS
,310260,,2023,13489.982,,0.0,,AUS
,310280,,2023,99005.371,103733.0,103733.0,,AUS
,252310,,2023,30.005,,0.0,,BHR
,252321,,2023,175.979,1055.133,1055.133,,BHR
,252329,,2023,6058.699,59459.759,59459.759,,BHR
,252330,,2023,39.894,74.527,74.527,,BHR
,252390,,2023,25755.548,115717.271,115717.271,,BHR
,260112,,2023,1831371467.111,13815963660.948,13815963660.948,,BHR
,281420,,2023,11537090.226,31302300.439,31302300.439,,BHR
,283421,,2023,42.553,,0.0,,BHR
,310210,,2023,290410151.785,563749145.154,563749145.154,,BHR
,252330,,2023,53.12,26.186,26.186,,ARM
,281420,,2023,0.3,0.23,0.23,,ARM
,283421,,2023,9161.9,4850.0,4850.0,,ARM
,310210,,2023,26746.08,29096.1,29096.1,,ARM
,310230,,2023,47618.59,,0.0,,ARM
,310260,,2023,78847.66,62400.0,62400.0,,ARM
,252329,,2023,216414.0,2756880.0,2756880.0,,BOL
,260112,,2023,2154.0,107.7,107.7,,BOL
,310210,,2023,77856436.33,232021110.0,232021110.0,,BOL
,250700,,2023,921563.487,65302886.0,65302886.0,,BIH
,252310,,2023,3364039.772,41344630.0,41344630.0,,BIH
,252321,,2023,296.21,421.6,421.6,,BIH
,252329,,2023,11907766.27,112700247.16,112700247.16,,BIH
,252330,,2023,5765.18,14200.0,14200.0,,BIH
,252390,,2023,24095030.347,239462218.5,239462218.5,,BIH
,280800,,2023,26840.542,77400.0,77400.0,,BIH
,310210,,2023,487814.907,1239334.76,1239334.76,,BIH
,310221,,2023,1158899.327,5485792.0,5485792.0,,BIH
,310230,,2023,7548.107,5780.0,5780.0,,BIH
,250700,,2023,100519737.0,729746506.0,729745505.0,,BRA
,252321,,2023,22705.0,60196.0,60196.0,,BRA
,252329,,2023,16592863.0,217130567.404,216994200.404,,BRA
,252330,,2023,424635.0,524654.118,524654.118,,BRA
,252390,,2023,15470.0,3220.0,0.0,,BRA
,260112,,2023,3295385554.0,25007995997.0,25007995997.0,,BRA
,280410,,2023,17307.0,425.098,3711.0,,BRA
,280800,,2023,1108503.0,,0.0,,BRA
,281410,,2023,38693322.0,62447324.842,62447324.842,,BRA
,281420,,2023,264853.0,349391.209,349391.209,,BRA
,283421,,2023,17.0,1.0,1.0,,BRA
,310210,,2023,12516689.0,20822758.991,20822758.991,,BRA
,310221,,2023,9356128.0,27900633.0,27900633.0,,BRA
,310229,,2023,1727852.0,223136.0,223135.0,,BRA
,310230,,2023,2580109.0,4290560.0,4290560.0,,BRA
,310240,,2023,126192.0,270000.0,270000.0,,BRA
,310250,,2023,1058526.0,232309.0,232309.0,,BRA
,310260,,2023,194570.0,226025.0,226025.0,,BRA
,310280,,2023,2512459.0,466120.0,466120.0,,BRA
,252310,,2023,59.565,200.0,200.0,,BRN
,252321,,2023,3104.634,,0.0,,BRN
,252330,,2023,269.187,52.54,52.54,,BRN
,310210,,2023,359034273.148,947345607.9,947345607.9,,BRN
,310229,,2023,5.07,2.0,2.0,,BRN
,260112,,2023,325600.0,3200000.0,3200000.0,,MMR
,252329,,2023,146900.88,3497640.0,3497640.0,,KHM
,260112,,2023,27232222.5,907740750.0,907740750.0,,KHM
,250700,,2023,49485.397,224057.8,224057.8,,CMR
,252310,,2023,50.192,120.0,120.0,,CMR
,252321,,2023,74298.552,285000.0,285000.0,,CMR
,252329,,2023,529063.003,5095445.0,5095445.0,,CMR
,252390,,2023,11669411.579,70539608.0,70539608.0,,CMR
,280410,,2023,2351.956,384.0,0.0,,CMR
,280800,,2023,31.31,0.6,0.6,,CMR
,281410,,2023,24134.744,2010.0,2010.0,,CMR
,310210,,2023,801393.822,828000.0,828000.0,,CMR
,310230,,2023,965183.069,398500.0,398500.0,,CMR
,310280,,2023,13297.28,29000.0,29000.0,,CMR
,250700,,2023,877431.968,3769040.0,3769040.0,,CAN
,252310,,2023,39723708.1,510045000.0,510045000.0,,CAN
,252321,,2023,54788021.575,319162000.0,319162000.0,,CAN
,252329,,2023,437328673.256,3864360000.0,3864360000.0,,CAN
,252330,,2023,5815389.082,11051000.0,11051000.0,,CAN
,252390,,2023,28563539.559,273268701.631,273268701.631,,CAN
,260112,,2023,1870157496.372,13598844000.0,13598844000.0,,CAN
,280410,,2023,67654309.273,33392000.0,0.0,,CAN
,280800,,2023,5906654.518,,0.0,,CAN
,281410,,2023,783032829.992,1063319995.0,1063319995.0,,CAN
,281420,,2023,11700905.133,25415648.0,25415648.0,,CAN
,283421,,2023,2824213.337,8409001.0,8409001.0,,CAN
,310210,,2023,371164219.616,733066390.0,733066390.0,,CAN
,310221,,2023,187424597.082,473730150.0,473730150.0,,CAN
,310229,,2023,4144770.847,6266969.0,6266969.0,,CAN
,310230,,2023,72764649.904,226316157.0,226316157.0,,CAN
,310240,,2023,10211820.663,23865000.0,23865000.0,,CAN
,310250,,2023,26725.512,50634.0,50634.0,,CAN
,310260,,2023,425577.688,768720.0,768720.0,,CAN
,310280,,2023,144293330.244,389506740.0,389506740.0,,CAN
,250700,,2023,43122.342,49575.4,49575.4,,LKA
,252321,,2023,10696.538,52436.0,52436.0,,LKA
,252329,,2023,57367.627,188216.6,188216.6,,LKA
,252330,,2023,130.662,88.46,88.46,,LKA
,252390,,2023,11313.582,7441.42,7441.42,,LKA
,280800,,2023,75.981,35.0,35.0,,LKA
,281410,,2023,298140.372,114318.0,114318.0,,LKA
,310210,,2023,218103.067,543040.0,543040.0,,LKA
,310229,,2023,2012.764,12050.0,12050.0,,LKA
,250700,,2023,163850.87,160577.26,160577.26,,CHL
,252310,,2023,11250.0,,0.0,,CHL
,252329,,2023,3328976.106,34853462.0,34853462.0,,CHL
,252330,,2023,4441.75,3725.0,3725.0,,CHL
,260112,,2023,244854015.81,1802520514.0,1802520514.0,,CHL
,280410,,2023,10684.02,873.122,8720.0,,CHL
,280800,,2023,6658082.59,14555280.0,14555280.0,,CHL
,281410,,2023,898004.73,,0.0,,CHL
,283421,,2023,245852348.26,302010033.68,302010033.68,,CHL
,310210,,2023,259161.01,237155.327,237155.327,,CHL
,310221,,2023,14993.93,24000.0,24000.0,,CHL
,310230,,2023,72628273.92,125430815.0,125430815.0,,CHL
,310250,,2023,103799976.58,124808862.0,124808862.0,,CHL
,250700,,2023,182577242.0,1117838658.0,1117838658.0,,CHN
,252310,,2023,22513951.0,218526687.482,218526687.482,,CHN
,252321,,2023,14958561.0,291015514.0,291015514.0,,CHN
,252329,,2023,212409460.0,3180611368.0,3180611368.0,,CHN
,252330,,2023,30671982.0,62443521.0,62443521.0,,CHN
,252390,,2023,7308085.0,80707365.0,80707365.0,,CHN
,260112,,2023,267704454.0,1340182967.0,1340182967.0,,CHN
,280410,,2023,212193.0,6560.0,0.0,,CHN
,280800,,2023,12196650.0,35251116.232,35251116.232,,CHN
,281410,,2023,114041466.0,185395596.0,185395596.0,,CHN
,281420,,2023,1560498.0,4425690.0,4425690.0,,CHN
,283421,,2023,79146712.0,84717995.0,84717995.0,,CHN
,310210,,2023,1611425127.0,4251004699.0,4251004699.0,,CHN
,310221,,2023,2310036383.0,13770849704.175,13770849704.175,,CHN
,310229,,2023,3304197.0,9118200.0,9118200.0,,CHN
,310230,,2023,20563774.0,37275500.0,37275500.0,,CHN
,310240,,2023,2031084.0,6143600.0,6143600.0,,CHN
,310250,,2023,15973608.0,26642025.0,26642025.0,,CHN
,310260,,2023,141734187.0,531844727.0,531844727.0,,CHN
,310280,,2023,741321.0,1606575.0,1606575.0,,CHN
,250700,,2023,629651.33,1485381.44,1485381.44,,COL
,252310,,2023,269.5,930.0,930.0,,COL
,252321,,2023,1417981.72,4503894.0,4503894.0,,COL
,252329,,2023,675619.43,5357141.3,5357141.3,,COL
,252330,,2023,100.3,1.6,1.6,,COL
,252390,,2023,315232.84,2672813.96,2672813.96,,COL
,280800,,2023,542850.45,843441.0,843441.0,,COL
,281410,,2023,10263604.59,15600790.0,15600790.0,,COL
,310210,,2023,791097.56,1662842.45,1662842.45,,COL
,310221,,2023,60322.69,116062.7,116062.7,,COL
,310260,,2023,21347296.05,57848070.0,57848070.0,,COL
,310280,,2023,45824.0,2802.0,2802.0,,COL
,252310,,2023,6191154.496,84103020.7,84103020.7,,COG
,252321,,2023,257725.675,9400000.0,9400000.0,,COG
,252329,,2023,31263363.361,288982300.0,288982300.0,,COG
,280410,,2023,1491.519,11.25,0.0,,COG
,250700,,2023,6274.462,44237.0,44237.0,,COD
,252310,,2023,9268289.715,70200000.0,70200000.0,,COD
,252321,,2023,1217.827,3000.0,3000.0,,COD
,252329,,2023,625938.679,4330630.0,4330630.0,,COD
,260112,,2023,8.551,58.0,58.0,,COD
,250700,,2023,109726.07,130405.87,130405.87,,CRI
,252310,,2023,10399124.13,189200910.0,189200910.0,,CRI
,252321,,2023,145.0,195.652,195.652,,CRI
,252329,,2023,5080510.04,48418698.23,48418698.23,,CRI
,252330,,2023,53791.05,27452.18,27452.18,,CRI
,252390,,2023,860565.7,7795851.0,7795851.0,,CRI
,280410,,2023,825.0,1974.13,0.0,,CRI
,280800,,2023,91148.5,97130.0,97130.0,,CRI
,310210,,2023,2463857.0,4365610.0,4365610.0,,CRI
,310221,,2023,789801.2,1715615.0,1715615.0,,CRI
,310230,,2023,1032555.5,756267.0,756267.0,,CRI
,310250,,2023,8960.0,2000.0,2000.0,,CRI
,310260,,2023,873261.65,1019025.0,1019025.0,,CRI
,250700,,2023,27692.784,148800.0,148800.0,,BEN
,252310,,2023,3.585,163.0,163.0,,BEN
,252329,,2023,1131934.69,15476164.0,15476164.0,,BEN
,281410,,2023,1849.482,264.0,264.0,,BEN
,250700,,2023,61257.788,65101.6,65101.6,,DOM
,252310,,2023,1194006.992,18435.9,18435.9,,DOM
,252321,,2023,369337.641,2437866.114,2437866.114,,DOM
,252329,,2023,97820155.072,950017091.406,950017091.406,,DOM
,252330,,2023,161712.053,52749.7,52749.7,,DOM
,252390,,2023,494.902,248.923,248.923,,DOM
,280410,,2023,202.137,1752.015,0.0,,DOM
,281410,,2023,51179.544,7562.734,7562.734,,DOM
,281420,,2023,23932.0,18181.0,18181.0,,DOM
,310210,,2023,360384.88,370418.0,370418.0,,DOM
,310221,,2023,94542.58,7876.64,7876.64,,DOM
,250700,,2023,2.0,0.01,0.01,,ECU
,252310,,2023,23144652.3,,0.0,,ECU
,252321,,2023,580.4,,0.0,,ECU
,252329,,2023,888504.8,,0.0,,ECU
,252390,,2023,93713.2,,0.0,,ECU
,281410,,2023,16.5,,0.0,,ECU
,283421,,2023,1044428.0,,0.0,,ECU
,310210,,2023,11130.0,,0.0,,ECU
,310250,,2023,1376.6,,0.0,,ECU
,250700,,2023,32245.0,38062.76,38062.76,,SLV
,252310,,2023,8562799.0,114707580.0,114707580.0,,SLV
,252321,,2023,133020.0,561910.0,561910.0,,SLV
,252329,,2023,8661667.0,88733762.0,88733762.0,,SLV
,252390,,2023,36.0,402.95,402.95,,SLV
,281410,,2023,65924.0,59100.0,59100.0,,SLV
,283421,,2023,313.0,93.6,93.6,,SLV
,310210,,2023,1146937.0,2003506.0,2003506.0,,SLV
,310221,,2023,791684.0,2637790.7,2637790.7,,SLV
,250700,,2023,148.325,24.3,24.3,,ETH
,252329,,2023,78209.71,572000.0,572000.0,,ETH
,252321,,2023,705908.804,9519450.0,9519460.0,,GAB
,252390,,2023,1577318.944,4595680.0,4597570.0,,GAB
,260112,,2023,10558.694,779.0,0.0,,GAB
,310210,,2023,18946.133,20160.0,20160.0,,GAB
,310221,,2023,330247.726,4056000.0,4056000.0,,GAB
,250700,,2023,26250.0,15000.0,15000.0,,GEO
,252310,,2023,871336.9,12052600.0,12052600.0,,GEO
,252329,,2023,964511.759,14293300.0,14293300.0,,GEO
,280800,,2023,12500.0,25000.0,25000.0,,GEO
,281410,,2023,73694.0,75120.0,75120.0,,GEO
,281420,,2023,9824.48,22856.0,22856.0,,GEO
,310210,,2023,63431.617,138511.24,138511.24,,GEO
,310221,,2023,451332.916,1272686.0,1272686.0,,GEO
,310230,,2023,157873806.83,448867467.0,448867467.0,,GEO
,250700,,2023,1463.672,30356.97,30051.0,,GHA
,252310,,2023,3551810.379,50000010.0,50000050.0,,GHA
,252329,,2023,20385.217,220193.0,0.0,,GHA
,280410,,2023,591.89,23.0,8.8,,GHA
,280800,,2023,456.103,66.42,23.0,,GHA
,281410,,2023,27199.246,10874.0,0.0,,GHA
,281420,,2023,7.852,5.0,5.0,,GHA
,283421,,2023,199.989,117.0,4.0,,GHA
,310230,,2023,41803934.04,48587590.0,0.0,,GHA
,310250,,2023,347102.262,135239.0,134153.0,,GHA
,250700,,2023,778666.0,1238206.0,1238206.0,,GTM
,252310,,2023,5323239.0,57239000.0,57239000.0,,GTM
,252321,,2023,6493223.0,60992895.0,60992895.0,,GTM
,252329,,2023,641706.0,6986191.0,6986191.0,,GTM
,252390,,2023,15243597.0,145593600.0,145593600.0,,GTM
,280410,,2023,50501.0,7672.0,0.0,,GTM
,280800,,2023,43915.0,38956.0,38956.0,,GTM
,281410,,2023,834390.0,518890.0,518890.0,,GTM
,281420,,2023,26674.0,32250.0,32250.0,,GTM
,283421,,2023,42695.0,17362.0,17362.0,,GTM
,310210,,2023,3249599.0,5446755.0,5446755.0,,GTM
,310221,,2023,2488626.0,8326064.0,8326064.0,,GTM
,310229,,2023,17762.0,23100.0,23100.0,,GTM
,310230,,2023,295125.0,532225.0,532225.0,,GTM
,310260,,2023,286923.0,388832.0,388832.0,,GTM
,250700,,2023,31329.2,21176.2,21176.2,,HND
,252310,,2023,10736329.0,230989560.0,230989560.0,,HND
,252321,,2023,654.45,875.53,875.53,,HND
,252329,,2023,13921554.1,173384496.5,173384496.5,,HND
,252390,,2023,1314.39,815.0,815.0,,HND
,283421,,2023,332720.0,230000.0,230000.0,,HND
,310210,,2023,5738046.0,13523280.0,13523280.0,,HND
,310221,,2023,5045759.0,21671877.0,21671877.0,,HND
,310230,,2023,1745086.2,3585348.0,3585348.0,,HND
,250700,,2023,164117.408,39952.0,39952.0,,HKG
,252310,,2023,5407015.132,103293000.0,103293000.0,,HKG
,252321,,2023,12091.32,52000.0,52000.0,,HKG
,252329,,2023,412323.961,6726000.0,6726000.0,,HKG
,280410,,2023,12619.572,961.884,0.0,,HKG
,281410,,2023,1128871.501,397170.0,397170.0,,HKG
,281420,,2023,5913.086,995.0,995.0,,HKG
,283421,,2023,162541.335,15246.0,15246.0,,HKG
,310210,,2023,327714.994,766919.0,766919.0,,HKG
,310221,,2023,113527.618,216011.0,216011.0,,HKG
,310230,,2023,45367.929,54600.0,54600.0,,HKG
,250700,,2023,13284903.932,215017546.8,215017546.8,,IDN
,252310,,2023,338588372.158,9696468996.367,9696468996.367,,IDN
,252321,,2023,3254104.304,25283085.88,25283085.88,,IDN
,252329,,2023,57681624.662,1221667992.518,1221667992.518,,IDN
,252330,,2023,6503.98,4209.58,4209.58,,IDN
,252390,,2023,5899805.251,109156750.081,109156750.081,,IDN
,260112,,2023,24055050.28,229488000.0,229488000.0,,IDN
,280410,,2023,73700.22,289961.1,0.0,,IDN
,280800,,2023,56.0,20.0,20.0,,IDN
,281410,,2023,782574808.416,1801382041.25,1801382041.25,,IDN
,281420,,2023,2.0,2.6,2.6,,IDN
,283421,,2023,27711.25,116650.0,116650.0,,IDN
,310210,,2023,497960142.414,1403914459.0,1403914459.0,,IDN
,310221,,2023,87048.87,463767.3,463767.3,,IDN
,310229,,2023,180947.616,400999.97,400999.97,,IDN
,310230,,2023,36847621.293,52409200.0,52409200.0,,IDN
,310250,,2023,16724.84,15003.7,15003.7,,IDN
,310260,,2023,10151.0,10000.5,10000.5,,IDN
,250700,,2023,2000.0,6417.411,6417.411,,ISR
,252321,,2023,2000.0,12742.829,12742.829,,ISR
,252329,,2023,91000.0,947916.667,947916.667,,ISR
,280410,,2023,244000.0,19940.234,0.0,,ISR
,281420,,2023,6000.0,,0.0,,ISR
,310210,,2023,2309000.0,4627212.131,4627212.131,,ISR
,310230,,2023,47000.0,82746.479,82746.479,,ISR
,250700,,2023,449236.134,5955430.0,5955430.0,,CIV
,252310,,2023,136.57,509.0,509.0,,CIV
,252321,,2023,41979.613,386120.0,386120.0,,CIV
,252329,,2023,24182817.444,224581378.0,224581378.0,,CIV
,252330,,2023,31973.478,13488.0,13488.0,,CIV
,252390,,2023,19065.58,39613.0,39613.0,,CIV
,280800,,2023,4945.627,3000.0,3000.0,,CIV
,281410,,2023,1257.628,84.0,84.0,,CIV
,281420,,2023,3.129,1.0,1.0,,CIV
,283421,,2023,164.854,1.0,1.0,,CIV
,310210,,2023,7001658.246,26380140.0,26380140.0,,CIV
,310221,,2023,79561.618,200850.0,200850.0,,CIV
,310230,,2023,646677.805,584000.0,584000.0,,CIV
,310260,,2023,163205.687,295000.0,295000.0,,CIV
,250700,,2023,5941.34,4762.8,4762.8,,JAM
,252329,,2023,796990.83,6999600.0,6999600.0,,JAM
,310230,,2023,291292.93,134000.0,134000.0,,JAM
,250700,,2023,4083385.398,10331613.041,10331613.041,,JPN
,252310,,2023,108967475.445,2669877000.0,2669877000.0,,JPN
,252321,,2023,205991.447,255777.468,255777.468,,JPN
,252329,,2023,157724711.437,3775645583.266,3775645583.266,,JPN
,252330,,2023,1215335.303,424381.913,424381.913,,JPN
,252390,,2023,9594610.407,12629000.0,12629000.0,,JPN
,280410,,2023,7929.318,39.215,0.0,,JPN
,280800,,2023,4561294.097,,0.0,,JPN
,281410,,2023,888318.542,101312.0,101312.0,,JPN
,281420,,2023,3084355.351,2174721.0,2174721.0,,JPN
,283421,,2023,947076.641,342298.039,342298.039,,JPN
,310210,,2023,27667327.682,58103639.087,58103639.087,,JPN
,310221,,2023,34851674.445,265732143.052,265732143.052,,JPN
,310230,,2023,19844.649,36238.141,36238.141,,JPN
,310250,,2023,264422.124,114980.314,114980.314,,JPN
,310260,,2023,15381.739,4746.842,4746.842,,JPN
,250700,,2023,1727945.62,57496770.0,57496770.0,,KAZ
,252310,,2023,307685.7,9925326.0,9925326.0,,KAZ
,252321,,2023,15699.02,57000.0,57000.0,,KAZ
,252329,,2023,59871013.54,1175692600.0,1175692600.0,,KAZ
,252330,,2023,16951.54,46000.0,46000.0,,KAZ
,260112,,2023,404802225.28,5206241000.0,5206241000.0,,KAZ
,280410,,2023,150694.77,258.56,2886.0,,KAZ
,280800,,2023,212586.19,431687.79,431687.79,,KAZ
,281410,,2023,2225948.42,3451420.0,3451420.0,,KAZ
,281420,,2023,6521.65,2494.3,2494.3,,KAZ
,283421,,2023,531732.87,443600.0,443600.0,,KAZ
,310210,,2023,9219364.24,38709007.0,38709007.0,,KAZ
,310221,,2023,70275.43,550200.0,550200.0,,KAZ
,310229,,2023,28445.73,131736.0,131736.0,,KAZ
,310230,,2023,18434649.54,66007360.08,66007360.08,,KAZ
,310250,,2023,9919.01,8400.0,8400.0,,KAZ
,310260,,2023,698044.96,965900.0,965900.0,,KAZ
,310280,,2023,34310.64,52540.0,52540.0,,KAZ
,250700,,2023,314002.661,973676.924,973676.924,,JOR
,252310,,2023,121377.563,,0.0,,JOR
,252321,,2023,3227317.117,19350342.199,19350342.199,,JOR
,252329,,2023,105718905.514,1037519793.163,1037519793.163,,JOR
,252390,,2023,11324.028,50877.801,50877.801,,JOR
,260112,,2023,215774.83,1627816.786,1627816.786,,JOR
,283421,,2023,98563333.606,,0.0,,JOR
,310210,,2023,252048.774,489281.383,489281.383,,JOR
,310221,,2023,16446.803,62168.709,62168.709,,JOR
,310260,,2023,232885.042,401287.129,401287.129,,JOR
,250700,,2023,177417.431,472854.8,472854.8,,KEN
,252310,,2023,112405476.567,1940938740.0,1940938740.0,,KEN
,252321,,2023,68853.629,274160.0,274160.0,,KEN
,252329,,2023,41914576.581,447981810.0,447981810.0,,KEN
,252330,,2023,249.131,175.0,175.0,,KEN
,252390,,2023,10134.123,83300.0,83300.0,,KEN
,280410,,2023,6676.995,867.0,309.0,,KEN
,280800,,2023,166783.3,166172.3,166172.3,,KEN
,281410,,2023,228276.245,78481.0,78481.0,,KEN
,281420,,2023,43237.199,49540.54,49540.54,,KEN
,283421,,2023,292986.64,193010.0,193010.0,,KEN
,310210,,2023,4583773.267,7377040.0,7377040.0,,KEN
,310221,,2023,25527.515,31350.0,31350.0,,KEN
,310229,,2023,279.126,10000.0,10000.0,,KEN
,310230,,2023,517891.025,320279.0,320279.0,,KEN
,310240,,2023,13578.885,25245.0,25245.0,,KEN
,310260,,2023,1219866.285,1627042.0,1627042.0,,KEN
,310280,,2023,13114.707,755.0,755.0,,KEN
,250700,,2023,1240288.0,8553804.653,8553804.653,,KOR
,252310,,2023,52296173.0,1358146000.0,1358146000.0,,KOR
,252321,,2023,581869.0,3349170.5,3349170.5,,KOR
,252329,,2023,44559055.0,729424416.642,729424416.642,,KOR
,252330,,2023,8432674.0,8656530.0,8656530.0,,KOR
,252390,,2023,436253.0,716440.179,716440.179,,KOR
,280410,,2023,88556.0,6398.285,0.0,,KOR
,280800,,2023,111450671.0,534155881.8,534155881.8,,KOR
,281410,,2023,18169330.0,18733901.92,18733901.92,,KOR
,281420,,2023,1742125.0,1115108.88,1115108.88,,KOR
,283421,,2023,2178228.0,,0.0,,KOR
,310210,,2023,7095448.0,12344713.591,12344713.591,,KOR
,310221,,2023,29614810.0,164576166.387,164576166.387,,KOR
,310229,,2023,489355.0,1660000.0,1660000.0,,KOR
,310230,,2023,102406910.0,156841810.829,156841810.829,,KOR
,310240,,2023,1236547.0,864125.0,864125.0,,KOR
,310250,,2023,4832143.0,3887723.465,3887723.465,,KOR
,310260,,2023,3901.0,3709.0,3709.0,,KOR
,250700,,2023,1539.782,818.0,818.0,,KWT
,252321,,2023,380.876,3500.0,3500.0,,KWT
,252329,,2023,51574.555,201000.0,201000.0,,KWT
,260112,,2023,5149.968,5000.0,5000.0,,KWT
,280410,,2023,12015.507,21480.0,0.0,,KWT
,280800,,2023,9925.571,10500.0,10500.0,,KWT
,310221,,2023,3222.799,5000.0,5000.0,,KWT
,250700,,2023,460.0,46000.0,46000.0,,KGZ
,252321,,2023,16.0,55.0,55.0,,KGZ
,252329,,2023,19266416.0,496395000.0,496395000.0,,KGZ
,310210,,2023,3801.0,500.0,500.0,,KGZ
,310230,,2023,28594.0,240000.0,240000.0,,KGZ
,252310,,2023,6593.0,293000.0,293000.0,,LAO
,252329,,2023,80219727.47,1352766480.0,1352766480.0,,LAO
,260112,,2023,614431.2,3455500.0,3455500.0,,LAO
,250700,,2023,3862.0,11975.504,11975.504,,LBN
,252390,,2023,2199.0,9879.902,9879.902,,LBN
,281420,,2023,23307.0,63236.284,63236.284,,LBN
,283421,,2023,8820.0,,0.0,,LBN
,310210,,2023,63.0,122.297,122.297,,LBN
,310221,,2023,15336463.07,93604200.0,93789980.0,,MDG
,250700,,2023,17361956.4,33004972.34,33004972.34,,MYS
,252310,,2023,6879558.98,63504732.0,63504732.0,,MYS
,252321,,2023,32297248.821,215191780.0,215191780.0,,MYS
,252329,,2023,62406924.87,,0.0,,MYS
,252330,,2023,56618.354,,0.0,,MYS
,252390,,2023,678621.889,,0.0,,MYS
,260112,,2023,133.096,,0.0,,MYS
,280410,,2023,6839198.71,521294.923,0.0,,MYS
,280800,,2023,5226064.486,12652570.5,12652570.5,,MYS
,281410,,2023,190324470.784,396924315.0,396924315.0,,MYS
,281420,,2023,23013266.9,43198750.0,43198750.0,,MYS
,283421,,2023,52848.694,43251.0,43251.0,,MYS
,310210,,2023,723376163.568,1951948242.8,1951948242.8,,MYS
,310221,,2023,587652.531,2766305.4,2766305.4,,MYS
,310229,,2023,517439.765,1148192.5,1148192.5,,MYS
,310230,,2023,10432534.284,11852731.8,11852731.8,,MYS
,310240,,2023,40602.781,105400.0,105400.0,,MYS
,310250,,2023,11380.461,3316.7,3316.7,,MYS
,310260,,2023,1007284.619,,0.0,,MYS
,310280,,2023,16072.583,11600.0,11600.0,,MYS
,250700,,2023,1484.175,35000.0,35000.0,,MLI
,252321,,2023,3375.324,1548.0,1548.0,,MLI
,310210,,2023,7692094.263,13717100.0,13717100.0,,MLI
,310221,,2023,2701565.421,6553620.0,6553620.0,,MLI
,310230,,2023,185739.028,93605.0,93605.0,,MLI
,252390,,2023,48573.788,235467.93,235467.93,,MRT
,281410,,2023,26108.401,4395.0,4395.0,,MRT
,310240,,2023,3658.242,1575.0,1575.0,,MRT
,250700,,2023,4179.093,3996.0,3996.0,,MUS
,252329,,2023,169.107,3828.0,3828.0,,MUS
,280410,,2023,2635.924,905.0,10.0,,MUS
,283421,,2023,4588.859,3981.0,3981.0,,MUS
,310210,,2023,3837.101,4482.0,4482.0,,MUS
,310229,,2023,300.548,500.0,500.0,,MUS
,310260,,2023,1130.221,1004.0,1004.0,,MUS
,250700,,2023,235342.0,309505.0,309505.0,,MEX
,252321,,2023,39034365.0,202480876.0,202480876.0,,MEX
,252329,,2023,166371816.0,1852133200.0,1852133200.0,,MEX
,252390,,2023,11123472.0,70052380.0,70052380.0,,MEX
,310210,,2023,379867.0,231825.0,231825.0,,MEX
,310260,,2023,455174.0,442014.0,442014.0,,MEX
,260112,,2023,2467599.276,25244100.0,25244100.0,,MNG
,250700,,2023,5704.0,21600.0,21600.0,,MDA
,252310,,2023,213.0,2.0,2.0,,MDA
,252329,,2023,6204.0,,0.0,,MDA
,252390,,2023,942.0,5080.0,5080.0,,MDA
,310210,,2023,305996.0,453350.0,453350.0,,MDA
,310221,,2023,2900.0,1000.0,1000.0,,MDA
,310229,,2023,245.0,60.0,60.0,,MDA
,252329,,2023,21.628,200.0,200.0,,MNE
,250700,,2023,3392386.517,103155299.9,103155299.9,,MAR
,252310,,2023,101321952.331,2068188892.07,2068188892.07,,MAR
,252321,,2023,4054.284,8276.0,8276.0,,MAR
,252329,,2023,2570417.307,47591869.0,47591869.0,,MAR
,252330,,2023,9711.169,2000.0,2000.0,,MAR
,252390,,2023,59198.177,376611.5,376611.5,,MAR
,280800,,2023,88713.447,90809.25,90809.25,,MAR
,281420,,2023,2717.09,3999.25,3999.25,,MAR
,283421,,2023,264123.013,169875.0,169875.0,,MAR
,310210,,2023,88227.651,61705.56,61705.56,,MAR
,310221,,2023,208061.043,538676.0,538676.0,,MAR
,310229,,2023,24685.565,16000.0,16000.0,,MAR
,310230,,2023,1159031.203,1380695.1,1380695.1,,MAR
,310240,,2023,38445.152,35547.0,35547.0,,MAR
,310260,,2023,5994.319,7800.0,7800.0,,MAR
,310280,,2023,15308.801,36000.0,36000.0,,MAR
,252321,,2023,106000.0,870000.0,870000.0,,MOZ
,252329,,2023,7364000.0,91308240.0,80915434.0,,MOZ
,252390,,2023,2408000.0,39041210.0,18268010.0,,MOZ
,310210,,2023,16834000.0,,0.0,,MOZ
,310221,,2023,4080000.0,11782450.0,11782450.0,,MOZ
,310229,,2023,14249000.0,17429956.0,17429956.0,,MOZ
,310260,,2023,10846000.0,11990700.0,11990700.0,,MOZ
,250700,,2023,9412.224,29185.947,29185.947,,OMN
,252310,,2023,1250.975,,0.0,,OMN
,252321,,2023,198985.695,1193078.077,1193078.077,,OMN
,252329,,2023,52354262.597,513801986.851,513801986.851,,OMN
,252330,,2023,86145.644,160932.269,160932.269,,OMN
,252390,,2023,1744873.859,7839555.332,7839555.332,,OMN
,260112,,2023,1652178288.702,12464120801.293,12464120801.293,,OMN
,280410,,2023,51066.32,3892.359,0.0,,OMN
,281410,,2023,162895752.671,188574470.205,188574470.205,,OMN
,281420,,2023,4189.857,11367.872,11367.872,,OMN
,310210,,2023,1087403413.123,2110886072.054,2110886072.054,,OMN
,310229,,2023,1211232.768,3001496.765,3001496.765,,OMN
,310230,,2023,83511765.799,152500105.493,152500105.493,,OMN
,310260,,2023,5451.235,9393.092,9393.092,,OMN
,252310,,2023,2194548.413,16142220.35,16142220.35,,NAM
,252321,,2023,115943.845,358530.0,358530.0,,NAM
,252329,,2023,11369617.122,13096204.42,13096204.42,,NAM
,252330,,2023,8038.104,103500.0,103500.0,,NAM
,252390,,2023,101366.9,381509.5,381509.5,,NAM
,260112,,2023,1044.981,35020.9,35020.9,,NAM
,280410,,2023,22669.28,24000.0,24000.0,,NAM
,280800,,2023,625.311,1010.0,1010.0,,NAM
,310210,,2023,32316.671,35050.0,35050.0,,NAM
,310221,,2023,8346893.698,723510.0,723510.0,,NAM
,310229,,2023,152.238,200.0,200.0,,NAM
,310230,,2023,15499200.573,787663.0,787663.0,,NAM
,310240,,2023,1162.526,1000.0,1000.0,,NAM
,310250,,2023,1791.551,257.0,257.0,,NAM
,310260,,2023,50798.528,153900.0,153900.0,,NAM
,310280,,2023,4609.699,5000.0,5000.0,,NAM
,250700,,2023,5119919.681,7383053.0,7383053.0,,NZL
,252310,,2023,110.536,1842.261,1842.261,,NZL
,252321,,2023,570671.803,2324000.0,2324000.0,,NZL
,252329,,2023,273408.794,847000.0,847000.0,,NZL
,252390,,2023,1932017.656,10982889.178,10982889.178,,NZL
,280410,,2023,111.764,10.0,0.0,,NZL
,280800,,2023,276004.54,334690.0,334690.0,,NZL
,281410,,2023,773.75,189.0,189.0,,NZL
,281420,,2023,6209.035,3201.0,3201.0,,NZL
,283421,,2023,9379.567,6269.73,6269.73,,NZL
,310210,,2023,372577.113,437570.0,437570.0,,NZL
,310221,,2023,757.169,800.0,800.0,,NZL
,310229,,2023,13755.552,20000.0,20000.0,,NZL
,310230,,2023,54743.413,42451.0,42451.0,,NZL
,310240,,2023,20829.836,24180.0,24180.0,,NZL
,310250,,2023,3504.595,375.0,375.0,,NZL
,310260,,2023,2463.718,3000.0,3000.0,,NZL
,250700,,2023,166774.92,314048.9,314048.9,,NIC
,252310,,2023,45.0,2.36,2.36,,NIC
,252329,,2023,0.3,0.02,0.02,,NIC
,252390,,2023,323.8,160.0,160.0,,NIC
,310221,,2023,259200.0,432000.0,432000.0,,NIC
,252310,,2023,164775.438,3303000.0,3303000.0,,NER
,252390,,2023,19789.725,160000.0,160000.0,,NER
,250700,,2023,47441.605,279000.0,279000.0,,NGA
,252310,,2023,16379761.083,250620000.0,250620000.0,,NGA
,252329,,2023,39782332.134,524086000.0,524086000.0,,NGA
,260112,,2023,5704538.637,37810530.0,37810530.0,,NGA
,310210,,2023,1067751900.205,3036560737.415,3036560737.415,,NGA
,250700,,2023,3830.016,52000.0,52000.0,,PAK
,252310,,2023,107667639.431,3182392000.0,3182392000.0,,PAK
,252321,,2023,1238920.366,12239000.0,12239000.0,,PAK
,252329,,2023,132467661.005,2845480000.0,2845480000.0,,PAK
,252390,,2023,4981.066,12000.0,12000.0,,PAK
,260112,,2023,10245521.2,127295000.0,127295000.0,,PAK
,280800,,2023,21037.482,83541.0,83541.0,,PAK
,281410,,2023,534566.048,913229.0,913229.0,,PAK
,281420,,2023,808953.256,2710691.0,2710691.0,,PAK
,252329,,2023,12560090.0,154344332.0,154344332.0,,PAN
,280800,,2023,340.0,290.0,290.0,,PAN
,283421,,2023,1040.0,200.0,200.0,,PAN
,252329,,2023,266797.343,,0.0,,PNG
,260112,,2023,33.304,515.0,515.0,,PNG
,280800,,2023,1.663,3.0,3.0,,PNG
,310210,,2023,2266.309,1063.96,1063.96,,PNG
,310230,,2023,1336628.481,930580.0,930580.0,,PNG
,310260,,2023,49043.133,110000.0,110000.0,,PNG
,250700,,2023,13.4,2.0,2.0,,PRY
,252329,,2023,42.0,36.1,36.1,,PRY
,260112,,2023,66.37,23.0,23.0,,PRY
,250700,,2023,457256.34,1807574.4,1807574.4,,PER
,252310,,2023,33462636.85,669195295.0,669195295.0,,PER
,252321,,2023,344380.27,1163116.0,1163116.0,,PER
,252329,,2023,12251839.79,148402646.57,148402646.57,,PER
,252390,,2023,220.0,100.0,100.0,,PER
,260112,,2023,1258075.14,32621641.49,32621641.49,,PER
,280410,,2023,11976.13,,0.0,,PER
,280800,,2023,2142.25,455.0,455.0,,PER
,281410,,2023,29370.0,10000.0,10000.0,,PER
,283421,,2023,2831.5,150.0,150.0,,PER
,310210,,2023,974259.5,1464065.0,1464065.0,,PER
,310221,,2023,305925.44,895242.0,895242.0,,PER
,310230,,2023,1746287.5,1420000.0,1420000.0,,PER
,310250,,2023,307.19,1.1,1.1,,PER
,310260,,2023,67620.0,72000.0,72000.0,,PER
,310280,,2023,10124.93,6936.0,6936.0,,PER
,250700,,2023,866.0,100.5,100.5,,PHL
,252310,,2023,817763.0,4052444.0,4052444.0,,PHL
,252329,,2023,1860899.0,7221370.0,7221370.0,,PHL
,260112,,2023,97807730.0,2835850000.0,2835850000.0,,PHL
,281420,,2023,20080.0,21516.4,21516.4,,PHL
,310210,,2023,46.0,8.8,8.8,,PHL
,310230,,2023,260460.0,162807.0,162807.0,,PHL
,252310,,2023,251705308.641,4195088477.345,4195088477.345,,SAU
,252321,,2023,5303111.601,33788321.518,33788321.518,,SAU
,252329,,2023,96955771.443,1009955952.529,1009955952.529,,SAU
,280410,,2023,81455.465,6656.725,0.0,,SAU
,280800,,2023,204526.395,424812.132,424812.132,,SAU
,281410,,2023,1247164882.688,1563843113.088,1563843113.088,,SAU
,281420,,2023,275378.66,,0.0,,SAU
,310210,,2023,1691789643.305,3390328956.707,3390328956.707,,SAU
,310229,,2023,42225.066,105979.718,105979.718,,SAU
,310230,,2023,12147.466,21386.384,21386.384,,SAU
,310250,,2023,12344.0,,0.0,,SAU
,250700,,2023,4127659.917,48448030.0,48448030.0,,SEN
,252310,,2023,498.321,96.0,96.0,,SEN
,252321,,2023,10994.365,25000.0,25000.0,,SEN
,252329,,2023,175367381.583,2148119390.0,2148119390.0,,SEN
,252390,,2023,226743.263,1775000.0,1775000.0,,SEN
,260112,,2023,0.082,26.0,26.0,,SEN
,281410,,2023,4913.532,440.0,440.0,,SEN
,281420,,2023,60.399,1.0,1.0,,SEN
,310210,,2023,21342578.168,43921000.0,43921000.0,,SEN
,310221,,2023,1649.196,5000.0,5000.0,,SEN
,310230,,2023,842995.954,590066.0,590066.0,,SEN
,310260,,2023,2267.644,2500.0,2500.0,,SEN
,250700,,2023,2444333.0,94382650.0,94382650.0,,SRB
,252310,,2023,462990.0,4986966.0,4986966.0,,SRB
,252321,,2023,105875.0,359815.0,359815.0,,SRB
,252329,,2023,12976247.0,108179893.0,108179893.0,,SRB
,252330,,2023,99983.0,37800.0,37800.0,,SRB
,252390,,2023,74468.0,37534.609,37534.609,,SRB
,260112,,2023,5.0,17.0,17.0,,SRB
,280410,,2023,613960.0,29914.0,355344.0,,SRB
,280800,,2023,103418.0,217156.0,217156.0,,SRB
,281410,,2023,67112.0,19324.926,19324.926,,SRB
,281420,,2023,11785.0,1779.019,1779.019,,SRB
,283421,,2023,35943.0,32567.0,32567.0,,SRB
,310210,,2023,7139810.0,13009519.0,13009519.0,,SRB
,310221,,2023,7660781.0,23583540.02,23583540.02,,SRB
,310229,,2023,92379.0,196300.0,196300.0,,SRB
,310230,,2023,926869.0,1494320.0,1494320.0,,SRB
,310240,,2023,6656447.0,16433400.0,16433400.0,,SRB
,310250,,2023,191880.0,157998.0,157998.0,,SRB
,310260,,2023,73660.0,95686.0,95686.0,,SRB
,310280,,2023,8256717.0,10270580.0,10270580.0,,SRB
,250700,,2023,47518507.119,586446937.315,586446937.315,,IND
,252310,,2023,545554.865,7762891.815,7762891.815,,IND
,252321,,2023,1642658.251,11350243.943,11350243.943,,IND
,252329,,2023,27207544.304,463298998.508,463298998.508,,IND
,252330,,2023,1586649.285,3345651.0,3345651.0,,IND
,252390,,2023,14524393.149,281032338.0,281032338.0,,IND
,260112,,2023,1460325601.568,12218352320.0,12218352320.0,,IND
,280410,,2023,36455.076,4140.0,0.0,,IND
,280800,,2023,2815100.38,,0.0,,IND
,281410,,2023,1323889.557,1417944.0,1417944.0,,IND
,281420,,2023,5858201.565,,0.0,,IND
,283421,,2023,3916383.751,1382561.089,1382561.089,,IND
,310210,,2023,40420179.032,74868124.307,74868124.307,,IND
,310221,,2023,1611207.787,7407289.69,7407289.69,,IND
,310229,,2023,322535.44,332329.0,332329.0,,IND
,310230,,2023,140.737,15.0,15.0,,IND
,310250,,2023,153376.133,163855.19,163855.19,,IND
,310260,,2023,315408.118,557200.0,557200.0,,IND
,310280,,2023,53508.392,10281.694,10281.694,,IND
,250700,,2023,973081.693,2509060.0,2509060.0,,SGP
,252310,,2023,259079.175,681980.0,681980.0,,SGP
,252321,,2023,242434.622,1463426.796,1463426.796,,SGP
,252329,,2023,335241.747,360334.01,360334.01,,SGP
,252330,,2023,222383.571,268280.0,268280.0,,SGP
,252390,,2023,825182.389,1697743.621,1697743.621,,SGP
,280410,,2023,1573611.747,8740568.966,0.0,,SGP
,280800,,2023,1633525.887,,0.0,,SGP
,281410,,2023,603288.014,,0.0,,SGP
,281420,,2023,3975319.463,2242858.3,2242858.3,,SGP
,283421,,2023,893290.736,,0.0,,SGP
,310210,,2023,3375510.171,2002195.621,2002195.621,,SGP
,310221,,2023,5811238.926,,0.0,,SGP
,310230,,2023,14137.521,,0.0,,SGP
,310250,,2023,369873.35,213700.0,213700.0,,SGP
,250700,,2023,6392063.663,20510248.235,20510248.235,,VNM
,252310,,2023,388522844.559,10628199686.4,10628199686.4,,VNM
,252321,,2023,20606.177,174105.818,174105.818,,VNM
,252329,,2023,796664235.299,,0.0,,VNM
,252330,,2023,51018.0,46031.86,46031.86,,VNM
,252390,,2023,31637653.5,701298000.0,701298000.0,,VNM
,280800,,2023,239417.373,497282.537,497282.537,,VNM
,281410,,2023,531206.021,666089.055,666089.055,,VNM
,281420,,2023,106265.493,,0.0,,VNM
,310210,,2023,247913673.245,617453625.708,617453625.708,,VNM
,310221,,2023,3291378.457,12739820.107,12739820.107,,VNM
,310229,,2023,168456.0,744536.412,744536.412,,VNM
,310230,,2023,51101455.0,66563833.259,66563833.259,,VNM
,310250,,2023,115309.775,199000.0,199000.0,,VNM
,310260,,2023,262487.335,425527.735,425527.735,,VNM
,250700,,2023,655573.112,1302777.528,1302777.528,,ZAF
,252310,,2023,14039220.269,170388994.86,170388994.86,,ZAF
,252321,,2023,10873625.145,137502078.54,137502078.54,,ZAF
,252329,,2023,63803951.524,830220211.63,830220211.63,,ZAF
,252330,,2023,157015.375,151781.0,151781.0,,ZAF
,252390,,2023,557049.213,3936195.06,3936195.06,,ZAF
,260112,,2023,2348493707.897,,0.0,,ZAF
,280410,,2023,74417.389,5672.215,244003.48,,ZAF
,280800,,2023,2385099.654,,0.0,,ZAF
,281410,,2023,4467404.833,6437874.81,6437874.81,,ZAF
,281420,,2023,820835.587,2004642.7,2004642.7,,ZAF
,283421,,2023,202861.976,,0.0,,ZAF
,310210,,2023,35143992.178,63323978.02,63323978.02,,ZAF
,310221,,2023,11123996.628,,0.0,,ZAF
,310229,,2023,1298285.907,2261873.544,2261873.544,,ZAF
,310230,,2023,107544026.686,178311652.0,178311652.0,,ZAF
,310240,,2023,3498636.895,3472035.79,3472035.79,,ZAF
,310250,,2023,2091943.425,2243740.725,2243740.725,,ZAF
,310260,,2023,60805548.93,92873546.87,92873546.87,,ZAF
,310280,,2023,1125425.322,1819104.97,1819104.97,,ZAF
,250700,,2023,27867.84,66000.0,66000.0,,ZWE
,252310,,2023,0.99,0.2,1000.0,,ZWE
,252329,,2023,26207.97,120000.0,2400000.0,,ZWE
,310230,,2023,256345.41,600000.0,0.0,,ZWE
,252310,,2023,5.55,50.0,50.0,,SWZ
,252321,,2023,32.69,240.0,240.0,,SWZ
,252329,,2023,73262.15,170861.05,170861.05,,SWZ
,310210,,2023,133858.83,206000.0,206000.0,,SWZ
,310221,,2023,200244.77,823140.0,823140.0,,SWZ
,310229,,2023,489227.67,43591060.0,43591060.0,,SWZ
,252329,,2023,20804315.0,636251820.0,636251820.0,,TJK
,250700,,2023,4172957.441,,0.0,,THA
,252310,,2023,203032279.733,5234519515.0,5234519515.0,,THA
,252321,,2023,8730987.211,60427110.945,60427110.945,,THA
,252329,,2023,109713104.034,1667723089.0,1667723089.0,,THA
,252330,,2023,12964.11,30738.0,30738.0,,THA
,252390,,2023,36251907.202,632944813.0,632944813.0,,THA
,260112,,2023,8488834.678,87547039.0,87547039.0,,THA
,280410,,2023,114944.501,192851.0,0.0,,THA
,280800,,2023,833251.31,981977.0,981977.0,,THA
,281410,,2023,1712583.288,1112877.0,1112877.0,,THA
,281420,,2023,232915.046,257883.762,257883.762,,THA
,283421,,2023,3155353.152,2429934.0,2429934.0,,THA
,310210,,2023,48971965.831,103303550.0,103303550.0,,THA
,310221,,2023,23833455.951,96701709.0,96701709.0,,THA
,310229,,2023,6460757.391,14231402.0,14231402.0,,THA
,310230,,2023,33925888.146,46511800.0,46511800.0,,THA
,310250,,2023,4694.637,1578.0,1578.0,,THA
,252310,,2023,48397022.013,708792100.0,708792100.0,,TGO
,252321,,2023,907436.159,11875000.0,11875000.0,,TGO
,252329,,2023,370937.25,5000000.0,5000000.0,,TGO
,280800,,2023,18134.71,57000.0,57000.0,,TGO
,252310,,2023,190257.938,61717.0,61717.0,,TTO
,252321,,2023,37504.32,87502.0,87502.0,,TTO
,252329,,2023,10808079.308,,0.0,,TTO
,252390,,2023,13084.677,17132.0,17132.0,,TTO
,280410,,2023,12782.17,189.0,85.0,,TTO
,280800,,2023,25277.684,3495.0,3495.0,,TTO
,281410,,2023,1489395628.665,2928740179.0,2928740179.0,,TTO
,281420,,2023,26204.611,14663.0,14663.0,,TTO
,283421,,2023,187.252,20.0,20.0,,TTO
,310210,,2023,133930173.97,301800490.0,301800490.0,,TTO
,310221,,2023,702.936,299.0,299.0,,TTO
,310229,,2023,721.453,65.0,65.0,,TTO
,310260,,2023,6559.597,1811.0,1811.0,,TTO
,310280,,2023,233455964.316,717828100.0,717828100.0,,TTO
,250700,,2023,732509.646,1927975.5,1927975.5,,ARE
,252310,,2023,362283672.072,8914108436.5,8914108436.5,,ARE
,252321,,2023,78326954.265,655170145.17,655170145.17,,ARE
,252329,,2023,160744152.353,3609942533.51,3609942533.51,,ARE
,252330,,2023,194231.679,216933.53,216933.53,,ARE
,252390,,2023,26299020.97,216740610.71,216740610.71,,ARE
,260112,,2023,7866645.82,125133468.0,125133468.0,,ARE
,280410,,2023,1067145.269,623590.34,0.0,,ARE
,280800,,2023,405206.238,389475.0,389475.0,,ARE
,281410,,2023,949370.824,474356.0,474356.0,,ARE
,281420,,2023,294844.55,316608.8,316608.8,,ARE
,283421,,2023,254998.762,,0.0,,ARE
,310210,,2023,3669854.163,7040191.77,7040191.77,,ARE
,310221,,2023,448771.206,862586.0,862586.0,,ARE
,310229,,2023,63171.699,33896.5,33896.5,,ARE
,310240,,2023,8168.822,5400.0,5400.0,,ARE
,310250,,2023,29502.736,20800.0,20800.0,,ARE
,310260,,2023,153317.638,184614.5,184614.5,,ARE
,310280,,2023,13684.683,22838.0,22838.0,,ARE
,250700,,2023,141119.181,833320.0,833320.0,,TUN
,252310,,2023,23185126.486,461897208.0,461897208.0,,TUN
,252321,,2023,22143316.586,204024370.0,204024370.0,,TUN
,252329,,2023,113528643.873,2140095488.0,2140095488.0,,TUN
,252330,,2023,34264.458,54200.0,54200.0,,TUN
,252390,,2023,440259.056,7055500.0,7055500.0,,TUN
,280410,,2023,120679.929,309.0,0.0,,TUN
,280800,,2023,335.757,40.0,40.0,,TUN
,283421,,2023,37416.404,22000.0,22000.0,,TUN
,310210,,2023,162.869,48.0,48.0,,TUN
,310260,,2023,126049.177,129800.0,129800.0,,TUN
,250700,,2023,21750980.0,493277734.0,493277734.0,,TUR
,252310,,2023,209565824.0,,0.0,,TUR
,252321,,2023,158584002.0,1595689884.0,1595689884.0,,TUR
,252329,,2023,964866009.0,14935486491.0,14935486491.0,,TUR
,252330,,2023,14964531.0,41787373.0,41787373.0,,TUR
,252390,,2023,13867338.0,202476885.0,202476885.0,,TUR
,260112,,2023,4672447.0,50877618.0,50877618.0,,TUR
,280410,,2023,50776.0,2289.0,21803.0,,TUR
,280800,,2023,1216603.0,2918867.0,2918867.0,,TUR
,281410,,2023,9135733.0,14541268.0,14541268.0,,TUR
,281420,,2023,2016975.0,5108260.0,5108260.0,,TUR
,283421,,2023,6534005.0,5624563.0,5624563.0,,TUR
,310210,,2023,108063092.0,242036343.0,242036343.0,,TUR
,310221,,2023,15766914.0,75068785.0,75068785.0,,TUR
,310229,,2023,28742.0,36197.0,36197.0,,TUR
,310230,,2023,22108527.0,46002910.0,46002910.0,,TUR
,310240,,2023,72322255.0,292810985.0,292810985.0,,TUR
,310250,,2023,176937.0,127511.0,127511.0,,TUR
,310260,,2023,3784821.0,4994895.0,4994895.0,,TUR
,310280,,2023,9699607.0,20440196.0,20440196.0,,TUR
,250700,,2023,116314.55,771500.0,771500.0,,UGA
,252310,,2023,42068.15,530350.0,530350.0,,UGA
,252321,,2023,241647.85,906840.0,906840.0,,UGA
,252329,,2023,91760804.47,644866100.0,644866100.0,,UGA
,252390,,2023,3580.88,17250.0,17250.0,,UGA
,260112,,2023,740310.0,5994716.0,5994716.0,,UGA
,280800,,2023,1195192.44,44800.0,44800.0,,UGA
,281410,,2023,3264.17,780.0,780.0,,UGA
,281420,,2023,14.84,40.0,40.0,,UGA
,310210,,2023,49044.99,30161.0,30161.0,,UGA
,310230,,2023,1568105.67,755040.0,755040.0,,UGA
,250700,,2023,15068259.29,142483174.03,142483174.03,,UKR
,252310,,2023,3429729.31,69492001.214,69492001.214,,UKR
,252321,,2023,16245.91,109770.0,109770.0,,UKR
,252329,,2023,73113567.02,1240973282.32,1240973282.32,,UKR
,252330,,2023,873.7,800.0,800.0,,UKR
,260112,,2023,965945275.82,7931617314.46,7931617314.46,,UKR
,280410,,2023,5044.26,30.051,299.38,,UKR
,281410,,2023,347.57,90.0,90.0,,UKR
,281420,,2023,841.97,494.83,494.83,,UKR
,310210,,2023,9237279.67,22303650.22,22303650.22,,UKR
,310230,,2023,1544481.6,2804050.0,2804050.0,,UKR
,310240,,2023,18522449.74,73348000.0,73348000.0,,UKR
,310280,,2023,2571630.6,10012280.0,10012280.0,,UKR
,250700,,2023,3139.033,6330.0,6330.0,,MKD
,252310,,2023,5620496.784,68890060.0,68890060.0,,MKD
,252329,,2023,20393243.625,219743035.0,219743035.0,,MKD
,280410,,2023,75279.251,4143.0,38201.0,,MKD
,280800,,2023,1099.033,1352.0,1352.0,,MKD
,281410,,2023,13015.281,2320.0,2320.0,,MKD
,281420,,2023,38794.834,19658.259,19658.259,,MKD
,283421,,2023,7103.071,1337.667,1337.667,,MKD
,310210,,2023,784956.815,1571777.0,1571777.0,,MKD
,310230,,2023,5501561.724,7312353.0,7312353.0,,MKD
,310240,,2023,139587.565,217045.0,217045.0,,MKD
,310250,,2023,8586.333,7055.0,7055.0,,MKD
,310280,,2023,9898.106,7629.0,7629.0,,MKD
,250700,,2023,8219914.262,26375282.048,26375282.048,,EGY
,252310,,2023,479494296.583,7991571609.718,7991571609.718,,EGY
,252321,,2023,68585534.578,436986861.349,436986861.349,,EGY
,252329,,2023,227350430.696,2368233653.081,2368233653.081,,EGY
,252390,,2023,902616.162,,0.0,,EGY
,260112,,2023,2.0,15.413,15.413,,EGY
,280410,,2023,44920.0,3670.964,0.0,,EGY
,280800,,2023,1088493.115,2260857.728,2260857.728,,EGY
,281410,,2023,262853884.105,329597346.84,329597346.84,,EGY
,281420,,2023,42865929.19,,0.0,,EGY
,310210,,2023,1729834490.424,3466570437.053,3466570437.053,,EGY
,310221,,2023,9838567.0,40554070.453,40554070.453,,EGY
,310230,,2023,153268522.24,269838947.606,269838947.606,,EGY
,310240,,2023,3500.0,10417.916,10417.916,,EGY
,310260,,2023,533415.0,968062.333,968062.333,,EGY
,250700,,2023,229753001.544,,0.0,,GBR
,252310,,2023,1237881.704,3522912.0,3522912.0,,GBR
,252321,,2023,9118368.156,45799141.819,45799141.819,,GBR
,252329,,2023,6520345.901,,0.0,,GBR
,252330,,2023,31793441.689,76509565.0,76509565.0,,GBR
,252390,,2023,8402309.565,41472378.0,41472378.0,,GBR
,260112,,2023,1491.538,200.0,200.0,,GBR
,280410,,2023,424639.498,23199.484,0.0,,GBR
,280800,,2023,4407227.475,,0.0,,GBR
,281410,,2023,28099210.181,41557335.0,41557335.0,,GBR
,281420,,2023,560174.273,,0.0,,GBR
,283421,,2023,240320.259,,0.0,,GBR
,310210,,2023,17317011.998,,0.0,,GBR
,310221,,2023,1085379.447,1266390.256,1266390.256,,GBR
,310229,,2023,366059.361,1156378.0,1156378.0,,GBR
,310230,,2023,12873264.226,25698017.0,25698017.0,,GBR
,310240,,2023,12430451.585,28083792.0,28083792.0,,GBR
,310250,,2023,827399.383,1842800.0,1842800.0,,GBR
,310260,,2023,3933068.93,,0.0,,GBR
,310280,,2023,463224.332,156750.0,156750.0,,GBR
,250700,,2023,1696.24,52021.1,52021.1,,TZA
,252310,,2023,2199403.14,31466490.0,31436490.0,,TZA
,252321,,2023,38067.12,176990.0,176990.0,,TZA
,252329,,2023,44709988.59,498376035.928,416587456.428,,TZA
,252390,,2023,66718.58,840100.0,840100.0,,TZA
,260112,,2023,21.1,158.925,158.925,,TZA
,280410,,2023,25.8,20.0,20.0,,TZA
,280800,,2023,11548.81,4855.0,4855.0,,TZA
,281410,,2023,13260.0,3400.0,3400.0,,TZA
,281420,,2023,3803.4,4695.0,4695.0,,TZA
,310210,,2023,20957920.56,18165832.811,18165832.811,,TZA
,310221,,2023,17114.3,37550.0,37550.0,,TZA
,310230,,2023,20163194.56,,0.0,,TZA
,310250,,2023,198.2,25.0,25.0,,TZA
,250700,,2023,527039320.0,1596256000.0,1596256000.0,,USA
,252310,,2023,5993462.0,11201000.0,11201000.0,,USA
,252321,,2023,14659858.0,67197000.0,67197000.0,,USA
,252329,,2023,107911635.0,780616000.0,780616000.0,,USA
,252330,,2023,24732212.0,31671000.0,31671000.0,,USA
,252390,,2023,45470196.0,243200000.0,243200000.0,,USA
,260112,,2023,918948430.0,9603849000.0,9603849000.0,,USA
,280410,,2023,16376027.0,1248207.589,0.0,,USA
,280800,,2023,15737875.0,28637141.143,28637141.143,,USA
,281410,,2023,355957713.0,1152453000.0,1152453000.0,,USA
,281420,,2023,6784944.0,56992000.0,111702000.0,,USA
,283421,,2023,16171719.0,22205000.0,22205000.0,,USA
,310210,,2023,389150607.0,843433000.0,843433000.0,,USA
,310221,,2023,152420297.0,624458000.0,624458000.0,,USA
,310229,,2023,3088758.0,5671000.0,5671000.0,,USA
,310230,,2023,243067423.0,704639000.0,704639000.0,,USA
,310240,,2023,741280.0,1124000.0,1124000.0,,USA
,310250,,2023,13488699.0,8560000.0,8560000.0,,USA
,310260,,2023,13684314.0,24955000.0,24955000.0,,USA
,310280,,2023,377594520.0,1783361000.0,1783361000.0,,USA
,250700,,2023,16244.0,14000.0,14000.0,,URY
,252310,,2023,716441.0,11577000.0,11577000.0,,URY
,252329,,2023,4654906.0,46776819.784,46776819.784,,URY
,310210,,2023,146462.0,252791.661,252791.661,,URY
,310221,,2023,404112.0,271246.0,271246.0,,URY
,310229,,2023,52145.0,26136.0,26136.0,,URY
,310280,,2023,518.0,53.836,53.836,,URY
,250700,,2023,9093125.97,47918690.0,47918690.0,,UZB
,252310,,2023,2550000.0,2561200.0,2561200.0,,UZB
,252321,,2023,73745.0,305430.0,305430.0,,UZB
,252329,,2023,390307.0,7428260.0,7428260.0,,UZB
,260112,,2023,70.0,520.0,520.0,,UZB
,280410,,2023,11243.0,856.96,262.24,,UZB
,280800,,2023,747839.98,3279500.0,3279500.0,,UZB
,281410,,2023,830575.0,1823900.0,1823900.0,,UZB
,281420,,2023,42281.0,112290.0,112290.0,,UZB
,283421,,2023,530236.99,1402150.0,1402150.0,,UZB
,310210,,2023,131868360.92,255985113.759,255985113.759,,UZB
,310221,,2023,3693810.0,13962555.589,13962555.589,,UZB
,310230,,2023,103149849.89,188361039.181,188361039.181,,UZB
,310250,,2023,786728.0,,0.0,,UZB
,252310,,2023,370.609,750.0,750.0,,YEM
,252321,,2023,3953.16,100000.0,100000.0,,YEM
,252329,,2023,37060.875,875000.0,875000.0,,YEM
,252310,,2023,35564995.836,388367120.0,388367120.0,,ZMB
,252321,,2023,386528.151,4292610.0,4292610.0,,ZMB
,252329,,2023,112855918.979,1006138252.5,1006138252.5,,ZMB
,252330,,2023,3799.719,30000.0,30000.0,,ZMB
,252390,,2023,113701.525,1000000.0,1000000.0,,ZMB
,280800,,2023,4167.532,1390.2,1390.2,,ZMB
,281420,,2023,80.937,10.0,10.0,,ZMB
,310210,,2023,329193.287,324750.0,324750.0,,ZMB
,310221,,2023,40915.735,55000.0,55000.0,,ZMB
,310230,,2023,3269961.094,3244205.0,3244205.0,,ZMB
,310240,,2023,20795113.621,20423938.0,20423938.0,,ZMB
,310250,,2023,40192.95,26250.0,26250.0,,ZMB
,310260,,2023,3959192.378,2984220.0,2984220.0,,ZMB
,252329,,2024,66774767.51,641821550.0,641821550.0,,ALB
,250700,,2024,8216.049,26765.599,26765.599,,DZA
,252310,,2024,257541679.776,4954795708.326,4954795708.326,,DZA
,252321,,2024,13764060.393,93138862.67,93138862.67,,DZA
,252329,,2024,55917648.78,555079367.971,555079367.971,,DZA
,252330,,2024,2.007,3.585,3.585,,DZA
,252390,,2024,589925.827,2995472.562,2995472.562,,DZA
,260112,,2024,111.659,897.955,897.955,,DZA
,280800,,2024,13.966,31.019,31.019,,DZA
,281410,,2024,432440873.511,719572738.384,719572738.384,,DZA
,310210,,2024,941664623.103,2165341811.671,2165341811.671,,DZA
,310230,,2024,10.989,22.544,22.544,,DZA
,250700,,2024,10.5,17230.0,17230.0,,AGO
,252310,,2024,5786397.16,,0.0,,AGO
,252321,,2024,26598.64,72864.0,72864.0,,AGO
,252329,,2024,4911538.94,36513065.0,36513065.0,,AGO
,252390,,2024,20716.42,36845.74,36845.74,,AGO
,260112,,2024,59.36,835.0,835.0,,AGO
,280410,,2024,100.0,11.0,0.0,,AGO
,281410,,2024,3493.01,594.0,594.0,,AGO
,310229,,2024,56.92,,0.0,,AGO
,310230,,2024,32100.0,28000.0,28000.0,,AGO
,252310,,2024,49661228.57,804940000.0,804940000.0,,AZE
,252321,,2024,15744.0,192000.0,192000.0,,AZE
,252329,,2024,3392657.16,45581000.0,45581000.0,,AZE
,260112,,2024,10.0,7.4,7.4,,AZE
,310210,,2024,126224644.8,564922390.0,564922390.0,,AZE
,310230,,2024,8664.0,22800.0,22800.0,,AZE
,280800,,2024,84500.7,81826.8,81826.8,,ARG
,250700,,2024,5062300.656,,0.0,,AUS
,252310,,2024,260799.751,676467.0,676467.0,,AUS
,252321,,2024,97224.548,166753.6,166753.6,,AUS
,252329,,2024,1163777.11,,0.0,,AUS
,252330,,2024,196013.082,122335.53,122335.53,,AUS
,252390,,2024,1012571.92,5797744.4,5797744.4,,AUS
,260112,,2024,344959156.3,2831512800.0,2831512800.0,,AUS
,280410,,2024,75388.124,,0.0,,AUS
,280800,,2024,81462.596,,0.0,,AUS
,281410,,2024,109936360.644,320998050.0,320998050.0,,AUS
,281420,,2024,151403.163,434345.0,434345.0,,AUS
,283421,,2024,92012.578,,0.0,,AUS
,310210,,2024,890859.43,,0.0,,AUS
,310221,,2024,23323.861,,0.0,,AUS
,310229,,2024,197802.758,79819.0,79819.0,,AUS
,310230,,2024,11422475.443,,0.0,,AUS
,310240,,2024,22.437,25.0,25.0,,AUS
,310250,,2024,11093.088,2675.0,2675.0,,AUS
,310260,,2024,854.584,250.0,250.0,,AUS
,310280,,2024,16957.709,23220.0,23220.0,,AUS
,252310,,2024,166.223,1250.0,1250.0,,BHR
,252321,,2024,14.628,4.0,4.0,,BHR
,252329,,2024,5770.957,2200.0,2200.0,,BHR
,252330,,2024,22562.952,197023.0,197023.0,,BHR
,252390,,2024,299970.026,4654068.0,4654068.0,,BHR
,260112,,2024,1772307348.016,10363537531.0,10363537531.0,,BHR
,281410,,2024,8616299.096,7736665.0,7736665.0,,BHR
,281420,,2024,9716005.582,30693698.0,30693698.0,,BHR
,310210,,2024,268218035.834,679107957.72,679107957.72,,BHR
,250700,,2024,4787.42,3255.0,3255.0,,ARM
,252330,,2024,14.16,4.0,4.0,,ARM
,310210,,2024,47925.65,65541.32,65541.32,,ARM
,310230,,2024,28.63,3.53,3.53,,ARM
,310260,,2024,98699.9,104980.58,104980.58,,ARM
,252321,,2024,160.0,627.82,627.82,,BOL
,252329,,2024,61984.63,331168.6,331168.6,,BOL
,252390,,2024,101221.6,493860.0,493860.0,,BOL
,310210,,2024,127794785.74,505458050.0,505458050.0,,BOL
,250700,,2024,283122.867,16481441.0,16481441.0,,BIH
,252310,,2024,27203.866,264020.0,264020.0,,BIH
,252321,,2024,1047.17,653.1,653.1,,BIH
,252329,,2024,13375587.127,116518227.5,116518227.5,,BIH
,252390,,2024,28729713.107,253328837.4,253328837.4,,BIH
,280800,,2024,22190.061,86400.0,86400.0,,BIH
,281420,,2024,1394.876,2000.0,2000.0,,BIH
,310210,,2024,553553.063,1622249.43,1622249.43,,BIH
,310221,,2024,584745.586,3504750.0,3504750.0,,BIH
,310240,,2024,468.316,900.0,900.0,,BIH
,310260,,2024,10555.606,13800.0,13800.0,,BIH
,250700,,2024,118708606.0,898068485.0,898068385.0,,BRA
,252310,,2024,1069.0,3355.0,3355.0,,BRA
,252321,,2024,54.0,19.0,19.0,,BRA
,252329,,2024,5645455.0,69410000.549,69438126.549,,BRA
,252330,,2024,370337.0,463531.0,463531.0,,BRA
,252390,,2024,1574.0,2751.0,2760.0,,BRA
,260112,,2024,3295389946.0,26269920479.0,26266920479.0,,BRA
,280410,,2024,16618.0,345.0,2133.0,,BRA
,280800,,2024,711221.0,1032541.0,1032541.0,,BRA
,281410,,2024,405800.0,240000.0,240000.0,,BRA
,281420,,2024,230752.0,285642.0,285642.0,,BRA
,310210,,2024,10503128.0,16884049.0,16884049.0,,BRA
,310221,,2024,5035248.0,19038198.0,19038198.0,,BRA
,310229,,2024,1270880.0,242900.0,242900.0,,BRA
,310230,,2024,5856188.0,12085025.0,12085025.0,,BRA
,310240,,2024,149320.0,342000.0,342000.0,,BRA
,310250,,2024,811712.0,1019978.0,1019978.0,,BRA
,310260,,2024,300323.0,551412.0,551052.0,,BRA
,310280,,2024,3142995.0,754397.0,754397.0,,BRA
,252321,,2024,5444.608,103.0,103.0,,BRN
,252329,,2024,19889.315,104000.0,104000.0,,BRN
,310210,,2024,368302696.669,1080752690.0,1080752690.0,,BRN
,260112,,2024,70400.0,272000.0,272000.0,,MMR
,252310,,2024,6.0,3.0,3.0,,KHM
,252329,,2024,1282298.5,31785720.0,31785720.0,,KHM
,260112,,2024,23851814.9,795060500.0,795060500.0,,KHM
,281410,,2024,4190.01,2130.0,2130.0,,KHM
,281420,,2024,29040.0,5280.0,5280.0,,KHM
,310229,,2024,2.92,2.0,2.0,,KHM
,250700,,2024,1185444.396,4190000.0,4190000.0,,CAN
,252310,,2024,35681624.278,470303000.0,470303000.0,,CAN
,252321,,2024,56483725.699,328644000.0,328644000.0,,CAN
,252329,,2024,413661162.257,3592663000.0,3592663000.0,,CAN
,252330,,2024,6421181.536,10092000.0,10092000.0,,CAN
,252390,,2024,42563404.464,453499450.926,453499450.926,,CAN
,260112,,2024,1747497916.111,13856209000.0,13856209000.0,,CAN
,280410,,2024,64664496.297,33519300.0,0.0,,CAN
,280800,,2024,6371050.591,1155137.0,1155137.0,,CAN
,281410,,2024,711283690.898,1080913000.0,1080913000.0,,CAN
,281420,,2024,9617314.1,27705729.0,27705729.0,,CAN
,283421,,2024,1188773.715,3069209.0,3069209.0,,CAN
,310210,,2024,265370253.638,608058924.0,608058924.0,,CAN
,310221,,2024,146284336.957,409121469.0,409121469.0,,CAN
,310229,,2024,4107361.654,7701410.0,7701410.0,,CAN
,310230,,2024,71681948.366,230445086.0,230445086.0,,CAN
,310240,,2024,9280908.236,23003000.0,23003000.0,,CAN
,310250,,2024,75158.681,150398.0,150398.0,,CAN
,310260,,2024,794489.184,1424658.0,1424658.0,,CAN
,310280,,2024,143788809.591,473776000.0,473776000.0,,CAN
,250700,,2024,31289.833,30747.0,30747.0,,LKA
,252321,,2024,1043.541,177.0,177.0,,LKA
,252329,,2024,7431.821,20300.0,20300.0,,LKA
,252390,,2024,12061.231,,0.0,,LKA
,280800,,2024,1797.886,770.0,770.0,,LKA
,281410,,2024,221913.613,92605.0,92605.0,,LKA
,310210,,2024,207.493,400.0,400.0,,LKA
,310230,,2024,370.7,25.0,25.0,,LKA
,310240,,2024,13126.265,7800.0,7800.0,,LKA
,250700,,2024,45681.05,31489.14,31489.14,,CHL
,252310,,2024,3557.48,50400.0,50400.0,,CHL
,252329,,2024,4563650.04,40217600.0,40217600.0,,CHL
,252330,,2024,5789.01,6406.81,6406.81,,CHL
,252390,,2024,5096.27,180.05,180.05,,CHL
,260112,,2024,148616525.64,1056204838.0,1056204838.0,,CHL
,280410,,2024,17454.85,1791.693,0.0,,CHL
,280800,,2024,3259396.77,7903422.0,7903422.0,,CHL
,281410,,2024,683216.64,515731.02,515731.02,,CHL
,283421,,2024,334263294.98,418976910.48,418976910.48,,CHL
,310210,,2024,64176.04,120972.482,120972.482,,CHL
,310221,,2024,88852.87,20113.0,20113.0,,CHL
,310229,,2024,29574.82,10000.0,10000.0,,CHL
,310230,,2024,64229239.33,125804250.0,125804250.0,,CHL
,310250,,2024,50889149.3,41657025.0,41657025.0,,CHL
,310260,,2024,78000.0,200000.0,200000.0,,CHL
,250700,,2024,160049580.0,1222967114.924,1222967114.924,,CHN
,252310,,2024,17795876.0,344911713.423,344911713.423,,CHN
,252321,,2024,15463379.0,269607368.0,269607368.0,,CHN
,252329,,2024,239326565.0,4570655888.396,4570655888.396,,CHN
,252330,,2024,26602662.0,54166702.0,54166702.0,,CHN
,252390,,2024,11409040.0,128125635.0,128125635.0,,CHN
,260112,,2024,267385241.0,1632628222.0,1632628222.0,,CHN
,280410,,2024,247597.0,6723.849,0.0,,CHN
,280800,,2024,13981577.0,44875257.258,44875257.258,,CHN
,281410,,2024,42149663.0,89667410.0,89667410.0,,CHN
,281420,,2024,1159351.0,3702743.0,3702743.0,,CHN
,283421,,2024,97166943.0,118085885.076,118085885.076,,CHN
,310210,,2024,94384609.0,260554338.0,260554338.0,,CHN
,310221,,2024,2543648993.0,17124283047.732,17124283047.732,,CHN
,310229,,2024,6222817.0,20139700.0,20139700.0,,CHN
,310230,,2024,16768893.0,41689220.0,41689220.0,,CHN
,310240,,2024,251161.0,1078200.0,1078200.0,,CHN
,310250,,2024,35437630.0,63122075.0,63122075.0,,CHN
,310260,,2024,132705374.0,651176132.0,651176132.0,,CHN
,310280,,2024,830777.0,2559950.0,2559950.0,,CHN
,250700,,2024,1241060.15,3162943.57,3162943.57,,COL
,252310,,2024,1202.29,2900.0,2900.0,,COL
,252321,,2024,1912100.16,5744690.0,5744690.0,,COL
,252329,,2024,51543.17,349424.06,349424.06,,COL
,252330,,2024,28831.2,19200.0,19200.0,,COL
,252390,,2024,565109.81,1315776.0,1315776.0,,COL
,280410,,2024,9189.05,116.88,0.0,,COL
,280800,,2024,742141.17,1105095.0,1105095.0,,COL
,281410,,2024,3249498.92,4476623.0,4476623.0,,COL
,310210,,2024,1121687.17,2149826.39,2149826.39,,COL
,310221,,2024,19878.99,138980.0,138980.0,,COL
,310260,,2024,13081118.48,41122970.0,41122970.0,,COL
,310280,,2024,75131.0,3540.0,3540.0,,COL
,250700,,2024,189558.75,201088.21,201088.21,,CRI
,252310,,2024,4986504.51,103022000.0,103022000.0,,CRI
,252329,,2024,8161.86,13450.85,13450.85,,CRI
,252330,,2024,20.0,42.04,42.04,,CRI
,252390,,2024,875446.8,7898260.0,7898260.0,,CRI
,280410,,2024,6150.0,2665.15,0.0,,CRI
,280800,,2024,15905.92,18560.0,18560.0,,CRI
,281410,,2024,16136.0,5372.0,5372.0,,CRI
,281420,,2024,3400.0,400.0,400.0,,CRI
,310210,,2024,1513524.05,2915914.0,2915914.0,,CRI
,310221,,2024,182350.0,593419.5,593419.5,,CRI
,310230,,2024,583097.68,709630.0,709630.0,,CRI
,310240,,2024,140333.25,309825.0,309825.0,,CRI
,310260,,2024,302291.97,455025.0,455025.0,,CRI
,250700,,2024,844.587,5918.0,5918.0,,BEN
,252329,,2024,970461.884,13280005.0,13280005.0,,BEN
,281410,,2024,1338.249,308.0,308.0,,BEN
,250700,,2024,40305.819,39977.9,39977.9,,DOM
,252310,,2024,1478400.0,15400000.0,15400000.0,,DOM
,252321,,2024,423928.816,1872166.8,1797176.8,,DOM
,252329,,2024,110906956.646,,0.0,,DOM
,252330,,2024,50699.585,2403.5,2403.5,,DOM
,252390,,2024,10157.399,64257.252,64257.252,,DOM
,280410,,2024,1498.01,186.105,916.464,,DOM
,281410,,2024,207809.706,32930.7,31570.0,,DOM
,281420,,2024,45450.0,41300.0,41300.0,,DOM
,310210,,2024,87500.0,150000.0,150000.0,,DOM
,310229,,2024,2340.0,800.0,800.0,,DOM
,250700,,2024,115.5,136.44,136.44,,ECU
,252310,,2024,14800009.2,337638800.0,337638800.0,,ECU
,252329,,2024,1176619.03,7433325.0,167629.0,,ECU
,252330,,2024,3.0,18.6,18.6,,ECU
,280410,,2024,7872.5,120.0,0.0,,ECU
,283421,,2024,367340.0,350000.0,358750.0,,ECU
,310221,,2024,144683.84,480000.0,480528.0,,ECU
,310250,,2024,199352.5,173350.0,177090.0,,ECU
,250700,,2024,20704.04,29004.0,29004.0,,SLV
,252310,,2024,5393556.55,,0.0,,SLV
,252321,,2024,100354.2,438300.0,438300.0,,SLV
,252329,,2024,10810866.33,112140184.2,112140184.2,,SLV
,252390,,2024,25.5,147.0,147.0,,SLV
,281410,,2024,58449.75,59000.0,59000.0,,SLV
,281420,,2024,7005.36,7488.0,7488.0,,SLV
,310210,,2024,1169256.2,2699660.0,2699660.0,,SLV
,310221,,2024,1728033.51,7505449.2,7505449.2,,SLV
,250700,,2024,28784.5,14187.5,14187.5,,GEO
,252310,,2024,536190.9,6957000.0,6957000.0,,GEO
,252329,,2024,95985.0,906500.0,906500.0,,GEO
,281410,,2024,75726.6,85430.0,85430.0,,GEO
,281420,,2024,14411.24,42616.0,42616.0,,GEO
,310210,,2024,386520.234,1012984.94,1012984.94,,GEO
,310221,,2024,1345579.14,7788317.0,7788317.0,,GEO
,310230,,2024,117174425.503,,0.0,,GEO
,250700,,2024,1766496.0,2472326.0,2472326.0,,GTM
,252310,,2024,4796646.0,53069000.0,53069000.0,,GTM
,252321,,2024,5030345.0,38777810.0,38777810.0,,GTM
,252329,,2024,12418164.0,139678435.0,139678435.0,,GTM
,252390,,2024,20746003.0,192906801.0,192906801.0,,GTM
,280410,,2024,101196.0,14868.0,0.0,,GTM
,280800,,2024,38579.0,23297.0,23297.0,,GTM
,281410,,2024,611023.0,426500.0,426500.0,,GTM
,281420,,2024,31626.0,36809.0,36809.0,,GTM
,283421,,2024,42109.0,29370.0,29370.0,,GTM
,310210,,2024,1899537.0,3840628.0,3840628.0,,GTM
,310221,,2024,1673781.0,7073494.0,7073494.0,,GTM
,310229,,2024,3495.0,1710.0,1710.0,,GTM
,310230,,2024,542262.0,1102728.0,1102728.0,,GTM
,310240,,2024,202.0,250.0,250.0,,GTM
,310260,,2024,508265.0,827289.0,827289.0,,GTM
,250700,,2024,61735.43,92096.1,92096.1,,HND
,252310,,2024,4745484.75,101451500.0,101451500.0,,HND
,252329,,2024,12584846.82,151024880.0,151024880.0,,HND
,310210,,2024,8709110.43,23952910.0,23952910.0,,HND
,310221,,2024,3790767.6,18337580.0,18337580.0,,HND
,310230,,2024,588563.95,1974820.0,1974820.0,,HND
,310250,,2024,18287.5,8750.0,8750.0,,HND
,250700,,2024,169509.511,,0.0,,HKG
,252310,,2024,2829197.735,67803000.0,67803000.0,,HKG
,252321,,2024,6023.065,21000.0,21000.0,,HKG
,252329,,2024,9027.486,180000.0,180000.0,,HKG
,280410,,2024,6476.817,679.211,0.0,,HKG
,280800,,2024,25795.527,,0.0,,HKG
,281410,,2024,536553.991,129545.0,129545.0,,HKG
,281420,,2024,20152.788,4614.0,4614.0,,HKG
,283421,,2024,133813.978,14973.0,14973.0,,HKG
,310210,,2024,558140.946,1321983.0,1321983.0,,HKG
,310221,,2024,12.942,8.0,8.0,,HKG
,250700,,2024,15569294.561,259485989.098,259485989.098,,IDN
,252310,,2024,319009996.365,10941431877.567,10941431877.567,,IDN
,252321,,2024,2847520.938,22163592.089,22163592.089,,IDN
,252329,,2024,44215758.667,914858733.039,914858733.039,,IDN
,252330,,2024,10770.523,148587.68,148587.68,,IDN
,252390,,2024,8841749.054,165194766.653,165194766.653,,IDN
,280410,,2024,49463.026,168480.0,0.0,,IDN
,281410,,2024,607759210.742,1709673625.64,1709673625.64,,IDN
,281420,,2024,287.46,360.196,360.196,,IDN
,283421,,2024,2889.151,1225.71,1225.71,,IDN
,310210,,2024,488790101.075,1477713822.0,1477713822.0,,IDN
,310221,,2024,4337620.97,40699022.026,40699022.026,,IDN
,310229,,2024,158.242,,0.0,,IDN
,310230,,2024,29442484.225,49915600.0,49915600.0,,IDN
,310240,,2024,3.0,28.067,28.067,,IDN
,310260,,2024,343086.392,484000.5,484000.5,,IDN
,310280,,2024,265.0,14.8,14.8,,IDN
,250700,,2024,18000.0,12500.0,12500.0,,ISR
,252329,,2024,9000.0,86953.282,86953.282,,ISR
,280410,,2024,38000.0,3839.07,0.0,,ISR
,310210,,2024,1189000.0,2739394.275,2739394.275,,ISR
,310229,,2024,1820000.0,5288502.203,5288502.203,,ISR
,250700,,2024,453404.983,5571797.0,5571797.0,,CIV
,252321,,2024,308353.241,1520562.0,1520562.0,,CIV
,252329,,2024,31768494.148,317054386.0,317054386.0,,CIV
,252330,,2024,214.446,25.0,25.0,,CIV
,252390,,2024,207709.664,459869.0,459869.0,,CIV
,280800,,2024,329.917,1500.0,1500.0,,CIV
,281420,,2024,676.329,205.0,205.0,,CIV
,310210,,2024,18371715.03,69110995.0,69110995.0,,CIV
,310221,,2024,538085.835,2700100.0,2700100.0,,CIV
,310230,,2024,874458.871,1064300.0,1064300.0,,CIV
,310260,,2024,856780.505,1754400.0,1754400.0,,CIV
,252321,,2024,7769.0,18144.0,18144.0,,JAM
,252329,,2024,1649711.0,9963440.52,9963440.52,,JAM
,310230,,2024,301594.0,126500.0,126500.0,,JAM
,310240,,2024,113.0,50.0,50.0,,JAM
,250700,,2024,4386775.425,10791456.702,10791456.702,,JPN
,252310,,2024,122819055.629,3893197000.0,3893197000.0,,JPN
,252321,,2024,155840.493,226523.516,226523.516,,JPN
,252329,,2024,145819365.582,4128374000.0,4128374000.0,,JPN
,252330,,2024,835159.433,271704.399,271704.399,,JPN
,252390,,2024,8351310.254,21020050.433,21020050.433,,JPN
,280410,,2024,26637.368,130.0,0.0,,JPN
,280800,,2024,5400389.366,,0.0,,JPN
,281410,,2024,891605.284,100598.0,100598.0,,JPN
,281420,,2024,3010306.627,2331926.0,2331926.0,,JPN
,283421,,2024,729105.449,,0.0,,JPN
,310210,,2024,29619266.4,57304363.051,57304363.051,,JPN
,310221,,2024,32361243.829,270078664.195,270078664.195,,JPN
,310230,,2024,23730.512,43531.156,43531.156,,JPN
,310250,,2024,213396.233,91635.572,91635.572,,JPN
,310260,,2024,16199.113,7000.0,7000.0,,JPN
,250700,,2024,1411241.63,48846090.0,48846090.0,,KAZ
,252310,,2024,19408.95,305017.0,305017.0,,KAZ
,252321,,2024,355817.37,2327000.0,2327000.0,,KAZ
,252329,,2024,46890123.17,873217700.0,873217700.0,,KAZ
,252330,,2024,9353.99,228550.0,228550.0,,KAZ
,252390,,2024,222661.32,1374700.0,1374700.0,,KAZ
,260112,,2024,431058683.59,4831940000.0,4831940000.0,,KAZ
,280410,,2024,2951.0,615.0,0.0,,KAZ
,280800,,2024,63387.3,138508.8,138508.8,,KAZ
,281410,,2024,21646.0,34920.0,34920.0,,KAZ
,281420,,2024,876.43,514.88,514.88,,KAZ
,283421,,2024,340686.94,380345.0,380345.0,,KAZ
,310210,,2024,1520276.21,5928287.9,5928287.9,,KAZ
,310221,,2024,13545.01,90760.0,90760.0,,KAZ
,310230,,2024,49955343.99,207789530.0,207789530.0,,KAZ
,310250,,2024,344.96,550.5,550.5,,KAZ
,310260,,2024,340347.45,545000.0,545000.0,,KAZ
,250700,,2024,126501.662,274375.0,274375.0,,JOR
,252321,,2024,3501029.778,31236000.0,31236000.0,,JOR
,252329,,2024,1048715.941,12285190.0,12285190.0,,JOR
,252390,,2024,135830.718,1859000.0,1859000.0,,JOR
,260112,,2024,308115.126,2627930.0,2627930.0,,JOR
,281410,,2024,16551.662,15810.0,15810.0,,JOR
,283421,,2024,112151164.016,134991050.0,134991050.0,,JOR
,310210,,2024,1308547.447,1793632.0,1793632.0,,JOR
,250700,,2024,204833.927,517698.0,517698.0,,KEN
,252310,,2024,114559080.41,1812630295.0,1812630295.0,,KEN
,252321,,2024,40119.458,155520.0,155520.0,,KEN
,252329,,2024,33064274.815,349216225.327,349216225.327,,KEN
,252390,,2024,45183.529,364350.0,364350.0,,KEN
,280410,,2024,3387.389,97.0,59.0,,KEN
,280800,,2024,308573.511,325209.0,325209.0,,KEN
,281410,,2024,250628.504,70988.0,70988.0,,KEN
,281420,,2024,72925.034,65209.4,65209.4,,KEN
,283421,,2024,690249.574,558291.0,558291.0,,KEN
,310210,,2024,2911584.357,8938205.8,8938205.8,,KEN
,310221,,2024,148777.363,560316.0,560316.0,,KEN
,310229,,2024,134824.4,500000.0,500000.0,,KEN
,310230,,2024,402445.919,261701.0,261701.0,,KEN
,310240,,2024,2478.035,400.0,400.0,,KEN
,310260,,2024,1464482.202,3688530.0,3688530.0,,KEN
,310280,,2024,4686713.361,10306113.0,10306113.0,,KEN
,250700,,2024,1757607.0,11462683.017,11462683.017,,KOR
,252310,,2024,63035306.0,2363312000.0,2363312000.0,,KOR
,252321,,2024,649938.0,3812289.95,3812289.95,,KOR
,252329,,2024,32129634.0,606343563.0,606343563.0,,KOR
,252330,,2024,7910298.0,8351977.0,8351977.0,,KOR
,252390,,2024,802795.0,722287.747,722287.747,,KOR
,260112,,2024,2020.0,146.073,146.073,,KOR
,280410,,2024,78168.0,13844.124,0.0,,KOR
,280800,,2024,119366775.0,747960657.6,747960657.6,,KOR
,281410,,2024,25014698.0,,0.0,,KOR
,281420,,2024,2517969.0,1851035.6,1851035.6,,KOR
,283421,,2024,1868210.0,759681.257,759681.257,,KOR
,310210,,2024,12209852.0,,0.0,,KOR
,310221,,2024,18426767.0,107218740.106,107218740.106,,KOR
,310230,,2024,87027942.0,169200716.3,169200716.3,,KOR
,310240,,2024,1121113.0,1036800.0,1036800.0,,KOR
,310250,,2024,3769852.0,,0.0,,KOR
,310260,,2024,9846.0,11275.0,11275.0,,KOR
,310280,,2024,87540.0,6000.0,6000.0,,KOR
,250700,,2024,4938.0,16086.629,16086.629,,KWT
,252329,,2024,25291.0,251056.913,251056.913,,KWT
,252390,,2024,772999.0,3925065.13,3925065.13,,KWT
,280410,,2024,149064.0,15301.017,0.0,,KWT
,281410,,2024,3076.0,5118.401,5118.401,,KWT
,252321,,2024,5.0,50.0,50.0,,KGZ
,252329,,2024,7504616.0,278776811.0,278776811.0,,KGZ
,310230,,2024,96768.0,504000.0,504000.0,,KGZ
,250700,,2024,31358.0,101457.109,101457.109,,LBN
,252321,,2024,24000.0,157221.97,157221.97,,LBN
,252390,,2024,180.0,903.911,903.911,,LBN
,281420,,2024,32820.0,,0.0,,LBN
,310210,,2024,1095.0,2522.823,2522.823,,LBN
,310229,,2024,400.0,1162.308,1162.308,,LBN
,250700,,2024,1.565,0.25,0.25,,MDG
,252329,,2024,454.957,1275.0,1275.0,,MDG
,310221,,2024,10525827.859,69959390.0,69959390.0,,MDG
,250700,,2024,6726553.739,23178228.66,23178228.66,,MYS
,252310,,2024,5360015.257,52502536.702,52502536.702,,MYS
,252321,,2024,35045872.099,,0.0,,MYS
,252329,,2024,58976343.323,1036523952.243,1036523952.243,,MYS
,252330,,2024,25623.696,176805.183,176805.183,,MYS
,252390,,2024,822529.926,6765739.014,6765739.014,,MYS
,280410,,2024,5455168.288,572072.972,0.0,,MYS
,280800,,2024,4515191.743,11650793.58,11650793.58,,MYS
,281410,,2024,163613864.351,457319063.0,457319063.0,,MYS
,281420,,2024,1329321.247,1880787.8,1880787.8,,MYS
,283421,,2024,63190.331,,0.0,,MYS
,310210,,2024,681588129.11,2032229396.597,2032229396.597,,MYS
,310221,,2024,1581937.916,5626953.09,5626953.09,,MYS
,310229,,2024,123535.648,286448.5,286448.5,,MYS
,310230,,2024,5581991.653,8294130.0,8294130.0,,MYS
,310240,,2024,574.684,551.03,551.03,,MYS
,310250,,2024,2148.837,2332.2,2332.2,,MYS
,310260,,2024,548362.389,550748.0,550748.0,,MYS
,310280,,2024,381.739,201.0,201.0,,MYS
,260112,,2024,1411.109,6500.0,6500.0,,MRT
,250700,,2024,6628.048,6667.0,6667.0,,MUS
,252321,,2024,152.546,,534.0,,MUS
,252329,,2024,38.243,4000.0,900.0,,MUS
,281410,,2024,14864.821,900.0,900.0,,MUS
,281420,,2024,331.267,200.0,70.0,,MUS
,310210,,2024,149620.763,234395.0,234395.0,,MUS
,310221,,2024,28033.085,48165.0,48165.0,,MUS
,250700,,2024,480262.0,591785.464,591785.464,,MEX
,252321,,2024,35352532.0,201315900.0,201315900.0,,MEX
,252329,,2024,99753402.0,1108247253.0,1108247253.0,,MEX
,252390,,2024,12647872.0,74651690.0,74651690.0,,MEX
,281410,,2024,279374.0,336833.0,336833.0,,MEX
,310210,,2024,284832.0,152239.0,152239.0,,MEX
,310260,,2024,2373538.0,2627300.0,2627300.0,,MEX
,252310,,2024,47.0,1.0,1.0,,MDA
,252329,,2024,2169149.0,19904650.0,19904650.0,,MDA
,252390,,2024,1953.0,9000.0,9000.0,,MDA
,281410,,2024,11954.0,19280.0,19280.0,,MDA
,310210,,2024,192446.0,424045.0,424045.0,,MDA
,310221,,2024,30259.0,176000.0,176000.0,,MDA
,310229,,2024,11.0,15.0,15.0,,MDA
,250700,,2024,26.559,5.64,5.64,,MNE
,252321,,2024,1.623,21.5,21.5,,MNE
,252329,,2024,32.455,300.0,300.0,,MNE
,250700,,2024,2982680.364,88154068.45,88154068.45,,MAR
,252310,,2024,43999094.471,1123701781.0,1123701781.0,,MAR
,252321,,2024,5033.111,15850.5,15850.5,,MAR
,252329,,2024,2669849.268,66000975.0,66000975.0,,MAR
,252330,,2024,3508.925,1575.0,1575.0,,MAR
,252390,,2024,5706.63,9905.0,9905.0,,MAR
,280800,,2024,96827.101,131926.0,131926.0,,MAR
,281410,,2024,3678.503,928.0,928.0,,MAR
,281420,,2024,6017.284,9797.0,9797.0,,MAR
,283421,,2024,220864.509,199650.0,199650.0,,MAR
,310210,,2024,121835.659,243098.0,243098.0,,MAR
,310221,,2024,21367.361,31567.2,31567.2,,MAR
,310229,,2024,80030.796,126699.0,126699.0,,MAR
,310230,,2024,2693492.939,2946645.0,2946645.0,,MAR
,310240,,2024,8626.02,16400.0,16400.0,,MAR
,310250,,2024,58911.264,33000.0,33000.0,,MAR
,310260,,2024,20556.688,68100.0,68100.0,,MAR
,310280,,2024,45663.202,130050.0,130050.0,,MAR
,252310,,2024,385015.0,5150074.0,5150074.0,,MOZ
,252321,,2024,233110.7,515550.0,515550.0,,MOZ
,252329,,2024,10838909.0,138810824.0,138810824.0,,MOZ
,252390,,2024,1915995.7,9077350.0,9077350.0,,MOZ
,280800,,2024,305.7,100.0,100.0,,MOZ
,310210,,2024,16273856.8,37494121.243,37494121.243,,MOZ
,310221,,2024,4169294.0,20828087.288,20828087.288,,MOZ
,310229,,2024,2910118.5,8456136.317,8456136.317,,MOZ
,310230,,2024,864041.7,1793902.911,1793902.911,,MOZ
,250700,,2024,7867.36,9363.0,9363.0,,OMN
,252310,,2024,9209.363,84027.0,84027.0,,OMN
,252321,,2024,54338.101,556954.0,556954.0,,OMN
,252329,,2024,68729027.201,,0.0,,OMN
,252390,,2024,1944163.846,23898180.0,23898180.0,,OMN
,260112,,2024,1756256642.245,10268695833.0,10268695833.0,,OMN
,281410,,2024,109918376.941,346997195.0,346997195.0,,OMN
,281420,,2024,1927.178,3225.0,3225.0,,OMN
,310210,,2024,1095186068.507,3486690412.0,3486690412.0,,OMN
,310221,,2024,496553.965,1007995.0,1007995.0,,OMN
,310229,,2024,775334.199,3984540.0,3984540.0,,OMN
,310230,,2024,39007315.934,113094254.0,113094254.0,,OMN
,310260,,2024,250148.244,513044.0,513044.0,,OMN
,310280,,2024,1170.351,600.0,600.0,,OMN
,252310,,2024,508416.571,8373667.5,8373667.5,,NAM
,252321,,2024,2036.936,22000.0,22000.0,,NAM
,252329,,2024,15705917.611,13676860.3,13676860.3,,NAM
,252330,,2024,15.184,11.0,11.0,,NAM
,252390,,2024,633922.946,1925280.0,1925280.0,,NAM
,260112,,2024,31384.057,602290.5,602290.5,,NAM
,280800,,2024,1942.555,416.0,416.0,,NAM
,281420,,2024,0.55,1.0,1.0,,NAM
,310210,,2024,18634625.559,2333488.0,2333488.0,,NAM
,310221,,2024,10643034.078,13481000.0,13481000.0,,NAM
,310230,,2024,9942028.697,956750.0,956750.0,,NAM
,310240,,2024,816007.316,245210.0,245210.0,,NAM
,310250,,2024,160.299,2.0,2.0,,NAM
,310260,,2024,171708.918,125000.0,125000.0,,NAM
,250700,,2024,4327143.889,5897237.0,5897237.0,,NZL
,252310,,2024,20700.737,55000.0,55000.0,,NZL
,252321,,2024,615707.714,3012772.855,3012772.855,,NZL
,252329,,2024,3538369.205,19045883.453,19045883.453,,NZL
,252330,,2024,1361.731,2437.934,2437.934,,NZL
,252390,,2024,1218359.148,6810507.463,6810507.463,,NZL
,280410,,2024,122714.988,26118.0,0.0,,NZL
,280800,,2024,142428.016,162251.0,162251.0,,NZL
,281410,,2024,33553.059,26000.0,26000.0,,NZL
,281420,,2024,4757.587,3876.0,3876.0,,NZL
,283421,,2024,13400.646,8653.0,8653.0,,NZL
,310210,,2024,314938.794,415542.0,415542.0,,NZL
,310221,,2024,2696.833,,0.0,,NZL
,310230,,2024,210687.672,141230.0,141230.0,,NZL
,310250,,2024,1724.86,650.0,650.0,,NZL
,310260,,2024,39030.245,61600.0,61600.0,,NZL
,250700,,2024,2.0,2.5,2.5,,NIC
,252329,,2024,38760.3,255000.0,255000.0,,NIC
,280800,,2024,18829.8,25025.0,25025.0,,NIC
,310210,,2024,1007886.0,1484000.0,1484000.0,,NIC
,310240,,2024,5.5,0.4,0.4,,NIC
,252310,,2024,2415007.336,49741500.0,49741500.0,,NER
,252329,,2024,4551637.229,84615000.0,84615000.0,,NER
,252390,,2024,2024100.142,36585000.0,36585000.0,,NER
,280800,,2024,3135.684,2638.0,2638.0,,NER
,250700,,2024,19732.791,144000.0,144000.0,,NGA
,252310,,2024,38905579.385,853329180.0,853329180.0,,NGA
,252321,,2024,24403.279,153000.0,153000.0,,NGA
,252329,,2024,18097096.889,315431708.0,315431708.0,,NGA
,252390,,2024,14794.489,53167.0,53167.0,,NGA
,260112,,2024,3274089.205,35086550.0,35086550.0,,NGA
,281410,,2024,106747.062,32768.0,32768.0,,NGA
,281420,,2024,27828.162,30000.0,30000.0,,NGA
,310210,,2024,850328226.266,3076845807.986,3076845807.986,,NGA
,250700,,2024,39673.351,314000.0,314000.0,,PAK
,252310,,2024,148668677.152,4843745000.0,4843745000.0,,PAK
,252321,,2024,1382471.173,17080000.0,17080000.0,,PAK
,252329,,2024,147733848.57,3413939000.0,3413939000.0,,PAK
,260112,,2024,10403596.915,146052000.0,146052000.0,,PAK
,280800,,2024,9312.293,53288.0,53288.0,,PAK
,281410,,2024,473003.742,733135.0,733135.0,,PAK
,281420,,2024,891441.546,2852145.0,2852145.0,,PAK
,250700,,2024,2809.0,4476.0,4476.0,,PAN
,252321,,2024,5892.0,3297.0,3297.0,,PAN
,252329,,2024,7959189.0,79522395.0,79522395.0,,PAN
,252390,,2024,22573.0,74970.0,74970.0,,PAN
,280800,,2024,34589.0,19652.0,19652.0,,PAN
,281410,,2024,7410.0,885.0,885.0,,PAN
,310210,,2024,64001.0,103439.0,103439.0,,PAN
,310230,,2024,6430340.0,11582634.0,11582634.0,,PAN
,310250,,2024,44862.0,46250.0,46250.0,,PAN
,310260,,2024,44680.0,60000.0,60000.0,,PAN
,252321,,2024,67.96,152.0,152.0,,PRY
,252329,,2024,215117.67,1597172.2,1597172.2,,PRY
,310221,,2024,7930.0,26000.0,26000.0,,PRY
,310280,,2024,377133.55,361758.0,361758.0,,PRY
,250700,,2024,465193.248,1824011.158,1824011.158,,PER
,252310,,2024,21555075.933,503382831.348,503382831.348,,PER
,252321,,2024,620186.46,2160950.0,2160950.0,,PER
,252329,,2024,10159770.989,,0.0,,PER
,252390,,2024,152.88,178.572,178.572,,PER
,260112,,2024,1844.01,,0.0,,PER
,280410,,2024,19922.644,13855.876,0.0,,PER
,283421,,2024,148350.0,150000.0,150000.0,,PER
,310210,,2024,529873.345,1253841.943,1253841.943,,PER
,310221,,2024,224562.234,737000.0,737000.0,,PER
,310230,,2024,885728.996,1853829.0,1853829.0,,PER
,310260,,2024,28086.81,55000.0,55000.0,,PER
,310280,,2024,6477.51,4358.0,4358.0,,PER
,250700,,2024,26216.0,32490.0,32490.0,,PHL
,252310,,2024,686981.0,3111263.0,3111263.0,,PHL
,252329,,2024,2090374.0,9962510.0,9962510.0,,PHL
,252390,,2024,43107.0,13451.9,13451.9,,PHL
,260112,,2024,153658011.0,4179166000.0,4179166000.0,,PHL
,310210,,2024,34549.0,43586.73,43586.73,,PHL
,252310,,2024,178711210.466,4644589120.0,4644589120.0,,SAU
,252321,,2024,10766430.131,112961311.0,112961311.0,,SAU
,252329,,2024,81726297.157,1827966390.0,1827966390.0,,SAU
,260112,,2024,4266.667,4000.0,4000.0,,SAU
,280410,,2024,34568.799,19585.0,0.0,,SAU
,280800,,2024,422487.989,296300.0,296300.0,,SAU
,281410,,2024,828851535.545,2192751000.0,2192751000.0,,SAU
,281420,,2024,113495.997,291000.0,291000.0,,SAU
,310210,,2024,1621280816.535,4439929952.0,4439929952.0,,SAU
,310229,,2024,45601.599,50000.0,50000.0,,SAU
,310230,,2024,23895.199,74600.0,74600.0,,SAU
,310250,,2024,2406.4,1575.0,1575.0,,SAU
,250700,,2024,4724177.176,55251860.0,55251860.0,,SEN
,252310,,2024,10056381.779,170000000.0,170000000.0,,SEN
,252329,,2024,168448258.321,2108751130.0,2108751130.0,,SEN
,252390,,2024,466108.26,3530118.0,3530118.0,,SEN
,280410,,2024,22226.768,1319.0,0.0,,SEN
,281410,,2024,44511.794,2640.0,2640.0,,SEN
,281420,,2024,10401.966,480.0,480.0,,SEN
,310210,,2024,2230947.075,7618200.0,7618200.0,,SEN
,310229,,2024,59199.0,120000.0,120000.0,,SEN
,310260,,2024,5103.865,4775.0,4775.0,,SEN
,250700,,2024,2171807.0,73400162.0,73400162.0,,SRB
,252310,,2024,2397.0,3132.0,3132.0,,SRB
,252321,,2024,25808.0,92073.0,92073.0,,SRB
,252329,,2024,16546989.0,132811045.0,132811045.0,,SRB
,252390,,2024,72780.0,34438.0,34438.0,,SRB
,280410,,2024,405620.0,22726.0,270417.0,,SRB
,280800,,2024,67245.0,146601.898,146601.898,,SRB
,281410,,2024,16622.0,3400.0,3400.0,,SRB
,281420,,2024,9851.0,3293.343,3293.343,,SRB
,283421,,2024,44041.0,39414.845,39414.845,,SRB
,310210,,2024,12500691.0,28762571.0,28762571.0,,SRB
,310221,,2024,14002613.0,56232020.0,56232020.0,,SRB
,310229,,2024,40115.0,87440.0,87440.0,,SRB
,310230,,2024,2891526.0,6613188.332,6613188.332,,SRB
,310240,,2024,4493082.0,14242200.0,14242200.0,,SRB
,310250,,2024,140044.0,134000.0,134000.0,,SRB
,310260,,2024,32901.0,47368.0,47368.0,,SRB
,250700,,2024,55845657.016,694078349.402,694078349.402,,IND
,252310,,2024,1464332.729,22266195.0,22266195.0,,IND
,252321,,2024,1673802.332,12113281.0,12113281.0,,IND
,252329,,2024,26350576.715,504750410.587,504750410.587,,IND
,252330,,2024,3138706.67,6021001.0,6021001.0,,IND
,252390,,2024,20013157.335,454282502.137,454282502.137,,IND
,260112,,2024,921716143.017,8167092840.692,8167092840.692,,IND
,280410,,2024,17359.386,6149.824,0.0,,IND
,280800,,2024,5178354.275,11786227.223,11786227.223,,IND
,281410,,2024,1815695.705,2230487.0,2230487.0,,IND
,281420,,2024,4447651.948,17144164.53,17144164.53,,IND
,283421,,2024,4063189.085,1849189.0,1849189.0,,IND
,310210,,2024,20912034.136,52294322.118,52294322.118,,IND
,310221,,2024,1505646.932,6995583.899,6995583.899,,IND
,310229,,2024,68365.64,163677.0,163677.0,,IND
,310230,,2024,8430334.358,14635000.0,14635000.0,,IND
,310250,,2024,128994.569,141427.705,141427.705,,IND
,310260,,2024,46340.452,44872.0,44872.0,,IND
,310280,,2024,93991.94,211304.059,211304.059,,IND
,250700,,2024,914197.37,2184227.88,2184227.88,,SGP
,252310,,2024,384339.312,948050.0,948050.0,,SGP
,252321,,2024,133966.872,922740.0,922740.0,,SGP
,252329,,2024,538064.709,,0.0,,SGP
,252330,,2024,132735.8,179650.0,179650.0,,SGP
,252390,,2024,1010759.099,1559422.309,1559422.309,,SGP
,260112,,2024,1097.114,,0.0,,SGP
,280410,,2024,1549866.29,,0.0,,SGP
,280800,,2024,1302524.01,,0.0,,SGP
,281410,,2024,777309.601,52484.9,52484.9,,SGP
,281420,,2024,4606149.872,2920776.64,2920776.64,,SGP
,283421,,2024,646901.24,,0.0,,SGP
,310210,,2024,2239322.972,2139770.0,2139770.0,,SGP
,310221,,2024,4985494.548,,0.0,,SGP
,310230,,2024,5341.133,,0.0,,SGP
,310240,,2024,943.697,100.0,100.0,,SGP
,310250,,2024,210124.978,74238.402,74238.402,,SGP
,250700,,2024,596400.258,10782599.91,10782599.91,,ZAF
,252310,,2024,17188602.217,189084050.73,189084050.73,,ZAF
,252321,,2024,8362162.092,,0.0,,ZAF
,252329,,2024,77776974.76,960217455.67,960217455.67,,ZAF
,252330,,2024,178720.237,410079.51,410079.51,,ZAF
,252390,,2024,638678.369,5403309.81,5403309.81,,ZAF
,260112,,2024,1067930.541,,0.0,,ZAF
,280410,,2024,31372.402,3169.496,2288.63,,ZAF
,280800,,2024,1845132.804,4344381.31,4344381.31,,ZAF
,281410,,2024,3228841.085,4880470.97,4880470.97,,ZAF
,281420,,2024,718492.398,2419006.91,2419006.91,,ZAF
,283421,,2024,913167.323,788362.093,788362.093,,ZAF
,310210,,2024,40882914.78,,0.0,,ZAF
,310221,,2024,7450603.288,24590332.555,24590332.555,,ZAF
,310229,,2024,5064439.421,,0.0,,ZAF
,310230,,2024,105888096.928,188278803.0,188278803.0,,ZAF
,310240,,2024,2924353.261,7076995.54,7076995.54,,ZAF
,310250,,2024,1527116.057,1664269.66,1664269.66,,ZAF
,310260,,2024,61017827.131,102858064.32,102858064.32,,ZAF
,310280,,2024,475574.441,800687.09,800687.09,,ZAF
,250700,,2024,16454.7,33000.0,33000.0,,ZWE
,252321,,2024,37.542,210.0,3000.0,,ZWE
,252329,,2024,2.405,10.0,1000.0,,ZWE
,310230,,2024,243720.91,510050.0,510050.0,,ZWE
,310250,,2024,26531.405,25000.0,25000.0,,ZWE
,252329,,2024,190125.02,,0.0,,SUR
,281420,,2024,25575.86,4056.0,4056.0,,SUR
,310210,,2024,10800.0,1330.0,1330.0,,SUR
,250700,,2024,3774160.09,,0.0,,THA
,252310,,2024,157408676.86,4457208973.0,4457208973.0,,THA
,252321,,2024,9194261.7,,0.0,,THA
,252329,,2024,93581246.44,,0.0,,THA
,252330,,2024,2115.06,4056.0,4056.0,,THA
,252390,,2024,32142381.6,613343094.0,613343094.0,,THA
,260112,,2024,643444.4,,0.0,,THA
,280410,,2024,325082.59,144102.0,0.0,,THA
,280800,,2024,1230747.86,1592219.517,1592219.517,,THA
,281410,,2024,1842426.78,1242828.0,1242828.0,,THA
,281420,,2024,364888.87,392705.657,392705.657,,THA
,283421,,2024,2596937.49,1980289.0,1980289.0,,THA
,310210,,2024,47332830.72,110317692.658,110317692.658,,THA
,310221,,2024,20331948.29,73519258.0,73519258.0,,THA
,310229,,2024,6392409.22,15284091.065,15284091.065,,THA
,310230,,2024,24208002.39,38974252.0,38974252.0,,THA
,310250,,2024,28333.4,13992.0,13992.0,,THA
,310260,,2024,14839.76,28000.0,28000.0,,THA
,252310,,2024,66038762.561,992331318.0,992331318.0,,TGO
,252321,,2024,28754.46,350000.0,350000.0,,TGO
,252329,,2024,1045089.175,10400000.0,10400000.0,,TGO
,280800,,2024,1677.343,3500.0,3500.0,,TGO
,252310,,2024,1047611.686,17932307.0,17932307.0,,TTO
,252321,,2024,845.466,756.0,756.0,,TTO
,252329,,2024,16082348.129,178786861.822,178786861.822,,TTO
,252390,,2024,660.432,250.0,250.0,,TTO
,280800,,2024,25581.903,4109.0,4109.0,,TTO
,281410,,2024,1255980280.004,2771099783.0,2771099783.0,,TTO
,281420,,2024,38431.002,15346.0,15346.0,,TTO
,283421,,2024,104.146,12.0,12.0,,TTO
,310210,,2024,164196757.623,436021779.0,436021779.0,,TTO
,310229,,2024,7112.463,644.0,644.0,,TTO
,310250,,2024,285.032,32.0,32.0,,TTO
,310260,,2024,46.518,25.12,25.12,,TTO
,310280,,2024,246343159.929,994609370.0,994609370.0,,TTO
,250700,,2024,72805.031,235556.73,235556.73,,TUN
,252310,,2024,8248617.43,148976167.741,148976167.741,,TUN
,252321,,2024,19601259.933,128406195.938,128406195.938,,TUN
,252329,,2024,92100697.819,889828662.536,889828662.536,,TUN
,252330,,2024,20222.69,35458.254,35458.254,,TUN
,252390,,2024,272524.087,1368542.018,1368542.018,,TUN
,280410,,2024,37291.991,3767.541,0.0,,TUN
,280800,,2024,2554.184,5635.932,5635.932,,TUN
,281410,,2024,18518.399,30372.012,30372.012,,TUN
,281420,,2024,166.696,,0.0,,TUN
,283421,,2024,43040.112,44833.45,44833.45,,TUN
,310260,,2024,30245.699,72159.606,72159.606,,TUN
,250700,,2024,18032736.0,483602787.0,483602787.0,,TUR
,252310,,2024,247498200.0,5963744025.0,5963744025.0,,TUR
,252321,,2024,136822826.0,,0.0,,TUR
,252329,,2024,790741461.0,13635297961.0,13635297961.0,,TUR
,252330,,2024,19775323.0,56010651.0,56010651.0,,TUR
,252390,,2024,3330555.0,37630057.0,37630057.0,,TUR
,260112,,2024,5706086.0,69937124.0,69937124.0,,TUR
,280410,,2024,37853.0,3028.0,34396.0,,TUR
,280800,,2024,980566.0,2409984.0,2409984.0,,TUR
,281410,,2024,119131196.0,247675857.0,247675857.0,,TUR
,281420,,2024,561090.0,2311174.0,2311174.0,,TUR
,283421,,2024,6638245.0,6486105.0,6486105.0,,TUR
,310210,,2024,56430573.0,166328454.0,166328454.0,,TUR
,310221,,2024,11489317.0,56097136.0,56097136.0,,TUR
,310229,,2024,19410.0,34018.0,34018.0,,TUR
,310230,,2024,61024762.0,209342941.0,209342941.0,,TUR
,310240,,2024,60919268.0,276006178.0,276006178.0,,TUR
,310250,,2024,393287.0,322315.0,322315.0,,TUR
,310260,,2024,4294780.0,8069122.0,8069122.0,,TUR
,310280,,2024,3068543.0,12305258.0,12305258.0,,TUR
,250700,,2024,73769.99,439654.0,439654.0,,UGA
,252310,,2024,11921.3,82460.0,82460.0,,UGA
,252321,,2024,422975.16,1727085.0,1727085.0,,UGA
,252329,,2024,84967261.76,604238360.0,604238360.0,,UGA
,252330,,2024,494.8,2500.0,2500.0,,UGA
,252390,,2024,581975.99,1747750.0,1747750.0,,UGA
,280800,,2024,14706.79,18751.0,18751.0,,UGA
,281410,,2024,2032.4,1175.0,1175.0,,UGA
,281420,,2024,601.93,1356.0,1356.0,,UGA
,310210,,2024,55226.44,88000.0,88000.0,,UGA
,310221,,2024,1191.74,550.0,550.0,,UGA
,310230,,2024,1229963.3,772120.0,772120.0,,UGA
,310260,,2024,1976.23,4500.0,4500.0,,UGA
,250700,,2024,20961498.33,214326468.0,214326468.0,,UKR
,252310,,2024,5056514.51,,0.0,,UKR
,252321,,2024,29.89,150.0,150.0,,UKR
,252329,,2024,113157183.29,1695681175.39,1695681175.39,,UKR
,252330,,2024,1749.92,5000.0,5000.0,,UKR
,252390,,2024,12.32,100.0,100.0,,UKR
,260112,,2024,1256804879.15,11357950370.0,11357950370.0,,UKR
,280410,,2024,605.43,0.839,5.216,,UKR
,281410,,2024,69448.2,115182.5,115182.5,,UKR
,281420,,2024,6621.82,4730.47,4730.47,,UKR
,310210,,2024,7018141.95,19963333.0,19963333.0,,UKR
,310230,,2024,39.99,50.0,50.0,,UKR
,310240,,2024,2813984.8,11945100.0,11945100.0,,UKR
,310250,,2024,11075.58,5000.0,5000.0,,UKR
,310280,,2024,444065.36,1817610.0,1817610.0,,UKR
,250700,,2024,173.98,79.0,79.0,,MKD
,252310,,2024,8219668.36,105615380.0,105615380.0,,MKD
,252329,,2024,18210007.7,192948440.0,192948440.0,,MKD
,252390,,2024,1059.57,1750.0,1750.0,,MKD
,280410,,2024,198483.2,9301.0,112514.0,,MKD
,280800,,2024,16861.25,51772.0,51772.0,,MKD
,281410,,2024,15976.67,2480.0,2480.0,,MKD
,281420,,2024,1517.01,404.0,404.0,,MKD
,283421,,2024,3898.19,655.0,655.0,,MKD
,310210,,2024,1359603.24,3013646.0,3013646.0,,MKD
,310230,,2024,3437020.64,3981998.0,3981998.0,,MKD
,310280,,2024,8568.05,6826.0,6826.0,,MKD
,250700,,2024,7235709.415,22173120.575,22173120.575,,EGY
,252310,,2024,483677237.185,7266992046.661,7266992046.661,,EGY
,252321,,2024,77553843.689,501789495.389,501789495.389,,EGY
,252329,,2024,346507116.676,3062692404.301,3062692404.301,,EGY
,252390,,2024,2037917.25,9802725.827,9802725.827,,EGY
,280800,,2024,487712.7,1094853.193,1094853.193,,EGY
,281410,,2024,210720745.47,348598118.607,348598118.607,,EGY
,281420,,2024,34179693.0,127316144.28,127316144.28,,EGY
,310210,,2024,1407246896.761,3216412439.345,3216412439.345,,EGY
,310221,,2024,7091829.9,29063005.468,29063005.468,,EGY
,310230,,2024,111012997.806,240147081.95,240147081.95,,EGY
,310260,,2024,26840636.02,56910382.223,56910382.223,,EGY
,250700,,2024,233284982.453,,0.0,,GBR
,252310,,2024,2343037.127,,0.0,,GBR
,252321,,2024,4010898.554,,0.0,,GBR
,252329,,2024,13305443.591,74137868.0,74137868.0,,GBR
,252330,,2024,36440568.574,99301856.0,99301856.0,,GBR
,252390,,2024,3750389.734,6601297.0,6601297.0,,GBR
,260112,,2024,542843.815,,0.0,,GBR
,280410,,2024,1027030.023,230399.652,0.0,,GBR
,280800,,2024,4457932.45,,0.0,,GBR
,281410,,2024,78528149.044,,0.0,,GBR
,281420,,2024,554006.123,679233.552,679233.552,,GBR
,283421,,2024,336096.963,184139.097,184139.097,,GBR
,310210,,2024,15894931.701,,0.0,,GBR
,310221,,2024,266771.685,,0.0,,GBR
,310229,,2024,222036.208,580253.0,580253.0,,GBR
,310230,,2024,9130093.454,18503912.0,18503912.0,,GBR
,310240,,2024,9858244.777,26986346.0,26986346.0,,GBR
,310250,,2024,719261.808,2043603.0,2043603.0,,GBR
,310260,,2024,4609363.666,,0.0,,GBR
,310280,,2024,490346.341,207839.0,207839.0,,GBR
,250700,,2024,337.559,509.53,509.53,,TZA
,252310,,2024,935022.374,17147911.62,17147911.62,,TZA
,252321,,2024,827810.353,4147210.0,4147210.0,,TZA
,252329,,2024,31691313.555,375089086.9,375089086.9,,TZA
,252390,,2024,68389.825,128000.0,128000.0,,TZA
,260112,,2024,107.08,161.2,161.2,,TZA
,280800,,2024,23959.771,28148.2,28148.2,,TZA
,281410,,2024,954.776,250.0,250.0,,TZA
,281420,,2024,3176.651,5375.0,5375.0,,TZA
,283421,,2024,295.035,60.0,60.0,,TZA
,310210,,2024,2422660.0,4264000.0,4264000.0,,TZA
,310221,,2024,239000.0,500000.0,500000.0,,TZA
,310230,,2024,10467903.129,12081925.0,12081925.0,,TZA
,310240,,2024,24125.0,1000.0,1000.0,,TZA
,310250,,2024,10761.13,10000.0,10000.0,,TZA
,310260,,2024,594596.0,1252000.0,1252000.0,,TZA
,250700,,2024,590030334.0,1739601000.0,1739601000.0,,USA
,252310,,2024,1350879.0,3402000.0,3402000.0,,USA
,252321,,2024,19406024.0,132757000.0,132757000.0,,USA
,252329,,2024,103342255.0,670751000.0,670751000.0,,USA
,252330,,2024,23073936.0,27781000.0,27781000.0,,USA
,252390,,2024,46087966.0,263388000.0,263388000.0,,USA
,260112,,2024,857425240.0,8671067000.0,8671067000.0,,USA
,280410,,2024,19812314.0,2077679.138,0.0,,USA
,280800,,2024,14955504.0,31756879.0,31756879.0,,USA
,281410,,2024,328774725.0,1035866000.0,1035866000.0,,USA
,281420,,2024,6031654.0,9028000.0,9028000.0,,USA
,283421,,2024,16175656.0,20682000.0,20682000.0,,USA
,310210,,2024,395014968.0,967443059.353,967443059.353,,USA
,310221,,2024,96180766.0,470011000.0,470011000.0,,USA
,310229,,2024,2962217.0,3686000.0,3686000.0,,USA
,310230,,2024,319182096.0,1008807000.0,1008807000.0,,USA
,310240,,2024,1640883.0,3476000.0,3476000.0,,USA
,310250,,2024,13388471.0,9233000.0,9233000.0,,USA
,310260,,2024,12575543.0,25963000.0,25963000.0,,USA
,310280,,2024,235216142.0,1574514000.0,1574514000.0,,USA
,250700,,2024,10423.0,7508.0,7508.0,,URY
,252310,,2024,147527.0,2163850.0,2163850.0,,URY
,252321,,2024,222.0,355.0,355.0,,URY
,252329,,2024,326906.0,3552939.0,3552939.0,,URY
,283421,,2024,61339.0,54106.0,54106.0,,URY
,310210,,2024,225778.0,396235.0,396235.0,,URY
,310221,,2024,475233.0,1088172.0,1088172.0,,URY
,310280,,2024,466450.0,993688.0,993688.0,,URY
,250700,,2024,7663186.97,81296580.0,81296580.0,,UZB
,252310,,2024,460000.0,10000000.0,10000000.0,,UZB
,252321,,2024,4508.0,56036.0,56036.0,,UZB
,252329,,2024,19106991.95,432980500.0,432980500.0,,UZB
,252330,,2024,67.0,50.0,50.0,,UZB
,252390,,2024,406936.0,9599000.0,9599000.0,,UZB
,280800,,2024,1139472.0,4974350.0,4974350.0,,UZB
,281410,,2024,81302.0,311000.0,311000.0,,UZB
,281420,,2024,4507.0,25200.0,25200.0,,UZB
,283421,,2024,151568.0,323000.0,323000.0,,UZB
,310210,,2024,159326905.87,367080919.99,367080919.99,,UZB
,310221,,2024,1136300.0,5676489.973,5676489.973,,UZB
,310230,,2024,62306116.96,129358484.194,129358484.194,,UZB
,310240,,2024,1017.0,3584.418,3584.418,,UZB
,310250,,2024,1299498.99,1410647.416,1410647.416,,UZB
,310260,,2024,3192.0,7615.412,7615.412,,UZB
,252321,,2024,10200.0,165000.0,165000.0,,YEM
,252329,,2024,90500.0,1292500.0,1292500.0,,YEM
,252330,,2024,1097100.0,900000.0,900000.0,,YEM
,252310,,2024,16737119.172,207067280.0,207067280.0,,ZMB
,252321,,2024,21343.291,270000.0,270000.0,,ZMB
,252329,,2024,144031413.3,1240020466.0,1240020466.0,,ZMB
,252390,,2024,31224.863,252000.0,252000.0,,ZMB
,280800,,2024,34868.24,51617.0,51617.0,,ZMB
,281410,,2024,20.229,3.0,3.0,,ZMB
,281420,,2024,12629.589,20660.0,20660.0,,ZMB
,310210,,2024,238591.765,330000.0,330000.0,,ZMB
,310230,,2024,7807487.285,6778000.0,6778000.0,,ZMB
,310240,,2024,22799133.479,28083655.0,28083655.0,,ZMB
,310260,,2024,640978.748,513350.0,513350.0,,ZMB
,7201,,2023,40112.675,72484.054,72484.054,,BHR
,7203,,2023,106864214.712,,0.0,,BHR
,7205,,2023,15353.939,9822.699,9822.699,,BHR
,720610,,2023,20.005,14.091,14.091,,BHR
,720690,,2023,26005.601,,0.0,,BHR
,720711,,2023,298099217.096,363537801.813,363537801.813,,BHR
,720712,,2023,112024.127,158689.428,158689.428,,BHR
,310510,,2023,506.77,19.441,19.441,,ARM
,310520,,2023,104518.31,148594.61,148594.61,,ARM
,310530,,2023,458.72,100.0,100.0,,ARM
,310540,,2023,156066.01,,0.0,,ARM
,310590,,2023,2056.03,221.988,221.988,,ARM
,7205,,2023,413876.99,86663.0,86663.0,,ARM
,720610,,2023,119441.0,341260.0,341260.0,,ARM
,720711,,2023,7495263.87,16565900.0,16565900.0,,ARM
,310290,,2023,148776.1,5500.0,5500.0,,BOL
,310590,,2023,1830500.0,4184000.0,4184000.0,,BOL
,7205,,2023,1604.84,350.0,350.0,,BOL
,310510,,2023,7452.658,4377.08,4377.08,,BIH
,310520,,2023,113734.153,155283.1,155283.1,,BIH
,310590,,2023,4867.437,2756.43,2756.43,,BIH
,7203,,2023,479.619,75.0,75.0,,BIH
,7205,,2023,3673232.95,3095309.0,3095309.0,,BIH
,720610,,2023,70405.917,6944.3,6944.3,,BIH
,720690,,2023,95.446,30.0,30.0,,BIH
,720711,,2023,2989232.945,6305254.0,6305254.0,,BIH
,720712,,2023,10724.995,2370.0,2370.0,,BIH
,310290,,2023,16233620.0,21300937.624,21836841.624,,BRA
,310510,,2023,18405820.0,2508874.0,2508539.0,,BRA
,310520,,2023,110287015.0,215663243.866,215708265.866,,BRA
,310530,,2023,171452.0,236000.0,236000.0,,BRA
,310540,,2023,5130768.0,8549526.0,8549526.0,,BRA
,310551,,2023,596423.0,631563.0,631563.0,,BRA
,310559,,2023,17601741.0,19095052.0,19119352.0,,BRA
,310590,,2023,28093469.0,21840767.0,22194003.0,,BRA
,7201,,2023,1801320507.0,3851485214.323,3854356944.323,,BRA
,720211,,2023,5137265.0,4398305.0,4398305.0,,BRA
,720219,,2023,797841.0,432649.971,432649.971,,BRA
,720241,,2023,43949472.0,35456300.0,35456300.0,,BRA
,720249,,2023,31894129.0,13061000.0,13061000.0,,BRA
,720260,,2023,855362378.0,212095199.0,212095199.0,,BRA
,7203,,2023,25324.0,,0.0,,BRA
,7205,,2023,13278117.0,14085704.0,41193704.0,,BRA
,720610,,2023,4729.0,11664.936,11664.936,,BRA
,720690,,2023,639726.0,2166082.105,2166082.105,,BRA
,720711,,2023,32862238.0,57708738.78,57708648.78,,BRA
,720712,,2023,4854809692.0,6968461245.0,6968461245.0,,BRA
,310510,,2023,4618.304,500.0,500.0,,BRN
,7205,,2023,175.701,4500.0,4500.0,,BRN
,310290,,2023,41528542.826,102407696.0,102407696.0,,CAN
,310510,,2023,11940646.541,3243881.0,3243881.0,,CAN
,310520,,2023,43961480.796,64977954.0,64977954.0,,CAN
,310530,,2023,6071668.647,6384176.0,6384176.0,,CAN
,310540,,2023,8960101.144,12058000.0,12058000.0,,CAN
,310551,,2023,630202.646,1011044.0,1011044.0,,CAN
,310559,,2023,5233050.416,8037295.0,8037295.0,,CAN
,310590,,2023,25428814.84,37065652.0,37065652.0,,CAN
,7201,,2023,47606797.845,87224000.0,87224000.0,,CAN
,720211,,2023,887769.705,362465.0,362465.0,,CAN
,720219,,2023,4619219.99,2251800.0,2251800.0,,CAN
,720241,,2023,217.793,193.0,193.0,,CAN
,720249,,2023,74953.22,20000.0,20000.0,,CAN
,7203,,2023,24145707.271,54710000.0,54710000.0,,CAN
,7205,,2023,146145845.974,90807977.564,90807977.564,,CAN
,720610,,2023,928354.674,927193.551,927193.551,,CAN
,720690,,2023,143298.586,137000.0,137000.0,,CAN
,720711,,2023,57747381.835,83872000.0,83872000.0,,CAN
,720712,,2023,220619771.545,320844000.0,320844000.0,,CAN
,310290,,2023,739541.6,,0.0,,ECU
,310510,,2023,345557.7,,0.0,,ECU
,310520,,2023,3142446.2,,0.0,,ECU
,310540,,2023,73962.2,,0.0,,ECU
,310559,,2023,6648.0,,0.0,,ECU
,310590,,2023,1178220.1,,0.0,,ECU
,720241,,2023,24333.0,,0.0,,ECU
,310520,,2023,5589946.0,9433339.8,9433339.8,,SLV
,310530,,2023,666141.0,1091000.0,1091000.0,,SLV
,310540,,2023,472306.0,385205.0,385205.0,,SLV
,310559,,2023,14000.0,4520.0,4520.0,,SLV
,310590,,2023,79498.0,17514.18,17514.18,,SLV
,720219,,2023,207.0,0.5,0.5,,SLV
,310290,,2023,779.73,106740.0,106740.0,,SWZ
,310520,,2023,1658.06,3004.0,3004.0,,SWZ
,310559,,2023,390.52,33000.0,33000.0,,SWZ
,310590,,2023,27143.56,60209.1,60209.1,,SWZ
,310520,,2023,847512.006,1316950.0,1316950.0,,ALB
,720241,,2023,135577407.425,52160365.0,52160365.0,,ALB
,310520,,2023,473627.019,1192809.0,1192809.0,,AGO
,310559,,2023,3853.691,16440.0,16440.0,,AGO
,310590,,2023,20715.343,27075.0,27075.0,,AGO
,7201,,2023,9299166.994,19635740.0,19635740.0,,AGO
,720219,,2023,3814.484,10700.0,10700.0,,AGO
,7203,,2023,455.086,339.0,339.0,,AGO
,7205,,2023,430.546,500.0,500.0,,AGO
,720610,,2023,23292994.362,37476966.33,37476966.33,,AGO
,720690,,2023,15097.069,9180.0,9180.0,,AGO
,7205,,2023,30689.71,21000.0,21000.0,,AZE
,310510,,2023,270493.92,53021.7,53021.7,,ARG
,310559,,2023,2653394.39,1397000.0,1397000.0,,ARG
,310590,,2023,125260.0,172642.0,172642.0,,ARG
,7205,,2023,64137.47,43600.0,43600.0,,ARG
,310290,,2023,6052031.005,1666264.929,1666264.929,,AUS
,310510,,2023,810587.458,216632.275,216632.275,,AUS
,310520,,2023,3996292.654,1491641.13,1491641.13,,AUS
,310530,,2023,167524854.94,320500524.0,320500524.0,,AUS
,310540,,2023,35997.423,25987.68,25987.68,,AUS
,310551,,2023,166921.666,29003.88,29003.88,,AUS
,310559,,2023,111753.919,44191.0,44191.0,,AUS
,310590,,2023,21314779.049,9128302.53,9128302.53,,AUS
,7201,,2023,185552.523,,0.0,,AUS
,720219,,2023,1700.781,370.0,370.0,,AUS
,720241,,2023,80471.511,48130.0,48130.0,,AUS
,720249,,2023,181040.803,32220.0,32220.0,,AUS
,720260,,2023,191846.076,25600.0,25600.0,,AUS
,7203,,2023,106522.025,,0.0,,AUS
,7205,,2023,220427.83,238170.0,238170.0,,AUS
,720610,,2023,1306458.724,1088330.0,1088330.0,,AUS
,720690,,2023,116757.27,32200.0,32200.0,,AUS
,720712,,2023,29079079.053,38000010.0,38000010.0,,AUS
,720260,,2023,83540759.75,17427854.0,17427854.0,,MMR
,310510,,2023,2260.0,2000.0,2000.0,,KHM
,310530,,2023,1063.782,1000.0,1000.0,,CMR
,310590,,2023,13297.28,29000.0,29000.0,,CMR
,7205,,2023,28260.717,7200.0,7200.0,,CMR
,720610,,2023,2771.181,600.0,600.0,,CMR
,720690,,2023,2540.445,2600.0,2600.0,,CMR
,310290,,2023,30275.372,17915.8,17915.8,,LKA
,310510,,2023,174.805,12.0,12.0,,LKA
,310520,,2023,349.792,200.0,200.0,,LKA
,310559,,2023,4185.395,3142.4,3142.4,,LKA
,310590,,2023,59523.1,179500.8,179500.8,,LKA
,7203,,2023,20.302,40.0,40.0,,LKA
,720690,,2023,23.804,12.98,12.98,,LKA
,310290,,2023,6077923.7,4626745.735,4626745.735,,CHL
,310510,,2023,81888.7,11676.76,11676.76,,CHL
,310520,,2023,14350801.37,18607401.53,18607401.53,,CHL
,310530,,2023,4279.74,2000.0,2000.0,,CHL
,310540,,2023,427641.65,386500.0,386500.0,,CHL
,310551,,2023,5323.0,2016.0,2016.0,,CHL
,310559,,2023,104996.0,106400.0,106400.0,,CHL
,310590,,2023,172652895.52,197110279.99,197110279.99,,CHL
,7201,,2023,56198.81,21038.98,21038.98,,CHL
,720211,,2023,596246.0,252000.0,252000.0,,CHL
,720219,,2023,6415.0,2500.0,2500.0,,CHL
,720241,,2023,211984.57,77500.0,77500.0,,CHL
,720249,,2023,149639.72,25000.0,25000.0,,CHL
,7205,,2023,30267.0,55021.0,55021.0,,CHL
,720690,,2023,9943.742,18650.0,18650.0,,CHL
,310290,,2023,20284767.0,73294353.0,73294353.0,,CHN
,310510,,2023,149387866.0,322701933.0,322701933.0,,CHN
,310520,,2023,323047601.0,725738115.0,725738115.0,,CHN
,310530,,2023,2705084018.0,5035636870.0,5035636870.0,,CHN
,310540,,2023,1139129872.0,2036244580.0,2036244580.0,,CHN
,310551,,2023,1606145.0,3196400.0,3196400.0,,CHN
,310559,,2023,336795165.0,920616152.0,920616152.0,,CHN
,310590,,2023,150129932.0,424308575.0,424308575.0,,CHN
,7201,,2023,13612453.0,23167200.0,23167200.0,,CHN
,720211,,2023,1411499.0,1176474.0,1176474.0,,CHN
,720219,,2023,7605900.0,4112333.0,4112333.0,,CHN
,720241,,2023,37245265.0,21798130.0,21798130.0,,CHN
,720249,,2023,121221200.0,38886731.0,38886731.0,,CHN
,720260,,2023,7890586.0,1442590.798,1442590.798,,CHN
,7203,,2023,49810602.0,71977632.864,71977632.864,,CHN
,7205,,2023,205491176.0,190285310.572,190285310.572,,CHN
,720610,,2023,243156.0,281301.0,281301.0,,CHN
,720711,,2023,617941973.0,1175673356.0,1175673356.0,,CHN
,720712,,2023,743594871.0,1179635290.0,1179635290.0,,CHN
,310290,,2023,2644043.52,5667436.41,5667436.41,,COL
,310510,,2023,1994748.69,399183.77,399183.77,,COL
,310520,,2023,36943584.43,51238186.93,51238186.93,,COL
,310530,,2023,470877.6,627049.0,627049.0,,COL
,310540,,2023,3146586.12,4506716.2,4506716.2,,COL
,310551,,2023,463687.02,1176530.41,1176530.41,,COL
,310559,,2023,418981.29,416163.32,416163.32,,COL
,310590,,2023,9857335.69,23800939.35,23800939.35,,COL
,720211,,2023,2837.35,1500.0,1500.0,,COL
,720219,,2023,1520.0,500.0,500.0,,COL
,720241,,2023,1862.39,500.0,500.0,,COL
,720260,,2023,637336621.65,146426130.0,146426130.0,,COL
,7203,,2023,8321.99,1910.7,1910.7,,COL
,7205,,2023,56556.5,51809.0,51809.0,,COL
,720690,,2023,633.29,474.52,474.52,,COL
,720712,,2023,28000.0,4350.0,4350.0,,COL
,7201,,2023,22672.604,250000.0,250000.0,,COG
,720711,,2023,678774.782,2673050.0,2673050.0,,COG
,310290,,2023,1634433.99,1777482.46,1777482.46,,CRI
,310510,,2023,323819.11,80313.09,80313.09,,CRI
,310520,,2023,12691808.14,17024675.0,17024675.0,,CRI
,310530,,2023,661784.1,861375.0,861375.0,,CRI
,310540,,2023,174453.02,215670.0,215670.0,,CRI
,310559,,2023,39018.86,10412.83,10412.83,,CRI
,310590,,2023,26053420.46,34514638.924,34514638.924,,CRI
,7201,,2023,9.0,26.47,26.47,,CRI
,720219,,2023,206958.15,3215571.5,3215571.5,,CRI
,7203,,2023,33232.0,212880.26,212880.26,,CRI
,7205,,2023,6530.91,22443.0,22443.0,,CRI
,720690,,2023,144860.22,18875.91,18875.91,,CRI
,310290,,2023,18978.82,8633.0,8633.0,,DOM
,310520,,2023,4864658.858,8227848.35,8227848.35,,DOM
,310540,,2023,3.0,1.0,1.0,,DOM
,310559,,2023,848899.644,1320415.0,1320415.0,,DOM
,310590,,2023,3268371.424,1460124.8,1460124.8,,DOM
,720260,,2023,318655290.479,49321271.216,49321271.216,,DOM
,7205,,2023,1650130.1,77616.0,77616.0,,DOM
,310590,,2023,22411.108,24470.0,24470.0,,GAB
,720610,,2023,2224631.056,4500000.0,4500000.0,,GAB
,310510,,2023,15915.484,1950.6,1950.6,,GEO
,310520,,2023,306929.3,230628.4,230628.4,,GEO
,310590,,2023,144715.262,231387.9,231387.9,,GEO
,720211,,2023,20400.0,20000.0,20000.0,,GEO
,720219,,2023,291885.75,324318.0,324318.0,,GEO
,720241,,2023,1816850.193,940228.0,940228.0,,GEO
,720711,,2023,596910.0,994850.0,994850.0,,GEO
,310290,,2023,4531.592,22700.0,22700.0,,GHA
,310510,,2023,70.621,45.0,36.0,,GHA
,310520,,2023,1928121.025,5481015.0,5481003.0,,GHA
,310530,,2023,329967.376,820000.0,820000.0,,GHA
,310590,,2023,2835770.586,7361123.16,9512.0,,GHA
,7203,,2023,251.835,142.875,28.0,,GHA
,720690,,2023,1449.854,400.0,1.0,,GHA
,310290,,2023,3822553.0,4111435.0,4111435.0,,GTM
,310510,,2023,834750.0,206251.0,206251.0,,GTM
,310520,,2023,16906983.0,19638590.0,19638590.0,,GTM
,310530,,2023,1740149.0,2475565.0,2475565.0,,GTM
,310540,,2023,932705.0,659422.0,659422.0,,GTM
,310551,,2023,6490.0,10000.0,10000.0,,GTM
,310559,,2023,373494.0,591005.0,591005.0,,GTM
,310590,,2023,23733731.0,34944559.0,34944559.0,,GTM
,720260,,2023,36155838.0,4969657.0,4969657.0,,GTM
,7203,,2023,4801.0,21781.0,21781.0,,GTM
,7205,,2023,21426.0,12313.0,12313.0,,GTM
,720610,,2023,3929.0,34350.0,34350.0,,GTM
,310520,,2023,3752680.45,7967144.0,7967144.0,,HND
,310530,,2023,3614548.0,5357008.0,5357008.0,,HND
,310540,,2023,444380.0,326400.0,326400.0,,HND
,310559,,2023,192872.54,263046.0,263046.0,,HND
,310590,,2023,855025.18,196884.39,196884.39,,HND
,720690,,2023,1012027.13,1041860.0,1041860.0,,HND
,310520,,2023,6016860.065,2455179.0,2455179.0,,HKG
,310530,,2023,1618.732,35.0,35.0,,HKG
,310590,,2023,288071.252,110335.0,110335.0,,HKG
,720260,,2023,641805.508,161060.0,161060.0,,HKG
,7205,,2023,5209436.813,801503.0,801503.0,,HKG
,310290,,2023,81.362,107.5,107.5,,IDN
,310510,,2023,115730.557,28611.0,28611.0,,IDN
,310520,,2023,1795766.75,3085591.8,3085591.8,,IDN
,310530,,2023,68486.408,100626.1,100626.1,,IDN
,310540,,2023,14060.85,25000.0,25000.0,,IDN
,310551,,2023,124535.12,445600.0,445600.0,,IDN
,310559,,2023,96198550.55,250568957.352,250568957.352,,IDN
,310590,,2023,3011880.547,7094467.99,7094467.99,,IDN
,7201,,2023,31015508.32,32877691.0,32877691.0,,IDN
,720260,,2023,15290347075.676,8532587132.38,8532587132.38,,IDN
,7205,,2023,296062.982,140221.39,140221.39,,IDN
,720610,,2023,1844.507,144.18,144.18,,IDN
,720690,,2023,1794688.809,115382.39,115382.39,,IDN
,720711,,2023,526919769.4,1013519588.0,1013519588.0,,IDN
,720712,,2023,516208560.58,941081787.237,941081787.237,,IDN
,310290,,2023,481000.0,451753.474,451753.474,,ISR
,310510,,2023,2090000.0,,0.0,,ISR
,310520,,2023,146010000.0,113098090.578,113098090.578,,ISR
,310540,,2023,13713000.0,15974022.892,15974022.892,,ISR
,310559,,2023,206000.0,246437.797,246437.797,,ISR
,310590,,2023,1511394000.0,591415043.478,591415043.478,,ISR
,7201,,2023,154000.0,143772.425,143772.425,,ISR
,720219,,2023,325000.0,195747.744,195747.744,,ISR
,7203,,2023,16000.0,,0.0,,ISR
,7205,,2023,833000.0,447609.493,447609.493,,ISR
,720690,,2023,15000.0,,0.0,,ISR
,310290,,2023,62644.607,258459.0,258459.0,,CIV
,310520,,2023,63413795.999,138887370.0,138887370.0,,CIV
,310530,,2023,4017534.425,6098300.0,6098300.0,,CIV
,310559,,2023,3.244,1.0,1.0,,CIV
,310590,,2023,90728.382,192193.0,192193.0,,CIV
,7201,,2023,57.699,12.0,12.0,,CIV
,720219,,2023,29579.066,19000.0,19000.0,,CIV
,7203,,2023,617.379,1500.0,1500.0,,CIV
,7205,,2023,2567.151,3550.0,3550.0,,CIV
,720690,,2023,7262.241,54007.0,54007.0,,CIV
,310590,,2023,186638.25,118643.0,118643.0,,JAM
,310290,,2023,5844526.857,34805000.0,34805000.0,,JPN
,310510,,2023,2496945.186,1135750.241,1135750.241,,JPN
,310520,,2023,37221309.23,26037031.863,26037031.863,,JPN
,310530,,2023,127936.775,22387.744,22387.744,,JPN
,310540,,2023,53519.34,12827.41,12827.41,,JPN
,310551,,2023,105138.205,28000.0,28000.0,,JPN
,310559,,2023,18264.48,6842.667,6842.667,,JPN
,310590,,2023,4426068.613,4435741.747,4435741.747,,JPN
,7201,,2023,21728859.044,42195160.0,42195160.0,,JPN
,720211,,2023,1350340.133,758960.0,758960.0,,JPN
,720219,,2023,4851418.886,3016481.0,3016481.0,,JPN
,720241,,2023,391718.29,64800.0,64800.0,,JPN
,720249,,2023,14237632.002,1668355.0,1668355.0,,JPN
,720260,,2023,65401779.117,26020611.0,26020611.0,,JPN
,7203,,2023,4017431.122,838650.0,838650.0,,JPN
,7205,,2023,196625192.619,63446219.876,63446219.876,,JPN
,720610,,2023,70125.354,43690.0,43690.0,,JPN
,720690,,2023,169071.004,68211.95,68211.95,,JPN
,720711,,2023,161839486.686,283506937.0,283506937.0,,JPN
,720712,,2023,1073615721.012,1981728902.0,1981728902.0,,JPN
,310290,,2023,37076.4,9690.0,9690.0,,KAZ
,310510,,2023,60685.67,10516.06,10516.06,,KAZ
,310520,,2023,4412391.25,14216278.0,14216278.0,,KAZ
,310540,,2023,542096.8,416300.35,416300.35,,KAZ
,310559,,2023,201975075.09,446114300.0,446114300.0,,KAZ
,310590,,2023,1791043.93,534518.0,534518.0,,KAZ
,7201,,2023,5324.1,20000.0,20000.0,,KAZ
,720211,,2023,3507983.38,6489530.0,6489530.0,,KAZ
,720241,,2023,1753815862.19,1148991079.0,1148991079.0,,KAZ
,720249,,2023,202651932.79,46210678.0,46210678.0,,KAZ
,720260,,2023,473820.0,257800.0,257800.0,,KAZ
,7203,,2023,399197.93,1708443.0,1708443.0,,KAZ
,7205,,2023,41981.24,26488.3,26488.3,,KAZ
,720711,,2023,106215357.79,211066206.0,211066206.0,,KAZ
,720712,,2023,53402548.46,109423300.0,109423300.0,,KAZ
,310290,,2023,358413358.784,305697616.497,305697616.497,,JOR
,310510,,2023,177121.253,,0.0,,JOR
,310520,,2023,30296258.163,22000790.951,22000790.951,,JOR
,310530,,2023,50490893.75,67368946.652,67368946.652,,JOR
,310540,,2023,20609738.882,22091597.326,22091597.326,,JOR
,310551,,2023,2043234.05,2065111.969,2065111.969,,JOR
,310559,,2023,2188942.641,2212811.157,2212811.157,,JOR
,310590,,2023,65223697.142,23938205.527,23938205.527,,JOR
,7201,,2023,1690.141,1285.658,1285.658,,JOR
,7205,,2023,4571.69,3903.905,3903.905,,JOR
,720610,,2023,1025876.673,722573.782,722573.782,,JOR
,720690,,2023,673749.73,,0.0,,JOR
,720711,,2023,166081.788,202539.976,202539.976,,JOR
,310290,,2023,19218.355,28250.0,28250.0,,KEN
,310510,,2023,9368.114,1161.0,1161.0,,KEN
,310520,,2023,17729978.466,25321030.0,25321030.0,,KEN
,310530,,2023,43337809.755,77371000.0,77371000.0,,KEN
,310540,,2023,305533.145,230189.6,230189.6,,KEN
,310551,,2023,672.712,206.0,206.0,,KEN
,310559,,2023,1219873.46,1092828.0,1092828.0,,KEN
,310590,,2023,16999556.681,35090447.82,35090447.82,,KEN
,7205,,2023,22867.455,297290.0,297290.0,,KEN
,720711,,2023,10161.258,1000.0,1000.0,,KEN
,310290,,2023,124139.0,228691.0,228691.0,,KOR
,310510,,2023,531953.0,525231.655,525231.655,,KOR
,310520,,2023,109492347.0,207005717.552,207005717.552,,KOR
,310530,,2023,21414752.0,,0.0,,KOR
,310540,,2023,11741582.0,21530949.918,21530949.918,,KOR
,310551,,2023,14270.0,10000.0,10000.0,,KOR
,310559,,2023,122164561.0,375649904.0,375649904.0,,KOR
,310590,,2023,3387228.0,10396256.153,10396256.153,,KOR
,7201,,2023,21861509.0,,0.0,,KOR
,720211,,2023,26424814.0,,0.0,,KOR
,720219,,2023,100432210.0,67161351.28,67161351.28,,KOR
,720241,,2023,316783.0,165751.5,165751.5,,KOR
,720249,,2023,5209723.0,384387.8,384387.8,,KOR
,720260,,2023,240399493.0,93181761.0,93181761.0,,KOR
,7203,,2023,31629.0,4212.65,4212.65,,KOR
,7205,,2023,70108688.0,31227254.459,31227254.459,,KOR
,720610,,2023,7316624.0,12445182.0,12445182.0,,KOR
,720690,,2023,199203.0,48969.8,48969.8,,KOR
,720711,,2023,2764279.0,4366307.129,4366307.129,,KOR
,720712,,2023,301674162.0,498912081.5,498912081.5,,KOR
,7201,,2023,335301.34,2080000.0,2080000.0,,KWT
,7203,,2023,10078901.121,35955904.0,35955904.0,,KWT
,7205,,2023,28337.846,161520.0,161520.0,,KWT
,720690,,2023,3255.353,20121.0,20121.0,,KWT
,720711,,2023,222298.278,34255164.113,34255164.113,,KWT
,310510,,2023,11.0,1.0,1.0,,KGZ
,310520,,2023,484.0,5200.0,5200.0,,KGZ
,310530,,2023,4104414.0,5472000.0,5472000.0,,KGZ
,310540,,2023,104794.0,301200.0,301200.0,,KGZ
,310559,,2023,2199.0,13600.0,13600.0,,KGZ
,310590,,2023,973.0,260.0,260.0,,KGZ
,7205,,2023,4500.0,1800.0,1800.0,,KGZ
,310510,,2023,35000.0,70000.0,70000.0,,LAO
,310520,,2023,9895767.38,11746000.0,11746000.0,,LAO
,7201,,2023,3540.65,40000.0,40000.0,,LAO
,310510,,2023,134912.0,,0.0,,LBN
,310520,,2023,25470.0,18496.018,18496.018,,LBN
,310590,,2023,205644.0,75474.844,75474.844,,LBN
,7203,,2023,54226.0,,0.0,,LBN
,310590,,2023,5347.691,15000.0,15000.0,,MDG
,7205,,2023,33.115,2.02,2.02,,MDG
,310290,,2023,976963.108,1021489.4,1021489.4,,MYS
,310510,,2023,520818.031,624479.0,624479.0,,MYS
,310520,,2023,32516217.122,57616162.34,57616162.34,,MYS
,310530,,2023,231659.109,228180.0,228180.0,,MYS
,310540,,2023,1378165.26,2528875.0,2528875.0,,MYS
,310551,,2023,182511.006,337200.0,337200.0,,MYS
,310559,,2023,2634280.982,5543285.91,5543285.91,,MYS
,310590,,2023,17826627.066,41740989.6,41740989.6,,MYS
,7201,,2023,27415705.861,59364015.4,59364015.4,,MYS
,720211,,2023,292566724.146,273780992.0,273780992.0,,MYS
,720219,,2023,487.214,2050.0,2050.0,,MYS
,720241,,2023,4.385,1.0,1.0,,MYS
,720249,,2023,157177.19,50000.0,50000.0,,MYS
,720260,,2023,11885946.928,7797529.0,7797529.0,,MYS
,7203,,2023,228992338.974,581002087.5,581002087.5,,MYS
,7205,,2023,13745128.206,9450396.48,9450396.48,,MYS
,720610,,2023,6007985.407,3757911.4,3757911.4,,MYS
,720690,,2023,439338.823,130468.45,130468.45,,MYS
,720711,,2023,269592672.717,446028028.3,446028028.3,,MYS
,720712,,2023,514026522.605,903542700.0,903542700.0,,MYS
,310520,,2023,33815814.244,56579000.0,56579000.0,,MLI
,310530,,2023,1623728.842,2909000.0,2909000.0,,MLI
,310540,,2023,9221681.421,14029100.0,14029100.0,,MLI
,7201,,2023,5387547.005,36236100.0,36236100.0,,MLI
,720711,,2023,116952.99,354600.0,354600.0,,MLI
,7205,,2023,96.617,50.0,50.0,,MRT
,310290,,2023,41.266,10.0,10.0,,MUS
,310520,,2023,147363.186,171000.0,189440.0,,MUS
,310590,,2023,1458.008,1000.0,1000.0,,MUS
,720690,,2023,1921.92,9500.0,9500.0,,MUS
,310290,,2023,122581.0,80261.0,80261.0,,MEX
,310510,,2023,4709776.0,1027411.0,1027411.0,,MEX
,310520,,2023,7677898.0,5493770.0,5493770.0,,MEX
,310530,,2023,4557504.0,8298022.0,8298022.0,,MEX
,310540,,2023,17984.0,8624.0,8624.0,,MEX
,310590,,2023,14387482.0,6032254.0,6032254.0,,MEX
,720219,,2023,1675766.0,872803.0,872803.0,,MEX
,7205,,2023,1770026.0,0.0,0.0,,MEX
,310510,,2023,44.0,27.0,27.0,,MDA
,310520,,2023,28846.0,43404.0,43404.0,,MDA
,310590,,2023,57772.0,22963.0,22963.0,,MDA
,310520,,2023,5198.983,5250.0,5250.0,,MNE
,310290,,2023,19185.846,52194.0,52194.0,,MAR
,310510,,2023,45541.561,6280.0,6280.0,,MAR
,310520,,2023,370689125.335,762942950.0,762942950.0,,MAR
,310530,,2023,2032762435.832,3842507890.0,3842507890.0,,MAR
,310540,,2023,1770847249.045,3453913615.0,3453913615.0,,MAR
,310551,,2023,36963.796,52580.0,52580.0,,MAR
,310559,,2023,615643238.414,1048073170.0,1048073170.0,,MAR
,310590,,2023,1820242.448,2729791.0,2729791.0,,MAR
,7201,,2023,146.672,26.0,26.0,,MAR
,7205,,2023,34609.204,15000.0,15000.0,,MAR
,720690,,2023,1241.187,463.0,463.0,,MAR
,310290,,2023,7092000.0,11264640.0,11264640.0,,MOZ
,310520,,2023,12167000.0,19350000.0,19090000.0,,MOZ
,310530,,2023,3557000.0,5400000.0,5500000.0,,MOZ
,310540,,2023,12713000.0,18746000.0,19172000.0,,MOZ
,310590,,2023,1667000.0,1979336.0,1979336.0,,MOZ
,310290,,2023,11328.999,9662.72,9662.72,,OMN
,310520,,2023,874842.651,635300.577,635300.577,,OMN
,310540,,2023,39123.537,41936.554,41936.554,,OMN
,310551,,2023,26527.958,26812.006,26812.006,,OMN
,310590,,2023,987529.257,362440.023,362440.023,,OMN
,7201,,2023,15752.926,13463.325,13463.325,,OMN
,720211,,2023,29989.597,27839.003,27839.003,,OMN
,720219,,2023,75.423,43.752,43.752,,OMN
,720241,,2023,70556535.65,39190521.749,39190521.749,,OMN
,7203,,2023,356481.144,,0.0,,OMN
,7205,,2023,37440.832,,0.0,,OMN
,720610,,2023,239994.798,169039.762,169039.762,,OMN
,720690,,2023,3535003.896,,0.0,,OMN
,720711,,2023,312806220.577,381473279.029,381473279.029,,OMN
,720712,,2023,7.802,11.053,11.053,,OMN
,310510,,2023,391.229,1.0,1.0,,NAM
,310520,,2023,31323.731,14250.0,14250.0,,NAM
,310530,,2023,842215.462,1213150.0,1213150.0,,NAM
,310540,,2023,2014383.673,2214200.0,2214200.0,,NAM
,310590,,2023,83695.758,291247.19,291247.19,,NAM
,720610,,2023,257.094,150.0,150.0,,NAM
,720690,,2023,10.712,1.0,1.0,,NAM
,310290,,2023,203235.827,25367.0,25367.0,,NZL
,310510,,2023,35793.298,,0.0,,NZL
,310520,,2023,400178.489,304915.0,304915.0,,NZL
,310551,,2023,90411.437,14130.0,14130.0,,NZL
,310559,,2023,25765.255,7730.0,7730.0,,NZL
,310590,,2023,1706595.475,714416.0,714416.0,,NZL
,720219,,2023,9591.427,6000.0,6000.0,,NZL
,720249,,2023,804.454,160.0,160.0,,NZL
,7203,,2023,23594.456,81324.0,81324.0,,NZL
,7205,,2023,10166.213,5692.0,5692.0,,NZL
,720610,,2023,3085.174,25.0,25.0,,NZL
,720690,,2023,11632.653,46.0,46.0,,NZL
,720711,,2023,7597195.142,10631090.0,10631090.0,,NZL
,720712,,2023,5188.422,76.0,76.0,,NZL
,310510,,2023,869.7,51.4,51.4,,NIC
,310590,,2023,73690.97,168030.25,168030.25,,NIC
,7203,,2023,5.0,10.5,10.5,,NIC
,720690,,2023,30.0,1.0,1.0,,NIC
,310290,,2023,8658.005,35000.0,35000.0,,NER
,720249,,2023,1212.121,13000.0,13000.0,,NER
,310520,,2023,159075.174,200000.0,200000.0,,NGA
,720610,,2023,65932.492,22900.0,22900.0,,NGA
,720219,,2023,561.503,2000.0,2000.0,,PAK
,7203,,2023,188.581,1000.0,1000.0,,PAK
,7205,,2023,331841.245,5645000.0,5645000.0,,PAK
,720690,,2023,804.041,1000.0,1000.0,,PAK
,720711,,2023,674.816,1000.0,1000.0,,PAK
,720712,,2023,1003.548,1000.0,1000.0,,PAK
,310520,,2023,256480.0,100215.0,100215.0,,PAN
,310590,,2023,63261.0,2972.0,2972.0,,PAN
,310510,,2023,290.075,183.026,183.026,,PNG
,310520,,2023,9030.681,3662.69,3662.69,,PNG
,310530,,2023,775.923,289.157,289.157,,PNG
,310590,,2023,2924.081,366.32,366.32,,PNG
,310290,,2023,50000.0,13025.0,13025.0,,PRY
,310510,,2023,179564.55,26978.953,26978.953,,PRY
,310520,,2023,168.23,66.03,66.03,,PRY
,310540,,2023,3938513.79,6360000.0,6360000.0,,PRY
,310551,,2023,131637.74,24724.0,24724.0,,PRY
,310559,,2023,3602.28,1630.8,1630.8,,PRY
,310590,,2023,593350.66,203082.882,203082.882,,PRY
,720711,,2023,32055.76,56000.0,56000.0,,PRY
,310290,,2023,856083.72,1336480.0,1336480.0,,PER
,310510,,2023,1003922.24,,0.0,,PER
,310520,,2023,3233524.28,3251167.8,3251167.8,,PER
,310530,,2023,3049294.39,4004522.49,4004522.49,,PER
,310540,,2023,6257659.93,9382550.0,9382550.0,,PER
,310559,,2023,111950.73,625368.1,625368.1,,PER
,310590,,2023,2408529.46,4892413.66,4892413.66,,PER
,720211,,2023,27433.55,9000.0,9000.0,,PER
,720219,,2023,94416.82,20810.0,20810.0,,PER
,720241,,2023,30919.59,10736.0,10736.0,,PER
,720249,,2023,29138.22,7050.0,7050.0,,PER
,7203,,2023,5457.5,75.0,75.0,,PER
,7205,,2023,110914.3,554633.95,554633.95,,PER
,720711,,2023,13965510.74,21753100.0,21753100.0,,PER
,310520,,2023,13620230.0,26119800.0,26119800.0,,PHL
,310590,,2023,64.0,5.0,5.0,,PHL
,7201,,2023,460825.0,450183.0,450183.0,,PHL
,720219,,2023,40.0,5.62,5.62,,PHL
,7205,,2023,411688.0,322200.11,322200.11,,PHL
,720711,,2023,222483.0,42216.91,42216.91,,PHL
,7201,,2023,193047783.218,0.0,0.0,,QAT
,7203,,2023,2366522.487,0.0,0.0,,QAT
,7205,,2023,208571.425,0.0,0.0,,QAT
,310290,,2023,275183.993,258451.819,258451.819,,SAU
,310510,,2023,43946.399,,0.0,,SAU
,310520,,2023,58828133.196,45567766.158,45567766.158,,SAU
,310530,,2023,2052212397.495,2974685587.945,2974685587.945,,SAU
,310540,,2023,796727220.348,928092967.015,928092967.015,,SAU
,310551,,2023,1354439.966,1492116.657,1492116.657,,SAU
,310559,,2023,115203860.853,137818376.84,137818376.84,,SAU
,310590,,2023,1613838.36,631501.967,631501.967,,SAU
,7201,,2023,148952102.41,267310353.913,267310353.913,,SAU
,720211,,2023,173650.129,163589.382,163589.382,,SAU
,720219,,2023,2522.933,1519.565,1519.565,,SAU
,720241,,2023,85445.065,48656.181,48656.181,,SAU
,720249,,2023,42326.132,10902.415,10902.415,,SAU
,7203,,2023,12793292.747,25633832.165,25633832.165,,SAU
,7205,,2023,1391664.765,1237308.881,1237308.881,,SAU
,720711,,2023,217614735.36,278595575.233,278595575.233,,SAU
,310290,,2023,88107.468,30900.0,30900.0,,SEN
,310520,,2023,27402144.698,49122600.0,49122600.0,,SEN
,310590,,2023,10791727.185,17469328.0,17469328.0,,SEN
,7201,,2023,68831.666,280780.0,280780.0,,SEN
,7205,,2023,2463.338,7000.0,7000.0,,SEN
,720690,,2023,29932.906,23315.0,23315.0,,SEN
,310290,,2023,69440.0,21884.0,21884.0,,SRB
,310510,,2023,401481.0,111854.701,111854.701,,SRB
,310520,,2023,98727822.0,158864293.0,158864293.0,,SRB
,310530,,2023,9528.0,3456.0,3456.0,,SRB
,310540,,2023,7090485.0,6415516.192,6415516.192,,SRB
,310559,,2023,24515091.0,47126793.0,47126793.0,,SRB
,310590,,2023,2931734.0,2717131.0,2717131.0,,SRB
,7201,,2023,4113015.0,17890970.0,17890970.0,,SRB
,720211,,2023,149460.0,116390.0,116390.0,,SRB
,720241,,2023,19384.0,6009.0,6009.0,,SRB
,720249,,2023,256050.0,95441.0,95441.0,,SRB
,7203,,2023,1144.0,107.0,107.0,,SRB
,7205,,2023,1107302.0,523960.999,523960.999,,SRB
,720690,,2023,1705.0,,0.0,,SRB
,720711,,2023,2269.0,106.0,106.0,,SRB
,720712,,2023,383.0,2.0,2.0,,SRB
,310290,,2023,331838.523,1565365.0,1565365.0,,IND
,310510,,2023,384667.867,80342.005,80342.005,,IND
,310520,,2023,15590167.619,37300781.0,37300781.0,,IND
,310530,,2023,15106024.778,20625035.0,20625035.0,,IND
,310540,,2023,695070.937,1612882.975,1612882.975,,IND
,310551,,2023,32575.547,7330.0,7330.0,,IND
,310559,,2023,10644.713,1196.0,1196.0,,IND
,310590,,2023,7928608.284,1845740.045,1845740.045,,IND
,7201,,2023,200842893.201,426494251.111,426494251.111,,IND
,720211,,2023,490381923.709,523293232.0,523293232.0,,IND
,720219,,2023,123484964.758,95335233.0,95335233.0,,IND
,720241,,2023,1066798351.265,800014884.0,800014884.0,,IND
,720249,,2023,92757969.008,27230196.0,27230196.0,,IND
,720260,,2023,59698928.13,23077836.0,23077836.0,,IND
,7203,,2023,508144973.166,1342347849.424,1342347849.424,,IND
,7205,,2023,28986456.319,43000404.451,43000404.451,,IND
,720610,,2023,567840.962,378540.651,378540.651,,IND
,720690,,2023,181230548.943,255364410.0,255364410.0,,IND
,720711,,2023,53985352.901,92167994.998,92167994.998,,IND
,720712,,2023,176129510.415,294544405.0,294544405.0,,IND
,310290,,2023,924890.371,8542340.0,8542340.0,,SGP
,310510,,2023,38948.733,6504.873,6504.873,,SGP
,310520,,2023,1599112.449,565500.0,565500.0,,SGP
,310530,,2023,168279.463,90950.0,90950.0,,SGP
,310540,,2023,67803.81,28820.0,28820.0,,SGP
,310551,,2023,909.888,310.0,310.0,,SGP
,310559,,2023,227890.555,77292.275,77292.275,,SGP
,310590,,2023,478754.674,1341954.448,1341954.448,,SGP
,7201,,2023,81312.897,36046.209,36046.209,,SGP
,720211,,2023,59742.884,35000.0,35000.0,,SGP
,720219,,2023,2714.773,150.839,150.839,,SGP
,720260,,2023,466395.977,56050.0,56050.0,,SGP
,7203,,2023,1324946.401,521624.335,521624.335,,SGP
,7205,,2023,11980499.571,14087920.0,14087920.0,,SGP
,720610,,2023,596822.743,481054.412,481054.412,,SGP
,720690,,2023,3717199.319,358860.526,358860.526,,SGP
,720711,,2023,100685.627,152115.038,152115.038,,SGP
,720712,,2023,1836916.468,1411380.0,1411380.0,,SGP
,310290,,2023,229363.465,268164.719,268164.719,,VNM
,310510,,2023,4006028.888,11057842.966,11057842.966,,VNM
,310520,,2023,127514653.902,250447913.304,250447913.304,,VNM
,310530,,2023,102055596.177,188260817.256,188260817.256,,VNM
,310540,,2023,3021807.06,5955000.0,5955000.0,,VNM
,310551,,2023,36400.0,100000.0,100000.0,,VNM
,310559,,2023,3130970.3,11159992.434,11159992.434,,VNM
,310590,,2023,3707311.764,13053394.853,13053394.853,,VNM
,7201,,2023,6701759.018,10531062.573,10531062.573,,VNM
,720211,,2023,2098675.0,1977084.315,1977084.315,,VNM
,720219,,2023,20752051.48,12498976.193,12498976.193,,VNM
,720260,,2023,3540707.0,907599.048,907599.048,,VNM
,7205,,2023,663025.307,300620.865,300620.865,,VNM
,720610,,2023,212130.0,184803.248,184803.248,,VNM
,720711,,2023,60438857.12,84535481.021,84535481.021,,VNM
,720712,,2023,827717484.93,1343853641.598,1343853641.598,,VNM
,310290,,2023,89285082.696,150437481.0,150437481.0,,ZAF
,310510,,2023,1151490.831,724033.31,724033.31,,ZAF
,310520,,2023,31705037.745,41313624.08,41313624.08,,ZAF
,310530,,2023,812697.483,937021.863,937021.863,,ZAF
,310540,,2023,25346771.704,36864730.63,36864730.63,,ZAF
,310551,,2023,264014.663,441757.07,441757.07,,ZAF
,310559,,2023,2288615.186,2516840.92,2516840.92,,ZAF
,310590,,2023,57689839.812,66968297.799,66968297.799,,ZAF
,7201,,2023,233318562.073,661070899.083,661070899.083,,ZAF
,720211,,2023,24536743.02,24751866.346,24751866.346,,ZAF
,720219,,2023,80992605.559,,0.0,,ZAF
,720241,,2023,4225932110.064,4040960395.7,4040960395.7,,ZAF
,720249,,2023,9339843.113,8394099.86,8394099.86,,ZAF
,720260,,2023,29.918,2.0,2.0,,ZAF
,7203,,2023,7863699.18,28137313.56,28137313.56,,ZAF
,7205,,2023,8497533.881,5293917.19,5293917.19,,ZAF
,720610,,2023,395952.321,137001.148,137001.148,,ZAF
,720690,,2023,467179.671,155576.75,155576.75,,ZAF
,720711,,2023,30831379.009,40010234.1,40010234.1,,ZAF
,720712,,2023,19713528.858,,0.0,,ZAF
,310590,,2023,174279.93,1654000.0,7354000.0,,ZWE
,720241,,2023,383992301.71,403193820.0,425366970.0,,ZWE
,7203,,2023,1183074.42,5104000.0,5104000.0,,ZWE
,720711,,2023,122913.0,292650.0,292650.0,,TJK
,310290,,2023,992511.91,1790000.0,1790000.0,,THA
,310510,,2023,3464224.81,5415898.0,5415898.0,,THA
,310520,,2023,70400661.096,118167576.0,118167576.0,,THA
,310530,,2023,574351.073,829950.0,829950.0,,THA
,310540,,2023,9548917.65,12851702.0,12851702.0,,THA
,310551,,2023,4107662.052,7398300.0,7398300.0,,THA
,310559,,2023,6683864.015,10594563.0,10594563.0,,THA
,310590,,2023,28582224.063,50832104.0,50832104.0,,THA
,7201,,2023,1212700.54,1545110.0,1545110.0,,THA
,720219,,2023,151573.878,699693.0,699693.0,,THA
,720249,,2023,12570.039,144.0,144.0,,THA
,720260,,2023,61128.231,194940.0,194940.0,,THA
,7203,,2023,483651.532,1876959.0,1876959.0,,THA
,7205,,2023,42404766.811,27334634.857,27334634.857,,THA
,720610,,2023,19264.36,321.068,321.068,,THA
,720690,,2023,924.115,1064.0,1064.0,,THA
,720711,,2023,5970059.918,10033500.0,10033500.0,,THA
,720712,,2023,966657.313,735992.0,735992.0,,THA
,310520,,2023,41215.25,250000.0,250000.0,,TGO
,310290,,2023,62584.382,28033.0,28033.0,,TTO
,310510,,2023,4802.924,701.0,701.0,,TTO
,310520,,2023,385503.09,30507.152,30507.152,,TTO
,310590,,2023,96306.331,8623.349,8623.349,,TTO
,7203,,2023,588654517.063,39159620.0,39159620.0,,TTO
,7205,,2023,252.286,190.0,190.0,,TTO
,720690,,2023,244.435,273.0,273.0,,TTO
,310290,,2023,175708.474,370600.0,370600.0,,ARE
,310510,,2023,374231.731,1562161.67,1562161.67,,ARE
,310520,,2023,20629211.772,25996246.11,25996246.11,,ARE
,310530,,2023,459036.649,1784210.0,1784210.0,,ARE
,310540,,2023,261814.37,315844.0,315844.0,,ARE
,310559,,2023,66173.18,100709.4,100709.4,,ARE
,310590,,2023,1167720.79,565467.14,565467.14,,ARE
,7201,,2023,641148.546,1122524.0,1122524.0,,ARE
,720211,,2023,329325.856,61362.9,61362.9,,ARE
,720219,,2023,473861.106,271910.007,271910.007,,ARE
,720241,,2023,1481220.601,244169.37,244169.37,,ARE
,720249,,2023,1012623.901,179415.5,179415.5,,ARE
,720260,,2023,153489.717,174717.0,174717.0,,ARE
,7203,,2023,126705145.205,456084670.04,456084670.04,,ARE
,7205,,2023,5206536.971,12345670.94,12345670.94,,ARE
,720610,,2023,1008035.8,705079.76,705079.76,,ARE
,720690,,2023,270900.017,532439.88,532439.88,,ARE
,720711,,2023,73853259.275,141049544.59,141049544.59,,ARE
,720712,,2023,732492.464,,0.0,,ARE
,310520,,2023,2999494.94,2853668.0,2853668.0,,TUN
,310530,,2023,182735006.525,286190000.0,286190000.0,,TUN
,310540,,2023,111137358.46,201806200.0,201806200.0,,TUN
,310559,,2023,5849419.739,17565000.0,17565000.0,,TUN
,310590,,2023,278404.473,1018766.0,1018766.0,,TUN
,310290,,2023,3863037.0,6077539.0,6077539.0,,TUR
,310510,,2023,20062018.0,10745772.0,10745772.0,,TUR
,310520,,2023,65075113.0,97089147.0,97089147.0,,TUR
,310530,,2023,86579096.0,154447135.0,154447135.0,,TUR
,310540,,2023,1067309.0,1154739.0,1154739.0,,TUR
,310551,,2023,2508367.0,7388568.0,7388568.0,,TUR
,310559,,2023,40715486.0,104976859.0,104976859.0,,TUR
,310590,,2023,10976070.0,9154066.0,9154066.0,,TUR
,7201,,2023,5953574.0,,0.0,,TUR
,720211,,2023,518637.0,422062.0,422062.0,,TUR
,720219,,2023,1170625.0,465405.0,465405.0,,TUR
,720241,,2023,132191475.0,55131888.0,55131888.0,,TUR
,720249,,2023,102722034.0,25125300.0,25125300.0,,TUR
,720260,,2023,883.0,2.0,2.0,,TUR
,7203,,2023,6436.0,15732.0,15732.0,,TUR
,7205,,2023,18222632.0,19550308.0,19550308.0,,TUR
,720610,,2023,254982.0,249397.0,249397.0,,TUR
,720690,,2023,514400.0,449033.0,449033.0,,TUR
,720711,,2023,44997741.0,83016465.0,83016465.0,,TUR
,720712,,2023,222142.0,59819.0,59819.0,,TUR
,310290,,2023,395.68,750.0,750.0,,UGA
,310520,,2023,556833.57,773495.0,773495.0,,UGA
,310559,,2023,10654.53,10000.0,10000.0,,UGA
,310590,,2023,148317.81,198051.0,198051.0,,UGA
,7203,,2023,27847080.54,31176210.0,31176210.0,,UGA
,7205,,2023,207194.85,232714.0,232714.0,,UGA
,720690,,2023,1611.47,1275.0,1275.0,,UGA
,310290,,2023,34999.9,6590.0,6590.0,,UKR
,310510,,2023,448199.61,167418.03,167418.03,,UKR
,310520,,2023,230064.15,137552.75,137552.75,,UKR
,310551,,2023,176582.39,303000.0,303000.0,,UKR
,310559,,2023,734067.4,684285.0,684285.0,,UKR
,310590,,2023,428368.67,155428.4,155428.4,,UKR
,7201,,2023,471467359.1,1248512469.0,1248512469.0,,UKR
,720211,,2023,1257706.29,3105050.0,3105050.0,,UKR
,720219,,2023,954737.54,208887.0,208887.0,,UKR
,720260,,2023,7416779.23,3609730.0,3609730.0,,UKR
,7205,,2023,8358601.97,8699500.0,8699500.0,,UKR
,720711,,2023,453017400.55,901660642.0,901660642.0,,UKR
,720712,,2023,65768126.92,126136090.0,126136090.0,,UKR
,310290,,2023,45701.408,33806.0,33806.0,,MKD
,310510,,2023,4430.798,2386.0,2386.0,,MKD
,310520,,2023,72382.076,71167.0,71167.0,,MKD
,310540,,2023,279848.153,438800.0,438800.0,,MKD
,310590,,2023,20668.966,7852.0,7852.0,,MKD
,720211,,2023,54098.936,38004.0,38004.0,,MKD
,720249,,2023,34687.835,7000.0,7000.0,,MKD
,720260,,2023,48786459.209,12109938.0,12109938.0,,MKD
,7203,,2023,1422.609,600.0,600.0,,MKD
,7205,,2023,301363.847,254500.0,254500.0,,MKD
,720712,,2023,84418.721,93117.0,93117.0,,MKD
,310290,,2023,2740.0,2573.398,2573.398,,EGY
,310510,,2023,220500.0,,0.0,,EGY
,310520,,2023,12106080.289,9377265.701,9377265.701,,EGY
,310530,,2023,33254390.384,48202299.105,48202299.105,,EGY
,310540,,2023,146368271.45,170501722.368,170501722.368,,EGY
,310551,,2023,5500.0,6059.066,6059.066,,EGY
,310559,,2023,119893.927,143429.102,143429.102,,EGY
,310590,,2023,3787956.049,1482243.671,1482243.671,,EGY
,7201,,2023,90800.0,159223.685,159223.685,,EGY
,720211,,2023,184000.0,173339.614,173339.614,,EGY
,7203,,2023,100.0,200.369,200.369,,EGY
,7205,,2023,19129868.216,11716744.936,11716744.936,,EGY
,720610,,2023,1938.072,1688.408,1688.408,,EGY
,720690,,2023,250.0,,0.0,,EGY
,720711,,2023,50000.0,64011.193,64011.193,,EGY
,720712,,2023,194.67,290.603,290.603,,EGY
,310290,,2023,19582284.655,19837166.0,19837166.0,,GBR
,310510,,2023,33657332.89,8555157.624,8555157.624,,GBR
,310520,,2023,74880052.495,75182452.0,75182452.0,,GBR
,310530,,2023,1149206.068,1110242.0,1110242.0,,GBR
,310540,,2023,1154517.184,349232.0,349232.0,,GBR
,310551,,2023,3834212.307,2423965.0,2423965.0,,GBR
,310559,,2023,2619727.856,1104635.0,1104635.0,,GBR
,310590,,2023,62367604.875,18907987.0,18907987.0,,GBR
,7201,,2023,2886998.956,,0.0,,GBR
,720211,,2023,619220.515,,0.0,,GBR
,720219,,2023,234351.623,,0.0,,GBR
,720241,,2023,5465127.829,1374776.248,1374776.248,,GBR
,720249,,2023,439257.809,234123.6,234123.6,,GBR
,720260,,2023,105096.222,97618.0,97618.0,,GBR
,7203,,2023,996775.902,209174.0,209174.0,,GBR
,7205,,2023,75032655.43,,0.0,,GBR
,720610,,2023,1258474.866,433045.107,433045.107,,GBR
,720690,,2023,5698410.517,14419146.0,14419146.0,,GBR
,720711,,2023,48646696.13,,0.0,,GBR
,720712,,2023,67604740.003,,0.0,,GBR
,310290,,2023,20.3,25.6,25.6,,TZA
,310520,,2023,708530.23,1026000.0,1026000.0,,TZA
,310530,,2023,33967045.98,34515005.0,32515005.0,,TZA
,310551,,2023,562150.23,1016000.0,551000.0,,TZA
,310559,,2023,501035.47,954238.0,954238.0,,TZA
,310590,,2023,640962.43,944200.0,943200.0,,TZA
,7203,,2023,2490.37,56000.0,56000.0,,TZA
,7205,,2023,100403.75,256821.0,256821.0,,TZA
,720610,,2023,1242899.01,704848.0,704848.0,,TZA
,720690,,2023,493057.64,552235.0,552235.0,,TZA
,310290,,2023,35874354.0,38976000.0,38976000.0,,USA
,310510,,2023,25381386.0,,0.0,,USA
,310520,,2023,83130962.0,523138000.0,523138000.0,,USA
,310530,,2023,287297696.0,550413000.0,550413000.0,,USA
,310540,,2023,1286625338.0,1961535000.0,1961535000.0,,USA
,310551,,2023,33935441.0,38838000.0,38838000.0,,USA
,310559,,2023,771527261.0,1384879000.0,1384879000.0,,USA
,310590,,2023,297859734.0,480568000.0,480568000.0,,USA
,7201,,2023,15103370.0,22736000.0,22736000.0,,USA
,720211,,2023,21764368.0,10121156.0,12812925.0,,USA
,720219,,2023,11794071.0,4281353.0,5419435.0,,USA
,720241,,2023,17885014.0,6386219.0,19701220.0,,USA
,720249,,2023,4041751.0,929528.0,2466294.0,,USA
,720260,,2023,6537508.0,240339.0,400921.0,,USA
,7203,,2023,536671552.0,1524119000.0,1524119000.0,,USA
,7205,,2023,205223232.0,95543939.225,95543939.225,,USA
,720610,,2023,26802628.0,7176023.0,7176023.0,,USA
,720690,,2023,19294189.0,2278008.0,2278008.0,,USA
,720711,,2023,38774508.0,47477746.0,47477746.0,,USA
,720712,,2023,12249320.0,,0.0,,USA
,310290,,2023,499075.0,1156000.0,1156000.0,,URY
,310520,,2023,817496.0,1072171.85,1072171.85,,URY
,310530,,2023,9680.0,16000.0,16000.0,,URY
,310559,,2023,55421.0,26924.0,26924.0,,URY
,310590,,2023,369906.0,138200.92,138200.92,,URY
,310290,,2023,595349.0,507784.562,507784.562,,UZB
,310520,,2023,30521108.93,71047930.0,71047930.0,,UZB
,310530,,2023,5078223.0,8459500.0,8459500.0,,UZB
,310559,,2023,19997451.99,31617000.0,31617000.0,,UZB
,7205,,2023,743575.0,160000.0,160000.0,,UZB
,7201,,2023,206684.777,26454760.0,26454760.0,,YEM
,7203,,2023,1482.435,300000.0,300000.0,,YEM
,310290,,2023,1251329.864,1657019.0,1657019.0,,ZMB
,310520,,2023,41843547.456,40751842.0,40751842.0,,ZMB
,310540,,2023,571344.401,510000.0,510000.0,,ZMB
,310590,,2023,602767.202,269067.0,269067.0,,ZMB
,720211,,2023,12794827.968,15535672.618,15535672.618,,ZMB
,720219,,2023,62516.908,72000.0,72000.0,,ZMB
,7203,,2023,28774.066,27714.0,27714.0,,ZMB
,310290,,2024,463822.32,238620.4,247366.3,,ECU
,310510,,2024,213882.01,48362.5,53725.8,,ECU
,310520,,2024,2488134.05,,0.0,,ECU
,310540,,2024,138891.63,101400.0,105288.0,,ECU
,310559,,2024,94590.0,90000.0,90270.0,,ECU
,310590,,2024,590497.49,347150.9,342611.36,,ECU
,720711,,2024,19172.74,32030.0,32030.0,,ECU
,310520,,2024,7619126.93,14075137.56,14075137.56,,SLV
,310530,,2024,1523415.26,2305704.2,2305704.2,,SLV
,310559,,2024,78275.44,29090.0,29090.0,,SLV
,310590,,2024,43208.0,7062.0,7062.0,,SLV
,310290,,2024,259.0,1769.0,1769.0,,MDA
,310520,,2024,1783.0,899.0,899.0,,MDA
,310590,,2024,138804.0,45696.0,45696.0,,MDA
,310520,,2024,5866.715,8610.0,8610.0,,MNE
,720610,,2024,25655.382,15300.0,15300.0,,MNE
,310290,,2024,7007.793,15675.0,15675.0,,MAR
,310510,,2024,62106.682,15116.0,15116.0,,MAR
,310520,,2024,790908000.425,1489400645.5,1489400645.5,,MAR
,310530,,2024,4121795008.85,7830592298.0,7830592298.0,,MAR
,310540,,2024,3937040543.682,7523742463.5,7523742463.5,,MAR
,310551,,2024,329.6,102.0,102.0,,MAR
,310559,,2024,1126131127.779,2246346541.3,2246346541.3,,MAR
,310590,,2024,976165.351,2149875.6,2149875.6,,MAR
,7205,,2024,181231.817,2555590.0,2555590.0,,MAR
,720690,,2024,18900.241,17583.0,17583.0,,MAR
,720711,,2024,54.011,200.0,200.0,,MAR
,310290,,2024,645696.7,608713.046,608713.046,,MOZ
,310520,,2024,224187.5,330000.0,330000.0,,MOZ
,310530,,2024,6674248.6,12000000.0,12000000.0,,MOZ
,310540,,2024,466919.7,725440.0,725440.0,,MOZ
,310590,,2024,1250314.0,1866587.0,1866587.0,,MOZ
,7205,,2024,6179.4,72000.0,72000.0,,MOZ
,310290,,2024,3362.809,2240.0,2240.0,,OMN
,310520,,2024,890814.043,442963.0,442963.0,,OMN
,310590,,2024,2355625.484,6371261.0,6371261.0,,OMN
,7201,,2024,650.195,4500.0,4500.0,,OMN
,720219,,2024,260.078,20.0,20.0,,OMN
,720241,,2024,64692288.585,49946744.0,49946744.0,,OMN
,720249,,2024,11915773.713,5008564.0,5008564.0,,OMN
,7203,,2024,298587.776,2113082.0,2113082.0,,OMN
,7205,,2024,61422.627,193745.0,193745.0,,OMN
,720610,,2024,10049.415,704.0,704.0,,OMN
,720690,,2024,102684.005,300820.0,300820.0,,OMN
,720711,,2024,436389250.292,826113895.0,826113895.0,,OMN
,720712,,2024,65.02,600.0,600.0,,OMN
,310510,,2024,320.849,5.5,5.5,,NAM
,310520,,2024,3952678.559,685800.0,685800.0,,NAM
,310530,,2024,8743886.559,10699900.0,10699900.0,,NAM
,310540,,2024,29948269.755,33593412.14,33593412.14,,NAM
,310590,,2024,71589.74,295630.16,295630.16,,NAM
,7201,,2024,622.913,300.0,300.0,,NAM
,7205,,2024,2387.988,41.0,41.0,,NAM
,720610,,2024,1478.633,1010.0,1010.0,,NAM
,720690,,2024,446.196,189.0,189.0,,NAM
,310520,,2024,82464.277,80572.0,80572.0,,ALB
,720241,,2024,66324145.663,31785400.0,31785400.0,,ALB
,720690,,2024,66675.658,34176.0,34176.0,,ALB
,7203,,2024,28639584.473,,0.0,,DZA
,7205,,2024,5.013,3.146,3.146,,DZA
,720711,,2024,147322840.633,219207243.574,219207243.574,,DZA
,720712,,2024,84744246.406,143912795.761,143912795.761,,DZA
,310520,,2024,287913.95,942628.0,942628.0,,AGO
,310559,,2024,186.45,870.0,870.0,,AGO
,7201,,2024,3749.94,5536.57,5536.57,,AGO
,720249,,2024,731.72,675.0,675.0,,AGO
,7203,,2024,8935871.0,24823.0,24823.0,,AGO
,720610,,2024,19742126.0,32746800.0,32746800.0,,AGO
,720690,,2024,999.92,5605.0,5605.0,,AGO
,720241,,2024,13800.0,6403.0,6403.0,,AZE
,310510,,2024,20839.2,4193.38,4193.38,,ARG
,310290,,2024,9039614.822,1730351.28,1730351.28,,AUS
,310510,,2024,1035253.688,282854.456,282854.456,,AUS
,310520,,2024,3611436.278,1499327.05,1499327.05,,AUS
,310530,,2024,230487423.936,406751720.0,406751720.0,,AUS
,310540,,2024,237565.638,,0.0,,AUS
,310551,,2024,257067.96,,0.0,,AUS
,310559,,2024,249221.629,82169.0,82169.0,,AUS
,310590,,2024,26982496.492,12111981.94,12111981.94,,AUS
,7201,,2024,3026652.368,353200.0,353200.0,,AUS
,720219,,2024,10862.119,2000.0,2000.0,,AUS
,720241,,2024,871612.494,746590.0,746590.0,,AUS
,720249,,2024,57864.213,7000.0,7000.0,,AUS
,7203,,2024,57981.017,174620.0,174620.0,,AUS
,7205,,2024,737613.139,294700.0,294700.0,,AUS
,720610,,2024,1329158.487,1303040.0,1303040.0,,AUS
,720690,,2024,93686.11,55430.0,55430.0,,AUS
,720711,,2024,30365.101,2880.0,2880.0,,AUS
,720712,,2024,25155.771,10550.0,10550.0,,AUS
,7201,,2024,66134.229,87000.0,87000.0,,BHR
,7203,,2024,55586055.549,157718994.0,157718994.0,,BHR
,7205,,2024,5543.457,18950.5,18950.5,,BHR
,720610,,2024,18886.489,19905.7,19905.7,,BHR
,720690,,2024,1234.043,226.0,226.0,,BHR
,720711,,2024,246109617.098,449241700.0,449241700.0,,BHR
,310510,,2024,61.45,7.0,7.0,,ARM
,310520,,2024,110166.21,33542.78,33542.78,,ARM
,310530,,2024,359.5,3.5,3.5,,ARM
,310590,,2024,53133.56,11137.3,11137.3,,ARM
,7205,,2024,251660.25,43500.0,43500.0,,ARM
,720610,,2024,34950.0,90760.0,90760.0,,ARM
,720711,,2024,25542412.72,54327730.0,54327730.0,,ARM
,310590,,2024,750120.0,2080000.0,2080000.0,,BOL
,7205,,2024,8467.32,2512.0,2512.0,,BOL
,310510,,2024,1346.632,735.3,735.3,,BIH
,310520,,2024,133349.811,132487.66,132487.66,,BIH
,310590,,2024,14971.22,12075.42,12075.42,,BIH
,720211,,2024,3751.934,2535.0,2535.0,,BIH
,7203,,2024,7164.13,2820.0,2820.0,,BIH
,7205,,2024,3207688.416,2917406.2,2917406.2,,BIH
,720610,,2024,18837.795,4236.5,4236.5,,BIH
,720690,,2024,20051.264,560.0,560.0,,BIH
,720712,,2024,23218.208,15065.0,15065.0,,BIH
,310290,,2024,20072506.0,30110153.0,30085246.0,,BRA
,310510,,2024,18515963.0,2542669.0,2509843.0,,BRA
,310520,,2024,112445403.0,252106771.0,252050784.0,,BRA
,310540,,2024,4291231.0,6009590.0,6009470.0,,BRA
,310551,,2024,725682.0,826828.0,826828.0,,BRA
,310559,,2024,33599105.0,65158236.818,65158236.818,,BRA
,310590,,2024,23773497.0,21933217.69,21938271.69,,BRA
,7201,,2024,1652992362.0,,0.0,,BRA
,720211,,2024,3194538.0,2707898.0,2654046.0,,BRA
,720219,,2024,1001707.0,,0.0,,BRA
,720241,,2024,57695327.0,47954380.0,47954380.0,,BRA
,720249,,2024,27585599.0,11358122.0,11358122.0,,BRA
,720260,,2024,580583475.0,173748443.0,173748443.0,,BRA
,7203,,2024,52273.0,47664.469,47664.469,,BRA
,7205,,2024,12312174.0,12978944.0,12978944.0,,BRA
,720610,,2024,800.0,422.746,422.746,,BRA
,720690,,2024,746055.0,2620573.0,2620573.0,,BRA
,720711,,2024,41493569.0,78240256.314,78240256.314,,BRA
,720712,,2024,3501794237.0,5515255550.0,5515255550.0,,BRA
,7205,,2024,26497.938,132020.0,132020.0,,BRN
,720690,,2024,2712.625,6.0,6.0,,BRN
,720260,,2024,2619694.76,617800.0,617800.0,,MMR
,310590,,2024,25440.0,3180.0,3180.0,,KHM
,310290,,2024,41163512.395,113400535.0,113400535.0,,CAN
,310510,,2024,11740328.004,3278207.0,3278207.0,,CAN
,310520,,2024,41127323.68,61009426.0,61009426.0,,CAN
,310530,,2024,7916725.235,8642000.0,8642000.0,,CAN
,310540,,2024,11508896.57,16091993.0,16091993.0,,CAN
,310551,,2024,407429.7,762000.0,762000.0,,CAN
,310559,,2024,2058536.555,3144765.0,3144765.0,,CAN
,310590,,2024,24682895.128,34785519.0,34785519.0,,CAN
,7201,,2024,45248226.918,99328000.0,99328000.0,,CAN
,720211,,2024,1426643.009,1270922.0,1270922.0,,CAN
,720219,,2024,1825779.036,1026720.0,1026720.0,,CAN
,720241,,2024,116565.681,36714.0,36714.0,,CAN
,720249,,2024,15118.073,4632.0,4632.0,,CAN
,7203,,2024,5063354.573,12219000.0,12219000.0,,CAN
,7205,,2024,126632770.042,81032895.963,81032895.963,,CAN
,720610,,2024,1000309.546,1318000.0,1318000.0,,CAN
,720690,,2024,63781.861,71696.797,71696.797,,CAN
,720711,,2024,33942939.393,56564000.0,56564000.0,,CAN
,720712,,2024,166125911.378,248429000.0,248429000.0,,CAN
,310290,,2024,6946.989,951.0,951.0,,LKA
,310520,,2024,4801.985,375.0,375.0,,LKA
,310590,,2024,44922.94,180442.0,180442.0,,LKA
,7205,,2024,30.135,28.0,28.0,,LKA
,720711,,2024,93.308,50.0,50.0,,LKA
,310290,,2024,5021222.75,4478345.28,4478345.28,,CHL
,310510,,2024,112506.37,27915.8,27915.8,,CHL
,310520,,2024,6386031.65,7481493.7,7481493.7,,CHL
,310530,,2024,36528.57,15470.0,15470.0,,CHL
,310540,,2024,118979.82,110125.0,110125.0,,CHL
,310559,,2024,249975.14,64580.0,64580.0,,CHL
,310590,,2024,219330022.75,258813767.26,258813767.26,,CHL
,7201,,2024,32691.81,12795.63,12795.63,,CHL
,720211,,2024,528302.59,273000.0,273000.0,,CHL
,720219,,2024,33121.0,19000.0,19000.0,,CHL
,720241,,2024,234235.63,99000.0,99000.0,,CHL
,720249,,2024,117674.0,27000.0,27000.0,,CHL
,7203,,2024,534.628,14880.0,14880.0,,CHL
,7205,,2024,37560.46,10820.4,10820.4,,CHL
,310290,,2024,22243667.0,95182517.0,95182517.0,,CHN
,310510,,2024,252263960.0,510129981.0,510129981.0,,CHN
,310520,,2024,275499092.0,708137197.0,708137197.0,,CHN
,310530,,2024,2545663127.0,4562210900.0,4562210900.0,,CHN
,310540,,2024,1136699034.0,2004782653.0,2004782653.0,,CHN
,310551,,2024,488047.0,1482500.0,1482500.0,,CHN
,310559,,2024,625587584.0,1572229792.0,1572229792.0,,CHN
,310590,,2024,189483676.0,475237183.0,475237183.0,,CHN
,7201,,2024,24778122.0,41533624.0,41533624.0,,CHN
,720211,,2024,2442966.0,2460813.0,2460813.0,,CHN
,720219,,2024,2192668.0,1342941.0,1342941.0,,CHN
,720241,,2024,294779944.0,192796352.0,192796352.0,,CHN
,720249,,2024,38297751.0,12867007.0,12867007.0,,CHN
,720260,,2024,19768958.0,12879427.397,12879427.397,,CHN
,7203,,2024,44886500.0,91202603.013,91202603.013,,CHN
,7205,,2024,223180167.0,207574804.362,207574804.362,,CHN
,720610,,2024,82465.0,77000.0,77000.0,,CHN
,720690,,2024,239203.0,371578.0,371578.0,,CHN
,720711,,2024,1534805538.0,3287270104.0,3287270104.0,,CHN
,720712,,2024,414508776.0,754932572.0,754932572.0,,CHN
,310290,,2024,5537761.83,11965337.32,11965337.32,,COL
,310510,,2024,1708496.53,374103.51,374103.51,,COL
,310520,,2024,29518046.33,55122878.69,55122878.69,,COL
,310530,,2024,96055.55,151500.0,151500.0,,COL
,310540,,2024,1237105.46,1478564.02,1478564.02,,COL
,310551,,2024,206811.0,515179.16,515179.16,,COL
,310559,,2024,243065.63,165263.42,165263.42,,COL
,310590,,2024,10785408.58,25004158.62,25004158.62,,COL
,7201,,2024,61016.79,10225.0,10225.0,,COL
,720211,,2024,119299.18,84250.0,84250.0,,COL
,720219,,2024,4964.62,3250.0,3250.0,,COL
,720241,,2024,11815.44,6000.0,6000.0,,COL
,720260,,2024,542146628.58,151519987.07,151519987.07,,COL
,7205,,2024,34699.18,21950.0,21950.0,,COL
,720712,,2024,37887.0,3811.0,3811.0,,COL
,310290,,2024,1911436.67,2835539.58,2835539.58,,CRI
,310510,,2024,511275.08,96363.16,96363.16,,CRI
,310520,,2024,13199870.81,19349536.5,19349536.5,,CRI
,310530,,2024,395692.8,528000.0,528000.0,,CRI
,310559,,2024,16751.58,2984.0,2984.0,,CRI
,310590,,2024,21015111.1,33175402.7,33175402.7,,CRI
,720219,,2024,5060.0,94000.0,94000.0,,CRI
,7203,,2024,13332.8,83330.0,83330.0,,CRI
,7205,,2024,73859.83,274517.0,274517.0,,CRI
,720690,,2024,46587.52,10399.0,10399.0,,CRI
,310520,,2024,38146.615,125000.0,125000.0,,BEN
,310590,,2024,346.848,6.0,6.0,,BEN
,310290,,2024,1235368.689,161239.0,156079.0,,DOM
,310510,,2024,1045659.511,2137414.0,2098404.0,,DOM
,310520,,2024,6402127.501,9616326.312,6750913.312,,DOM
,310559,,2024,2576302.205,5109561.0,4087561.0,,DOM
,310590,,2024,1054593.921,1302921.6,1163973.6,,DOM
,7205,,2024,457346.0,21621.0,21621.0,,DOM
,310510,,2024,41633.834,8042.66,8042.66,,GEO
,310520,,2024,437457.745,1047311.0,1047311.0,,GEO
,310590,,2024,275441.698,359208.3,359208.3,,GEO
,720211,,2024,16880.0,10000.0,10000.0,,GEO
,720241,,2024,10056792.257,5366828.0,5366828.0,,GEO
,720249,,2024,49850.0,17000.0,17000.0,,GEO
,720610,,2024,19163.6,41660.0,41660.0,,GEO
,720711,,2024,558613.792,1106400.0,1106400.0,,GEO
,310290,,2024,3799396.0,4672129.0,4672129.0,,GTM
,310510,,2024,1100601.0,331650.0,331650.0,,GTM
,310520,,2024,17411502.0,23446450.0,23446450.0,,GTM
,310530,,2024,1847769.0,2646321.0,2646321.0,,GTM
,310540,,2024,183954.0,184134.0,184134.0,,GTM
,310551,,2024,122717.0,38366.0,38366.0,,GTM
,310559,,2024,286522.0,149882.0,149882.0,,GTM
,310590,,2024,22543324.0,40518467.0,40518467.0,,GTM
,7201,,2024,241.0,59.0,59.0,,GTM
,720260,,2024,1811.0,50.0,50.0,,GTM
,7205,,2024,43570.0,13835.0,13835.0,,GTM
,720690,,2024,793.0,600.0,600.0,,GTM
,720711,,2024,2796798.0,5002600.0,5002600.0,,GTM
,310520,,2024,4453992.84,10698128.0,10698128.0,,HND
,310530,,2024,6302190.42,9938100.0,9938100.0,,HND
,310540,,2024,449969.4,320000.0,320000.0,,HND
,310559,,2024,488180.0,762048.0,762048.0,,HND
,310590,,2024,919739.48,202234.5,202234.5,,HND
,7205,,2024,1413.3,2734.0,2734.0,,HND
,720690,,2024,159917.43,178574.0,178574.0,,HND
,310510,,2024,32024.261,440.0,440.0,,HKG
,310520,,2024,3056941.19,1364435.0,1364435.0,,HKG
,310530,,2024,3016.082,65.0,65.0,,HKG
,310590,,2024,291539.153,67013.0,67013.0,,HKG
,7205,,2024,7090072.74,1673003.0,1673003.0,,HKG
,720610,,2024,14337.825,282.0,282.0,,HKG
,310290,,2024,2407.85,245.5,245.5,,IDN
,310510,,2024,88711.332,28046.05,28046.05,,IDN
,310520,,2024,1899484.197,3605181.54,3605181.54,,IDN
,310540,,2024,12571.34,27000.0,27000.0,,IDN
,310551,,2024,105305.43,399200.0,399200.0,,IDN
,310559,,2024,21203955.139,58312580.0,58312580.0,,IDN
,310590,,2024,3115604.442,8093860.19,8093860.19,,IDN
,7201,,2024,306290673.757,435741200.0,435741200.0,,IDN
,720260,,2024,14061458713.703,9668184495.626,9668184495.626,,IDN
,7203,,2024,604.8,380.053,380.053,,IDN
,7205,,2024,119062.903,138869.24,138869.24,,IDN
,720610,,2024,1813.334,539.374,539.374,,IDN
,720690,,2024,2118603.607,111693.472,111693.472,,IDN
,720711,,2024,710953648.76,1453006560.0,1453006560.0,,IDN
,720712,,2024,685997708.99,1360854951.038,1360854951.038,,IDN
,310510,,2024,1583000.0,334048.0,334048.0,,ISR
,310520,,2024,137758000.0,109273433.0,109273433.0,,ISR
,310540,,2024,11773000.0,8927306.0,8927306.0,,ISR
,310590,,2024,1038206000.0,3604219695.0,3604219695.0,,ISR
,7201,,2024,424000.0,342647.35,342647.35,,ISR
,720219,,2024,94000.0,58991.514,58991.514,,ISR
,7203,,2024,1000.0,623.107,623.107,,ISR
,7205,,2024,323000.0,188807.18,188807.18,,ISR
,720610,,2024,3000.0,2172.149,2172.149,,ISR
,720690,,2024,88000.0,,0.0,,ISR
,310290,,2024,734064.583,3154000.0,3154000.0,,CIV
,310510,,2024,93073.614,23550.0,23550.0,,CIV
,310520,,2024,38340507.709,127918080.0,127918080.0,,CIV
,310530,,2024,714814.559,850000.0,850000.0,,CIV
,310540,,2024,2846.768,2925.0,2925.0,,CIV
,310590,,2024,92945.253,366433.0,366433.0,,CIV
,7201,,2024,377.293,16.0,16.0,,CIV
,7203,,2024,2099850.987,5000160.0,5000160.0,,CIV
,7205,,2024,21321.564,225025.0,225025.0,,CIV
,720610,,2024,164.958,5000.0,5000.0,,CIV
,720712,,2024,76.059,321.0,321.0,,CIV
,310590,,2024,63833.0,46456.0,46456.0,,JAM
,310290,,2024,3835576.145,14227293.174,14227293.174,,JPN
,310510,,2024,2252588.469,1268764.873,1268764.873,,JPN
,310520,,2024,45137911.41,33718969.61,33718969.61,,JPN
,310530,,2024,189011.679,15812.678,15812.678,,JPN
,310540,,2024,131812.688,36964.255,36964.255,,JPN
,310559,,2024,45492.29,60000.0,60000.0,,JPN
,310590,,2024,3431589.281,3702164.139,3702164.139,,JPN
,7201,,2024,23321425.006,57060610.0,57060610.0,,JPN
,720211,,2024,1154470.915,666990.0,666990.0,,JPN
,720219,,2024,4679727.011,2815460.0,2815460.0,,JPN
,720241,,2024,434640.977,64900.0,64900.0,,JPN
,720249,,2024,15505346.146,2750250.0,2750250.0,,JPN
,720260,,2024,12728995.149,6025512.0,6025512.0,,JPN
,7203,,2024,7319052.798,1484700.0,1484700.0,,JPN
,7205,,2024,209329747.307,65773050.0,65773050.0,,JPN
,720610,,2024,280881.529,549782.564,549782.564,,JPN
,720690,,2024,204609.602,57973.617,57973.617,,JPN
,720711,,2024,181452797.302,351622558.0,351622558.0,,JPN
,720712,,2024,902508568.941,1776857092.0,1776857092.0,,JPN
,310290,,2024,86816.81,4937.0,4937.0,,KAZ
,310510,,2024,94657.92,36873.05,36873.05,,KAZ
,310520,,2024,3837275.17,13410705.0,13410705.0,,KAZ
,310540,,2024,598243.32,616306.6,616306.6,,KAZ
,310559,,2024,172287299.29,387836910.0,387836910.0,,KAZ
,310590,,2024,1736772.61,507016.0,507016.0,,KAZ
,7201,,2024,21189.61,36959.64,36959.64,,KAZ
,720211,,2024,4983305.81,4964760.0,4964760.0,,KAZ
,720241,,2024,1917069431.7,1466015843.3,1466015843.3,,KAZ
,720249,,2024,192112462.74,62311192.0,62311192.0,,KAZ
,720260,,2024,3506841.32,2581524.0,2581524.0,,KAZ
,7203,,2024,2944034.89,20618940.0,20618940.0,,KAZ
,7205,,2024,19704.46,360.02,360.02,,KAZ
,720690,,2024,479.0,0.35,0.35,,KAZ
,720711,,2024,95148459.74,200250660.0,200250660.0,,KAZ
,720712,,2024,41150150.75,88178500.0,88178500.0,,KAZ
,310290,,2024,417244102.437,712602020.0,712602020.0,,JOR
,310510,,2024,340506.069,320642.8,320642.8,,JOR
,310520,,2024,55713955.777,96622084.0,96622084.0,,JOR
,310530,,2024,124076755.529,191646000.0,191646000.0,,JOR
,310540,,2024,33860110.532,51656000.0,51656000.0,,JOR
,310551,,2024,1101727.856,1271081.0,1271081.0,,JOR
,310559,,2024,1493340.305,3207700.0,3207700.0,,JOR
,310590,,2024,80216542.957,89439218.0,89439218.0,,JOR
,7201,,2024,672716.181,661368.0,661368.0,,JOR
,7205,,2024,5167.718,20700.0,20700.0,,JOR
,720711,,2024,93510.366,6691.0,6691.0,,JOR
,310290,,2024,9021.15,23537.0,23537.0,,KEN
,310510,,2024,11072.724,1340.04,1340.04,,KEN
,310520,,2024,8050416.117,13707798.0,13707798.0,,KEN
,310530,,2024,5802424.046,8771210.0,8771210.0,,KEN
,310540,,2024,213774.979,164551.0,164551.0,,KEN
,310551,,2024,186.35,500.0,500.0,,KEN
,310559,,2024,148315.593,109912.0,109912.0,,KEN
,310590,,2024,21251993.688,60758585.4,60758585.4,,KEN
,7205,,2024,72747.989,429029.0,429029.0,,KEN
,720690,,2024,2245.517,1485.0,1485.0,,KEN
,310290,,2024,122395.0,273199.7,273199.7,,KOR
,310510,,2024,906247.0,668166.465,668166.465,,KOR
,310520,,2024,75244009.0,157944466.27,157944466.27,,KOR
,310530,,2024,22071954.0,29631559.25,29631559.25,,KOR
,310540,,2024,23174280.0,38058057.159,38058057.159,,KOR
,310551,,2024,28882.0,21000.0,21000.0,,KOR
,310559,,2024,135568697.0,406904447.5,406904447.5,,KOR
,310590,,2024,2721479.0,6789368.356,6789368.356,,KOR
,7201,,2024,8878598.0,,0.0,,KOR
,720211,,2024,8996883.0,8744363.5,8744363.5,,KOR
,720219,,2024,12113929.0,8459125.0,8459125.0,,KOR
,720241,,2024,671406.0,434124.0,434124.0,,KOR
,720249,,2024,5477073.0,408269.4,408269.4,,KOR
,720260,,2024,276046199.0,66870849.0,66870849.0,,KOR
,7203,,2024,1283320.0,204526.133,204526.133,,KOR
,7205,,2024,68586864.0,29649617.108,29649617.108,,KOR
,720610,,2024,7272427.0,9951770.3,9951770.3,,KOR
,720690,,2024,818604.0,214542.851,214542.851,,KOR
,720711,,2024,1329561.0,2300431.898,2300431.898,,KOR
,720712,,2024,300753765.0,550440190.3,550440190.3,,KOR
,310540,,2024,44290.0,55499.69,55499.69,,KWT
,7201,,2024,20471.0,40376.726,40376.726,,KWT
,720219,,2024,47992.0,30395.071,30395.071,,KWT
,7203,,2024,12950712.0,,0.0,,KWT
,7205,,2024,2445.0,2457.565,2457.565,,KWT
,720610,,2024,527.0,380.03,380.03,,KWT
,720690,,2024,3584.0,,0.0,,KWT
,720711,,2024,4306593.0,6407943.104,6407943.104,,KWT
,720712,,2024,1707.0,2898.83,2898.83,,KWT
,310290,,2024,7548.0,300.0,300.0,,KGZ
,310510,,2024,60.0,5.0,5.0,,KGZ
,310530,,2024,8798.0,12000.0,12000.0,,KGZ
,310590,,2024,28490.0,5775.0,5775.0,,KGZ
,310290,,2024,1140.0,1074.704,1074.704,,LBN
,310510,,2024,70018.0,20006.276,20006.276,,LBN
,310520,,2024,240588.0,204373.02,204373.02,,LBN
,310559,,2024,1777.0,2091.837,2091.837,,LBN
,310590,,2024,10025.0,3919.102,3919.102,,LBN
,7203,,2024,1250.0,778.883,778.883,,LBN
,7205,,2024,45661.0,28618.083,28618.083,,LBN
,720690,,2024,91014.0,,0.0,,LBN
,310520,,2024,3835.794,5000.0,5000.0,,MDG
,7205,,2024,32.394,0.7,0.7,,MDG
,310290,,2024,1620945.631,2381055.0,2381055.0,,MYS
,310510,,2024,1672569.298,3341473.6,3341473.6,,MYS
,310520,,2024,41572074.386,88136359.73,88136359.73,,MYS
,310530,,2024,5741193.108,4938050.85,4938050.85,,MYS
,310540,,2024,2109930.925,2914150.0,2914150.0,,MYS
,310551,,2024,15228.908,1800.0,1800.0,,MYS
,310559,,2024,1141257.325,2465761.5,2465761.5,,MYS
,310590,,2024,20265966.301,52732173.26,52732173.26,,MYS
,7201,,2024,20108181.235,,0.0,,MYS
,720211,,2024,312683930.191,283895250.1,283895250.1,,MYS
,720219,,2024,26777.653,21900.07,21900.07,,MYS
,720249,,2024,1748.088,6107.0,6107.0,,MYS
,720260,,2024,48128637.251,16565377.5,16565377.5,,MYS
,7203,,2024,261360195.16,657291018.536,657291018.536,,MYS
,7205,,2024,2701553.909,7302200.19,7302200.19,,MYS
,720610,,2024,5640792.097,3683782.45,3683782.45,,MYS
,720690,,2024,717466.108,375894.175,375894.175,,MYS
,720711,,2024,740721887.342,1442333979.0,1442333979.0,,MYS
,720712,,2024,1035209121.187,1978746995.0,1978746995.0,,MYS
,310520,,2024,63300.026,83500.0,83500.0,,MUS
,310530,,2024,527.028,500.0,500.0,,MUS
,310590,,2024,18186.567,4000.0,4000.0,,MUS
,310290,,2024,146478.0,90569.0,90569.0,,MEX
,310510,,2024,7436360.0,1520419.0,1520419.0,,MEX
,310520,,2024,7254055.0,4647039.0,4647039.0,,MEX
,310530,,2024,8676909.0,14291793.0,14291793.0,,MEX
,310540,,2024,104858933.0,172057741.0,172057741.0,,MEX
,310551,,2024,4598.0,1853.0,1853.0,,MEX
,310559,,2024,4122.0,1435.0,1435.0,,MEX
,310590,,2024,17555304.0,21118459.0,21118459.0,,MEX
,720211,,2024,204677.0,195453.0,195453.0,,MEX
,720219,,2024,823543.0,433224.0,433224.0,,MEX
,7205,,2024,168896.0,0.0,0.0,,MEX
,310290,,2024,435893.214,345266.0,345266.0,,NZL
,310510,,2024,38457.107,10145.503,10145.503,,NZL
,310520,,2024,327640.418,355851.0,355851.0,,NZL
,310551,,2024,55415.201,24940.0,24940.0,,NZL
,310559,,2024,9216.197,2824.0,2824.0,,NZL
,310590,,2024,1264162.342,696798.0,696798.0,,NZL
,7205,,2024,7709.215,1601.0,1601.0,,NZL
,720610,,2024,1525.744,25.0,25.0,,NZL
,720690,,2024,44.786,2.0,2.0,,NZL
,720711,,2024,6743385.983,10020500.0,10020500.0,,NZL
,720712,,2024,2870.53,178.0,178.0,,NZL
,310520,,2024,17.5,1.6,1.6,,NIC
,310590,,2024,29491.2,151410.9,151410.9,,NIC
,720690,,2024,530.0,70.0,70.0,,NIC
,310290,,2024,6385.796,30000.0,30000.0,,NER
,310510,,2024,31280.062,100000.0,100000.0,,NGA
,720241,,2024,224.248,1000.0,1000.0,,PAK
,720249,,2024,373.75,1000.0,1000.0,,PAK
,7203,,2024,2465.365,25000.0,25000.0,,PAK
,7205,,2024,559760.666,7251000.0,7251000.0,,PAK
,720690,,2024,1271.889,5000.0,5000.0,,PAK
,720711,,2024,22755.894,3000.0,3000.0,,PAK
,310510,,2024,23422.0,26950.0,26950.0,,PAN
,310540,,2024,132722.0,100000.0,100000.0,,PAN
,310559,,2024,41100.0,57393.0,57393.0,,PAN
,310590,,2024,47148.0,9637.0,9637.0,,PAN
,310510,,2024,406723.6,77612.6,77612.6,,PRY
,310520,,2024,175283.5,95385.0,95385.0,,PRY
,310540,,2024,738804.0,1231340.0,1231340.0,,PRY
,310590,,2024,118326.38,54377.3,54377.3,,PRY
,7205,,2024,504.58,174.0,174.0,,PRY
,720711,,2024,1462020.0,2620000.0,2620000.0,,PRY
,310290,,2024,542892.073,985350.0,985350.0,,PER
,310510,,2024,925796.992,303539.084,303538.084,,PER
,310520,,2024,2969128.534,3069748.88,3069748.88,,PER
,310530,,2024,5798393.779,7828950.0,7828950.0,,PER
,310540,,2024,13922278.721,19160675.0,19160675.0,,PER
,310559,,2024,205012.16,1031422.5,1031422.5,,PER
,310590,,2024,2453393.367,4352047.792,4352047.792,,PER
,720211,,2024,14190.131,7271.582,7271.582,,PER
,720241,,2024,45157.715,25750.0,25750.0,,PER
,720249,,2024,54242.728,13549.52,13549.52,,PER
,7203,,2024,1487.04,69.08,69.08,,PER
,7205,,2024,16112.723,10503.047,10503.047,,PER
,720711,,2024,15.6,217.5,217.5,,PER
,310510,,2024,26270.0,19000.0,19000.0,,PHL
,310520,,2024,18508543.0,36140400.0,36140400.0,,PHL
,310530,,2024,941.0,50.0,50.0,,PHL
,310590,,2024,23000.0,3410.0,3410.0,,PHL
,7201,,2024,314.0,49.58,49.58,,PHL
,720249,,2024,409899.0,,0.0,,PHL
,7203,,2024,16000.0,40000.0,40000.0,,PHL
,7205,,2024,1827837.0,11823504.5,11823504.5,,PHL
,720711,,2024,668684.0,127787.4,127787.4,,PHL
,7201,,2024,226583257.367,0.0,0.0,,QAT
,7203,,2024,6417.308,0.0,0.0,,QAT
,7205,,2024,163426.646,0.0,0.0,,QAT
,310290,,2024,853.333,200.0,200.0,,SAU
,310520,,2024,46012861.783,68664294.0,68664294.0,,SAU
,310530,,2024,2305032685.041,3901845000.0,3901845000.0,,SAU
,310540,,2024,886068251.182,1423810000.0,1423810000.0,,SAU
,310551,,2024,9333.333,12500.0,12500.0,,SAU
,310559,,2024,102195711.578,281022640.0,281022640.0,,SAU
,310590,,2024,1342388.766,1925989.0,1925989.0,,SAU
,7201,,2024,71554328.611,124963700.0,124963700.0,,SAU
,720241,,2024,9882.666,7881.0,7881.0,,SAU
,720249,,2024,47999.999,90.0,90.0,,SAU
,720260,,2024,1956.0,204.0,204.0,,SAU
,7205,,2024,4947201.476,28148137.0,28148137.0,,SAU
,720711,,2024,46171246.312,85217280.0,85217280.0,,SAU
,310290,,2024,14799.75,30000.0,30000.0,,SEN
,310520,,2024,17663858.506,29086500.0,29086500.0,,SEN
,310530,,2024,620421.671,930000.0,930000.0,,SEN
,310540,,2024,24773958.828,,0.0,,SEN
,310590,,2024,468454.706,598011.0,598011.0,,SEN
,7201,,2024,83865.25,537000.0,537000.0,,SEN
,7203,,2024,50199.108,30000.0,30000.0,,SEN
,720610,,2024,1318.117,776.0,776.0,,SEN
,310290,,2024,161284.0,99140.0,99140.0,,SRB
,310510,,2024,546223.0,178813.655,178813.655,,SRB
,310520,,2024,122161513.0,254140710.0,254140710.0,,SRB
,310530,,2024,2624.0,587.0,587.0,,SRB
,310540,,2024,8902894.0,8527519.44,8527519.44,,SRB
,310559,,2024,27912761.0,62692953.0,62692953.0,,SRB
,310590,,2024,1743231.0,1442524.93,1442524.93,,SRB
,7201,,2024,4104012.0,15309062.0,15309062.0,,SRB
,720211,,2024,88288.0,59891.0,59891.0,,SRB
,720219,,2024,26868.0,14319.0,14319.0,,SRB
,720241,,2024,3159.0,1500.0,1500.0,,SRB
,720249,,2024,62019.0,22000.0,22000.0,,SRB
,7203,,2024,2436.0,333.0,333.0,,SRB
,7205,,2024,713149.0,327219.251,327219.251,,SRB
,720712,,2024,3322.0,3963.0,3963.0,,SRB
,310290,,2024,383600.029,815339.0,815339.0,,IND
,310510,,2024,2264486.083,320120.0,320120.0,,IND
,310520,,2024,11936245.863,37969781.327,37969781.327,,IND
,310530,,2024,45192693.395,73181116.497,73181116.497,,IND
,310540,,2024,207523.829,161081.215,161081.215,,IND
,310551,,2024,69132.728,19915.0,19915.0,,IND
,310559,,2024,37395.769,7319.0,7319.0,,IND
,310590,,2024,6618433.02,1827171.473,1827171.473,,IND
,7201,,2024,107558985.005,262693932.728,262693932.728,,IND
,720211,,2024,522081359.865,558613976.0,558613976.0,,IND
,720219,,2024,211382670.549,166429307.019,166429307.019,,IND
,720241,,2024,646776578.332,515798351.0,515798351.0,,IND
,720249,,2024,94987486.931,33973305.0,33973305.0,,IND
,720260,,2024,3743955.991,1162060.0,1162060.0,,IND
,7203,,2024,454704566.801,1399996871.07,1399996871.07,,IND
,7205,,2024,34462344.345,48472045.409,48472045.409,,IND
,720610,,2024,265003.484,159212.57,159212.57,,IND
,720690,,2024,183872911.58,292742103.691,292742103.691,,IND
,720711,,2024,6495530.755,4284843.0,4284843.0,,IND
,720712,,2024,230806985.63,463905756.032,463905756.032,,IND
,310290,,2024,1034638.162,8454170.0,8454170.0,,SGP
,310510,,2024,182689.65,55196.578,55196.578,,SGP
,310520,,2024,891449.098,317435.416,317435.416,,SGP
,310530,,2024,83331.254,44530.0,44530.0,,SGP
,310540,,2024,511817.796,,0.0,,SGP
,310551,,2024,50928.979,810.0,810.0,,SGP
,310559,,2024,53632.849,21120.0,21120.0,,SGP
,310590,,2024,791051.962,254312.887,254312.887,,SGP
,7201,,2024,51039.739,15430.0,15430.0,,SGP
,720211,,2024,50555.542,32050.0,32050.0,,SGP
,720219,,2024,23587.946,31136.466,31136.466,,SGP
,720249,,2024,33650.56,61.654,61.654,,SGP
,720260,,2024,10370.943,109010.0,109010.0,,SGP
,7203,,2024,669857.56,21960.0,21960.0,,SGP
,7205,,2024,10846159.599,9024656.103,9024656.103,,SGP
,720610,,2024,55042.034,18150.0,18150.0,,SGP
,720690,,2024,294108.813,105252.004,105252.004,,SGP
,720711,,2024,181192.157,2884.032,2884.032,,SGP
,720712,,2024,420002.993,377930.0,377930.0,,SGP
,310290,,2024,64247313.598,117827549.51,117827549.51,,ZAF
,310510,,2024,2658518.077,1743542.23,1743542.23,,ZAF
,310520,,2024,28851111.231,40322169.58,40322169.58,,ZAF
,310530,,2024,65991.195,56059.62,56059.62,,ZAF
,310540,,2024,52515265.666,82466487.5,82466487.5,,ZAF
,310551,,2024,1089397.362,1595855.49,1595855.49,,ZAF
,310559,,2024,807056.496,1346451.56,1346451.56,,ZAF
,310590,,2024,50714978.536,67938089.77,67938089.77,,ZAF
,7201,,2024,250277133.128,,0.0,,ZAF
,720211,,2024,40613392.747,37626962.5,37626962.5,,ZAF
,720219,,2024,127066376.701,75407895.31,75407895.31,,ZAF
,720241,,2024,3752353657.145,3596158613.614,3596158613.614,,ZAF
,720249,,2024,43807818.709,46935416.2,46935416.2,,ZAF
,720260,,2024,1174.172,1045.0,1045.0,,ZAF
,7203,,2024,7980951.082,27424128.81,27424128.81,,ZAF
,7205,,2024,7211108.387,,0.0,,ZAF
,720610,,2024,414062.08,365819.58,365819.58,,ZAF
,720690,,2024,465099.697,179503.95,179503.95,,ZAF
,720711,,2024,43138297.655,78396395.39,78396395.39,,ZAF
,720712,,2024,19354379.402,31566759.729,31566759.729,,ZAF
,310520,,2024,80166.619,68000.0,68000.0,,ZWE
,310590,,2024,157574.613,706850.0,1199000.0,,ZWE
,7201,,2024,439702.948,2666000.0,2468000.0,,ZWE
,720241,,2024,334290924.617,361869910.0,442423170.0,,ZWE
,7203,,2024,102369.942,458160.0,458160.0,,ZWE
,720690,,2024,8580301.779,45083055.0,44429400.0,,ZWE
,310559,,2024,27060.2,2120.0,2120.0,,SUR
,310290,,2024,727631.85,1450025.0,1450025.0,,THA
,310510,,2024,4570748.27,8411052.0,8411052.0,,THA
,310520,,2024,81519880.35,152541553.0,152541553.0,,THA
,310530,,2024,2264742.91,3302375.0,3302375.0,,THA
,310540,,2024,11615415.69,17239869.0,17239869.0,,THA
,310551,,2024,3533210.09,7418550.0,7418550.0,,THA
,310559,,2024,7009699.69,12844178.0,12844178.0,,THA
,310590,,2024,27059995.56,58766444.0,58766444.0,,THA
,7201,,2024,1127646.12,1535293.597,1535293.597,,THA
,720211,,2024,668.82,1500.0,1500.0,,THA
,720219,,2024,78956.53,383986.0,383986.0,,THA
,720249,,2024,48.01,6.0,6.0,,THA
,7203,,2024,178363.13,749697.0,749697.0,,THA
,7205,,2024,38465258.15,24900125.105,24900125.105,,THA
,720610,,2024,184.76,200.0,200.0,,THA
,720690,,2024,6571.48,7618.0,7618.0,,THA
,720711,,2024,18974460.37,37915853.0,37915853.0,,THA
,720712,,2024,2271617.11,1393992.0,1393992.0,,THA
,310520,,2024,111822.9,700000.0,700000.0,,TGO
,720211,,2024,31951.458,28000.0,28000.0,,TGO
,720610,,2024,398568.765,998000.0,998000.0,,TGO
,310290,,2024,41014.807,13830.799,13830.799,,TTO
,310510,,2024,5212.794,681.0,681.0,,TTO
,310520,,2024,563091.052,56761.0,56761.0,,TTO
,310551,,2024,361.623,57.0,57.0,,TTO
,310559,,2024,42.221,6.0,6.0,,TTO
,310590,,2024,105468.593,15155.0,15155.0,,TTO
,7201,,2024,6504.622,7960.0,7960.0,,TTO
,7203,,2024,558838735.235,1195900.0,1195900.0,,TTO
,720711,,2024,12722.583,54.0,54.0,,TTO
,310520,,2024,3794001.077,3222901.626,3222901.626,,TUN
,310530,,2024,147801564.389,223571128.853,223571128.853,,TUN
,310540,,2024,22768891.176,28020060.078,28020060.078,,TUN
,310559,,2024,3958349.01,4659662.709,4659662.709,,TUN
,310590,,2024,274702.401,107390.21,107390.21,,TUN
,7203,,2024,5995.913,,0.0,,TUN
,7205,,2024,855.364,547.84,547.84,,TUN
,310290,,2024,2390272.0,4642827.0,4642827.0,,TUR
,310510,,2024,22405618.0,12834427.0,12834427.0,,TUR
,310520,,2024,75788102.0,135459872.0,135459872.0,,TUR
,310530,,2024,104172348.0,172442470.0,172442470.0,,TUR
,310540,,2024,7206865.0,10835966.0,10835966.0,,TUR
,310551,,2024,100382.0,139404.0,139404.0,,TUR
,310559,,2024,56841695.0,144035860.0,144035860.0,,TUR
,310590,,2024,11721890.0,11597849.0,11597849.0,,TUR
,7201,,2024,6127842.0,,0.0,,TUR
,720211,,2024,1358393.0,1053662.0,1053662.0,,TUR
,720219,,2024,5585041.0,2587994.0,2587994.0,,TUR
,720241,,2024,73560807.0,40164642.0,40164642.0,,TUR
,720249,,2024,99599852.0,29543480.0,29543480.0,,TUR
,720260,,2024,7579.0,519.604,519.604,,TUR
,7203,,2024,9658.0,1545.0,1545.0,,TUR
,7205,,2024,15332953.0,,0.0,,TUR
,720610,,2024,477214.0,678263.0,678263.0,,TUR
,720690,,2024,134287.0,196154.0,196154.0,,TUR
,720711,,2024,30155236.0,53514493.0,53514493.0,,TUR
,720712,,2024,100209336.0,178876681.0,178876681.0,,TUR
,310520,,2024,33087.89,5887.5,5887.5,,UGA
,310590,,2024,207001.12,290850.0,290850.0,,UGA
,720211,,2024,16814.98,28500.0,28500.0,,UGA
,7203,,2024,46565155.29,30074400.0,30074400.0,,UGA
,7205,,2024,319541.43,298959.0,298959.0,,UGA
,720610,,2024,2078.16,890.0,890.0,,UGA
,720690,,2024,68469.55,83551.1,83551.1,,UGA
,720711,,2024,2516222.74,4295140.0,4295140.0,,UGA
,310290,,2024,1513.22,675.0,675.0,,UKR
,310510,,2024,323908.47,107021.32,107021.32,,UKR
,310520,,2024,247219.15,148715.71,148715.71,,UKR
,310551,,2024,6240.98,14000.0,14000.0,,UKR
,310559,,2024,16059.55,4830.99,4830.99,,UKR
,310590,,2024,258161.57,95147.9,95147.9,,UKR
,7201,,2024,500341090.69,1290623340.0,1290623340.0,,UKR
,720211,,2024,237671.17,339000.0,339000.0,,UKR
,720219,,2024,646020.96,141083.0,141083.0,,UKR
,720260,,2024,1618136.73,1182230.0,1182230.0,,UKR
,7203,,2024,12190.77,136280.0,136280.0,,UKR
,7205,,2024,9459430.04,11078582.0,11078582.0,,UKR
,720610,,2024,19849.84,33880.0,33880.0,,UKR
,720711,,2024,553178915.33,1129345800.0,1129345800.0,,UKR
,720712,,2024,62643673.59,118303790.0,118303790.0,,UKR
,310290,,2024,19710.7,13702.0,13702.0,,MKD
,310520,,2024,186619.37,319087.0,319087.0,,MKD
,310530,,2024,2360.87,600.0,600.0,,MKD
,310590,,2024,35888.74,20535.0,20535.0,,MKD
,720211,,2024,212933.78,181958.0,181958.0,,MKD
,720260,,2024,31.02,622.0,622.0,,MKD
,7205,,2024,298067.13,300920.0,300920.0,,MKD
,720690,,2024,457.0,200.0,200.0,,MKD
,720712,,2024,14400.94,16843.0,16843.0,,MKD
,310290,,2024,189539.86,167715.681,167715.681,,EGY
,310520,,2024,15638525.914,12359657.443,12359657.443,,EGY
,310530,,2024,56859865.93,83065604.007,83065604.007,,EGY
,310540,,2024,133416554.046,138080426.223,138080426.223,,EGY
,310551,,2024,50200.0,68329.908,68329.908,,EGY
,310559,,2024,187425.82,180846.908,180846.908,,EGY
,310590,,2024,9268666.655,3328067.021,3328067.021,,EGY
,7201,,2024,62848.34,,0.0,,EGY
,720211,,2024,1843596.24,1748210.526,1748210.526,,EGY
,720219,,2024,1012135.0,670593.918,670593.918,,EGY
,7203,,2024,1192.0,1660.6,1660.6,,EGY
,7205,,2024,18840519.222,11536646.875,11536646.875,,EGY
,720690,,2024,853246.41,,0.0,,EGY
,720711,,2024,20075.736,26374.383,26374.383,,EGY
,310290,,2024,11023867.013,6629945.0,6629945.0,,GBR
,310510,,2024,22623845.351,,0.0,,GBR
,310520,,2024,66187606.532,72616901.0,72616901.0,,GBR
,310530,,2024,559135.128,280187.0,280187.0,,GBR
,310540,,2024,1432490.313,433452.0,433452.0,,GBR
,310551,,2024,3331416.976,2685041.0,2685041.0,,GBR
,310559,,2024,2483030.813,1426306.0,1426306.0,,GBR
,310590,,2024,57446260.98,,0.0,,GBR
,7201,,2024,31629200.231,,0.0,,GBR
,720211,,2024,446663.552,,0.0,,GBR
,720219,,2024,182626.322,,0.0,,GBR
,720241,,2024,4526056.648,1490363.226,1490363.226,,GBR
,720249,,2024,949648.503,,0.0,,GBR
,720260,,2024,1080648.674,,0.0,,GBR
,7203,,2024,2252061.968,,0.0,,GBR
,7205,,2024,61134760.211,,0.0,,GBR
,720610,,2024,2149601.084,174930.0,174930.0,,GBR
,720690,,2024,5199409.801,7593108.0,7593108.0,,GBR
,720711,,2024,21919198.163,,0.0,,GBR
,720712,,2024,418073.534,,0.0,,GBR
,310520,,2024,1179712.374,2203136.2,2203136.2,,TZA
,310530,,2024,20381626.25,,0.0,,TZA
,310551,,2024,4714789.441,9758000.0,9758000.0,,TZA
,310590,,2024,2277168.396,9855200.0,9855200.0,,TZA
,720249,,2024,2985.563,1000.0,1000.0,,TZA
,7203,,2024,2273.323,4050.0,4050.0,,TZA
,7205,,2024,1486.77,5000.0,5000.0,,TZA
,720610,,2024,4206908.011,4719608.0,4719608.0,,TZA
,720690,,2024,285978.723,349208.5,349208.5,,TZA
,720711,,2024,930383.774,2570360.0,2570360.0,,TZA
,720712,,2024,191.913,2000.0,2000.0,,TZA
,310290,,2024,47465470.0,49289000.0,49289000.0,,USA
,310510,,2024,33996516.0,9286527.567,9286527.567,,USA
,310520,,2024,81198427.0,300006000.0,300006000.0,,USA
,310530,,2024,199898326.0,375396000.0,375396000.0,,USA
,310540,,2024,1230701236.0,1852108000.0,1852108000.0,,USA
,310551,,2024,41315549.0,53018000.0,53018000.0,,USA
,310559,,2024,704022798.0,1399920000.0,1399920000.0,,USA
,310590,,2024,283806173.0,375783000.0,375783000.0,,USA
,7201,,2024,2506132.0,4425000.0,4425000.0,,USA
,720211,,2024,11627714.0,8746639.0,8746639.0,,USA
,720219,,2024,11328615.0,6170756.0,6170756.0,,USA
,720241,,2024,14320069.0,13371323.0,13371323.0,,USA
,720249,,2024,4456227.0,2508595.0,2508595.0,,USA
,720260,,2024,1982350.0,120390.0,120390.0,,USA
,7203,,2024,386196593.0,1143486000.0,1143486000.0,,USA
,7205,,2024,186542276.0,87938462.056,87938462.056,,USA
,720610,,2024,26665974.0,6269882.0,6269882.0,,USA
,720690,,2024,17570549.0,2613178.0,2613178.0,,USA
,720711,,2024,5734163.0,5985678.0,5985678.0,,USA
,720712,,2024,4139768.0,2050560.493,2050560.493,,USA
,310290,,2024,6560.0,16000.0,16000.0,,URY
,310520,,2024,1463263.0,2518890.0,2518890.0,,URY
,310530,,2024,427043.0,595432.0,595432.0,,URY
,310540,,2024,919589.0,1534227.0,1534227.0,,URY
,310551,,2024,99898.0,12000.0,12000.0,,URY
,310559,,2024,1015548.0,1663136.0,1663136.0,,URY
,310590,,2024,168387.0,62063.0,62063.0,,URY
,7205,,2024,79432.0,15546.0,15546.0,,URY
,310510,,2024,8300.0,10000.0,10000.0,,UZB
,310520,,2024,17351022.0,41778300.0,41778300.0,,UZB
,310530,,2024,32290947.99,55161600.0,55161600.0,,UZB
,310551,,2024,51000.0,204000.0,204000.0,,UZB
,310559,,2024,10036043.0,19713800.0,19713800.0,,UZB
,310590,,2024,128500.0,559000.0,559000.0,,UZB
,720211,,2024,7940.0,3000.0,3000.0,,UZB
,310590,,2024,7269.0,26000.0,26000.0,,YEM
,7201,,2024,1700.0,340000.0,340000.0,,YEM
,310290,,2024,5064.279,90000.0,90000.0,,ZMB
,310510,,2024,740305.512,12225.0,12225.0,,ZMB
,310520,,2024,80599895.491,98593252.0,98593252.0,,ZMB
,310530,,2024,6976148.233,8437000.0,8437000.0,,ZMB
,310551,,2024,20485.584,33000.0,33000.0,,ZMB
,310590,,2024,1206796.528,1531325.0,1531325.0,,ZMB
,720211,,2024,6399152.714,6860040.0,6860040.0,,ZMB
,720690,,2024,256975.484,1008780.0,1008780.0,,ZMB
,720711,,2024,1059807.382,3590880.0,3590880.0,,ZMB
,7208,,2023,233.83,921.1,921.1,,SWZ
,7209,,2023,49.44,30.0,30.0,,SWZ
,7210,,2023,10087.13,1654.0,1654.0,,SWZ
,721114,,2023,250.47,120.0,120.0,,SWZ
,7212,,2023,17.21,10.05,10.05,,SWZ
,7213,,2023,496.25,1674.0,1674.0,,SWZ
,721420,,2023,2405.1,7964.33,7964.33,,SWZ
,7215,,2023,810.85,600.0,600.0,,SWZ
,7216,,2023,1968.18,5897.0,5897.0,,SWZ
,7208,,2023,385.0,1700.0,1700.0,,TJK
,7210,,2023,154528.0,310087.0,310087.0,,TJK
,7213,,2023,16220.0,45100.0,45100.0,,TJK
,721499,,2023,55079.0,132490.0,132490.0,,TJK
,7216,,2023,38250.0,146812.0,146812.0,,TJK
,720719,,2023,6482058.148,50491.0,50491.0,,THA
,720720,,2023,45143435.951,81725910.0,81725910.0,,THA
,7208,,2023,16288883.272,,0.0,,THA
,7209,,2023,45085502.625,,0.0,,THA
,7210,,2023,83193265.601,78327849.842,78327849.842,,THA
,721113,,2023,76920.577,60670.888,60670.888,,THA
,721114,,2023,42530.636,,0.0,,THA
,721119,,2023,42727.103,29697.0,29697.0,,THA
,721123,,2023,178714.7,98821.0,98821.0,,THA
,721129,,2023,1350171.26,1008987.994,1008987.994,,THA
,721190,,2023,1238549.17,1215501.291,1215501.291,,THA
,7212,,2023,11962472.026,7547574.833,7547574.833,,THA
,7213,,2023,19833273.937,23559882.46,23559882.46,,THA
,721410,,2023,947035.182,1064013.59,1064013.59,,THA
,721420,,2023,120215227.244,223939823.0,223939823.0,,THA
,721430,,2023,5456025.07,,0.0,,THA
,721491,,2023,2692377.065,1369399.0,1369399.0,,THA
,721499,,2023,5817945.56,7519112.0,7519112.0,,THA
,7215,,2023,7694204.652,6322957.951,6322957.951,,THA
,7216,,2023,212845082.256,290057908.004,290057908.004,,THA
,7209,,2023,21431.93,20000.0,20000.0,,TGO
,7210,,2023,145077.68,110000.0,110000.0,,TGO
,721190,,2023,6594.44,14710.0,14710.0,,TGO
,721420,,2023,101524.935,40579.0,40579.0,,TGO
,721499,,2023,144879.847,286000.0,286000.0,,TGO
,7215,,2023,7782922.949,11724000.0,11724000.0,,TGO
,7216,,2023,1855477.583,1768500.0,1768500.0,,TGO
,7208,,2023,257645.097,116087.863,116087.863,,TTO
,7209,,2023,3543.418,1626.0,1626.0,,TTO
,7210,,2023,597860.91,341279.194,341279.194,,TTO
,721119,,2023,58606.759,42726.0,42726.0,,TTO
,721190,,2023,1763.931,86.0,86.0,,TTO
,7212,,2023,104951.624,44083.0,44083.0,,TTO
,7213,,2023,71258.415,70463.986,70463.986,,TTO
,721410,,2023,31229.008,21148.0,21148.0,,TTO
,721420,,2023,1454713.827,1192896.0,1192896.0,,TTO
,721491,,2023,30596.44,4831.108,4831.108,,TTO
,721499,,2023,111791.803,65907.0,65907.0,,TTO
,7215,,2023,2489.829,107.0,107.0,,TTO
,7216,,2023,3651000.015,1818561.322,1818561.322,,TTO
,720719,,2023,10569103.329,16703504.38,16703504.38,,ARE
,720720,,2023,64808809.537,111919277.53,111919277.53,,ARE
,7208,,2023,248588920.884,,0.0,,ARE
,7209,,2023,13502134.055,16442758.33,16442758.33,,ARE
,7210,,2023,580113895.381,539223742.287,539223742.287,,ARE
,721113,,2023,219578.003,277921.4,277921.4,,ARE
,721114,,2023,432054.844,471491.64,471491.64,,ARE
,721119,,2023,2680381.793,3974032.85,3974032.85,,ARE
,721123,,2023,66721.961,44824.1,44824.1,,ARE
,721129,,2023,127396.323,114223.83,114223.83,,ARE
,721190,,2023,104938742.303,58199208.35,58199208.35,,ARE
,7212,,2023,20045269.02,19060296.41,19060296.41,,ARE
,7213,,2023,109420920.155,,0.0,,ARE
,721410,,2023,48042682.688,66155595.78,66155595.78,,ARE
,721420,,2023,387743569.94,567450720.28,567450720.28,,ARE
,721430,,2023,1838387.042,,0.0,,ARE
,721491,,2023,3879417.754,4154888.326,4154888.326,,ARE
,721499,,2023,4102308.288,5417336.19,5417336.19,,ARE
,7215,,2023,12476595.899,19870588.107,19870588.107,,ARE
,7216,,2023,491487595.972,512639961.571,512639961.571,,ARE
,720720,,2023,258369.064,504633.0,504633.0,,TUN
,7208,,2023,362719.865,392847.0,392847.0,,TUN
,7209,,2023,55412853.228,59381560.0,59381560.0,,TUN
,7210,,2023,121313133.706,124265951.0,124265951.0,,TUN
,721119,,2023,116191.966,158620.0,158620.0,,TUN
,721123,,2023,3395.257,58.0,58.0,,TUN
,721129,,2023,22066.695,12331.0,12331.0,,TUN
,7212,,2023,7782160.15,7157627.0,7157627.0,,TUN
,7213,,2023,35600716.383,56327974.0,56327974.0,,TUN
,721420,,2023,34046628.614,51330038.0,51330038.0,,TUN
,721430,,2023,59.065,126.0,126.0,,TUN
,721491,,2023,1761138.686,2165015.0,2165015.0,,TUN
,721499,,2023,2531894.623,3584943.0,3584943.0,,TUN
,7215,,2023,49530.471,40051.0,40051.0,,TUN
,7216,,2023,7998752.716,7494442.0,7494442.0,,TUN
,7208,,2023,82783.836,19213.5,19213.5,,ALB
,7210,,2023,230507.89,185248.8,185248.8,,ALB
,721420,,2023,203586393.934,312614470.0,312614470.0,,ALB
,7216,,2023,1158713.032,0.0,0.0,,ALB
,720719,,2023,16.548,402.0,402.0,,AGO
,7208,,2023,137611.47,,0.0,,AGO
,7209,,2023,402782.114,436549.699,436549.699,,AGO
,7210,,2023,318708.706,348609.986,348609.986,,AGO
,721114,,2023,11.435,1.0,1.0,,AGO
,721119,,2023,164914.661,30000.0,30000.0,,AGO
,7212,,2023,32481.393,18745.0,18745.0,,AGO
,7213,,2023,12.513,20.0,20.0,,AGO
,721410,,2023,724330.87,1255896.58,1255896.58,,AGO
,721420,,2023,9290722.578,25698799.722,25698799.722,,AGO
,721430,,2023,4735973.651,7831103.71,7831103.71,,AGO
,721491,,2023,427567.834,361213.578,361213.578,,AGO
,721499,,2023,1023170.753,1376925.401,1376925.401,,AGO
,7215,,2023,37726.492,,0.0,,AGO
,7216,,2023,2183570.2,5629909.655,5629909.655,,AGO
,720719,,2023,5000.0,605.0,605.0,,AZE
,720720,,2023,6427899.12,11552303.9,11552303.9,,AZE
,7208,,2023,113170.2,169560.0,169560.0,,AZE
,7210,,2023,213206.04,154837.4,154837.4,,AZE
,7213,,2023,46849.31,70232.0,70232.0,,AZE
,721420,,2023,5424131.16,8743720.0,8743720.0,,AZE
,721499,,2023,31199500.4,49470430.0,49470430.0,,AZE
,7215,,2023,920.0,3.0,3.0,,AZE
,7216,,2023,332136.0,380034.83,380034.83,,AZE
,721499,,2023,1107179.69,1486840.0,1486840.0,,ARG
,7216,,2023,27647.93,6491.22,6491.22,,ARG
,720719,,2023,214520.274,200940.0,200940.0,,AUS
,720720,,2023,743868.353,739400.0,739400.0,,AUS
,7208,,2023,202504032.126,365312820.444,365312820.444,,AUS
,7209,,2023,1563976.197,1046434.062,1046434.062,,AUS
,7210,,2023,288589369.012,444927014.0,444927014.0,,AUS
,721113,,2023,19657.305,3830.0,3830.0,,AUS
,721119,,2023,11524.118,5500.0,5500.0,,AUS
,721129,,2023,285.678,100.0,100.0,,AUS
,721190,,2023,179737.314,101420.0,101420.0,,AUS
,7212,,2023,7090295.87,4056740.0,4056740.0,,AUS
,7213,,2023,602455.742,513625.0,513625.0,,AUS
,721410,,2023,41263.2,8200.0,8200.0,,AUS
,721420,,2023,410153.909,151020.0,151020.0,,AUS
,721430,,2023,12900.023,2400.0,2400.0,,AUS
,721491,,2023,130124.344,113840.0,113840.0,,AUS
,721499,,2023,328197.537,152261.922,152261.922,,AUS
,7215,,2023,17865962.406,6824526.0,6824526.0,,AUS
,7216,,2023,4650601.613,2650516.0,2650516.0,,AUS
,720719,,2023,126104.587,,0.0,,BHR
,7208,,2023,187529.874,180761.818,180761.818,,BHR
,7209,,2023,78771.909,70275.037,70275.037,,BHR
,7210,,2023,29626.42,25751.493,25751.493,,BHR
,721114,,2023,280.061,247.035,247.035,,BHR
,721119,,2023,46908.034,42801.779,42801.779,,BHR
,721129,,2023,4.141,1.894,1.894,,BHR
,7212,,2023,2182.077,1208.696,1208.696,,BHR
,7213,,2023,9489.713,12884.136,12884.136,,BHR
,721410,,2023,1440.309,966.224,966.224,,BHR
,721420,,2023,10000.899,13977.683,13977.683,,BHR
,721430,,2023,10.66,9.553,9.553,,BHR
,721491,,2023,899.016,939.538,939.538,,BHR
,7215,,2023,41293.633,20569.128,20569.128,,BHR
,7216,,2023,168360543.619,178382687.09,178382687.09,,BHR
,720720,,2023,1519800.45,3595190.0,3595190.0,,ARM
,7208,,2023,35411.05,53970.44,53970.44,,ARM
,7209,,2023,86035.43,60622.82,60622.82,,ARM
,721114,,2023,5126.74,3831.0,3831.0,,ARM
,721123,,2023,4443.3,2941.0,2941.0,,ARM
,721129,,2023,28473.07,30236.0,30236.0,,ARM
,721499,,2023,19479.57,12549.2,12549.2,,ARM
,7215,,2023,3378.55,425.8,425.8,,ARM
,7216,,2023,57247.96,16877.133,16877.133,,ARM
,7208,,2023,29102.01,14268.7,14268.7,,BOL
,7210,,2023,230.0,389.9,389.9,,BOL
,7213,,2023,470.0,1996.0,1996.0,,BOL
,721420,,2023,3324883.41,3432083.0,3432083.0,,BOL
,7215,,2023,1047.6,1000.0,1000.0,,BOL
,720719,,2023,1279799.381,33520.0,33520.0,,BIH
,720720,,2023,351.62,1.48,1.48,,BIH
,7208,,2023,653454.156,664173.99,664173.99,,BIH
,7209,,2023,43524.641,36712.55,36712.55,,BIH
,7210,,2023,2219245.482,1680435.6,1680435.6,,BIH
,721114,,2023,223.329,117.48,117.48,,BIH
,721119,,2023,32982.795,36905.08,36905.08,,BIH
,721123,,2023,108721.698,89154.0,89154.0,,BIH
,721129,,2023,38645.202,25443.0,25443.0,,BIH
,721190,,2023,4031.758,5638.88,5638.88,,BIH
,7212,,2023,252156.381,141970.14,141970.14,,BIH
,7213,,2023,138430349.118,198416682.18,198416682.18,,BIH
,721410,,2023,21628.579,30410.0,30410.0,,BIH
,721420,,2023,95175448.173,137611164.9,137611164.9,,BIH
,721491,,2023,916278.629,937281.07,937281.07,,BIH
,721499,,2023,785880.33,876454.84,876454.84,,BIH
,7215,,2023,494365.371,346740.83,346740.83,,BIH
,7216,,2023,1705437.951,1270407.74,1270407.74,,BIH
,720719,,2023,31877.0,25096.899,24412.899,,BRA
,720720,,2023,330693481.0,543014845.082,543014845.082,,BRA
,7208,,2023,569201975.0,,0.0,,BRA
,7209,,2023,60422431.0,,0.0,,BRA
,7210,,2023,433099648.0,321638888.356,321508272.356,,BRA
,721113,,2023,2222.0,232.0,232.0,,BRA
,721114,,2023,415674.0,,0.0,,BRA
,721119,,2023,218807.0,87096.927,87093.927,,BRA
,721123,,2023,11344099.0,7825837.703,0.0,,BRA
,721129,,2023,6778409.0,3267853.004,3267835.004,,BRA
,721190,,2023,1543102.0,523471.957,523472.957,,BRA
,7212,,2023,14657821.0,6847463.441,6847457.441,,BRA
,7213,,2023,213767846.0,277732424.0,277732424.0,,BRA
,721410,,2023,176143.0,46559.102,46559.102,,BRA
,721420,,2023,218062591.0,,0.0,,BRA
,721430,,2023,1962253.0,1811838.018,1811838.018,,BRA
,721491,,2023,14986311.0,,0.0,,BRA
,721499,,2023,44497798.0,45034385.034,45033735.034,,BRA
,7215,,2023,11914669.0,,8801733.811,,BRA
,7216,,2023,76579351.0,90555679.301,90538693.301,,BRA
,7208,,2023,190989.169,223484.453,223484.453,,BRN
,7210,,2023,3175.165,516.0,516.0,,BRN
,721114,,2023,1159.946,2000.0,2000.0,,BRN
,721119,,2023,111.684,3000.0,3000.0,,BRN
,721410,,2023,893.469,100.0,100.0,,BRN
,721499,,2023,15635.708,21000.0,21000.0,,BRN
,7215,,2023,1996.01,3128.0,3128.0,,BRN
,7216,,2023,45622.761,22861.0,22861.0,,BRN
,7208,,2023,23527.49,11980.0,11980.0,,MMR
,7210,,2023,270.0,1.92,1.92,,MMR
,721420,,2023,1408.39,6500.0,6500.0,,MMR
,7215,,2023,138616.91,15945.67,15945.67,,MMR
,7216,,2023,270.0,1.92,1.92,,MMR
,7209,,2023,1033.82,539.0,539.0,,KHM
,7210,,2023,90000.02,105385.0,105385.0,,KHM
,721190,,2023,35004.0,58340.0,58340.0,,KHM
,721410,,2023,11.0,10.0,10.0,,KHM
,721499,,2023,172908.16,260024.0,260024.0,,KHM
,7216,,2023,126.5,115.0,115.0,,KHM
,7208,,2023,2745009.418,2984790.0,2984790.0,,CMR
,7210,,2023,35677.184,19808.0,19808.0,,CMR
,7212,,2023,198503.458,100083.0,100083.0,,CMR
,7213,,2023,5817.56,10000.0,10000.0,,CMR
,721410,,2023,116613.821,138000.0,138000.0,,CMR
,721420,,2023,20521470.809,23176800.0,23176800.0,,CMR
,721491,,2023,6557.221,4500.0,4500.0,,CMR
,721499,,2023,3399102.541,3783700.0,3783700.0,,CMR
,7215,,2023,464281.309,543259.0,543259.0,,CMR
,7216,,2023,83010.095,117273.0,117273.0,,CMR
,720719,,2023,153012.577,23000.0,23000.0,,CAN
,720720,,2023,46214077.673,61902000.0,61902000.0,,CAN
,7208,,2023,1461461231.78,1504469258.0,1504469258.0,,CAN
,7209,,2023,507905375.102,450663652.0,450663652.0,,CAN
,7210,,2023,1322765622.556,917912901.0,917912901.0,,CAN
,721113,,2023,14127.623,29338.0,29338.0,,CAN
,721114,,2023,145322082.082,145290923.0,145290923.0,,CAN
,721119,,2023,76827376.68,71054303.0,71054303.0,,CAN
,721123,,2023,15618183.548,11599765.0,11599765.0,,CAN
,721129,,2023,283571.041,162580.0,162580.0,,CAN
,721190,,2023,106052.362,117945.0,117945.0,,CAN
,7212,,2023,61436906.319,45136642.0,45136642.0,,CAN
,7213,,2023,295585454.837,277628089.0,277628089.0,,CAN
,721410,,2023,281100.504,80123.0,80123.0,,CAN
,721420,,2023,102556731.117,110917502.0,110917502.0,,CAN
,721430,,2023,31848712.237,24874917.0,24874917.0,,CAN
,721491,,2023,36495637.805,30490667.0,30490667.0,,CAN
,721499,,2023,85954471.347,68223575.0,68223575.0,,CAN
,7215,,2023,82984692.605,39315557.0,39315557.0,,CAN
,7216,,2023,275226698.643,190387076.0,190387076.0,,CAN
,7208,,2023,88492.686,88333.7,88333.7,,LKA
,7209,,2023,26490.58,14991.3,14991.3,,LKA
,7210,,2023,355562.369,536962.41,536962.41,,LKA
,721123,,2023,47504.03,24813.0,24813.0,,LKA
,721190,,2023,217.791,69.91,69.91,,LKA
,7212,,2023,850.432,361.28,361.28,,LKA
,721410,,2023,1118165.146,1277790.0,1277790.0,,LKA
,721491,,2023,72.304,10.7,10.7,,LKA
,721499,,2023,6038.978,5948.0,5948.0,,LKA
,7215,,2023,3073.306,2045.6,2045.6,,LKA
,7216,,2023,506435.416,284141.5,284141.5,,LKA
,720719,,2023,89.62,0.509,0.509,,CHL
,720720,,2023,39181663.57,70274472.0,70274472.0,,CHL
,7208,,2023,1894594.26,,0.0,,CHL
,7209,,2023,326371.084,240051.573,240051.573,,CHL
,7210,,2023,666441.619,334060.38,334060.38,,CHL
,721129,,2023,151921.53,141708.0,141708.0,,CHL
,7212,,2023,9642726.29,6117501.368,6117501.368,,CHL
,7213,,2023,24568523.31,33774801.0,33774801.0,,CHL
,721420,,2023,2790085.9,3269750.36,3269750.36,,CHL
,721430,,2023,25977.779,43200.0,43200.0,,CHL
,721491,,2023,139135.61,164029.77,164029.77,,CHL
,721499,,2023,2031112.83,2021423.08,2021423.08,,CHL
,7215,,2023,107.64,154.6,154.6,,CHL
,7216,,2023,3685240.074,1865723.854,1865723.854,,CHL
,720719,,2023,17000723.0,26305685.0,26305685.0,,CHN
,720720,,2023,386878213.0,680958730.0,680958730.0,,CHN
,7208,,2023,16042442000.0,25498256675.265,25498256675.265,,CHN
,7209,,2023,2762999671.0,3838079107.231,3838079107.231,,CHN
,7210,,2023,17010909622.0,19812678507.985,19812678507.985,,CHN
,721113,,2023,3690543.0,4038488.878,4038488.878,,CHN
,721114,,2023,31543967.0,29408557.836,29408557.836,,CHN
,721119,,2023,202281747.0,187718446.528,187718446.528,,CHN
,721123,,2023,93877078.0,88106631.0,88106631.0,,CHN
,721129,,2023,60576755.0,45032237.0,45032237.0,,CHN
,721190,,2023,52283311.0,44727758.807,44727758.807,,CHN
,7212,,2023,1803774908.0,1432748078.496,1432748078.496,,CHN
,7213,,2023,2352636649.0,3929395011.0,3929395011.0,,CHN
,721410,,2023,149636007.0,154351774.0,154351774.0,,CHN
,721420,,2023,1004522766.0,1616567011.147,1616567011.147,,CHN
,721430,,2023,1556750.0,1527000.0,1527000.0,,CHN
,721491,,2023,71399280.0,94816527.751,94816527.751,,CHN
,721499,,2023,740435224.0,1060423992.0,1060423992.0,,CHN
,7215,,2023,120019715.0,114538892.352,114538892.352,,CHN
,7216,,2023,2866495539.0,3738225331.777,3738225331.777,,CHN
,720719,,2023,4163.45,4831.4,4831.4,,COL
,7208,,2023,1805746.57,1989421.74,1989421.74,,COL
,7209,,2023,3401660.15,3921943.32,3921943.32,,COL
,7210,,2023,15135602.77,12874443.58,12874443.58,,COL
,721119,,2023,1652.87,159.52,159.52,,COL
,721123,,2023,3877.84,345.0,345.0,,COL
,721129,,2023,4746.2,78.79,78.79,,COL
,721190,,2023,50181.65,41233.0,41233.0,,COL
,7212,,2023,1138833.86,,0.0,,COL
,7213,,2023,353067.85,341478.55,341478.55,,COL
,721410,,2023,18586.0,2335.0,2335.0,,COL
,721420,,2023,770178.73,458161.53,458161.53,,COL
,721430,,2023,46495.44,27747.0,27747.0,,COL
,721491,,2023,97725.16,78603.46,78603.46,,COL
,721499,,2023,80903.13,65684.74,65684.74,,COL
,7215,,2023,280688.77,131034.74,131034.74,,COL
,7216,,2023,1331759.58,,0.0,,COL
,7208,,2023,422.967,1010.0,1010.0,,COG
,7209,,2023,393.829,,0.0,,COG
,7210,,2023,792.37,1475.0,1475.0,,COG
,721499,,2023,144280.208,210000.0,210000.0,,COG
,7215,,2023,30229.197,1080.0,1080.0,,COG
,7216,,2023,23747.352,4571.0,4571.0,,COG
,7212,,2023,1358.614,421.0,421.0,,COD
,721499,,2023,4.283,1.0,1.0,,COD
,7208,,2023,1038856.16,955455.295,955455.295,,CRI
,7209,,2023,659012.2,489741.7,489741.7,,CRI
,7210,,2023,62087809.34,46058024.13,46058024.13,,CRI
,721113,,2023,983.5,810.0,810.0,,CRI
,721114,,2023,1023.0,925.0,925.0,,CRI
,721129,,2023,512382.63,467626.0,467626.0,,CRI
,721190,,2023,7365.27,1327.44,1327.44,,CRI
,7212,,2023,3314357.64,1593166.53,1593166.53,,CRI
,7213,,2023,1117388.74,1400402.3,1400402.3,,CRI
,721420,,2023,121583553.85,143504818.4,143504818.4,,CRI
,721430,,2023,9790.86,1806.8,1806.8,,CRI
,721491,,2023,1018977.3,1165728.52,1165728.52,,CRI
,721499,,2023,6287360.62,8113226.85,8113226.85,,CRI
,7215,,2023,1114427.82,382373.89,382373.89,,CRI
,7216,,2023,10608120.36,9853652.796,9853652.796,,CRI
,7208,,2023,951979.097,987770.0,987770.0,,BEN
,7209,,2023,2132188.791,2100743.0,2100743.0,,BEN
,7210,,2023,1475480.062,1316720.0,1316720.0,,BEN
,7212,,2023,367.589,1080.0,1080.0,,BEN
,7213,,2023,18205185.402,24101680.0,24101680.0,,BEN
,721420,,2023,20231477.07,21825715.0,21825715.0,,BEN
,721491,,2023,51932.014,69000.0,69000.0,,BEN
,7216,,2023,1873437.137,1617558.0,1617558.0,,BEN
,7208,,2023,2264816.932,2252677.296,2252677.296,,DOM
,7209,,2023,36851.652,,0.0,,DOM
,7210,,2023,5214378.221,4091274.418,4091274.418,,DOM
,7212,,2023,4.44,2.0,2.0,,DOM
,7213,,2023,961394.806,1503286.23,1503286.23,,DOM
,721410,,2023,7066153.581,9800435.769,9800435.769,,DOM
,721420,,2023,80692233.232,103882447.1,103882447.1,,DOM
,721430,,2023,1270023.088,561016.86,561016.86,,DOM
,721491,,2023,108917.989,121355.03,121355.03,,DOM
,721499,,2023,3626313.4,3892339.33,3892339.33,,DOM
,7215,,2023,1106775.258,1368160.614,1368160.614,,DOM
,7216,,2023,11837560.025,11557487.989,11557487.989,,DOM
,7209,,2023,193540.3,,0.0,,ECU
,7210,,2023,669501.8,,0.0,,ECU
,7212,,2023,1873502.5,,0.0,,ECU
,7213,,2023,274627.6,,0.0,,ECU
,721410,,2023,75.0,0.16,0.16,,ECU
,721420,,2023,347412.1,,0.0,,ECU
,721430,,2023,1696.3,,0.0,,ECU
,721491,,2023,971737.3,,0.0,,ECU
,721499,,2023,201861.9,,0.0,,ECU
,7215,,2023,10617.5,,0.0,,ECU
,7216,,2023,5383204.6,,0.0,,ECU
,720719,,2023,10.0,1.0,1.0,,SLV
,7208,,2023,13802847.0,14573436.22,14573436.22,,SLV
,7209,,2023,5522623.0,5718748.89,5718748.89,,SLV
,7210,,2023,19112287.0,12941618.75,12941618.75,,SLV
,721114,,2023,16301.0,17533.48,17533.48,,SLV
,721119,,2023,366821.0,374029.42,374029.42,,SLV
,721129,,2023,912066.0,921010.0,921010.0,,SLV
,721190,,2023,4955.0,949.9,949.9,,SLV
,7212,,2023,2371300.0,1859590.82,1859590.82,,SLV
,7213,,2023,1587382.0,1799113.0,1799113.0,,SLV
,721420,,2023,38370201.0,41950293.0,41950293.0,,SLV
,721430,,2023,587183.0,670587.35,670587.35,,SLV
,721491,,2023,399905.0,277129.2,277129.2,,SLV
,721499,,2023,2957553.0,3410291.62,3410291.62,,SLV
,7215,,2023,5195567.0,4775545.44,4775545.44,,SLV
,7216,,2023,20858057.0,17025849.67,17025849.67,,SLV
,7210,,2023,350790.482,551862.0,551862.0,,ETH
,721420,,2023,15535.205,31740.0,31740.0,,ETH
,7215,,2023,1846.574,6013.0,6013.0,,ETH
,7216,,2023,353.197,220.0,220.0,,ETH
,7208,,2023,13432.518,6422.0,6420.0,,GAB
,721123,,2023,25829.224,20509.0,0.0,,GAB
,721420,,2023,93411.764,128410.0,128410.0,,GAB
,7208,,2023,4594563.961,4661777.3,4661777.3,,GEO
,7209,,2023,150751.82,169323.0,169323.0,,GEO
,7210,,2023,866539.42,833299.0,833299.0,,GEO
,721114,,2023,19651.645,19980.0,19980.0,,GEO
,721119,,2023,55117.841,64540.0,64540.0,,GEO
,721190,,2023,13261.73,17470.0,17470.0,,GEO
,7212,,2023,70623.392,59671.0,59671.0,,GEO
,721420,,2023,1129605.8,1679028.0,1679028.0,,GEO
,721499,,2023,137352.388,200195.0,200195.0,,GEO
,7215,,2023,36554.02,37012.0,37012.0,,GEO
,7216,,2023,2153779.949,1604628.5,1604628.5,,GEO
,720719,,2023,453555.038,1000030.44,3081.0,,GHA
,7208,,2023,46985763.301,43833748.07,0.0,,GHA
,7209,,2023,8243198.508,9102381.14,0.0,,GHA
,7210,,2023,40865881.444,40545529.88,0.0,,GHA
,721119,,2023,110282.66,151938.69,151938.69,,GHA
,721190,,2023,25472.2,19600.0,19600.0,,GHA
,7212,,2023,254479.622,289214.53,289204.0,,GHA
,7213,,2023,26306225.105,44298718.083,37028883.903,,GHA
,721410,,2023,439638.272,622000.0,322300.0,,GHA
,721420,,2023,116158370.981,138876078.62,134072672.62,,GHA
,721491,,2023,397040.038,566115.67,0.0,,GHA
,721499,,2023,530395.576,654272.41,0.0,,GHA
,7215,,2023,1167231.306,206725.512,206120.94,,GHA
,7216,,2023,27901550.122,36173795.78,35005247.06,,GHA
,720719,,2023,371.0,120.0,120.0,,GTM
,720720,,2023,3080.0,630.0,630.0,,GTM
,7208,,2023,16299652.0,15549633.0,15549633.0,,GTM
,7209,,2023,6136580.0,6245875.0,6245875.0,,GTM
,7210,,2023,38320032.0,34386453.0,34386453.0,,GTM
,721114,,2023,142834.0,132276.0,132276.0,,GTM
,721119,,2023,192777.0,151343.0,151343.0,,GTM
,721129,,2023,18175.0,2890.0,2890.0,,GTM
,721190,,2023,3275.0,171.0,171.0,,GTM
,7212,,2023,2392328.0,2161445.0,2161445.0,,GTM
,7213,,2023,867512.0,1018266.0,1018266.0,,GTM
,721420,,2023,93006145.0,88285006.0,88285006.0,,GTM
,721430,,2023,3096457.0,3300518.0,3300518.0,,GTM
,721491,,2023,4306427.0,4019078.0,4019078.0,,GTM
,721499,,2023,4353737.0,4281516.0,4281516.0,,GTM
,7215,,2023,12367591.0,13666715.0,13666715.0,,GTM
,7216,,2023,53088563.0,49435013.0,49435013.0,,GTM
,720720,,2023,4826804.09,7050200.0,7050200.0,,HND
,7208,,2023,49921.52,41548.98,41548.98,,HND
,7209,,2023,57747.2,53066.0,53066.0,,HND
,7210,,2023,65859901.11,61422199.9,61422199.9,,HND
,7212,,2023,1170723.41,688156.36,688156.36,,HND
,7213,,2023,1362000.25,1801451.37,1801451.37,,HND
,721420,,2023,20492516.29,21117178.2,21117178.2,,HND
,721430,,2023,1407208.12,1494630.96,1494630.96,,HND
,721491,,2023,385.0,427.0,427.0,,HND
,721499,,2023,4046739.3,3796953.0,3796953.0,,HND
,7215,,2023,860082.53,1037437.173,1037437.173,,HND
,7216,,2023,18602048.06,18523604.39,18523604.39,,HND
,7208,,2023,11167244.697,12854900.0,12854900.0,,HKG
,7209,,2023,6449191.986,7395227.0,7395227.0,,HKG
,7210,,2023,71870530.601,69430107.0,69430107.0,,HKG
,721113,,2023,531.318,520.0,520.0,,HKG
,721114,,2023,80483.972,74231.0,74231.0,,HKG
,721119,,2023,101333.611,41066.0,41066.0,,HKG
,721123,,2023,6767461.65,2235328.0,2235328.0,,HKG
,721129,,2023,1185478.469,602491.0,602491.0,,HKG
,721190,,2023,39312.179,24387.0,24387.0,,HKG
,7212,,2023,3490256.794,1542041.0,1542041.0,,HKG
,7213,,2023,64.754,5.0,5.0,,HKG
,721410,,2023,14741.524,24505.0,24505.0,,HKG
,721420,,2023,93754849.45,141180858.0,141180858.0,,HKG
,721491,,2023,328585.027,298022.0,298022.0,,HKG
,721499,,2023,1347730.261,2182794.0,2182794.0,,HKG
,7215,,2023,3800144.786,1905697.0,1905697.0,,HKG
,7216,,2023,18522895.212,21598162.0,21598162.0,,HKG
,720719,,2023,81565.76,66927.3,66927.3,,IDN
,720720,,2023,495264699.886,951529063.0,951529063.0,,IDN
,7208,,2023,669642466.491,941488041.711,941488041.711,,IDN
,7209,,2023,532740.276,554115.86,554115.86,,IDN
,7210,,2023,54773045.844,48917780.058,48917780.058,,IDN
,721113,,2023,1732863.183,664747.6,664747.6,,IDN
,721114,,2023,285.57,199.48,199.48,,IDN
,721119,,2023,99872.663,88863.0,88863.0,,IDN
,721123,,2023,23976.848,41293.0,41293.0,,IDN
,721129,,2023,4028.409,1608.0,1608.0,,IDN
,721190,,2023,20165.409,6075.01,6075.01,,IDN
,7212,,2023,10630670.517,,0.0,,IDN
,7213,,2023,479094835.033,848405512.404,848405512.404,,IDN
,721410,,2023,1042929.106,904542.21,904542.21,,IDN
,721420,,2023,61345446.113,97293709.45,97293709.45,,IDN
,721430,,2023,102982.722,281235.84,281235.84,,IDN
,721491,,2023,3319.268,3225.61,3225.61,,IDN
,721499,,2023,11156033.803,,0.0,,IDN
,7215,,2023,436131.986,516852.384,516852.384,,IDN
,7216,,2023,15758601.004,,0.0,,IDN
,720719,,2023,1000.0,,0.0,,ISR
,7208,,2023,51000.0,61092.924,61092.924,,ISR
,7209,,2023,1000.0,1091.582,1091.582,,ISR
,7210,,2023,27000.0,25547.517,25547.517,,ISR
,721129,,2023,113000.0,52952.579,52952.579,,ISR
,7212,,2023,361000.0,69714.041,69714.041,,ISR
,7213,,2023,17000.0,17224.684,17224.684,,ISR
,721499,,2023,2000.0,2045.794,2045.794,,ISR
,7215,,2023,71000.0,34824.463,34824.463,,ISR
,7216,,2023,767000.0,661651.797,661651.797,,ISR
,720719,,2023,3918.895,351.0,351.0,,CIV
,7208,,2023,113141.952,98440.0,98440.0,,CIV
,7209,,2023,18652.6,23017.0,23017.0,,CIV
,7210,,2023,267895.338,177784.0,177784.0,,CIV
,721129,,2023,21627.457,5000.0,5000.0,,CIV
,721190,,2023,296.738,14.0,14.0,,CIV
,7212,,2023,2386.004,1763.0,1763.0,,CIV
,7213,,2023,268.444,10.0,10.0,,CIV
,721410,,2023,182209.955,449667.0,449667.0,,CIV
,721420,,2023,3395231.129,4165850.0,4165850.0,,CIV
,721499,,2023,224618.485,150162.0,150162.0,,CIV
,7216,,2023,3028468.409,3353646.0,3353646.0,,CIV
,7208,,2023,3536.17,2500.0,2500.0,,JAM
,7210,,2023,544858.52,661958.09,661958.09,,JAM
,7213,,2023,8251661.84,9455724.0,9455724.0,,JAM
,721420,,2023,104.89,3.5,3.5,,JAM
,7215,,2023,136.04,20.2,20.2,,JAM
,7216,,2023,333653.16,347344.0,347344.0,,JAM
,720719,,2023,3385306.435,1227931.0,1227931.0,,JPN
,720720,,2023,285698143.639,541431927.0,541431927.0,,JPN
,7208,,2023,10092674094.888,15280222616.483,15280222616.483,,JPN
,7209,,2023,1220051766.601,1543493033.439,1543493033.439,,JPN
,7210,,2023,2546724264.965,2246145127.0,2246145127.0,,JPN
,721113,,2023,3587.412,,0.0,,JPN
,721114,,2023,7977043.705,7036707.0,7036707.0,,JPN
,721119,,2023,7156487.381,10881129.0,10881129.0,,JPN
,721123,,2023,17584416.471,14643851.0,14643851.0,,JPN
,721129,,2023,22106690.35,7299912.0,7299912.0,,JPN
,721190,,2023,1421091.86,1600434.0,1600434.0,,JPN
,7212,,2023,156519049.333,56746451.0,56746451.0,,JPN
,7213,,2023,572217192.378,572075959.227,572075959.227,,JPN
,721410,,2023,1258711.663,525892.0,525892.0,,JPN
,721420,,2023,167268115.815,298056639.784,298056639.784,,JPN
,721430,,2023,4422153.779,2888505.0,2888505.0,,JPN
,721491,,2023,22783949.514,23946313.0,23946313.0,,JPN
,721499,,2023,299830281.542,,0.0,,JPN
,7215,,2023,39171629.703,19614614.0,19614614.0,,JPN
,7216,,2023,491176583.873,617127053.0,617127053.0,,JPN
,720719,,2023,33636.32,119549.0,119549.0,,KAZ
,720720,,2023,108998087.66,207697128.45,207697128.45,,KAZ
,7208,,2023,586387590.03,982653146.208,982653146.208,,KAZ
,7209,,2023,350031290.22,536772440.0,536772440.0,,KAZ
,7210,,2023,389003414.98,443762800.15,443762800.15,,KAZ
,721119,,2023,546971.38,779876.0,779876.0,,KAZ
,721123,,2023,3069.93,1531.0,1531.0,,KAZ
,721129,,2023,4843.02,3480.26,3480.26,,KAZ
,721190,,2023,149305.89,1007056.0,1007056.0,,KAZ
,7212,,2023,392425.16,189901.0,189901.0,,KAZ
,7213,,2023,1252853.98,1967268.0,1967268.0,,KAZ
,721410,,2023,338.75,458.0,458.0,,KAZ
,721420,,2023,162481172.27,263327292.0,263327292.0,,KAZ
,721430,,2023,70200.0,120000.0,120000.0,,KAZ
,721491,,2023,13061.01,4370.0,4370.0,,KAZ
,721499,,2023,12356749.3,19649662.0,19649662.0,,KAZ
,7215,,2023,225680.24,44413.444,44413.444,,KAZ
,7216,,2023,13864385.7,14786201.63,14786201.63,,KAZ
,7208,,2023,2549289.612,2545156.986,2545156.986,,JOR
,7209,,2023,2134430.698,,0.0,,JOR
,7210,,2023,30744173.936,19443132.305,19443132.305,,JOR
,721113,,2023,4179564.142,4057463.103,4057463.103,,JOR
,721119,,2023,103242.169,94204.512,94204.512,,JOR
,721190,,2023,22917.676,15303.889,15303.889,,JOR
,7212,,2023,595965.421,,0.0,,JOR
,7213,,2023,1954603.205,1976162.465,1976162.465,,JOR
,721410,,2023,15036.268,10087.007,10087.007,,JOR
,721420,,2023,62436400.108,87263775.126,87263775.126,,JOR
,721430,,2023,8950.704,8021.614,8021.614,,JOR
,721499,,2023,337161.182,330170.282,330170.282,,JOR
,7215,,2023,1048.521,473.953,473.953,,JOR
,7216,,2023,5572023.392,3988533.22,3988533.22,,JOR
,7208,,2023,4167876.784,4382131.83,4382131.28,,KEN
,7209,,2023,2888679.413,3310289.86,3310289.86,,KEN
,7210,,2023,118677917.568,90971757.29,90971757.49,,KEN
,721114,,2023,3995.607,4515.25,4515.25,,KEN
,721119,,2023,90322.433,87924.0,87924.0,,KEN
,721123,,2023,36675.466,28050.0,28050.0,,KEN
,721129,,2023,77903.003,77141.2,77141.2,,KEN
,721190,,2023,4473.854,3467.0,3467.0,,KEN
,7212,,2023,2469151.599,1084487.0,1084487.0,,KEN
,7213,,2023,3326143.854,4604059.0,4604059.0,,KEN
,721410,,2023,5840.356,23256.0,23256.0,,KEN
,721420,,2023,31259938.478,40888114.0,40888114.0,,KEN
,721430,,2023,76826.413,73853.0,73853.0,,KEN
,721491,,2023,2684.368,3104.0,3104.0,,KEN
,721499,,2023,5870097.415,7617474.3,7617474.3,,KEN
,7215,,2023,126199.977,175866.6,175866.6,,KEN
,7216,,2023,5105674.991,5212373.91,5212373.27,,KEN
,720719,,2023,2087379.0,524757.46,524757.46,,KOR
,720720,,2023,10814643.0,,0.0,,KOR
,7208,,2023,6643101110.0,8843670679.458,8843670679.458,,KOR
,7209,,2023,2648794403.0,3421379923.24,3421379923.24,,KOR
,7210,,2023,6765700779.0,6272537879.981,6272537879.981,,KOR
,721113,,2023,259953.0,209913.596,209913.596,,KOR
,721114,,2023,3090370.0,2955138.46,2955138.46,,KOR
,721119,,2023,6563753.0,4428052.593,4428052.593,,KOR
,721123,,2023,17849895.0,,0.0,,KOR
,721129,,2023,105023963.0,69795509.3,69795509.3,,KOR
,721190,,2023,26592037.0,21284294.65,21284294.65,,KOR
,7212,,2023,275297489.0,175984385.539,175984385.539,,KOR
,7213,,2023,437929872.0,614144179.341,614144179.341,,KOR
,721410,,2023,2049438.0,538098.93,538098.93,,KOR
,721420,,2023,17007687.0,21310584.68,21310584.68,,KOR
,721430,,2023,645.0,,0.0,,KOR
,721491,,2023,417266.0,,0.0,,KOR
,721499,,2023,161441896.0,172561563.674,172561563.674,,KOR
,7215,,2023,43375013.0,,0.0,,KOR
,7216,,2023,559131998.0,,0.0,,KOR
,720719,,2023,243503.646,437693.0,437693.0,,KWT
,7208,,2023,7789753.295,18218134.4,18218134.4,,KWT
,7209,,2023,59029.313,47833.0,47833.0,,KWT
,7210,,2023,1809067.924,1993714.0,1993714.0,,KWT
,7212,,2023,72441.366,76783.0,76783.0,,KWT
,7213,,2023,6943.668,5276.2,5276.2,,KWT
,721410,,2023,68362.409,525000.0,525000.0,,KWT
,721420,,2023,1298.886,616.0,616.0,,KWT
,7215,,2023,3987.807,4500.0,4500.0,,KWT
,7216,,2023,8082608.09,8342497.2,8342497.2,,KWT
,7208,,2023,3532830.0,3683457.0,3683457.0,,KGZ
,7209,,2023,958990.0,881370.0,881370.0,,KGZ
,7210,,2023,300925.0,258518.0,258518.0,,KGZ
,721123,,2023,638360.0,540983.0,540983.0,,KGZ
,721129,,2023,241000.0,1185000.0,1185000.0,,KGZ
,7213,,2023,859973.0,2015280.0,2015280.0,,KGZ
,721420,,2023,47753698.0,93087210.0,93087210.0,,KGZ
,721491,,2023,60280.0,110000.0,110000.0,,KGZ
,721499,,2023,2054997.0,1129772.0,1129772.0,,KGZ
,7216,,2023,1165479.0,1453065.0,1453065.0,,KGZ
,7210,,2023,158333.03,359723.0,359723.0,,LAO
,721420,,2023,669265.3,1216846.0,1216846.0,,LAO
,7215,,2023,406921.5,956974.0,956974.0,,LAO
,7208,,2023,3815948.0,4087791.774,4087791.774,,LBN
,7209,,2023,319701.0,304997.487,304997.487,,LBN
,7210,,2023,843496.0,604960.55,604960.55,,LBN
,721119,,2023,94897.0,86589.867,86589.867,,LBN
,721129,,2023,48257.0,22069.533,22069.533,,LBN
,721190,,2023,124286.0,82995.289,82995.289,,LBN
,7212,,2023,118010.0,,0.0,,LBN
,721410,,2023,2296.0,1540.261,1540.261,,LBN
,721420,,2023,61885.0,86493.115,86493.115,,LBN
,721491,,2023,210851.0,220354.925,220354.925,,LBN
,721499,,2023,17697.0,17330.06,17330.06,,LBN
,7215,,2023,375429.0,211382.881,211382.881,,LBN
,7216,,2023,438013.0,349444.141,349444.141,,LBN
,7208,,2023,12310.444,6994.74,6991.48,,MDG
,7209,,2023,10870.521,5760.0,5760.0,,MDG
,7210,,2023,3122935.554,784319.0,776052.0,,MDG
,7212,,2023,10880.84,7289.0,7289.0,,MDG
,721410,,2023,413.93,268.0,268.0,,MDG
,721420,,2023,4307.565,3590.0,3590.0,,MDG
,721499,,2023,18282.163,13973.95,13972.95,,MDG
,7216,,2023,2105.364,973.19,973.19,,MDG
,720719,,2023,797035.52,1134484.0,1134484.0,,MYS
,720720,,2023,230594299.945,447295879.65,447295879.65,,MYS
,7208,,2023,155380892.629,,0.0,,MYS
,7209,,2023,18263290.377,,0.0,,MYS
,7210,,2023,129838949.384,,0.0,,MYS
,721113,,2023,20030.375,38854.5,38854.5,,MYS
,721114,,2023,5443.554,7183.0,7183.0,,MYS
,721119,,2023,1989723.513,1508786.25,1508786.25,,MYS
,721123,,2023,6867043.147,4776683.0,4776683.0,,MYS
,721129,,2023,15623.741,9834.0,9834.0,,MYS
,721190,,2023,77799.668,47818.0,47818.0,,MYS
,7212,,2023,42428003.541,23583719.7,23583719.7,,MYS
,7213,,2023,1050861316.239,1908394899.5,1908394899.5,,MYS
,721410,,2023,1457716206.52,2666896925.0,2666896925.0,,MYS
,721420,,2023,138189093.003,232327300.6,232327300.6,,MYS
,721430,,2023,907788.796,1380828.3,1380828.3,,MYS
,721491,,2023,1855879.755,2371576.0,2371576.0,,MYS
,721499,,2023,6792014.153,8986116.8,8986116.8,,MYS
,7215,,2023,9252591.258,10399867.6,10399867.6,,MYS
,7216,,2023,65639024.318,,0.0,,MYS
,7208,,2023,2140.015,1366.0,1366.0,,MLI
,7209,,2023,102169.557,102403.0,102403.0,,MLI
,7210,,2023,950791.784,749886.0,749886.0,,MLI
,721119,,2023,1024080.75,1080000.0,1080000.0,,MLI
,7213,,2023,817345.723,716179.0,716179.0,,MLI
,721410,,2023,241604.107,661326.0,661326.0,,MLI
,721420,,2023,6542903.033,6600000.0,6600000.0,,MLI
,721499,,2023,659.633,320.0,320.0,,MLI
,7215,,2023,1092324.771,707079.0,707079.0,,MLI
,7216,,2023,3694188.264,3517058.0,3517058.0,,MLI
,7208,,2023,15160.345,6972.0,6972.0,,MUS
,7210,,2023,37983.361,20994.0,21429.0,,MUS
,7212,,2023,33616.495,24659.0,24659.0,,MUS
,7213,,2023,29088.739,27428.0,27428.0,,MUS
,721420,,2023,64163.993,352857.0,354791.0,,MUS
,7215,,2023,16496.388,13133.0,13133.0,,MUS
,7216,,2023,29594.712,15311.0,15311.0,,MUS
,7208,,2023,309063054.0,0.0,0.0,,MEX
,7209,,2023,125588583.0,0.0,0.0,,MEX
,7210,,2023,711113119.0,0.0,0.0,,MEX
,721114,,2023,1334586.0,915530.0,915530.0,,MEX
,721119,,2023,56150477.0,,0.0,,MEX
,721123,,2023,5136313.0,3014398.0,3014398.0,,MEX
,721129,,2023,91076.0,10594.0,10594.0,,MEX
,721190,,2023,573165.0,416946.0,416946.0,,MEX
,7212,,2023,38046588.0,0.0,0.0,,MEX
,7213,,2023,25270799.0,0.0,0.0,,MEX
,721420,,2023,126318358.0,196797810.0,196797810.0,,MEX
,721491,,2023,27900592.0,36396360.0,36396360.0,,MEX
,721499,,2023,14134765.0,19967654.0,19967654.0,,MEX
,7215,,2023,8943495.0,0.0,0.0,,MEX
,7216,,2023,382627050.0,0.0,0.0,,MEX
,7215,,2023,49.68,60.0,60.0,,MNG
,7216,,2023,980.58,1032.0,1032.0,,MNG
,7210,,2023,261782.0,98642.0,98642.0,,MDA
,721119,,2023,17712.0,23460.0,23460.0,,MDA
,7212,,2023,64012.0,23473.0,23473.0,,MDA
,7213,,2023,32965.0,54592.0,54592.0,,MDA
,7215,,2023,881.0,405.0,405.0,,MDA
,7216,,2023,113633.0,45699.0,45699.0,,MDA
,7210,,2023,118713.083,74090.0,74090.0,,MNE
,7212,,2023,7143.15,6513.0,6513.0,,MNE
,721420,,2023,7018.419,6490.0,6490.0,,MNE
,721499,,2023,16115.135,2675.8,2675.8,,MNE
,7216,,2023,92707.881,76944.2,76944.2,,MNE
,7208,,2023,16558017.55,21484347.15,21484347.15,,MAR
,7209,,2023,9082629.039,10740270.0,10740270.0,,MAR
,7210,,2023,15685812.478,13002550.2,13002550.2,,MAR
,721119,,2023,364599.772,608152.6,608152.6,,MAR
,721123,,2023,6987.861,5261.0,5261.0,,MAR
,721129,,2023,48217.237,74431.0,74431.0,,MAR
,721190,,2023,36136.405,13200.42,13200.42,,MAR
,7212,,2023,4254409.556,4156982.03,4156982.03,,MAR
,7213,,2023,232600.938,310911.144,310911.144,,MAR
,721420,,2023,85734.518,57545.54,57545.54,,MAR
,721491,,2023,74558.94,4318.48,4318.48,,MAR
,721499,,2023,9276038.514,12746418.37,12746418.37,,MAR
,7215,,2023,173939.468,,0.0,,MAR
,7216,,2023,1633727.182,844897.566,844897.566,,MAR
,720719,,2023,83000.0,707050.0,707050.0,,MOZ
,7208,,2023,19225000.0,12416013.0,12119123.0,,MOZ
,7209,,2023,17693000.0,6558749.0,6513399.0,,MOZ
,7210,,2023,8895000.0,7381753.0,7277343.0,,MOZ
,7213,,2023,7000.0,840.0,840.0,,MOZ
,721420,,2023,224000.0,307582.0,307582.0,,MOZ
,721430,,2023,11000.0,19660.0,0.0,,MOZ
,7215,,2023,89000.0,120073.0,120073.0,,MOZ
,7216,,2023,457000.0,401939.0,372237.0,,MOZ
,720719,,2023,627587393.036,,0.0,,OMN
,720720,,2023,10719812.727,7612393.627,7612393.627,,OMN
,7208,,2023,4567261.371,4799836.881,4799836.881,,OMN
,7209,,2023,127178.153,,0.0,,OMN
,7210,,2023,5403695.7,3756496.852,3756496.852,,OMN
,721113,,2023,11848782.816,11502634.593,11502634.593,,OMN
,721114,,2023,8595.579,7581.953,7581.953,,OMN
,721119,,2023,41982181.989,38307128.105,38307128.105,,OMN
,721190,,2023,8541654.083,5703917.171,5703917.171,,OMN
,7212,,2023,4582.575,1475.403,1475.403,,OMN
,7213,,2023,683573.471,935692.232,935692.232,,OMN
,721410,,2023,4590894.661,3079779.506,3079779.506,,OMN
,721420,,2023,608593224.015,850595840.746,850595840.746,,OMN
,721491,,2023,177604.681,185610.057,185610.057,,OMN
,721499,,2023,1190733.418,1166044.046,1166044.046,,OMN
,7215,,2023,992377.112,626233.533,626233.533,,OMN
,7216,,2023,73155953.071,61537997.157,61537997.157,,OMN
,720719,,2023,4770.597,28000.0,28000.0,,NAM
,7208,,2023,12989.161,3339.3,3339.3,,NAM
,7209,,2023,136412.045,180750.0,180750.0,,NAM
,7210,,2023,1840443.478,2536159.0,2536159.0,,NAM
,721113,,2023,113.068,3000.0,3000.0,,NAM
,721114,,2023,32480.67,10075.0,10075.0,,NAM
,721129,,2023,606.987,25.0,25.0,,NAM
,7212,,2023,15444.841,22140.0,22140.0,,NAM
,7213,,2023,96891.979,94377.2,94377.2,,NAM
,721410,,2023,1595.674,587.0,587.0,,NAM
,721420,,2023,2604.799,1193.0,1193.0,,NAM
,721430,,2023,11.398,100.0,100.0,,NAM
,721491,,2023,526.122,361.14,361.14,,NAM
,721499,,2023,1655.333,715.36,715.36,,NAM
,7215,,2023,3611.902,36267.29,36267.29,,NAM
,7216,,2023,149031.489,72271.93,72271.93,,NAM
,7208,,2023,9566089.96,13074702.0,13074702.0,,NZL
,7209,,2023,20653095.091,27168624.0,27168624.0,,NZL
,7210,,2023,59124339.664,44567037.27,44567037.27,,NZL
,721114,,2023,142185.125,86175.0,86175.0,,NZL
,721129,,2023,4739.525,2030.0,2030.0,,NZL
,721190,,2023,3121.405,1313.0,1313.0,,NZL
,7212,,2023,3491028.338,7177752.0,7177752.0,,NZL
,7213,,2023,13082695.027,16711200.0,16711200.0,,NZL
,721410,,2023,71121.117,50741.0,50741.0,,NZL
,721420,,2023,521104.53,447841.0,447841.0,,NZL
,721430,,2023,271740.933,212757.0,212757.0,,NZL
,721491,,2023,1990.871,457.0,457.0,,NZL
,721499,,2023,321471.553,274763.0,274763.0,,NZL
,7215,,2023,707931.334,1958126.634,1958126.634,,NZL
,7216,,2023,2180850.682,,0.0,,NZL
,7208,,2023,140541.96,124955.8,124955.8,,NIC
,7209,,2023,4355.72,8848.46,8848.46,,NIC
,7210,,2023,282945.55,255757.45,255757.45,,NIC
,721114,,2023,480.0,150.0,150.0,,NIC
,721129,,2023,3505.75,1250.0,1250.0,,NIC
,721190,,2023,2986.5,500.0,500.0,,NIC
,7212,,2023,285479.74,191884.0,191884.0,,NIC
,7213,,2023,248352.4,242854.0,242854.0,,NIC
,721410,,2023,144.0,40.0,40.0,,NIC
,721420,,2023,2181849.73,2119748.2,2119748.2,,NIC
,721430,,2023,374398.29,484040.5,484040.5,,NIC
,721499,,2023,1555488.37,1806692.76,1806692.76,,NIC
,7215,,2023,400.0,10.0,10.0,,NIC
,7216,,2023,3891629.35,4076030.19,4076030.19,,NIC
,7208,,2023,10923.172,23020.0,23020.0,,NGA
,7209,,2023,685676.794,577150.0,577150.0,,NGA
,7210,,2023,2279856.725,1491817.0,1491817.0,,NGA
,7213,,2023,7570523.019,8514121.0,8514121.0,,NGA
,721420,,2023,1434139.849,2613890.0,2613890.0,,NGA
,7215,,2023,4303045.864,4952220.0,4952220.0,,NGA
,7216,,2023,239713.65,217030.0,217030.0,,NGA
,7208,,2023,250550.281,269000.0,269000.0,,PAK
,7209,,2023,12564430.798,17045000.0,17045000.0,,PAK
,7210,,2023,57401036.457,63477000.0,63477000.0,,PAK
,721129,,2023,1252.567,1000.0,1000.0,,PAK
,721190,,2023,44.95,1000.0,1000.0,,PAK
,721410,,2023,4458.684,2000.0,2000.0,,PAK
,721420,,2023,172366.956,728000.0,728000.0,,PAK
,721491,,2023,70.874,1000.0,1000.0,,PAK
,7215,,2023,52857.265,6000.0,6000.0,,PAK
,7216,,2023,12762.036,15000.0,15000.0,,PAK
,7210,,2023,428955.0,366617.0,366617.0,,PAN
,7212,,2023,64039.0,46924.0,46924.0,,PAN
,721420,,2023,4405.0,5060.0,5060.0,,PAN
,7216,,2023,692873.0,471370.0,471370.0,,PAN
,720719,,2023,4.966,250.0,250.0,,PNG
,7208,,2023,104.443,,0.0,,PNG
,7210,,2023,12666.595,13003.0,13003.0,,PNG
,721114,,2023,268.179,30.0,30.0,,PNG
,721499,,2023,5015.113,21200.0,21200.0,,PNG
,7215,,2023,178.79,1030.0,1030.0,,PNG
,7216,,2023,43252.923,162151.0,162151.0,,PNG
,7208,,2023,57844.6,20650.0,20650.0,,PRY
,721190,,2023,45.47,0.12,0.12,,PRY
,721420,,2023,6109580.0,5116000.0,5116000.0,,PRY
,721499,,2023,43280.0,36000.0,36000.0,,PRY
,7215,,2023,767546.0,309670.2,309670.2,,PRY
,7216,,2023,371764.95,305654.5,305654.5,,PRY
,7208,,2023,997747.62,962946.29,962946.29,,PER
,7209,,2023,2793527.48,2647566.42,2647566.42,,PER
,7210,,2023,2027159.85,1458959.46,1458959.46,,PER
,721114,,2023,17478.2,11840.0,11840.0,,PER
,721119,,2023,305630.6,229294.26,229294.26,,PER
,721129,,2023,83130.02,86422.24,86422.24,,PER
,721190,,2023,6714.71,1588.84,1588.84,,PER
,7212,,2023,165958.92,33565.129,33565.129,,PER
,7213,,2023,11888256.01,16163561.24,16163561.24,,PER
,721410,,2023,145.74,9.22,9.22,,PER
,721420,,2023,137935630.81,183696641.581,183696641.581,,PER
,721430,,2023,35609.36,19482.64,19482.64,,PER
,721491,,2023,4439983.39,5439173.71,5439173.71,,PER
,721499,,2023,2322725.3,2843919.9,2843919.9,,PER
,7215,,2023,369357.15,401738.43,401738.43,,PER
,7216,,2023,16734031.1,20247366.45,20247366.45,,PER
,720719,,2023,85.0,2.0,2.0,,PHL
,7208,,2023,147985.0,72202.39,72202.39,,PHL
,7209,,2023,193445.0,163148.11,163148.11,,PHL
,7210,,2023,2820512.0,1963559.84,1963559.84,,PHL
,721113,,2023,492.0,1800.0,1800.0,,PHL
,7212,,2023,6318.0,277.0,277.0,,PHL
,7213,,2023,34453.0,5104.63,5104.63,,PHL
,721420,,2023,13389642.0,21123229.3,21123229.3,,PHL
,721430,,2023,7787.0,99.61,99.61,,PHL
,721499,,2023,513375.0,248402.0,248402.0,,PHL
,7215,,2023,1647.0,203.23,203.23,,PHL
,7216,,2023,3431771.0,4506800.23,4506800.23,,PHL
,7208,,2023,1010056.447,0.0,0.0,,QAT
,7210,,2023,76556.718,0.0,0.0,,QAT
,7212,,2023,25755.494,0.0,0.0,,QAT
,7216,,2023,17094086.563,0.0,0.0,,QAT
,720719,,2023,1821213.821,,0.0,,SAU
,7208,,2023,332643966.884,431481786.414,431481786.414,,SAU
,7209,,2023,27760557.439,27239087.502,27239087.502,,SAU
,7210,,2023,64588172.785,51044073.976,51044073.976,,SAU
,721113,,2023,2400660.74,2397475.24,2397475.24,,SAU
,721114,,2023,3407.733,3097.717,3097.717,,SAU
,721119,,2023,327921.325,309912.105,309912.105,,SAU
,721123,,2023,14909.066,11833.582,11833.582,,SAU
,721190,,2023,25511.199,18105.829,18105.829,,SAU
,7212,,2023,1386129.032,,0.0,,SAU
,7213,,2023,144710601.182,206938791.794,206938791.794,,SAU
,721410,,2023,219274570.518,167374725.206,167374725.206,,SAU
,721420,,2023,7666997.942,10903162.774,10903162.774,,SAU
,721430,,2023,528273.32,483703.691,483703.691,,SAU
,7215,,2023,896543.444,432744.403,432744.403,,SAU
,7216,,2023,45123770.605,42097889.104,42097889.104,,SAU
,720719,,2023,5867408.193,11598973.0,11598973.0,,SEN
,7208,,2023,8167530.411,8675214.0,8675214.0,,SEN
,7209,,2023,13726215.441,15217640.0,15217640.0,,SEN
,7210,,2023,5042703.598,4600343.0,4600343.0,,SEN
,721113,,2023,582657.126,542968.0,542968.0,,SEN
,721114,,2023,170714.242,176413.0,176413.0,,SEN
,721119,,2023,678112.715,748548.0,748548.0,,SEN
,721129,,2023,155.928,25.0,25.0,,SEN
,721190,,2023,2473.794,5.0,5.0,,SEN
,7213,,2023,12662025.745,26886138.0,26886138.0,,SEN
,721410,,2023,74564.801,90679.0,90679.0,,SEN
,721420,,2023,91324891.778,15805247.0,15805247.0,,SEN
,721430,,2023,17.63,33.0,33.0,,SEN
,721491,,2023,165622.875,195350.0,195350.0,,SEN
,721499,,2023,252001.815,391108.0,391108.0,,SEN
,7215,,2023,7068189.438,8120920.0,8120920.0,,SEN
,7216,,2023,8179637.635,7255598.0,7255598.0,,SEN
,720719,,2023,496893.0,284941.0,284941.0,,SRB
,720720,,2023,351470.0,23656.779,23656.779,,SRB
,7208,,2023,415991594.0,510086912.0,510086912.0,,SRB
,7209,,2023,78003980.0,83958098.0,83958098.0,,SRB
,7210,,2023,141588011.0,97623370.468,97623370.468,,SRB
,721113,,2023,313.0,169.0,169.0,,SRB
,721114,,2023,326373.0,303220.0,303220.0,,SRB
,721119,,2023,592658.0,634616.0,634616.0,,SRB
,721123,,2023,398833.0,364732.0,364732.0,,SRB
,721129,,2023,211786.0,61225.0,61225.0,,SRB
,721190,,2023,549228.0,442989.233,442989.233,,SRB
,7212,,2023,15579131.0,10231240.713,10231240.713,,SRB
,7213,,2023,28068128.0,39904522.0,39904522.0,,SRB
,721410,,2023,95708.0,12019.0,12019.0,,SRB
,721420,,2023,30069821.0,42634998.0,42634998.0,,SRB
,721491,,2023,287560.0,278669.0,278669.0,,SRB
,721499,,2023,247817.0,210821.0,210821.0,,SRB
,7215,,2023,1052304.0,391422.97,391422.97,,SRB
,7216,,2023,29286745.0,21211163.549,21211163.549,,SRB
,720719,,2023,270747580.69,465558185.105,465558185.105,,IND
,720720,,2023,6120861.451,5792010.187,5792010.187,,IND
,7208,,2023,1994574075.701,2939100520.867,2939100520.867,,IND
,7209,,2023,408319850.921,547129623.22,547129623.22,,IND
,7210,,2023,1333794950.366,1450956550.248,1450956550.248,,IND
,721113,,2023,49134.752,,0.0,,IND
,721114,,2023,2659599.781,2875536.328,2875536.328,,IND
,721119,,2023,12252178.466,18099605.675,18099605.675,,IND
,721123,,2023,9167466.347,6551573.0,6551573.0,,IND
,721129,,2023,25582083.931,14554869.0,14554869.0,,IND
,721190,,2023,106175.268,48996.0,48996.0,,IND
,7212,,2023,27961173.74,23994392.54,23994392.54,,IND
,7213,,2023,140483185.375,,0.0,,IND
,721410,,2023,12316881.975,16139251.424,16139251.424,,IND
,721420,,2023,32482219.53,42547999.0,42547999.0,,IND
,721430,,2023,698799.051,739824.0,739824.0,,IND
,721491,,2023,5023367.719,5898685.615,5898685.615,,IND
,721499,,2023,19365147.064,22568877.0,22568877.0,,IND
,7215,,2023,164860987.626,,0.0,,IND
,7216,,2023,91212350.156,100733544.152,100733544.152,,IND
,720719,,2023,1079625.751,245304.568,245304.568,,SGP
,720720,,2023,3261108.461,151671.271,151671.271,,SGP
,7208,,2023,363361334.613,402449539.557,402449539.557,,SGP
,7209,,2023,6541276.923,5609153.052,5609153.052,,SGP
,7210,,2023,99909534.963,96723664.411,96723664.411,,SGP
,721113,,2023,3714.012,3898.531,3898.531,,SGP
,721114,,2023,259892.267,186610.0,186610.0,,SGP
,721119,,2023,762498.377,504810.0,504810.0,,SGP
,721123,,2023,2042237.77,1474296.341,1474296.341,,SGP
,721129,,2023,469098.837,20470.0,20470.0,,SGP
,721190,,2023,2980614.146,1941118.895,1941118.895,,SGP
,7212,,2023,6906738.58,7090357.942,7090357.942,,SGP
,7213,,2023,58822592.139,,0.0,,SGP
,721410,,2023,9217414.272,14609050.0,14609050.0,,SGP
,721420,,2023,59572212.84,82617240.0,82617240.0,,SGP
,721430,,2023,2061056.526,1543080.0,1543080.0,,SGP
,721491,,2023,11552875.859,17101810.0,17101810.0,,SGP
,721499,,2023,7550078.064,10891014.444,10891014.444,,SGP
,7215,,2023,7825338.659,,0.0,,SGP
,7216,,2023,159637107.149,194645366.227,194645366.227,,SGP
,720719,,2023,19206956.53,33135585.206,33135585.206,,VNM
,720720,,2023,169711926.736,194591217.556,194591217.556,,VNM
,7208,,2023,2141134966.606,3139915003.28,3139915003.28,,VNM
,7209,,2023,278032283.913,323534493.478,323534493.478,,VNM
,7210,,2023,2274693222.314,2148797150.16,2148797150.16,,VNM
,721113,,2023,82723.884,82614.115,82614.115,,VNM
,721114,,2023,2372533.274,2156693.643,2156693.643,,VNM
,721119,,2023,2839606.248,2683656.971,2683656.971,,VNM
,721123,,2023,1487891.466,1180965.049,1180965.049,,VNM
,721129,,2023,450326.816,211026.251,211026.251,,VNM
,721190,,2023,1199427.032,851258.343,851258.343,,VNM
,7212,,2023,207888328.67,,0.0,,VNM
,7213,,2023,405073922.513,563028449.036,563028449.036,,VNM
,721410,,2023,13304.324,10155.339,10155.339,,VNM
,721420,,2023,468545751.131,666314329.352,666314329.352,,VNM
,721430,,2023,102834.116,94158.156,94158.156,,VNM
,721491,,2023,174399.21,190349.926,190349.926,,VNM
,721499,,2023,2607685.062,2667392.824,2667392.824,,VNM
,7215,,2023,2773913.467,1657250.57,1657250.57,,VNM
,7216,,2023,164031901.739,181718278.297,181718278.297,,VNM
,720719,,2023,159793755.243,334558370.23,334558370.23,,ZAF
,720720,,2023,19209996.877,37424555.31,37424555.31,,ZAF
,7208,,2023,176618693.008,,0.0,,ZAF
,7209,,2023,27659105.979,,0.0,,ZAF
,7210,,2023,200288742.728,194518582.709,194518582.709,,ZAF
,721113,,2023,2229.943,756.0,756.0,,ZAF
,721114,,2023,541994.724,263396.18,263396.18,,ZAF
,721119,,2023,1376717.877,1176524.98,1176524.98,,ZAF
,721123,,2023,254965.569,77471.46,77471.46,,ZAF
,721129,,2023,36944.443,29600.33,29600.33,,ZAF
,721190,,2023,1583006.746,961871.08,961871.08,,ZAF
,7212,,2023,4012430.421,2821793.83,2821793.83,,ZAF
,7213,,2023,159025955.703,,0.0,,ZAF
,721410,,2023,1193220.198,1311038.158,1311038.158,,ZAF
,721420,,2023,134618687.337,200659160.704,200659160.704,,ZAF
,721430,,2023,321613.359,396468.73,396468.73,,ZAF
,721491,,2023,3541916.377,4652781.36,4652781.36,,ZAF
,721499,,2023,12738552.171,17055628.01,17055628.01,,ZAF
,7215,,2023,8942480.892,6610867.507,6610867.507,,ZAF
,7216,,2023,121079455.194,,0.0,,ZAF
,7208,,2023,184903.67,75622.0,169000.0,,ZWE
,7209,,2023,113.12,520.0,1000.0,,ZWE
,721119,,2023,723071.37,828840.0,829000.0,,ZWE
,721499,,2023,1672.95,16.0,16000.0,,ZWE
,7215,,2023,1.3,45.0,0.0,,ZWE
,7216,,2023,256391.99,296280.0,296000.0,,ZWE
,720719,,2023,8324995.0,11931219.0,11931219.0,,TUR
,720720,,2023,12978208.0,12756122.0,12756122.0,,TUR
,7208,,2023,1249572907.0,1728530960.226,1728530960.226,,TUR
,7209,,2023,326176693.0,,0.0,,TUR
,7210,,2023,893254535.0,881052212.822,881052212.822,,TUR
,721113,,2023,1046964.0,711963.0,711963.0,,TUR
,721114,,2023,3500462.0,2441135.0,2441135.0,,TUR
,721119,,2023,52639658.0,67592185.0,67592185.0,,TUR
,721123,,2023,53147178.0,55948486.0,55948486.0,,TUR
,721129,,2023,4263108.0,2844988.0,2844988.0,,TUR
,721190,,2023,11354913.0,,0.0,,TUR
,7212,,2023,94235455.0,88485527.0,88485527.0,,TUR
,7213,,2023,455071822.0,723094121.0,723094121.0,,TUR
,721410,,2023,1693294.0,1388074.0,1388074.0,,TUR
,721420,,2023,2123353177.0,,0.0,,TUR
,721430,,2023,816972.0,651603.0,651603.0,,TUR
,721491,,2023,11710907.0,14860677.0,14860677.0,,TUR
,721499,,2023,165581097.0,222504242.0,222504242.0,,TUR
,7215,,2023,95674668.0,98200097.0,98200097.0,,TUR
,7216,,2023,1305279779.0,1644364306.0,1644364306.0,,TUR
,720719,,2023,267.12,258.0,258.0,,UGA
,7208,,2023,3174301.58,3102011.43,3102011.43,,UGA
,7209,,2023,81547.93,91359.2,91359.2,,UGA
,7210,,2023,52751508.57,44348556.5,44348556.5,,UGA
,721114,,2023,618.33,270.0,270.0,,UGA
,721119,,2023,719499.2,798000.0,798000.0,,UGA
,721123,,2023,23128.74,16740.0,16740.0,,UGA
,7212,,2023,19149.53,12582.0,12582.0,,UGA
,7213,,2023,41591.94,31035.0,31035.0,,UGA
,721410,,2023,405351.28,468185.0,468185.0,,UGA
,721420,,2023,50149762.49,57789685.0,57789685.0,,UGA
,721430,,2023,2352359.21,2105630.97,2105630.97,,UGA
,721491,,2023,12179.39,14649.0,14649.0,,UGA
,721499,,2023,2378269.11,2148679.8,2148679.8,,UGA
,7215,,2023,3534828.56,3916015.0,3916015.0,,UGA
,7216,,2023,7453729.06,8789723.34,8789723.34,,UGA
,720719,,2023,16866764.93,21545974.0,21545974.0,,UKR
,720720,,2023,72851036.39,154111567.0,154111567.0,,UKR
,7208,,2023,582606251.44,941911915.0,941911915.0,,UKR
,7209,,2023,132119885.89,200218550.0,200218550.0,,UKR
,7210,,2023,63232587.09,56096010.72,56096010.72,,UKR
,721114,,2023,2109.6,1840.255,1840.255,,UKR
,721119,,2023,423974.55,551138.0,551138.0,,UKR
,721123,,2023,240220.4,272207.78,272207.78,,UKR
,721129,,2023,536.53,353.04,353.04,,UKR
,721190,,2023,26544.11,16976.0,16976.0,,UKR
,7212,,2023,156790.86,82494.116,82494.116,,UKR
,7213,,2023,131417290.7,209970194.0,209970194.0,,UKR
,721410,,2023,6522.81,6872.0,6872.0,,UKR
,721420,,2023,69713390.02,119092845.24,119092845.24,,UKR
,721491,,2023,65740.71,90784.92,90784.92,,UKR
,721499,,2023,570281.24,715618.45,715618.45,,UKR
,7215,,2023,4269730.35,4095659.431,4095659.431,,UKR
,7216,,2023,13148608.05,13110031.99,13110031.99,,UKR
,7208,,2023,240670437.134,301128483.0,301128483.0,,MKD
,7209,,2023,1707649.845,2211320.881,2211320.881,,MKD
,7210,,2023,82249036.03,73102987.794,73102987.794,,MKD
,721129,,2023,4905.416,1302.0,1302.0,,MKD
,721190,,2023,1383.679,1890.0,1890.0,,MKD
,7212,,2023,14499872.693,11817574.0,11817574.0,,MKD
,7213,,2023,4128.205,6020.0,6020.0,,MKD
,721420,,2023,1962915.944,2972266.0,2972266.0,,MKD
,721491,,2023,36938092.245,44708637.0,44708637.0,,MKD
,721499,,2023,13986410.381,17004005.0,17004005.0,,MKD
,7215,,2023,34742.196,9664.0,9664.0,,MKD
,7216,,2023,28631768.653,30309779.825,30309779.825,,MKD
,720719,,2023,8207754.86,,0.0,,EGY
,720720,,2023,842.46,589.351,589.351,,EGY
,7208,,2023,1022842984.24,1356643091.885,1356643091.885,,EGY
,7209,,2023,63311359.803,72566577.423,72566577.423,,EGY
,7210,,2023,146625558.38,134733037.896,134733037.896,,EGY
,721114,,2023,250.0,227.256,227.256,,EGY
,721129,,2023,828131.85,388068.295,388068.295,,EGY
,7212,,2023,13860838.465,,0.0,,EGY
,7213,,2023,460393545.128,602020494.841,602020494.841,,EGY
,721410,,2023,456.77,348.658,348.658,,EGY
,721420,,2023,315722418.487,448985762.923,448985762.923,,EGY
,721491,,2023,156230481.153,170519468.108,170519468.108,,EGY
,721499,,2023,6965592.953,7125083.059,7125083.059,,EGY
,7215,,2023,850.0,401.45,401.45,,EGY
,7216,,2023,11372166.19,13353070.717,13353070.717,,EGY
,720719,,2023,20703616.372,3564849.853,3564849.853,,GBR
,720720,,2023,66061969.379,53251221.468,53251221.468,,GBR
,7208,,2023,318324820.626,,0.0,,GBR
,7209,,2023,82500003.382,,0.0,,GBR
,7210,,2023,391533964.506,,0.0,,GBR
,721113,,2023,566810.372,513243.0,513243.0,,GBR
,721114,,2023,988778.775,431414.84,431414.84,,GBR
,721119,,2023,3142215.946,2054256.343,2054256.343,,GBR
,721123,,2023,1953154.752,,0.0,,GBR
,721129,,2023,2215624.344,,0.0,,GBR
,721190,,2023,1529887.468,420330.054,420330.054,,GBR
,7212,,2023,98214857.945,,0.0,,GBR
,7213,,2023,235972355.167,,0.0,,GBR
,721410,,2023,2027849.71,,0.0,,GBR
,721420,,2023,16579624.42,,0.0,,GBR
,721430,,2023,60787.613,34557.0,34557.0,,GBR
,721491,,2023,67983140.594,,0.0,,GBR
,721499,,2023,5965446.699,,0.0,,GBR
,7215,,2023,21453628.572,,0.0,,GBR
,7216,,2023,400239176.76,,0.0,,GBR
,720719,,2023,945.5,994.3,994.3,,TZA
,7208,,2023,7516841.44,7422010.701,7155050.701,,TZA
,7209,,2023,105003.08,121530.45,121530.45,,TZA
,7210,,2023,31920324.64,25058179.373,24366256.173,,TZA
,721119,,2023,182785.64,281265.0,248265.0,,TZA
,721129,,2023,12452.95,5778.0,5778.0,,TZA
,721190,,2023,41192.23,28422.32,28421.4,,TZA
,7212,,2023,27636.0,13009.92,13009.92,,TZA
,7213,,2023,607613.38,865190.8,834125.8,,TZA
,721410,,2023,193500.55,148600.0,148600.0,,TZA
,721420,,2023,1751012.61,1965310.0,1935184.0,,TZA
,721430,,2023,164.76,380.0,380.0,,TZA
,721499,,2023,297774.61,345648.32,345648.0,,TZA
,7215,,2023,425036.28,382226.1,382226.1,,TZA
,7216,,2023,694425.75,866360.26,846359.74,,TZA
,720719,,2023,3552726.0,861693.0,861693.0,,USA
,720720,,2023,157042627.0,185444463.173,185444463.173,,USA
,7208,,2023,2148988101.0,1779971433.0,1779971433.0,,USA
,7209,,2023,614362028.0,529155480.0,529155480.0,,USA
,7210,,2023,1796470155.0,1293898481.0,1293898481.0,,USA
,721113,,2023,14854912.0,12458649.0,12458649.0,,USA
,721114,,2023,74772011.0,61583855.0,61583855.0,,USA
,721119,,2023,145275014.0,116085861.0,116085861.0,,USA
,721123,,2023,102391722.0,68244211.0,68244211.0,,USA
,721129,,2023,80887369.0,48014938.0,48014938.0,,USA
,721190,,2023,36145705.0,18487208.0,18487208.0,,USA
,7212,,2023,356790653.0,176677073.645,176677073.645,,USA
,7213,,2023,126654181.0,103269759.781,103269759.781,,USA
,721410,,2023,23074550.0,,0.0,,USA
,721420,,2023,176798049.0,204818441.0,204818441.0,,USA
,721430,,2023,12702295.0,9906557.0,9906557.0,,USA
,721491,,2023,79940114.0,63514029.0,63514029.0,,USA
,721499,,2023,158417435.0,112819938.0,112819938.0,,USA
,7215,,2023,146171279.0,92712762.0,92712762.0,,USA
,7216,,2023,612396437.0,492196043.0,492196043.0,,USA
,721123,,2023,171.0,1.753,1.753,,URY
,721420,,2023,1706108.0,1900750.0,1900750.0,,URY
,7215,,2023,18377.0,6983.23,6983.23,,URY
,7216,,2023,1470.0,500.4,500.4,,URY
,720720,,2023,17.0,30.0,30.0,,UZB
,7208,,2023,826464.0,1250900.0,1250900.0,,UZB
,7209,,2023,789.0,2550.96,2550.96,,UZB
,7210,,2023,69849378.86,62992610.0,62992610.0,,UZB
,721113,,2023,629.0,790.0,790.0,,UZB
,721119,,2023,10620057.99,16417010.0,16417010.0,,UZB
,721129,,2023,88659.0,23060.0,23060.0,,UZB
,7212,,2023,9308701.93,11655210.0,11655210.0,,UZB
,7213,,2023,1107020.29,1384210.0,1384210.0,,UZB
,721420,,2023,95215424.54,133138240.0,133138240.0,,UZB
,721499,,2023,2888744.21,4196910.0,4196910.0,,UZB
,7215,,2023,400.0,800.0,800.0,,UZB
,7216,,2023,8177486.74,9328750.0,9328750.0,,UZB
,7210,,2023,988.29,,0.0,,YEM
,721410,,2023,4896.977,1650.0,1650.0,,YEM
,721491,,2023,2470.725,20000.0,20000.0,,YEM
,721499,,2023,14379.62,120000.0,120000.0,,YEM
,7216,,2023,74.122,500.0,500.0,,YEM
,720719,,2023,37453.246,13500.0,13500.0,,ZMB
,7208,,2023,4025617.498,3328637.755,3328637.755,,ZMB
,7209,,2023,69030.326,76236.2,76236.2,,ZMB
,7210,,2023,2294853.341,2384133.25,2384133.25,,ZMB
,721119,,2023,1903.264,1510.0,1510.0,,ZMB
,721190,,2023,36119.193,39465.0,39465.0,,ZMB
,7212,,2023,4572.958,1794.0,1794.0,,ZMB
,7213,,2023,2667344.403,2642570.0,2642570.0,,ZMB
,721410,,2023,652866.955,587150.0,587150.0,,ZMB
,721420,,2023,35177298.322,45377867.52,45377867.52,,ZMB
,721430,,2023,321816.428,263129.3,263129.3,,ZMB
,721491,,2023,804751.527,1676919.6,1676919.6,,ZMB
,721499,,2023,4676496.153,5814740.6,5814740.6,,ZMB
,7215,,2023,1193030.669,1858278.4,1858278.4,,ZMB
,7216,,2023,8860556.22,8491612.994,8491612.994,,ZMB
,720719,,2024,919438.825,232022.428,232022.428,,CAN
,720720,,2024,14239198.092,21103000.0,21103000.0,,CAN
,7208,,2024,1172602562.166,1314723291.0,1314723291.0,,CAN
,7209,,2024,528385745.934,484539138.0,484539138.0,,CAN
,7210,,2024,1297902743.884,955883074.0,955883074.0,,CAN
,721113,,2024,1166.673,2545.0,2545.0,,CAN
,721114,,2024,125949297.438,134360742.0,134360742.0,,CAN
,721119,,2024,70700129.944,72107962.0,72107962.0,,CAN
,721123,,2024,18089016.431,14040396.0,14040396.0,,CAN
,721129,,2024,396591.072,367851.0,367851.0,,CAN
,721190,,2024,553909.175,190052.0,190052.0,,CAN
,7212,,2024,66980442.147,54187452.0,54187452.0,,CAN
,7213,,2024,342930393.404,366192338.0,366192338.0,,CAN
,721410,,2024,154713.193,67114.0,67114.0,,CAN
,721420,,2024,70097092.852,83994522.0,83994522.0,,CAN
,721430,,2024,33416563.408,28303400.0,28303400.0,,CAN
,721491,,2024,34908035.743,30067191.0,30067191.0,,CAN
,721499,,2024,60299598.382,52182240.0,52182240.0,,CAN
,7215,,2024,79697693.345,40754962.0,40754962.0,,CAN
,7216,,2024,252946208.974,193400622.0,193400622.0,,CAN
,7208,,2024,167141.006,0.0,0.0,,ALB
,7210,,2024,379783.731,0.0,0.0,,ALB
,721420,,2024,89645147.221,142844160.0,142844160.0,,ALB
,721499,,2024,14087.46,9681.84,9681.84,,ALB
,7216,,2024,895132.241,0.0,0.0,,ALB
,720719,,2024,57463754.815,,0.0,,DZA
,7210,,2024,308142.934,237978.961,237978.961,,DZA
,7212,,2024,23.993,16.937,16.937,,DZA
,7213,,2024,63941737.017,95041025.104,95041025.104,,DZA
,721420,,2024,11342272.28,17564489.467,17564489.467,,DZA
,721491,,2024,5286130.799,6784021.906,6784021.906,,DZA
,721499,,2024,287742705.155,343113705.722,343113705.722,,DZA
,7216,,2024,3087019.084,4413970.721,4413970.721,,DZA
,7208,,2024,3319249.67,64884.5,64884.5,,AGO
,7209,,2024,52126.16,18301.5,18301.5,,AGO
,7210,,2024,1123583.55,353256.0,353256.0,,AGO
,7212,,2024,460.0,70.17,70.17,,AGO
,7213,,2024,12089.42,1000.0,1000.0,,AGO
,721410,,2024,715178.7,1038102.7,1038102.7,,AGO
,721420,,2024,25562387.42,49073050.0,49073050.0,,AGO
,721430,,2024,2117671.51,297773.696,297773.696,,AGO
,721491,,2024,400012.93,500030.0,500030.0,,AGO
,721499,,2024,992008.28,2365420.0,2365420.0,,AGO
,7215,,2024,70042.73,,0.0,,AGO
,7216,,2024,2849642.15,4492337.0,4492337.0,,AGO
,720720,,2024,415961.8,810828.6,810828.6,,AZE
,7208,,2024,19648.45,7324.0,7324.0,,AZE
,7209,,2024,68.4,1.8,1.8,,AZE
,7210,,2024,48831.84,2822.03,2822.03,,AZE
,7213,,2024,656485.13,915825.0,915825.0,,AZE
,721420,,2024,10795752.55,17255971.63,17255971.63,,AZE
,721499,,2024,24984148.38,38619100.0,38619100.0,,AZE
,7216,,2024,319713.12,301662.27,301662.27,,AZE
,721420,,2024,4914405.98,7241320.0,7241320.0,,ARG
,721499,,2024,155062.66,188456.0,188456.0,,ARG
,720719,,2024,90455.19,4140.0,4140.0,,AUS
,720720,,2024,76857.084,74390.0,74390.0,,AUS
,7208,,2024,319279202.803,545851644.65,545851644.65,,AUS
,7209,,2024,18405349.932,,0.0,,AUS
,7210,,2024,310062931.381,377875180.0,377875180.0,,AUS
,721119,,2024,19861.313,1540.0,1540.0,,AUS
,721123,,2024,28295.623,5220.0,5220.0,,AUS
,721129,,2024,82388.45,11480.0,11480.0,,AUS
,721190,,2024,133272.794,67960.0,67960.0,,AUS
,7212,,2024,5752350.777,3526480.0,3526480.0,,AUS
,7213,,2024,456354.196,523357.519,523357.519,,AUS
,721410,,2024,84522.599,3610.0,3610.0,,AUS
,721420,,2024,440072.895,329760.0,329760.0,,AUS
,721430,,2024,298.279,100.0,100.0,,AUS
,721491,,2024,160567.994,,0.0,,AUS
,721499,,2024,395876.739,83510.0,83510.0,,AUS
,7215,,2024,4938869.76,2322917.0,2322917.0,,AUS
,7216,,2024,6979894.995,3502280.0,3502280.0,,AUS
,720719,,2024,13772.128,2832.37,2832.37,,BHR
,720720,,2024,82086.223,168001.01,168001.01,,BHR
,7208,,2024,354912.206,277390.24,277390.24,,BHR
,7209,,2024,5506.489,2781.0,2781.0,,BHR
,7210,,2024,16325.771,23510.0,23510.0,,BHR
,721114,,2024,281.622,667.0,667.0,,BHR
,721119,,2024,25392.659,26273.0,26273.0,,BHR
,721129,,2024,74.601,8.2,8.2,,BHR
,7212,,2024,1059.202,1050.0,1050.0,,BHR
,7213,,2024,5570.878,289.0,289.0,,BHR
,721410,,2024,988.511,120.0,120.0,,BHR
,721420,,2024,2650.266,556.0,556.0,,BHR
,721491,,2024,381.649,77.0,77.0,,BHR
,7215,,2024,658.511,121.49,121.49,,BHR
,7216,,2024,114310643.589,160086404.24,160086404.24,,BHR
,720720,,2024,25286.3,133.0,133.0,,ARM
,7208,,2024,187822.12,189970.46,189970.46,,ARM
,7209,,2024,245214.98,228655.3,228655.3,,ARM
,7210,,2024,168434.19,161637.7,161637.7,,ARM
,721114,,2024,2079.1,1922.0,1922.0,,ARM
,721123,,2024,30070.02,28240.0,28240.0,,ARM
,721129,,2024,22928.97,22624.0,22624.0,,ARM
,721420,,2024,2517.4,1584.52,1584.52,,ARM
,721491,,2024,19.68,20.12,20.12,,ARM
,721499,,2024,56557.98,41072.76,41072.76,,ARM
,7216,,2024,208753.79,134299.25,134299.25,,ARM
,7208,,2024,389636.08,501150.35,501150.35,,BOL
,7209,,2024,36467.81,42991.0,42991.0,,BOL
,7210,,2024,477239.76,456319.0,456319.0,,BOL
,7212,,2024,35613.74,30116.99,30116.99,,BOL
,7213,,2024,308.28,127.6,127.6,,BOL
,721499,,2024,36498.0,4380.0,4380.0,,BOL
,7215,,2024,2616.49,144.8,144.8,,BOL
,720719,,2024,1142921.948,50620.5,50620.5,,BIH
,720720,,2024,5456.583,403.39,403.39,,BIH
,7208,,2024,196256.709,174874.9,174874.9,,BIH
,7209,,2024,20001.171,5981.0,5981.0,,BIH
,7210,,2024,1058359.313,812165.67,812165.67,,BIH
,721114,,2024,324.316,376.8,376.8,,BIH
,721119,,2024,31672.129,13639.08,13639.08,,BIH
,721123,,2024,78288.149,86435.0,86435.0,,BIH
,721129,,2024,2775.434,620.54,620.54,,BIH
,721190,,2024,72576.34,47897.48,47897.48,,BIH
,7212,,2024,584693.903,528238.69,528238.69,,BIH
,7213,,2024,100132656.086,146028398.0,146028398.0,,BIH
,721420,,2024,75008796.543,110556464.0,110556464.0,,BIH
,721430,,2024,7.952,10.0,10.0,,BIH
,721491,,2024,453987.517,550503.9,550503.9,,BIH
,721499,,2024,421566.898,453260.34,453260.34,,BIH
,7215,,2024,393301.453,302404.59,302404.59,,BIH
,7216,,2024,5871906.684,3830819.3,3830819.3,,BIH
,720719,,2024,190732.0,42036.701,42036.701,,BRA
,720720,,2024,321058616.0,580871917.317,580874274.317,,BRA
,7208,,2024,304181186.0,,0.0,,BRA
,7209,,2024,81769082.0,,0.0,,BRA
,7210,,2024,315005976.0,,0.0,,BRA
,721113,,2024,4007.0,470.94,470.94,,BRA
,721114,,2024,321959.0,211825.159,211811.159,,BRA
,721119,,2024,137006.0,130987.78,130172.78,,BRA
,721123,,2024,9476743.0,,0.0,,BRA
,721129,,2024,6323459.0,2953341.957,2953341.957,,BRA
,721190,,2024,899879.0,295856.659,295856.659,,BRA
,7212,,2024,19132053.0,,0.0,,BRA
,7213,,2024,168223152.0,231100326.075,231100146.075,,BRA
,721410,,2024,537626.0,166907.487,166707.487,,BRA
,721420,,2024,220832414.0,,0.0,,BRA
,721430,,2024,1457703.0,,0.0,,BRA
,721491,,2024,8613725.0,11787011.941,11786029.941,,BRA
,721499,,2024,22859060.0,,0.0,,BRA
,7215,,2024,6839111.0,4929878.711,4929390.711,,BRA
,7216,,2024,67428426.0,74506548.231,74501811.231,,BRA
,7208,,2024,4191430.056,3622392.0,3622392.0,,BRN
,7210,,2024,21058.428,32226.0,32226.0,,BRN
,721113,,2024,28294.409,14000.0,14000.0,,BRN
,721114,,2024,4491.176,12000.0,12000.0,,BRN
,721119,,2024,11602.205,20000.0,20000.0,,BRN
,721410,,2024,980.573,100.0,100.0,,BRN
,721499,,2024,8533.234,2000.0,2000.0,,BRN
,7215,,2024,1167.706,50.0,50.0,,BRN
,7216,,2024,68297.62,75802.0,75802.0,,BRN
,7208,,2024,1958.4,2304.0,2304.0,,MMR
,7210,,2024,14616.0,18270.0,18270.0,,MMR
,7215,,2024,96137.08,2857.55,2857.55,,MMR
,7216,,2024,257533.58,192680.2,192680.2,,MMR
,7209,,2024,174.19,40.0,40.0,,KHM
,7210,,2024,15213.57,6850.86,6850.86,,KHM
,721190,,2024,138.75,3.6,3.6,,KHM
,7212,,2024,11904.72,18584.0,18584.0,,KHM
,721420,,2024,5472339.16,9321264.0,9321264.0,,KHM
,720719,,2024,175.864,38.0,38.0,,LKA
,7208,,2024,70130.107,17748.0,17748.0,,LKA
,7209,,2024,732.863,120.0,120.0,,LKA
,7210,,2024,191965.246,66888.0,66888.0,,LKA
,721119,,2024,11.706,4.0,4.0,,LKA
,721190,,2024,34.997,46.0,46.0,,LKA
,7212,,2024,5975.279,694.0,694.0,,LKA
,7213,,2024,10091.839,12445.0,12445.0,,LKA
,721410,,2024,1439743.075,1907780.0,1907780.0,,LKA
,721430,,2024,12953.655,15250.0,15250.0,,LKA
,7215,,2024,3218.969,1399.0,1399.0,,LKA
,7216,,2024,149947.218,70381.081,70381.081,,LKA
,720719,,2024,5607.9,262.0,262.0,,CHL
,720720,,2024,13538877.36,26956130.0,26956130.0,,CHL
,7208,,2024,2142209.55,2418783.52,2418783.52,,CHL
,7209,,2024,96217.9,24279.801,24279.801,,CHL
,7210,,2024,487955.907,,0.0,,CHL
,721123,,2024,367155.9,335558.0,335558.0,,CHL
,721129,,2024,163867.074,174883.0,174883.0,,CHL
,721190,,2024,11923.71,3299.23,3299.23,,CHL
,7212,,2024,8705274.37,,0.0,,CHL
,7213,,2024,10324294.866,16924647.01,16924647.01,,CHL
,721410,,2024,296001.8,322746.0,322746.0,,CHL
,721420,,2024,4686646.6,5779170.0,5779170.0,,CHL
,721430,,2024,4519.84,5059.74,5059.74,,CHL
,721491,,2024,13587.32,,0.0,,CHL
,721499,,2024,623712.386,696803.1,696803.1,,CHL
,7215,,2024,103366.53,73263.201,73263.201,,CHL
,7216,,2024,3293045.093,2097735.99,2097735.99,,CHL
,720719,,2024,28855870.0,53179078.0,53179078.0,,CHN
,720720,,2024,991719500.0,2065096451.0,2065096451.0,,CHN
,7208,,2024,18853166636.0,33789907516.898,33789907516.898,,CHN
,7209,,2024,2965321023.0,4767024090.735,4767024090.735,,CHN
,7210,,2024,17221062725.0,23931732948.83,23931732948.83,,CHN
,721113,,2024,2450293.0,3685420.0,3685420.0,,CHN
,721114,,2024,48625542.0,78169106.0,78169106.0,,CHN
,721119,,2024,161071783.0,292597435.23,292597435.23,,CHN
,721123,,2024,71475535.0,106022288.0,106022288.0,,CHN
,721129,,2024,56419984.0,60557200.359,60557200.359,,CHN
,721190,,2024,48218727.0,66884475.587,66884475.587,,CHN
,7212,,2024,1276350362.0,1882228618.496,1882228618.496,,CHN
,7213,,2024,2553061498.0,4846463630.897,4846463630.897,,CHN
,721410,,2024,122332300.0,158913281.186,158913281.186,,CHN
,721420,,2024,1332740079.0,2556364804.0,2556364804.0,,CHN
,721430,,2024,1663060.0,2396786.0,2396786.0,,CHN
,721491,,2024,61993423.0,104617493.0,104617493.0,,CHN
,721499,,2024,775638220.0,1251709898.0,1251709898.0,,CHN
,7215,,2024,123152303.0,142312294.2,142312294.2,,CHN
,7216,,2024,2787297244.0,4639990384.979,4639990384.979,,CHN
,720719,,2024,92.14,22.79,22.79,,COL
,7208,,2024,5590595.56,7248536.21,7248536.21,,COL
,7209,,2024,6119363.61,6137657.68,6137657.68,,COL
,7210,,2024,19786332.87,18433750.338,18433750.338,,COL
,721113,,2024,3256.86,55.68,55.68,,COL
,721114,,2024,2864.18,,0.0,,COL
,721119,,2024,875775.1,1144640.0,1144640.0,,COL
,721123,,2024,4665.25,5510.0,5510.0,,COL
,721129,,2024,27433.83,6768.23,6768.23,,COL
,721190,,2024,50983.26,54154.0,54154.0,,COL
,7212,,2024,627281.86,175866.33,175866.33,,COL
,7213,,2024,637995.39,735289.4,735289.4,,COL
,721410,,2024,1915.66,1212.98,1212.98,,COL
,721420,,2024,1703081.58,1747503.54,1747503.54,,COL
,721430,,2024,637.5,,0.0,,COL
,721491,,2024,28537.99,36337.7,36337.7,,COL
,721499,,2024,118047.27,117958.05,117958.05,,COL
,7215,,2024,278528.92,185463.04,185463.04,,COL
,7216,,2024,3203284.96,3656234.657,3656234.657,,COL
,7208,,2024,868788.79,807801.009,807801.009,,CRI
,7209,,2024,766395.49,910580.63,910580.63,,CRI
,7210,,2024,65304504.37,55531730.52,55531730.52,,CRI
,721114,,2024,166.96,151.935,151.935,,CRI
,721119,,2024,16492.67,,0.0,,CRI
,721129,,2024,156429.0,147935.0,147935.0,,CRI
,7212,,2024,1897779.13,808471.6,808471.6,,CRI
,7213,,2024,547223.64,683884.0,683884.0,,CRI
,721410,,2024,45780.8,3837.03,3837.03,,CRI
,721420,,2024,89066436.06,118551173.32,118551173.32,,CRI
,721430,,2024,7566.5,4810.13,4810.13,,CRI
,721491,,2024,3024333.08,3760536.0,3760536.0,,CRI
,721499,,2024,4541365.19,6701056.207,6701056.207,,CRI
,7215,,2024,603607.7,254660.55,254660.55,,CRI
,7216,,2024,13146237.48,14586799.484,14586799.484,,CRI
,7208,,2024,301166.696,473532.0,473532.0,,BEN
,7209,,2024,682811.246,1065000.0,1065000.0,,BEN
,7210,,2024,1154176.711,1250679.0,1250679.0,,BEN
,721119,,2024,0.993,,0.0,,BEN
,7213,,2024,10580649.722,16704869.0,16704869.0,,BEN
,721420,,2024,24378695.036,25461336.0,25461336.0,,BEN
,721491,,2024,12050.998,16000.0,16000.0,,BEN
,7216,,2024,1274721.562,1201197.0,1201197.0,,BEN
,7208,,2024,4759103.994,5223258.85,4354628.84,,DOM
,7209,,2024,101770.827,,103852.89,,DOM
,7210,,2024,7825290.846,,0.0,,DOM
,7213,,2024,1033275.623,1123324.05,1268151.55,,DOM
,721410,,2024,6659750.569,9770995.0,9735834.0,,DOM
,721420,,2024,86802851.823,120399857.0,114959027.0,,DOM
,721430,,2024,184310.0,230700.0,188402.0,,DOM
,721491,,2024,142721.176,180304.68,159470.98,,DOM
,721499,,2024,15842567.536,23039986.31,18491646.31,,DOM
,7215,,2024,431195.002,548245.4,424325.1,,DOM
,7216,,2024,10624079.552,10452789.104,10280338.19,,DOM
,720720,,2024,5674887.93,9855660.0,9855660.0,,ECU
,7208,,2024,212038.2,260594.34,260586.53,,ECU
,7209,,2024,380320.52,293021.96,293104.0,,ECU
,7210,,2024,1083855.9,1312302.0,1077357.0,,ECU
,721190,,2024,6076.0,1712.0,1712.0,,ECU
,7212,,2024,1660656.91,771190.87,822765.18,,ECU
,7213,,2024,719057.44,952826.0,952926.0,,ECU
,721410,,2024,2476.81,1885.77,1951.77,,ECU
,721420,,2024,1369003.57,1781440.3,1766707.3,,ECU
,721491,,2024,493260.03,668778.98,670980.76,,ECU
,721499,,2024,217716.78,267666.23,268557.53,,ECU
,7215,,2024,21312.0,25383.0,26224.0,,ECU
,7216,,2024,3743183.17,4397791.637,3728726.407,,ECU
,720719,,2024,135.4,0.78,0.78,,SLV
,7208,,2024,13207821.98,16818666.61,16818666.61,,SLV
,7209,,2024,5992985.83,7541742.51,7541742.51,,SLV
,7210,,2024,27653246.71,25949883.58,25949883.58,,SLV
,721114,,2024,5817.25,1131.91,1131.91,,SLV
,721119,,2024,347897.35,456998.05,456998.05,,SLV
,721129,,2024,311663.93,329482.0,329482.0,,SLV
,7212,,2024,1367220.59,1283335.04,1283335.04,,SLV
,7213,,2024,44497.05,68457.0,68457.0,,SLV
,721410,,2024,2944.65,549.6,549.6,,SLV
,721420,,2024,34759164.92,43535497.14,43535497.14,,SLV
,721430,,2024,538759.9,703422.0,703422.0,,SLV
,721491,,2024,495297.22,363793.69,363793.69,,SLV
,721499,,2024,2351672.58,2875083.21,2875083.21,,SLV
,7215,,2024,1972614.54,2148282.55,2148282.55,,SLV
,7216,,2024,26831908.55,25488404.73,25488404.73,,SLV
,7208,,2024,20420.674,24263.35,24263.35,,GEO
,7209,,2024,25700.55,23255.0,23255.0,,GEO
,7210,,2024,582014.4,591496.5,591496.5,,GEO
,721114,,2024,726.4,724.2,724.2,,GEO
,721119,,2024,50328.187,62560.0,62560.0,,GEO
,721190,,2024,7902.31,11570.0,11570.0,,GEO
,7212,,2024,73623.55,82719.0,82719.0,,GEO
,721420,,2024,8197333.59,13730696.7,13730696.7,,GEO
,721499,,2024,137107.605,167305.0,167305.0,,GEO
,7215,,2024,23590.4,33400.0,33400.0,,GEO
,7216,,2024,2132737.933,1710597.07,1710597.07,,GEO
,720719,,2024,314.0,85.0,85.0,,GTM
,720720,,2024,13669.0,2209.0,2209.0,,GTM
,7208,,2024,13501634.0,14652063.116,14652063.116,,GTM
,7209,,2024,5154549.0,5840966.12,5840966.12,,GTM
,7210,,2024,49861674.0,47043907.0,47043907.0,,GTM
,721114,,2024,159188.0,147779.0,147779.0,,GTM
,721119,,2024,540508.0,619119.0,619119.0,,GTM
,721129,,2024,19567.0,4885.0,4885.0,,GTM
,721190,,2024,8033.0,7332.0,7332.0,,GTM
,7212,,2024,2235684.0,1980723.0,1980723.0,,GTM
,7213,,2024,61778.0,78818.0,78818.0,,GTM
,721410,,2024,250.0,104.0,104.0,,GTM
,721420,,2024,94790715.0,104596137.0,104596137.0,,GTM
,721430,,2024,3069439.0,,0.0,,GTM
,721491,,2024,4502003.0,4599505.0,4599505.0,,GTM
,721499,,2024,4672887.0,5220295.0,5220295.0,,GTM
,7215,,2024,11955470.0,15423881.0,15423881.0,,GTM
,7216,,2024,51701909.0,52634160.0,52634160.0,,GTM
,7208,,2024,60273.42,65965.47,65965.47,,HND
,7209,,2024,271589.75,282029.72,282029.72,,HND
,7210,,2024,46147652.05,46579105.84,46579105.84,,HND
,721190,,2024,29084.11,38882.8,38882.8,,HND
,7212,,2024,148691.39,92479.4,92479.4,,HND
,7213,,2024,307974.93,441249.03,441249.03,,HND
,721420,,2024,30628722.62,36265100.0,36265100.0,,HND
,721430,,2024,1843585.24,2159390.0,2159390.0,,HND
,721491,,2024,15.0,19.0,19.0,,HND
,721499,,2024,4295720.58,4546284.72,4546284.72,,HND
,7215,,2024,1802984.88,2445040.0,2445040.0,,HND
,7216,,2024,18115437.09,18142528.82,18142528.82,,HND
,7208,,2024,5903171.324,7736899.0,7736899.0,,HKG
,7209,,2024,4262877.097,4936333.0,4936333.0,,HKG
,7210,,2024,67573587.077,67134647.0,67134647.0,,HKG
,721114,,2024,351302.601,442775.0,442775.0,,HKG
,721119,,2024,136154.494,94031.0,94031.0,,HKG
,721123,,2024,4044000.438,1928515.0,1928515.0,,HKG
,721129,,2024,1343380.536,746458.0,746458.0,,HKG
,721190,,2024,7592.038,5592.0,5592.0,,HKG
,7212,,2024,3498957.029,2063613.0,2063613.0,,HKG
,7213,,2024,74715.972,,0.0,,HKG
,721410,,2024,13540.525,21962.0,21962.0,,HKG
,721420,,2024,52509975.283,87328057.0,87328057.0,,HKG
,721491,,2024,337350.74,406543.0,406543.0,,HKG
,721499,,2024,1812377.089,3048789.0,3048789.0,,HKG
,7215,,2024,3836471.151,2029099.0,2029099.0,,HKG
,7216,,2024,20117571.378,23331334.0,23331334.0,,HKG
,720720,,2024,566027527.05,1127943871.0,1127943871.0,,IDN
,7208,,2024,609073520.155,,0.0,,IDN
,7209,,2024,139837.266,221557.996,221557.996,,IDN
,7210,,2024,64124164.277,64890417.541,64890417.541,,IDN
,721113,,2024,57594.43,17692.262,17692.262,,IDN
,721119,,2024,22659.502,7651.6,7651.6,,IDN
,721123,,2024,103379.6,199264.75,199264.75,,IDN
,721129,,2024,51.388,47.0,47.0,,IDN
,721190,,2024,16323.239,18812.03,18812.03,,IDN
,7212,,2024,10925344.14,12035691.199,12035691.199,,IDN
,7213,,2024,412874611.884,805893375.065,805893375.065,,IDN
,721410,,2024,619422.629,666618.66,666618.66,,IDN
,721420,,2024,43885735.449,73794792.332,73794792.332,,IDN
,721430,,2024,57045.326,228440.107,228440.107,,IDN
,721491,,2024,30.996,7.0,7.0,,IDN
,721499,,2024,10463355.549,162167853.499,162167853.499,,IDN
,7215,,2024,66076.301,74424.192,74424.192,,IDN
,7216,,2024,5252560.688,6906233.017,6906233.017,,IDN
,720719,,2024,313000.0,,0.0,,ISR
,7208,,2024,161000.0,179817.778,179817.778,,ISR
,7209,,2024,26000.0,30602.41,30602.41,,ISR
,7210,,2024,30000.0,25824.823,25824.823,,ISR
,721114,,2024,6000.0,6022.639,6022.639,,ISR
,721123,,2024,19000.0,16221.899,16221.899,,ISR
,721129,,2024,20000.0,9500.685,9500.685,,ISR
,721190,,2024,48000.0,36424.662,36424.662,,ISR
,7212,,2024,851000.0,186330.504,186330.504,,ISR
,7213,,2024,4000.0,5995.489,5995.489,,ISR
,721410,,2024,29000.0,29446.092,29446.092,,ISR
,721499,,2024,3000.0,3531.928,3531.928,,ISR
,7215,,2024,44000.0,30168.209,30168.209,,ISR
,7216,,2024,7552000.0,2598616.639,2598616.639,,ISR
,720719,,2024,10308.746,53124.0,53124.0,,CIV
,7208,,2024,654883.084,351605.0,351605.0,,CIV
,7209,,2024,4338.85,4204.0,4204.0,,CIV
,7210,,2024,2605342.263,1107048.0,1107048.0,,CIV
,7212,,2024,1338.802,2.0,2.0,,CIV
,7213,,2024,104233.463,98002.0,98002.0,,CIV
,721410,,2024,127189.635,455788.0,455788.0,,CIV
,721420,,2024,7026650.622,9931159.0,9931159.0,,CIV
,721491,,2024,9254.163,17745.0,17745.0,,CIV
,721499,,2024,76410.955,96063.0,96063.0,,CIV
,7215,,2024,494.875,1050.0,1050.0,,CIV
,7216,,2024,1930950.443,2504752.0,2504752.0,,CIV
,7208,,2024,138376.0,77320.0,77320.0,,JAM
,7210,,2024,336598.0,177730.0,177730.0,,JAM
,7213,,2024,15617625.0,10134464.0,10134464.0,,JAM
,7216,,2024,37925.0,43833.33,43833.33,,JAM
,720719,,2024,2946322.771,3590494.0,3590494.0,,JPN
,720720,,2024,333742182.62,682164899.0,682164899.0,,JPN
,7208,,2024,8875910729.002,14663669780.0,14663669780.0,,JPN
,7209,,2024,1095860368.234,1469288127.413,1469288127.413,,JPN
,7210,,2024,2325737581.238,2235187367.899,2235187367.899,,JPN
,721113,,2024,395279.51,584049.0,584049.0,,JPN
,721114,,2024,8735609.778,,0.0,,JPN
,721119,,2024,7557302.647,,0.0,,JPN
,721123,,2024,17675267.606,14698174.738,14698174.738,,JPN
,721129,,2024,21815951.278,7304160.0,7304160.0,,JPN
,721190,,2024,2246186.781,1213214.0,1213214.0,,JPN
,7212,,2024,161382683.677,63932979.09,63932979.09,,JPN
,7213,,2024,575468207.972,642771959.097,642771959.097,,JPN
,721410,,2024,432229.608,205851.0,205851.0,,JPN
,721420,,2024,84941055.719,170007201.0,170007201.0,,JPN
,721430,,2024,4188461.808,2813459.0,2813459.0,,JPN
,721491,,2024,18413377.701,20620870.0,20620870.0,,JPN
,721499,,2024,234233803.238,244425467.713,244425467.713,,JPN
,7215,,2024,40321126.157,22658838.16,22658838.16,,JPN
,7216,,2024,419815524.66,589865132.0,589865132.0,,JPN
,720719,,2024,12847.23,8080.84,8080.84,,KAZ
,720720,,2024,38128600.9,71803273.37,71803273.37,,KAZ
,7208,,2024,649763126.47,1120892643.91,1120892643.91,,KAZ
,7209,,2024,364343235.76,539842634.13,539842634.13,,KAZ
,7210,,2024,388673383.07,405411416.0,405411416.0,,KAZ
,721114,,2024,16108.5,562.88,562.88,,KAZ
,721119,,2024,267432.1,316435.9,316435.9,,KAZ
,721129,,2024,24826.25,4668.53,4668.53,,KAZ
,721190,,2024,54313.27,195627.85,195627.85,,KAZ
,7212,,2024,839213.45,652881.97,652881.97,,KAZ
,7213,,2024,2926526.12,5064076.9,5064076.9,,KAZ
,721420,,2024,254035592.56,433407600.0,433407600.0,,KAZ
,721430,,2024,72080.0,120000.0,120000.0,,KAZ
,721491,,2024,37.0,0.5,0.5,,KAZ
,721499,,2024,9719722.32,17359301.39,17359301.39,,KAZ
,7215,,2024,83911.48,19043.06,19043.06,,KAZ
,7216,,2024,18708992.99,22794040.55,22794040.55,,KAZ
,7208,,2024,2399003.556,3102578.0,3102578.0,,JOR
,7209,,2024,1196150.109,2121503.0,2121503.0,,JOR
,7210,,2024,31015717.639,24703358.0,24703358.0,,JOR
,721113,,2024,3806139.186,4796616.0,4796616.0,,JOR
,721119,,2024,90988.338,35796.0,35796.0,,JOR
,721190,,2024,19597.183,25000.0,25000.0,,JOR
,7212,,2024,505067.294,422275.0,422275.0,,JOR
,7213,,2024,824832.42,1333700.0,1333700.0,,JOR
,721420,,2024,54593451.667,79705056.1,79705056.1,,JOR
,721430,,2024,6485.915,7415.0,7415.0,,JOR
,721499,,2024,1818342.868,2959920.0,2959920.0,,JOR
,7216,,2024,3456211.778,2870076.0,2870076.0,,JOR
,720719,,2024,3509.655,5000.0,5000.0,,KEN
,7208,,2024,3612929.779,3495129.14,3495129.14,,KEN
,7209,,2024,2881898.331,3416864.92,3416864.92,,KEN
,7210,,2024,122740105.904,96056388.26,96056388.26,,KEN
,721114,,2024,154538.396,177082.0,177082.0,,KEN
,721129,,2024,75835.499,98839.5,98839.5,,KEN
,721190,,2024,48941.389,59006.0,59006.0,,KEN
,7212,,2024,3076695.226,1088950.04,1088950.04,,KEN
,7213,,2024,220317.041,263930.12,263930.12,,KEN
,721420,,2024,10684505.112,13339879.0,13339879.0,,KEN
,721430,,2024,107558.201,126716.0,126716.0,,KEN
,721499,,2024,3448916.031,4300756.7,4300756.7,,KEN
,7215,,2024,150352.874,173032.04,173032.04,,KEN
,7216,,2024,5007840.173,5281017.27,5281017.27,,KEN
,720719,,2024,1562369.0,542915.05,542915.05,,KOR
,720720,,2024,57588984.0,107346826.17,107346826.17,,KOR
,7208,,2024,6023236182.0,8841504751.921,8841504751.921,,KOR
,7209,,2024,2445994460.0,3332667039.671,3332667039.671,,KOR
,7210,,2024,6635446622.0,6454569886.639,6454569886.639,,KOR
,721113,,2024,45032.0,56754.0,56754.0,,KOR
,721114,,2024,2784387.0,2741366.0,2741366.0,,KOR
,721119,,2024,6052700.0,5025412.904,5025412.904,,KOR
,721123,,2024,21574392.0,,0.0,,KOR
,721129,,2024,107058587.0,73630580.5,73630580.5,,KOR
,721190,,2024,18616621.0,16442405.84,16442405.84,,KOR
,7212,,2024,242460084.0,165383653.01,165383653.01,,KOR
,7213,,2024,374985446.0,536668481.56,536668481.56,,KOR
,721410,,2024,1965170.0,855711.874,855711.874,,KOR
,721420,,2024,26371560.0,39269301.76,39269301.76,,KOR
,721491,,2024,368224.0,230190.894,230190.894,,KOR
,721499,,2024,143632201.0,165490104.983,165490104.983,,KOR
,7215,,2024,40859303.0,24611814.165,24611814.165,,KOR
,7216,,2024,640345215.0,871787880.123,871787880.123,,KOR
,720719,,2024,27663.0,,0.0,,KWT
,7208,,2024,5869595.0,6941552.349,6941552.349,,KWT
,7209,,2024,3248.0,3469.03,3469.03,,KWT
,7210,,2024,486727.0,540180.539,540180.539,,KWT
,721119,,2024,57056.0,56829.698,56829.698,,KWT
,721190,,2024,18986.0,14596.228,14596.228,,KWT
,7212,,2024,283206.0,229859.686,229859.686,,KWT
,7213,,2024,2794.0,3310.146,3310.146,,KWT
,721410,,2024,26202.0,26985.328,26985.328,,KWT
,721499,,2024,61146.0,72912.468,72912.468,,KWT
,7215,,2024,899.0,761.549,761.549,,KWT
,7216,,2024,335860.0,438858.254,438858.254,,KWT
,7208,,2024,800948.0,920630.0,920630.0,,KGZ
,7209,,2024,10000.0,25350.0,25350.0,,KGZ
,7210,,2024,1578053.0,1113941.0,1113941.0,,KGZ
,721119,,2024,5800.0,29000.0,29000.0,,KGZ
,721123,,2024,153724.0,118249.0,118249.0,,KGZ
,721129,,2024,118100.0,590500.0,590500.0,,KGZ
,7213,,2024,991917.0,2446950.0,2446950.0,,KGZ
,721420,,2024,37750652.0,69697435.0,69697435.0,,KGZ
,721499,,2024,744985.0,777548.0,777548.0,,KGZ
,7216,,2024,379786.0,1347405.0,1347405.0,,KGZ
,7208,,2024,2737793.0,3635422.306,3635422.306,,LBN
,7209,,2024,81626.0,75493.88,75493.88,,LBN
,7210,,2024,1151110.0,989148.069,989148.069,,LBN
,721119,,2024,1000.0,984.778,984.778,,LBN
,721123,,2024,92662.0,79113.346,79113.346,,LBN
,721129,,2024,3362.0,1597.065,1597.065,,LBN
,721190,,2024,60987.0,46279.81,46279.81,,LBN
,7212,,2024,146327.0,95194.408,95194.408,,LBN
,7213,,2024,500.0,588.875,588.875,,LBN
,721410,,2024,53574.0,54398.101,54398.101,,LBN
,721491,,2024,5806.0,7431.038,7431.038,,LBN
,721499,,2024,2026.0,2385.229,2385.229,,LBN
,7215,,2024,40627.0,22881.901,22881.901,,LBN
,7216,,2024,608242.0,539059.237,539059.237,,LBN
,7210,,2024,6598.534,4025.0,4025.0,,MDG
,721410,,2024,387.218,4.0,4.0,,MDG
,721420,,2024,1333.81,2550.0,2550.0,,MDG
,721499,,2024,3694.343,4510.0,4510.0,,MDG
,7215,,2024,1872.089,640.0,640.0,,MDG
,7216,,2024,381.351,50.0,50.0,,MDG
,720719,,2024,129726.502,30789.07,30789.07,,MYS
,720720,,2024,202635023.274,400483083.038,400483083.038,,MYS
,7208,,2024,122610128.632,,0.0,,MYS
,7209,,2024,66481093.504,88633787.318,88633787.318,,MYS
,7210,,2024,126798545.215,,0.0,,MYS
,721113,,2024,13.329,100.0,100.0,,MYS
,721114,,2024,31840.772,42200.0,42200.0,,MYS
,721119,,2024,3055686.431,2171510.815,2171510.815,,MYS
,721123,,2024,9668582.533,6764109.09,6764109.09,,MYS
,721129,,2024,9529.048,12298.93,12298.93,,MYS
,721190,,2024,36003.625,50139.0,50139.0,,MYS
,7212,,2024,37275624.858,,0.0,,MYS
,7213,,2024,836724789.221,1578318660.009,1578318660.009,,MYS
,721410,,2024,1256495247.386,2445761190.0,2445761190.0,,MYS
,721420,,2024,85609094.567,145295668.07,145295668.07,,MYS
,721430,,2024,3218021.116,5145212.13,5145212.13,,MYS
,721491,,2024,641143.702,895221.07,895221.07,,MYS
,721499,,2024,5778799.294,8307370.5,8307370.5,,MYS
,7215,,2024,5970983.022,5367311.683,5367311.683,,MYS
,7216,,2024,62163136.809,,0.0,,MYS
,7208,,2024,27994.078,9406.0,9406.0,,MUS
,7209,,2024,5990.966,2000.0,968.0,,MUS
,7210,,2024,62658.079,,30127.0,,MUS
,721119,,2024,256.269,2.0,192.0,,MUS
,7212,,2024,22371.603,15364.0,16622.0,,MUS
,721420,,2024,208580.998,307947.0,307947.0,,MUS
,7215,,2024,5160.757,5560.0,5856.0,,MUS
,7216,,2024,7907.46,,1573.0,,MUS
,7208,,2024,200370831.0,0.0,0.0,,MEX
,7209,,2024,98922560.0,0.0,0.0,,MEX
,7210,,2024,788205578.0,0.0,0.0,,MEX
,721114,,2024,1817144.0,1408055.0,1408055.0,,MEX
,721119,,2024,48627907.0,48724000.0,48724000.0,,MEX
,721123,,2024,5399253.0,3971587.0,3971587.0,,MEX
,721129,,2024,309516.0,99539.322,99539.322,,MEX
,721190,,2024,893350.0,725181.0,725181.0,,MEX
,7212,,2024,24935361.0,0.0,0.0,,MEX
,7213,,2024,7270881.0,0.0,0.0,,MEX
,721420,,2024,69959656.0,102543698.0,102543698.0,,MEX
,721491,,2024,14041700.0,15987620.0,15987620.0,,MEX
,721499,,2024,12290332.0,15612770.0,15612770.0,,MEX
,7215,,2024,11290020.0,0.0,0.0,,MEX
,7216,,2024,340833403.0,0.0,0.0,,MEX
,7210,,2024,246152.0,110715.0,110715.0,,MDA
,7212,,2024,2970.0,540.0,540.0,,MDA
,7215,,2024,18.0,8.0,8.0,,MDA
,7216,,2024,40571.0,29013.434,29013.434,,MDA
,7209,,2024,6130.463,3056.2,3056.2,,MNE
,7210,,2024,67170.896,56499.0,56499.0,,MNE
,7213,,2024,389.456,300.0,300.0,,MNE
,721420,,2024,11839.989,23470.0,23470.0,,MNE
,721499,,2024,16686.005,5295.4,5295.4,,MNE
,7216,,2024,76720.399,49928.72,49928.72,,MNE
,7208,,2024,26446519.278,39011180.86,39011180.86,,MAR
,7209,,2024,5603019.75,7314513.0,7314513.0,,MAR
,7210,,2024,39721885.513,41763222.0,41763222.0,,MAR
,721114,,2024,230.73,48.0,48.0,,MAR
,721119,,2024,898382.838,1556114.0,1556114.0,,MAR
,721123,,2024,113412.608,186460.0,186460.0,,MAR
,721129,,2024,633464.541,820278.0,820278.0,,MAR
,721190,,2024,33353.549,5570.25,5570.25,,MAR
,7212,,2024,3339944.947,3703341.789,3703341.789,,MAR
,7213,,2024,563.247,100.0,100.0,,MAR
,721410,,2024,1367.583,230.0,230.0,,MAR
,721420,,2024,168109.883,208031.0,208031.0,,MAR
,721491,,2024,111.426,115.04,115.04,,MAR
,721499,,2024,18850009.217,27940615.62,27940615.62,,MAR
,7215,,2024,33808.214,21796.66,21796.66,,MAR
,7216,,2024,748890.053,436338.91,436338.91,,MAR
,7208,,2024,1651717.2,2025916.496,2025916.496,,MOZ
,7209,,2024,4998373.5,5077964.0,5077964.0,,MOZ
,7210,,2024,4027590.6,3698680.068,3698680.068,,MOZ
,721499,,2024,85315.5,,0.0,,MOZ
,7215,,2024,33563.3,32496.0,32496.0,,MOZ
,7216,,2024,758177.4,760314.0,760314.0,,MOZ
,720719,,2024,328331476.729,448057357.0,448057357.0,,OMN
,720720,,2024,31059908.924,63423555.0,63423555.0,,OMN
,7208,,2024,4912150.838,7718819.0,7718819.0,,OMN
,7209,,2024,224070.221,490892.0,490892.0,,OMN
,7210,,2024,5038036.403,5978780.0,5978780.0,,OMN
,721113,,2024,10713167.734,16421301.0,16421301.0,,OMN
,721114,,2024,8884.265,12630.0,12630.0,,OMN
,721119,,2024,35053791.883,51895189.0,51895189.0,,OMN
,721123,,2024,20145.644,27750.0,27750.0,,OMN
,721190,,2024,7700122.225,11776363.0,11776363.0,,OMN
,7212,,2024,462509.752,210832.0,210832.0,,OMN
,7213,,2024,42989557.8,72909034.0,72909034.0,,OMN
,721410,,2024,35078949.23,50040389.0,50040389.0,,OMN
,721420,,2024,680054630.925,1126460063.0,1126460063.0,,OMN
,7215,,2024,200273.082,169497.0,169497.0,,OMN
,7216,,2024,66808137.737,95395419.0,95395419.0,,OMN
,720720,,2024,1086.305,100.0,100.0,,NAM
,7208,,2024,4028750.966,,0.0,,NAM
,7209,,2024,25731.23,13320.0,13320.0,,NAM
,7210,,2024,71924.383,148742.3,148742.3,,NAM
,721114,,2024,2822.989,2103.0,2103.0,,NAM
,721129,,2024,115.937,4535.0,4535.0,,NAM
,721190,,2024,6119.3,1700.93,1700.93,,NAM
,7212,,2024,14276.341,12618.51,12618.51,,NAM
,7213,,2024,22508.788,571.0,571.0,,NAM
,721420,,2024,639.479,357.0,357.0,,NAM
,721491,,2024,853.971,424.0,424.0,,NAM
,721499,,2024,1623.13,2432.68,2432.68,,NAM
,7215,,2024,42894.232,4372.9,4372.9,,NAM
,7216,,2024,77426.372,51894.151,51894.151,,NAM
,7208,,2024,11864578.389,,0.0,,NZL
,7209,,2024,38520581.108,49515489.0,49515489.0,,NZL
,7210,,2024,49640995.13,40493777.574,40493777.574,,NZL
,721113,,2024,11.499,3.0,3.0,,NZL
,721114,,2024,5693.852,2802.298,2802.298,,NZL
,721119,,2024,1598.37,641.0,641.0,,NZL
,721123,,2024,2590.316,45.0,45.0,,NZL
,721129,,2024,925.977,90.0,90.0,,NZL
,721190,,2024,4939.151,3244.0,3244.0,,NZL
,7212,,2024,3537751.281,7955700.0,7955700.0,,NZL
,7213,,2024,1891694.726,2789086.882,2789086.882,,NZL
,721410,,2024,332065.137,202406.0,202406.0,,NZL
,721420,,2024,256020.614,170221.0,170221.0,,NZL
,721430,,2024,27224.943,9539.0,9539.0,,NZL
,721491,,2024,3568.946,1888.0,1888.0,,NZL
,721499,,2024,63263.615,,0.0,,NZL
,7215,,2024,740640.206,1675011.2,1675011.2,,NZL
,7216,,2024,566584.922,207415.0,207415.0,,NZL
,7208,,2024,37153.8,35994.7,35994.7,,NIC
,7209,,2024,9575.7,12886.6,12886.6,,NIC
,7210,,2024,66614.2,78001.8,78001.8,,NIC
,721114,,2024,118.0,50.0,50.0,,NIC
,7213,,2024,1043204.1,1416903.0,1416903.0,,NIC
,721420,,2024,1156667.8,1443944.0,1443944.0,,NIC
,721430,,2024,1353765.9,1898040.0,1898040.0,,NIC
,721491,,2024,60.0,16.9,16.9,,NIC
,721499,,2024,31839.6,13364.5,13364.5,,NIC
,7215,,2024,659.5,141.5,141.5,,NIC
,7216,,2024,492118.3,589477.0,589477.0,,NIC
,7210,,2024,38541.749,69000.0,69000.0,,NER
,721420,,2024,328.883,200.0,200.0,,NER
,7216,,2024,115.109,125.0,125.0,,NER
,7208,,2024,8231.33,8161.4,8161.4,,NGA
,7209,,2024,16150.631,16770.0,16770.0,,NGA
,7210,,2024,71561.292,105470.0,105470.0,,NGA
,7213,,2024,1400606.114,3656230.0,3656230.0,,NGA
,721420,,2024,293547.293,449800.0,449800.0,,NGA
,721491,,2024,135135.267,300000.0,300000.0,,NGA
,7215,,2024,1594472.39,3220530.0,3220530.0,,NGA
,7216,,2024,225.123,221.97,221.97,,NGA
,720720,,2024,830.715,1000.0,1000.0,,PAK
,7208,,2024,16120.259,21000.0,21000.0,,PAK
,7209,,2024,10596553.96,14543000.0,14543000.0,,PAK
,7210,,2024,47233425.877,52595000.0,52595000.0,,PAK
,721113,,2024,47.534,1000.0,1000.0,,PAK
,721119,,2024,2894.019,2000.0,2000.0,,PAK
,721190,,2024,3782.975,1000.0,1000.0,,PAK
,7212,,2024,7325.481,1000.0,1000.0,,PAK
,721410,,2024,3533.632,3000.0,3000.0,,PAK
,721420,,2024,10029.098,1000.0,1000.0,,PAK
,721499,,2024,18.433,1000.0,1000.0,,PAK
,7215,,2024,1804.602,5000.0,5000.0,,PAK
,7216,,2024,6691.31,,0.0,,PAK
,7208,,2024,185571.0,150151.0,150151.0,,PAN
,7209,,2024,403629.0,106664.0,106664.0,,PAN
,7210,,2024,1587654.0,1100632.0,1100632.0,,PAN
,7212,,2024,113160.0,90288.0,90288.0,,PAN
,7213,,2024,16777.0,20085.0,20085.0,,PAN
,721420,,2024,303227.0,278046.0,278046.0,,PAN
,721499,,2024,165.0,167.0,167.0,,PAN
,7215,,2024,19478.0,25086.0,25086.0,,PAN
,7216,,2024,1973817.0,1717187.0,1717187.0,,PAN
,720720,,2024,617590.0,1062000.0,1062000.0,,PRY
,7210,,2024,22878.49,56000.0,56000.0,,PRY
,721119,,2024,43947.28,46109.0,46109.0,,PRY
,721129,,2024,165.0,0.445,0.445,,PRY
,721190,,2024,307.0,0.39,0.39,,PRY
,721420,,2024,2672604.0,2496000.0,2496000.0,,PRY
,7215,,2024,177330.0,132164.0,132164.0,,PRY
,7216,,2024,277565.5,220256.0,220256.0,,PRY
,7208,,2024,561605.075,528823.66,528823.66,,PER
,7209,,2024,673644.591,,0.0,,PER
,7210,,2024,5660014.284,2867814.678,2867814.678,,PER
,721119,,2024,245815.82,200440.0,200440.0,,PER
,721190,,2024,295.942,,0.0,,PER
,7212,,2024,308681.979,208813.73,208528.36,,PER
,7213,,2024,3297025.26,4637651.0,4637762.0,,PER
,721410,,2024,10260.139,1111.724,1111.724,,PER
,721420,,2024,91705708.003,136308155.901,136308155.901,,PER
,721430,,2024,28223.283,,0.0,,PER
,721491,,2024,2275546.741,3123155.99,3123155.99,,PER
,721499,,2024,3089162.521,,0.0,,PER
,7215,,2024,174857.533,158931.073,158931.073,,PER
,7216,,2024,12781491.047,,0.0,,PER
,720719,,2024,411.0,225.0,225.0,,PHL
,7208,,2024,64296.0,86794.25,86794.25,,PHL
,7209,,2024,46898.0,126558.18,126558.18,,PHL
,7210,,2024,9195547.0,7444221.45,7444221.45,,PHL
,721113,,2024,492.0,1800.0,1800.0,,PHL
,721123,,2024,1328.0,1056.0,1056.0,,PHL
,7212,,2024,22876.0,8010.72,8010.72,,PHL
,721410,,2024,500.0,,0.0,,PHL
,721420,,2024,8824477.0,14261395.38,14261395.38,,PHL
,721491,,2024,7929.0,3800.0,3800.0,,PHL
,721499,,2024,233559.0,123472.53,123472.53,,PHL
,7215,,2024,835.0,214.62,214.62,,PHL
,7216,,2024,5702750.0,6181335.06,6181335.06,,PHL
,7208,,2024,1766747.772,0.0,0.0,,QAT
,7209,,2024,871740.919,0.0,0.0,,QAT
,7210,,2024,202825.546,0.0,0.0,,QAT
,7212,,2024,22226.099,0.0,0.0,,QAT
,7215,,2024,211596.15,0.0,0.0,,QAT
,7216,,2024,9943206.972,0.0,0.0,,QAT
,7208,,2024,206755378.564,278626802.0,278626802.0,,SAU
,7209,,2024,7224595.553,7587571.0,7587571.0,,SAU
,7210,,2024,40361307.258,40730821.097,40730821.097,,SAU
,721113,,2024,1111469.572,1654244.0,1654244.0,,SAU
,721114,,2024,4554.4,1824.0,1824.0,,SAU
,721119,,2024,224569.328,333989.0,333989.0,,SAU
,721123,,2024,16731.2,14174.0,14174.0,,SAU
,721129,,2024,15800.0,12000.0,12000.0,,SAU
,721190,,2024,12149.866,21696.0,21696.0,,SAU
,7212,,2024,1393969.565,,0.0,,SAU
,7213,,2024,109146295.938,189921113.0,189921113.0,,SAU
,721410,,2024,118501985.037,195602280.0,195602280.0,,SAU
,721420,,2024,17460322.497,29357230.0,29357230.0,,SAU
,7215,,2024,188494.395,154351.0,154351.0,,SAU
,7216,,2024,27837052.104,34825590.0,34825590.0,,SAU
,720719,,2024,5679022.139,13994954.0,13994954.0,,SEN
,7208,,2024,8206254.892,10136102.0,10136102.0,,SEN
,7209,,2024,12610260.027,18845683.0,18845683.0,,SEN
,7210,,2024,7324165.618,6608252.0,6608252.0,,SEN
,721113,,2024,186161.201,249903.0,249903.0,,SEN
,721114,,2024,160008.752,206405.0,206405.0,,SEN
,721119,,2024,509065.307,678761.0,678761.0,,SEN
,721190,,2024,14.606,,0.0,,SEN
,7213,,2024,14018213.424,29177454.0,29177454.0,,SEN
,721410,,2024,35645.576,47508.0,47508.0,,SEN
,721420,,2024,19170100.744,24159095.0,24159095.0,,SEN
,721430,,2024,36.177,1500.0,1500.0,,SEN
,721491,,2024,86888.423,118075.0,118075.0,,SEN
,721499,,2024,264529.525,354351.0,354351.0,,SEN
,7215,,2024,33682139.843,35999298.0,35999298.0,,SEN
,7216,,2024,8277077.053,10272840.0,10272840.0,,SEN
,720719,,2024,274400.0,129681.0,129681.0,,SRB
,720720,,2024,53108.0,37312.0,37312.0,,SRB
,7208,,2024,411784602.0,543026049.726,543026049.726,,SRB
,7209,,2024,60005083.0,,0.0,,SRB
,7210,,2024,115518740.0,88616163.0,88616163.0,,SRB
,721113,,2024,5802.0,5756.0,5756.0,,SRB
,721114,,2024,262683.0,191431.0,191431.0,,SRB
,721119,,2024,427604.0,454284.0,454284.0,,SRB
,721123,,2024,398588.0,243870.118,243870.118,,SRB
,721129,,2024,44750.0,27272.0,27272.0,,SRB
,721190,,2024,203155.0,186315.157,186315.157,,SRB
,7212,,2024,15799178.0,10664231.698,10664231.698,,SRB
,7213,,2024,12180674.0,17478313.0,17478313.0,,SRB
,721410,,2024,116.0,20.0,20.0,,SRB
,721420,,2024,18167927.0,26776500.0,26776500.0,,SRB
,721491,,2024,139486.0,154888.0,154888.0,,SRB
,721499,,2024,268784.0,291851.0,291851.0,,SRB
,7215,,2024,640531.0,580174.0,580174.0,,SRB
,7216,,2024,19241566.0,15125978.866,15125978.866,,SRB
,720719,,2024,142785895.087,267525815.722,267525815.722,,IND
,720720,,2024,2897040.716,724976.811,724976.811,,IND
,7208,,2024,1548499496.334,,0.0,,IND
,7209,,2024,338294373.46,501850777.699,501850777.699,,IND
,7210,,2024,1241991660.821,1481017411.454,1481017411.454,,IND
,721113,,2024,44391.219,,0.0,,IND
,721114,,2024,2037483.619,2688592.665,2688592.665,,IND
,721119,,2024,3444087.029,4861146.086,4861146.086,,IND
,721123,,2024,5913418.061,5893624.181,5893624.181,,IND
,721129,,2024,21062043.011,13814040.409,13814040.409,,IND
,721190,,2024,327383.296,385105.0,385105.0,,IND
,7212,,2024,32412977.18,28699493.868,28699493.868,,IND
,7213,,2024,131147077.473,,0.0,,IND
,721410,,2024,13606530.319,23017267.11,23017267.11,,IND
,721420,,2024,26712975.019,,0.0,,IND
,721430,,2024,521263.706,586166.0,586166.0,,IND
,721491,,2024,8707427.304,10562945.911,10562945.911,,IND
,721499,,2024,17646457.593,23621113.923,23621113.923,,IND
,7215,,2024,143451219.352,100279978.642,100279978.642,,IND
,7216,,2024,84456211.744,96528281.301,96528281.301,,IND
,720719,,2024,1130352.732,233241.151,233241.151,,SGP
,720720,,2024,2096939.157,256113.345,256113.345,,SGP
,7208,,2024,219846188.96,,0.0,,SGP
,7209,,2024,16080776.056,13186091.634,13186091.634,,SGP
,7210,,2024,89265941.046,76307697.242,76307697.242,,SGP
,721113,,2024,212846.06,299090.0,299090.0,,SGP
,721114,,2024,6110.46,3960.0,3960.0,,SGP
,721119,,2024,462669.943,307860.0,307860.0,,SGP
,721123,,2024,3805504.526,2780070.0,2780070.0,,SGP
,721129,,2024,135482.326,22919.386,22919.386,,SGP
,721190,,2024,4015715.567,18553292.962,18553292.962,,SGP
,7212,,2024,6120547.806,5118339.347,5118339.347,,SGP
,7213,,2024,43825703.579,60551553.914,60551553.914,,SGP
,721410,,2024,5020761.592,9072090.0,9072090.0,,SGP
,721420,,2024,45343493.136,66671960.0,66671960.0,,SGP
,721430,,2024,538685.11,239360.0,239360.0,,SGP
,721491,,2024,10378983.707,16608152.836,16608152.836,,SGP
,721499,,2024,13169925.906,18759820.0,18759820.0,,SGP
,7215,,2024,13044020.501,17175839.486,17175839.486,,SGP
,7216,,2024,82489849.049,103326588.502,103326588.502,,SGP
,720719,,2024,132680737.143,267006513.97,267006513.97,,ZAF
,720720,,2024,13280747.621,26506242.05,26506242.05,,ZAF
,7208,,2024,149691351.2,,0.0,,ZAF
,7209,,2024,27269493.855,,0.0,,ZAF
,7210,,2024,226525461.754,206589029.744,206589029.744,,ZAF
,721113,,2024,12476.091,5490.64,5490.64,,ZAF
,721114,,2024,612841.452,268797.63,268797.63,,ZAF
,721119,,2024,1474843.161,,0.0,,ZAF
,721123,,2024,100124.246,80218.351,80218.351,,ZAF
,721129,,2024,85327.363,67724.4,67724.4,,ZAF
,721190,,2024,2281698.933,1966217.76,1966217.76,,ZAF
,7212,,2024,3896221.556,2641153.42,2641153.42,,ZAF
,7213,,2024,92466102.791,158990528.36,158990528.36,,ZAF
,721410,,2024,1488819.58,1758670.75,1758670.75,,ZAF
,721420,,2024,150183243.858,,0.0,,ZAF
,721430,,2024,208103.786,215232.64,215232.64,,ZAF
,721491,,2024,3772151.148,,0.0,,ZAF
,721499,,2024,12154007.808,13333411.19,13333411.19,,ZAF
,7215,,2024,12182738.772,12352967.722,12352967.722,,ZAF
,7216,,2024,90852269.58,,0.0,,ZAF
,721119,,2024,127507.655,147300.0,147300.0,,ZWE
,7216,,2024,323879.418,351497.0,349980.0,,ZWE
,7208,,2024,112931.75,54273.0,54273.0,,SUR
,7210,,2024,32910.0,18100.0,18100.0,,SUR
,721114,,2024,11956.28,8009.92,8009.92,,SUR
,721190,,2024,10491.1,5500.0,5500.0,,SUR
,721420,,2024,4114.07,1500.0,1500.0,,SUR
,7216,,2024,201448.636,71518.7,71518.7,,SUR
,720719,,2024,6447010.14,165083.483,165083.483,,THA
,720720,,2024,26358074.18,49746490.0,49746490.0,,THA
,7208,,2024,20700831.98,,0.0,,THA
,7209,,2024,48977235.39,,0.0,,THA
,7210,,2024,117427001.86,107728862.613,107728862.613,,THA
,721113,,2024,36443.16,41715.0,41715.0,,THA
,721114,,2024,116102.06,116848.0,116848.0,,THA
,721119,,2024,80434.71,76353.0,76353.0,,THA
,721123,,2024,251664.06,132936.881,132936.881,,THA
,721129,,2024,1346887.31,819297.43,819297.43,,THA
,721190,,2024,1257905.94,1209137.847,1209137.847,,THA
,7212,,2024,11595182.36,7991898.261,7991898.261,,THA
,7213,,2024,43161927.08,,0.0,,THA
,721410,,2024,1830100.41,,0.0,,THA
,721420,,2024,163603696.72,268771238.0,268771238.0,,THA
,721430,,2024,2977160.5,,0.0,,THA
,721491,,2024,2181717.52,,0.0,,THA
,721499,,2024,6385736.5,9251181.0,9251181.0,,THA
,7215,,2024,11492972.29,9376073.485,9376073.485,,THA
,7216,,2024,209053071.93,298825644.091,298825644.091,,THA
,7208,,2024,1896.649,1350.0,1350.0,,TGO
,7209,,2024,780094.722,1312217.0,1312217.0,,TGO
,721410,,2024,274979.54,306180.0,306180.0,,TGO
,721420,,2024,275792.363,416115.0,416115.0,,TGO
,721499,,2024,3626.257,36.0,36.0,,TGO
,7215,,2024,1823508.011,4532610.0,4532610.0,,TGO
,7216,,2024,520216.105,501000.0,501000.0,,TGO
,720720,,2024,481.473,5.0,5.0,,TTO
,7208,,2024,163834.49,108232.0,108232.0,,TTO
,7209,,2024,4359.328,663.0,663.0,,TTO
,7210,,2024,1396882.346,,0.0,,TTO
,721119,,2024,148737.729,97286.0,97286.0,,TTO
,721190,,2024,7037.649,21084.481,21084.481,,TTO
,7212,,2024,303144.391,171838.0,171838.0,,TTO
,7213,,2024,544109.028,588979.0,588979.0,,TTO
,721420,,2024,2547738.37,2861497.0,2861497.0,,TTO
,721491,,2024,36146.599,2212.258,2212.258,,TTO
,721499,,2024,72788.597,70392.0,70392.0,,TTO
,7215,,2024,119279.155,19796.0,19796.0,,TTO
,7216,,2024,3834778.425,2124291.432,2124291.432,,TTO
,7208,,2024,801711.669,997896.141,997896.141,,TUN
,7209,,2024,8656035.397,10814398.38,10814398.38,,TUN
,7210,,2024,95029049.918,100271541.734,100271541.734,,TUN
,721123,,2024,1461.649,1247.932,1247.932,,TUN
,721129,,2024,28504.078,13540.413,13540.413,,TUN
,721190,,2024,15542.003,11794.005,11794.005,,TUN
,7212,,2024,5240762.526,4774305.623,4774305.623,,TUN
,7213,,2024,18180673.642,26862939.682,26862939.682,,TUN
,721420,,2024,3543605.423,5408615.856,5408615.856,,TUN
,721430,,2024,116.816,128.972,128.972,,TUN
,721491,,2024,423690.151,542276.522,542276.522,,TUN
,721499,,2024,3352609.274,3947058.16,3947058.16,,TUN
,7215,,2024,22578.641,14018.29,14018.29,,TUN
,7216,,2024,6364701.736,8266918.866,8266918.866,,TUN
,720719,,2024,16501953.0,26064322.0,26064322.0,,TUR
,720720,,2024,12351233.0,16174169.0,16174169.0,,TUR
,7208,,2024,1930699998.0,2992561875.0,2992561875.0,,TUR
,7209,,2024,511901829.0,691745284.0,691745284.0,,TUR
,7210,,2024,1366235366.0,,0.0,,TUR
,721113,,2024,856437.0,523198.0,523198.0,,TUR
,721114,,2024,3292746.0,2797943.0,2797943.0,,TUR
,721119,,2024,64052254.0,90871664.0,90871664.0,,TUR
,721123,,2024,51911053.0,58213466.0,58213466.0,,TUR
,721129,,2024,4658741.0,3323963.0,3323963.0,,TUR
,721190,,2024,12060265.0,10851348.0,10851348.0,,TUR
,7212,,2024,103008207.0,105234916.0,105234916.0,,TUR
,7213,,2024,560899744.0,920071068.0,920071068.0,,TUR
,721410,,2024,3181574.0,2181232.0,2181232.0,,TUR
,721420,,2024,1999770973.0,3424384143.0,3424384143.0,,TUR
,721430,,2024,1074267.0,,0.0,,TUR
,721491,,2024,20498818.0,30088073.0,30088073.0,,TUR
,721499,,2024,139517734.0,204215718.0,204215718.0,,TUR
,7215,,2024,85233953.0,,0.0,,TUR
,7216,,2024,1332958892.0,1818356564.354,1818356564.354,,TUR
,7208,,2024,2876143.28,3027656.36,3027656.36,,UGA
,7209,,2024,256204.0,294327.0,294327.0,,UGA
,7210,,2024,53510683.86,53535339.9,53535339.9,,UGA
,721114,,2024,7741.48,9789.0,9789.0,,UGA
,721119,,2024,36256.15,43600.0,43600.0,,UGA
,721123,,2024,17750.88,14990.0,14990.0,,UGA
,721129,,2024,14768.92,15258.0,15258.0,,UGA
,721190,,2024,1269015.29,1586879.0,1586879.0,,UGA
,7212,,2024,706.0,480.0,480.0,,UGA
,7213,,2024,503021.2,776639.0,776639.0,,UGA
,721410,,2024,628228.48,743308.0,743308.0,,UGA
,721420,,2024,51778124.45,62406193.0,62406193.0,,UGA
,721430,,2024,2282854.87,2511303.0,2511303.0,,UGA
,721491,,2024,18869.48,33190.0,33190.0,,UGA
,721499,,2024,1140538.26,1210497.0,1210497.0,,UGA
,7215,,2024,4285679.82,4367460.0,4367460.0,,UGA
,7216,,2024,6646627.22,8151205.4,8151205.4,,UGA
,720719,,2024,5053471.91,6920570.0,6920570.0,,UKR
,720720,,2024,306696695.75,631548446.0,631548446.0,,UKR
,7208,,2024,809458507.92,1363358151.18,1363358151.18,,UKR
,7209,,2024,128465249.13,201711062.0,201711062.0,,UKR
,7210,,2024,55698935.42,56017324.96,56017324.96,,UKR
,721114,,2024,957.3,752.468,752.468,,UKR
,721119,,2024,337474.57,440821.823,440821.823,,UKR
,721123,,2024,168725.06,200322.377,200322.377,,UKR
,721190,,2024,41611.4,26351.05,26351.05,,UKR
,7212,,2024,628286.6,403029.61,403029.61,,UKR
,7213,,2024,156717513.47,258326573.0,258326573.0,,UKR
,721420,,2024,88866058.18,147849774.0,147849774.0,,UKR
,721491,,2024,100928.28,141933.6,141933.6,,UKR
,721499,,2024,727751.03,999137.04,999137.04,,UKR
,7215,,2024,1469076.33,1366586.54,1366586.54,,UKR
,7216,,2024,10800316.34,10489109.146,10489109.146,,UKR
,7208,,2024,206492862.32,262842974.0,262842974.0,,MKD
,7209,,2024,223986.53,422296.239,422296.239,,MKD
,7210,,2024,73205443.58,69572006.0,69572006.0,,MKD
,721113,,2024,843.7,935.0,935.0,,MKD
,721119,,2024,173.08,157.422,157.422,,MKD
,721190,,2024,2691.33,2430.0,2430.0,,MKD
,7212,,2024,18202645.08,13827824.0,13827824.0,,MKD
,7213,,2024,96475.33,138812.0,138812.0,,MKD
,721420,,2024,474396.78,599540.0,599540.0,,MKD
,721491,,2024,26796243.44,37270438.0,37270438.0,,MKD
,721499,,2024,12291927.98,17150863.0,17150863.0,,MKD
,7215,,2024,10766.39,8328.0,8328.0,,MKD
,7216,,2024,29112142.57,33768992.0,33768992.0,,MKD
,720719,,2024,3842826.676,,0.0,,EGY
,7208,,2024,857980174.825,1108673673.629,1108673673.629,,EGY
,7209,,2024,57405044.611,,0.0,,EGY
,7210,,2024,150039172.487,135762477.16,135762477.16,,EGY
,721114,,2024,2325.131,2148.729,2148.729,,EGY
,721129,,2024,2717090.55,1226642.2,1226642.2,,EGY
,7212,,2024,11912595.389,10220551.256,10220551.256,,EGY
,7213,,2024,323241208.738,449913830.785,449913830.785,,EGY
,721410,,2024,1287514.128,873272.365,873272.365,,EGY
,721420,,2024,630348201.419,957170101.491,957170101.491,,EGY
,721430,,2024,100.0,106.807,106.807,,EGY
,721491,,2024,110.835,138.661,138.661,,EGY
,721499,,2024,4054412.584,4509333.936,4509333.936,,EGY
,7215,,2024,60614.64,32039.418,32039.418,,EGY
,7216,,2024,5914375.625,3624074.433,3624074.433,,EGY
,720719,,2024,16636636.078,2517262.645,2517262.645,,GBR
,720720,,2024,25382864.585,15598660.634,15598660.634,,GBR
,7208,,2024,197453854.858,,0.0,,GBR
,7209,,2024,68031899.904,,0.0,,GBR
,7210,,2024,479998972.623,,0.0,,GBR
,721113,,2024,266530.708,,0.0,,GBR
,721114,,2024,635744.253,,0.0,,GBR
,721119,,2024,1106600.628,,0.0,,GBR
,721123,,2024,1850080.625,,0.0,,GBR
,721129,,2024,1630321.015,827058.0,827058.0,,GBR
,721190,,2024,698975.35,125228.561,125228.561,,GBR
,7212,,2024,102725637.62,,0.0,,GBR
,7213,,2024,161776172.538,,0.0,,GBR
,721410,,2024,956095.272,,0.0,,GBR
,721420,,2024,11050714.388,,0.0,,GBR
,721430,,2024,473758.245,,0.0,,GBR
,721491,,2024,54933081.408,,0.0,,GBR
,721499,,2024,6043969.503,,0.0,,GBR
,7215,,2024,19465479.032,,0.0,,GBR
,7216,,2024,310534841.098,,0.0,,GBR
,7208,,2024,7141431.727,7879705.86,7879705.86,,TZA
,7209,,2024,1374962.37,854942.0,854942.0,,TZA
,7210,,2024,27060790.341,26772531.4,26772531.4,,TZA
,721119,,2024,101405.762,140000.0,140000.0,,TZA
,721129,,2024,26809.309,31000.0,31000.0,,TZA
,721190,,2024,111.193,150.0,150.0,,TZA
,7212,,2024,60141.423,46448.0,46448.0,,TZA
,7213,,2024,34620.298,64732.0,64732.0,,TZA
,721410,,2024,5891.73,10367.0,10367.0,,TZA
,721420,,2024,10730937.04,16727830.0,16727830.0,,TZA
,721491,,2024,74.507,2000.0,2000.0,,TZA
,721499,,2024,345795.208,,0.0,,TZA
,7215,,2024,718799.961,,0.0,,TZA
,7216,,2024,4823012.023,3367236.812,3367236.812,,TZA
,720719,,2024,3512982.0,829010.0,829010.0,,USA
,720720,,2024,57850204.0,,0.0,,USA
,7208,,2024,1889736247.0,1686796137.693,1686796137.693,,USA
,7209,,2024,690884834.0,597028182.0,597028182.0,,USA
,7210,,2024,1757692288.0,1239435233.0,1239435233.0,,USA
,721113,,2024,16703820.0,14141446.0,14141446.0,,USA
,721114,,2024,62912903.0,53117024.0,53117024.0,,USA
,721119,,2024,132097134.0,108561361.0,108561361.0,,USA
,721123,,2024,111171785.0,76741183.0,76741183.0,,USA
,721129,,2024,68276388.0,41536080.0,41536080.0,,USA
,721190,,2024,29407307.0,14618284.0,14618284.0,,USA
,7212,,2024,322770469.0,155445857.526,155445857.526,,USA
,7213,,2024,106009900.0,,0.0,,USA
,721410,,2024,23175833.0,8078202.167,8078202.167,,USA
,721420,,2024,135447952.0,165376957.0,165376957.0,,USA
,721430,,2024,14895328.0,14205721.0,14205721.0,,USA
,721491,,2024,49316906.0,37517693.0,37517693.0,,USA
,721499,,2024,134624433.0,103311455.0,103311455.0,,USA
,7215,,2024,131319189.0,80216326.0,80216326.0,,USA
,7216,,2024,490919961.0,426193955.0,426193955.0,,USA
,7208,,2024,7327.0,3108.0,3108.0,,URY
,7210,,2024,2941.0,484.0,484.0,,URY
,721420,,2024,275.0,227.0,227.0,,URY
,721491,,2024,3067.0,2534.0,2534.0,,URY
,721499,,2024,91.0,75.0,75.0,,URY
,7215,,2024,3372.0,1214.0,1214.0,,URY
,7216,,2024,1516.0,692.0,692.0,,URY
,720719,,2024,3324964.0,594360.0,594360.0,,UZB
,7208,,2024,2829485.98,4069133.0,4069133.0,,UZB
,7209,,2024,1797395.99,2595900.0,2595900.0,,UZB
,7210,,2024,117671737.89,114101982.538,114101982.538,,UZB
,721119,,2024,16689148.99,26460190.0,26460190.0,,UZB
,721190,,2024,1400.0,880.0,880.0,,UZB
,7212,,2024,4281857.96,5208839.0,5208839.0,,UZB
,7213,,2024,1309229.0,,0.0,,UZB
,721420,,2024,10414589.98,,0.0,,UZB
,721499,,2024,1419601.98,,0.0,,UZB
,7215,,2024,43920.0,67570.0,67570.0,,UZB
,7216,,2024,7281621.96,,0.0,,UZB
,721491,,2024,11000.0,42000.0,42000.0,,YEM
,7215,,2024,1500.0,6000.0,6000.0,,YEM
,7216,,2024,2500.0,500.0,500.0,,YEM
,7208,,2024,2134128.609,2213544.89,2213544.89,,ZMB
,7209,,2024,173261.572,255829.363,255829.363,,ZMB
,7210,,2024,2203021.064,2152506.13,2152506.13,,ZMB
,721190,,2024,925.378,110.0,110.0,,ZMB
,7212,,2024,71310.606,63609.334,63609.334,,ZMB
,7213,,2024,125619.197,146388.0,146388.0,,ZMB
,721410,,2024,10328.432,96714.0,96714.0,,ZMB
,721420,,2024,52953767.062,36632700.0,36632700.0,,ZMB
,721430,,2024,362.485,2105.84,2105.84,,ZMB
,721491,,2024,7745.68,24970.0,24970.0,,ZMB
,721499,,2024,4455898.004,5605920.0,5605920.0,,ZMB
,7215,,2024,361295.812,797897.0,797897.0,,ZMB
,7216,,2024,9613522.933,11958947.44,11958947.44,,ZMB
,721790,,2023,259.64,1820.0,1820.0,,SWZ
,721899,,2023,826.87,374.84,374.84,,SWZ
,721710,,2023,5156.0,12890.0,12890.0,,TJK
,721790,,2023,5072.0,16000.0,16000.0,,TJK
,721710,,2023,23910203.437,24333335.773,24333605.773,,THA
,721720,,2023,15455232.559,14050746.483,14050746.483,,THA
,721730,,2023,18081527.723,17008987.674,17007901.674,,THA
,721790,,2023,2556503.291,1756187.34,1756187.34,,THA
,721891,,2023,22608.506,66.0,66.0,,THA
,721899,,2023,718693.144,89911.506,89911.506,,THA
,721911,,2023,6573.028,759.0,759.0,,THA
,721912,,2023,2688116.006,1299997.0,1299997.0,,THA
,721913,,2023,11273860.059,6232494.0,6232494.0,,THA
,721914,,2023,263643.214,183236.0,183236.0,,THA
,721921,,2023,241291.636,74042.0,74042.0,,THA
,721922,,2023,506655.415,227117.919,227117.919,,THA
,721923,,2023,146449.108,60272.0,60272.0,,THA
,721924,,2023,184808.021,164773.0,164773.0,,THA
,721932,,2023,4373064.827,,0.0,,THA
,721933,,2023,29783429.599,13806082.0,13806082.0,,THA
,721934,,2023,41322638.35,16651772.007,16651772.007,,THA
,721935,,2023,14561393.991,5676077.0,5676077.0,,THA
,721710,,2023,15249.642,18500.0,18500.0,,TGO
,721720,,2023,1104601.672,1203015.0,1203015.0,,TGO
,721790,,2023,233641.009,170202.0,170202.0,,TGO
,721934,,2023,1878.22,12.0,12.0,,TGO
,721710,,2023,31555.81,8554.092,8554.092,,TTO
,721720,,2023,31781.431,13787.0,13787.0,,TTO
,721790,,2023,105713.965,45232.0,45232.0,,TTO
,721710,,2023,266718976.13,95838662.96,95838662.96,,ARE
,721720,,2023,35560479.652,37697050.71,37697050.71,,ARE
,721730,,2023,487879.559,290305.16,290305.16,,ARE
,721790,,2023,15366281.373,18019991.96,18019991.96,,ARE
,721810,,2023,5114633.551,2091246.59,2091246.59,,ARE
,721891,,2023,1341204.246,614072.05,614072.05,,ARE
,721899,,2023,940601.61,354194.82,354194.82,,ARE
,721911,,2023,1572369.032,477246.5,477246.5,,ARE
,721912,,2023,1710038.602,576047.88,576047.88,,ARE
,721913,,2023,594214.213,265893.04,265893.04,,ARE
,721914,,2023,637133.434,,0.0,,ARE
,721921,,2023,7092552.907,1228839.87,1228839.87,,ARE
,721922,,2023,7319110.897,1704779.5,1704779.5,,ARE
,721923,,2023,1575807.204,455319.8,455319.8,,ARE
,721924,,2023,119082.161,72909.0,72909.0,,ARE
,721931,,2023,1517716.72,942604.53,942604.53,,ARE
,721932,,2023,4468355.587,1238706.63,1238706.63,,ARE
,721933,,2023,14290225.964,,0.0,,ARE
,721934,,2023,13084001.105,4412454.13,4412454.13,,ARE
,721935,,2023,1725293.232,782046.91,782046.91,,ARE
,721710,,2023,6928482.266,6789442.0,6789442.0,,TUN
,721720,,2023,6.558,1.0,1.0,,TUN
,721790,,2023,2353478.848,1378338.0,1378338.0,,TUN
,721810,,2023,7071.974,217.0,217.0,,TUN
,721710,,2023,2056623.039,2156048.0,2156048.0,,ALB
,721720,,2023,13549158.211,13363855.0,13363855.0,,ALB
,721710,,2023,76067.283,232024.412,232024.412,,AGO
,721720,,2023,3313.28,450.0,450.0,,AGO
,721790,,2023,135.114,119.0,119.0,,AGO
,721899,,2023,45.131,30.0,30.0,,AGO
,721710,,2023,4678.42,4965.0,4965.0,,AZE
,721730,,2023,8624.45,1157.6,1157.6,,AZE
,721810,,2023,2516312.3,1956761.0,1956761.0,,AZE
,721899,,2023,162359.66,78890.0,78890.0,,AZE
,721710,,2023,37449.07,26344.9,26344.9,,ARG
,721710,,2023,74076.31,,0.0,,AUS
,721720,,2023,206511.988,195037.0,195037.0,,AUS
,721730,,2023,55691.933,8009.0,8009.0,,AUS
,721790,,2023,1018745.749,761100.0,761100.0,,AUS
,721810,,2023,4821411.157,283740.0,283740.0,,AUS
,721891,,2023,1279901.299,57020.0,57020.0,,AUS
,721899,,2023,416367.074,67460.0,67460.0,,AUS
,721911,,2023,190510.698,23276.0,23276.0,,AUS
,721912,,2023,427501.209,32380.0,32380.0,,AUS
,721913,,2023,28976.388,12490.0,12490.0,,AUS
,721914,,2023,103832.665,16430.0,16430.0,,AUS
,721921,,2023,224010.764,44140.0,44140.0,,AUS
,721922,,2023,136540.141,11200.0,11200.0,,AUS
,721923,,2023,16734.088,1320.0,1320.0,,AUS
,721924,,2023,19342.395,3840.0,3840.0,,AUS
,721931,,2023,76175.711,7090.0,7090.0,,AUS
,721932,,2023,1868.201,100.0,100.0,,AUS
,721933,,2023,271698.397,44280.0,44280.0,,AUS
,721934,,2023,3024869.136,2949510.0,2949510.0,,AUS
,721935,,2023,679.648,60.0,60.0,,AUS
,721710,,2023,36559.553,28758.349,28758.349,,BHR
,721720,,2023,15924.731,11018.538,11018.538,,BHR
,721730,,2023,729586.727,441434.749,441434.749,,BHR
,721790,,2023,31863.662,17366.175,17366.175,,BHR
,721899,,2023,584.947,74.256,74.256,,BHR
,721912,,2023,3950.851,1218.529,1218.529,,BHR
,721921,,2023,413149.028,85996.28,85996.28,,BHR
,721922,,2023,369725.017,91738.069,91738.069,,BHR
,721923,,2023,3656.247,1100.373,1100.373,,BHR
,721931,,2023,107586.436,29843.759,29843.759,,BHR
,721932,,2023,22940.941,6583.04,6583.04,,BHR
,721933,,2023,3860.088,1227.182,1227.182,,BHR
,721710,,2023,320.8,7.7,7.7,,ARM
,721720,,2023,800.72,183.219,183.219,,ARM
,721730,,2023,286.25,,0.0,,ARM
,721720,,2023,437839.92,301236.3,301236.3,,BOL
,721899,,2023,160.0,40.0,40.0,,BOL
,721710,,2023,7343004.39,10285589.24,10285589.24,,BIH
,721720,,2023,30711.545,25085.87,25085.87,,BIH
,721730,,2023,2141.35,1024.0,1024.0,,BIH
,721790,,2023,84.723,41.0,41.0,,BIH
,721899,,2023,6106.013,325.81,325.81,,BIH
,721911,,2023,40.943,14.06,14.06,,BIH
,721921,,2023,1152.299,289.2,289.2,,BIH
,721922,,2023,17847.056,3820.38,3820.38,,BIH
,721923,,2023,4898.616,88.82,88.82,,BIH
,721924,,2023,2967.343,588.0,588.0,,BIH
,721931,,2023,3472.45,1028.9,1028.9,,BIH
,721932,,2023,8242.463,2311.1,2311.1,,BIH
,721933,,2023,31894.953,7319.366,7319.366,,BIH
,721934,,2023,125174.667,35767.21,35767.21,,BIH
,721935,,2023,30.345,20.0,20.0,,BIH
,721710,,2023,12970575.0,8369197.67,8380202.67,,BRA
,721720,,2023,36925583.0,,0.0,,BRA
,721730,,2023,8498736.0,4303083.766,4303083.766,,BRA
,721790,,2023,1827129.0,763206.278,762429.278,,BRA
,721810,,2023,10245.0,52.367,52.367,,BRA
,721891,,2023,35.0,5.0,5.0,,BRA
,721899,,2023,891005.0,20255.43,20255.43,,BRA
,721912,,2023,748265.0,331232.051,331232.051,,BRA
,721913,,2023,1025511.0,465963.0,465963.0,,BRA
,721914,,2023,1200774.0,639460.923,639182.923,,BRA
,721921,,2023,5680905.0,,0.0,,BRA
,721922,,2023,2839888.0,899267.9,899267.9,,BRA
,721923,,2023,87396.0,26257.726,26257.726,,BRA
,721924,,2023,80009.0,2583.0,2583.0,,BRA
,721931,,2023,25445.0,11350.0,11800.0,,BRA
,721932,,2023,3129251.0,1082217.013,1082217.013,,BRA
,721933,,2023,35368288.0,14175206.533,14175548.533,,BRA
,721934,,2023,32126028.0,14892091.952,14892128.952,,BRA
,721935,,2023,4564081.0,2327628.0,2327628.0,,BRA
,721710,,2023,3.946,1.0,1.0,,BRN
,721899,,2023,260.595,3500.0,3500.0,,BRN
,721710,,2023,144175.758,79500.0,79500.0,,CMR
,721720,,2023,15540.142,12382.0,12382.0,,CMR
,721790,,2023,55317.868,34570.0,34570.0,,CMR
,721710,,2023,92685447.572,48887682.0,48887682.0,,CAN
,721720,,2023,104403047.168,54991202.0,54991202.0,,CAN
,721730,,2023,135073.585,50249.0,50249.0,,CAN
,721790,,2023,9141358.595,2887972.0,2887972.0,,CAN
,721810,,2023,44435806.227,12921000.0,12921000.0,,CAN
,721891,,2023,9257602.017,2087829.156,2087829.156,,CAN
,721899,,2023,14460247.413,3343413.302,3343413.302,,CAN
,721911,,2023,508375.142,125545.0,125545.0,,CAN
,721912,,2023,1351885.556,322698.0,322698.0,,CAN
,721913,,2023,271312.434,81379.0,81379.0,,CAN
,721914,,2023,222766.926,56076.0,56076.0,,CAN
,721921,,2023,4400774.837,676739.0,676739.0,,CAN
,721922,,2023,3633802.195,704615.0,704615.0,,CAN
,721923,,2023,1326052.697,355721.0,355721.0,,CAN
,721924,,2023,4468603.131,912957.0,912957.0,,CAN
,721931,,2023,617405.483,169472.0,169472.0,,CAN
,721932,,2023,2181299.46,484096.0,484096.0,,CAN
,721933,,2023,3598660.558,816298.0,816298.0,,CAN
,721934,,2023,1174035.002,308040.0,308040.0,,CAN
,721935,,2023,821563.003,184300.0,184300.0,,CAN
,721710,,2023,9.882,0.1,0.1,,LKA
,721720,,2023,312116.986,303712.05,303712.05,,LKA
,721790,,2023,2605.746,1938.57,1938.57,,LKA
,721810,,2023,1419.634,120.0,120.0,,LKA
,721899,,2023,22895.897,2942.93,2942.93,,LKA
,721921,,2023,508.816,300.0,300.0,,LKA
,721922,,2023,121.396,10.0,10.0,,LKA
,721710,,2023,72604.351,27230.88,27230.88,,CHL
,721720,,2023,836184.89,559223.5,559223.5,,CHL
,721730,,2023,200320.13,69278.8,69278.8,,CHL
,721790,,2023,11088.592,3379.4,3379.4,,CHL
,721921,,2023,8884.069,4040.0,4040.0,,CHL
,721922,,2023,100538.71,22696.49,22696.49,,CHL
,721923,,2023,26440.23,6624.597,6624.597,,CHL
,721931,,2023,21466.646,12986.0,12986.0,,CHL
,721932,,2023,335791.54,102718.309,102718.309,,CHL
,721933,,2023,559314.7,193634.918,193634.918,,CHL
,721934,,2023,563400.74,368061.836,368061.836,,CHL
,721935,,2023,141849.143,112078.0,112078.0,,CHL
,721710,,2023,679111276.0,485807403.793,485807403.793,,CHN
,721720,,2023,1463715423.0,1005760738.687,1005760738.687,,CHN
,721730,,2023,408690811.0,346517052.181,346517052.181,,CHN
,721790,,2023,79591235.0,48601230.611,48601230.611,,CHN
,721810,,2023,166640.0,9438.0,9438.0,,CHN
,721899,,2023,1110654.0,391938.0,391938.0,,CHN
,721911,,2023,47753186.0,17863776.0,17863776.0,,CHN
,721912,,2023,331004656.0,144939952.0,144939952.0,,CHN
,721913,,2023,667059462.0,405459063.0,405459063.0,,CHN
,721914,,2023,178601059.0,96977935.0,96977935.0,,CHN
,721921,,2023,236217494.0,77267510.415,77267510.415,,CHN
,721922,,2023,203842235.0,74519189.0,74519189.0,,CHN
,721923,,2023,70729436.0,30265404.555,30265404.555,,CHN
,721924,,2023,24106079.0,12136000.055,12136000.055,,CHN
,721931,,2023,76215669.0,31426433.0,31426433.0,,CHN
,721932,,2023,236502294.0,98394637.0,98394637.0,,CHN
,721933,,2023,1222715456.0,609847171.074,609847171.074,,CHN
,721934,,2023,1437835236.0,764119472.0,764119472.0,,CHN
,721935,,2023,731426108.0,373910290.022,373910290.022,,CHN
,721710,,2023,2604906.46,2369309.51,2369309.51,,COL
,721720,,2023,54609.14,20375.83,20375.83,,COL
,721730,,2023,336828.69,108624.0,108624.0,,COL
,721790,,2023,555334.34,177251.12,177251.12,,COL
,721891,,2023,8965.0,96.2,96.2,,COL
,721899,,2023,4492.79,137.8,137.8,,COL
,721911,,2023,4865.52,151.5,151.5,,COL
,721914,,2023,34.0,1.33,1.33,,COL
,721922,,2023,58507.76,4200.5,4200.5,,COL
,721923,,2023,7919.86,2244.09,2244.09,,COL
,721924,,2023,20415.0,3988.36,3988.36,,COL
,721931,,2023,25650.0,3951.0,3951.0,,COL
,721932,,2023,24521.92,6870.1,6870.1,,COL
,721933,,2023,68566.51,21119.15,21119.15,,COL
,721934,,2023,146247.54,40560.5,40560.5,,COL
,721935,,2023,20107.32,8603.39,8603.39,,COL
,721710,,2023,9.893,3.21,3.21,,COG
,721790,,2023,520.57,1852.0,1852.0,,COG
,721710,,2023,318160.02,,0.0,,CRI
,721720,,2023,75041.12,37278.083,37278.083,,CRI
,721790,,2023,1609072.87,,0.0,,CRI
,721810,,2023,3000.0,1.2,1.2,,CRI
,721899,,2023,6904.0,195.62,195.62,,CRI
,721914,,2023,11379.09,3177.8,3177.8,,CRI
,721922,,2023,2953.12,658.6,658.6,,CRI
,721923,,2023,257847.34,64159.77,64159.77,,CRI
,721924,,2023,92337.19,28141.784,28141.784,,CRI
,721934,,2023,361363.56,113849.31,113849.31,,CRI
,721710,,2023,197957.771,185748.26,185748.26,,DOM
,721720,,2023,1095476.881,746538.8,746538.8,,DOM
,721730,,2023,3180.205,2167.056,2167.056,,DOM
,721790,,2023,7784.475,28607.3,28607.3,,DOM
,721914,,2023,520.0,15.5,15.5,,DOM
,721922,,2023,2056.591,442.04,442.04,,DOM
,721932,,2023,99998.33,20143.59,20143.59,,DOM
,721933,,2023,6721.66,1376.0,1376.0,,DOM
,721710,,2023,222889.9,,0.0,,ECU
,721720,,2023,307768.2,,0.0,,ECU
,721810,,2023,1575.5,,0.0,,ECU
,721899,,2023,6000.0,2.6,2.6,,ECU
,721932,,2023,696.5,,0.0,,ECU
,721710,,2023,15037460.0,11945116.59,11945116.59,,SLV
,721720,,2023,4590.0,801.21,801.21,,SLV
,721730,,2023,254939.0,195849.48,195849.48,,SLV
,721790,,2023,56.0,26.0,26.0,,SLV
,721923,,2023,560.0,10.0,10.0,,SLV
,721934,,2023,3108.0,120.0,120.0,,SLV
,721710,,2023,103.337,1.0,1000.0,,GAB
,721790,,2023,6.493,129.0,120.0,,GAB
,721710,,2023,134315.667,131751.0,131751.0,,GEO
,721720,,2023,520146.06,584666.0,584666.0,,GEO
,721790,,2023,10968.16,10108.1,10108.1,,GEO
,721932,,2023,39990.0,10048.0,10048.0,,GEO
,721933,,2023,2696.0,1379.0,1379.0,,GEO
,721934,,2023,554.4,319.0,319.0,,GEO
,721710,,2023,287982.868,472993.0,472993.0,,GHA
,721720,,2023,1584803.679,1636126.52,1635635.0,,GHA
,721730,,2023,164.241,500.0,500.0,,GHA
,721790,,2023,1679790.715,4201999.0,3874639.0,,GHA
,721911,,2023,41069.371,65145.0,65145.0,,GHA
,721922,,2023,26607.374,10124.0,10124.0,,GHA
,721923,,2023,26136.932,9945.0,9945.0,,GHA
,721924,,2023,17902.946,6812.0,6812.0,,GHA
,721710,,2023,11175285.0,9889858.0,9889858.0,,GTM
,721720,,2023,18368.0,4482.0,4482.0,,GTM
,721730,,2023,1976715.0,1488369.0,1488369.0,,GTM
,721790,,2023,5366.0,1076.0,1076.0,,GTM
,721899,,2023,501.0,65.0,65.0,,GTM
,721913,,2023,4209.0,268.0,268.0,,GTM
,721914,,2023,21684.0,1777.0,1777.0,,GTM
,721921,,2023,133323.0,40469.0,40469.0,,GTM
,721922,,2023,496885.0,112230.0,112230.0,,GTM
,721923,,2023,141107.0,28124.0,28124.0,,GTM
,721924,,2023,3513.0,1050.0,1050.0,,GTM
,721931,,2023,3456.0,474.0,474.0,,GTM
,721932,,2023,141386.0,32203.0,32203.0,,GTM
,721933,,2023,232777.0,68314.0,68314.0,,GTM
,721934,,2023,76465.0,24810.0,24810.0,,GTM
,721935,,2023,14922.0,224.75,224.75,,GTM
,721710,,2023,566253.13,616577.69,616577.69,,HND
,721720,,2023,124115.08,72974.0,72974.0,,HND
,721730,,2023,1213.43,272.7,272.7,,HND
,721790,,2023,1.0,0.31,0.31,,HND
,721891,,2023,20000.0,1700.0,1700.0,,HND
,721710,,2023,2092478.406,1014090.0,1014090.0,,HKG
,721720,,2023,81260.769,33828.0,33828.0,,HKG
,721730,,2023,512658.924,57559.0,57559.0,,HKG
,721790,,2023,406567.333,34511.0,34511.0,,HKG
,721810,,2023,145767.135,259908.0,259908.0,,HKG
,721899,,2023,31516.618,1755.0,1755.0,,HKG
,721912,,2023,4110846.871,527590.0,527590.0,,HKG
,721913,,2023,14180.447,6126.0,6126.0,,HKG
,721914,,2023,173936.066,48255.0,48255.0,,HKG
,721921,,2023,54980.317,36661.0,36661.0,,HKG
,721922,,2023,174415.529,43515.0,43515.0,,HKG
,721923,,2023,227649.521,47203.0,47203.0,,HKG
,721924,,2023,2265471.127,492838.0,492838.0,,HKG
,721931,,2023,972741.107,111462.0,111462.0,,HKG
,721932,,2023,1118201.202,192722.0,192722.0,,HKG
,721933,,2023,4774506.031,1264735.0,1264735.0,,HKG
,721934,,2023,2053466.626,643601.0,643601.0,,HKG
,721935,,2023,707167.092,267726.0,267726.0,,HKG
,721710,,2023,2374677.954,1080116.217,1080116.217,,IDN
,721720,,2023,11607673.721,,0.0,,IDN
,721730,,2023,1351091.281,1450273.22,1450273.22,,IDN
,721790,,2023,27256.814,17127.0,17127.0,,IDN
,721810,,2023,1334529.943,985706.18,985706.18,,IDN
,721891,,2023,1822103824.356,921725865.0,921725865.0,,IDN
,721899,,2023,1025560745.611,551993211.58,551993211.58,,IDN
,721911,,2023,49719973.93,21165695.0,21165695.0,,IDN
,721912,,2023,940248037.999,430026520.0,430026520.0,,IDN
,721913,,2023,1733003557.386,824406334.55,824406334.55,,IDN
,721914,,2023,522427407.951,264075116.5,264075116.5,,IDN
,721921,,2023,4.773,0.6,0.6,,IDN
,721922,,2023,5350.0,288.0,288.0,,IDN
,721923,,2023,531430.622,126839.8,126839.8,,IDN
,721932,,2023,231868173.907,117152297.0,117152297.0,,IDN
,721933,,2023,1397231919.664,698505248.57,698505248.57,,IDN
,721934,,2023,582238725.964,286497792.207,286497792.207,,IDN
,721935,,2023,81017093.832,37947049.0,37947049.0,,IDN
,721710,,2023,14000.0,11252.469,11252.469,,ISR
,721730,,2023,564000.0,351724.801,351724.801,,ISR
,721790,,2023,2169000.0,1251237.184,1251237.184,,ISR
,721899,,2023,1000.0,119.252,119.252,,ISR
,721933,,2023,14000.0,4823.237,4823.237,,ISR
,721710,,2023,1193030.066,1095725.0,1095725.0,,CIV
,721720,,2023,349132.887,308017.0,308017.0,,CIV
,721790,,2023,1220278.047,434860.0,434860.0,,CIV
,721710,,2023,94420792.21,41658701.045,41658701.045,,JPN
,721720,,2023,17664642.097,5606452.0,5606452.0,,JPN
,721730,,2023,21211894.538,6336985.625,6336985.625,,JPN
,721790,,2023,8283817.216,2318344.0,2318344.0,,JPN
,721810,,2023,339572.701,74161.0,74161.0,,JPN
,721891,,2023,698961.58,119996.0,119996.0,,JPN
,721899,,2023,10583874.723,511558.0,511558.0,,JPN
,721911,,2023,207600.088,32691.0,32691.0,,JPN
,721912,,2023,41260044.167,20647509.0,20647509.0,,JPN
,721913,,2023,106189089.283,65394062.0,65394062.0,,JPN
,721914,,2023,845774.973,412081.0,412081.0,,JPN
,721921,,2023,96594735.12,20226167.0,20226167.0,,JPN
,721922,,2023,73422569.312,14275781.0,14275781.0,,JPN
,721923,,2023,7752026.165,2107934.0,2107934.0,,JPN
,721924,,2023,330248.278,204962.0,204962.0,,JPN
,721931,,2023,2866569.577,661077.254,661077.254,,JPN
,721932,,2023,23290564.623,6055191.0,6055191.0,,JPN
,721933,,2023,327723374.141,123915187.0,123915187.0,,JPN
,721934,,2023,178452995.853,71690233.0,71690233.0,,JPN
,721935,,2023,42401979.891,8738017.0,8738017.0,,JPN
,721710,,2023,6616726.57,6095198.0,6095198.0,,KAZ
,721720,,2023,1529906.65,1309837.55,1309837.55,,KAZ
,721730,,2023,364586.29,59821.2,59821.2,,KAZ
,721790,,2023,7886.46,2841.98,2841.98,,KAZ
,721891,,2023,1454.42,1.0,1.0,,KAZ
,721899,,2023,1449478.0,1140420.0,1140420.0,,KAZ
,721921,,2023,124297.21,10984.0,10984.0,,KAZ
,721922,,2023,146577.45,9449.0,9449.0,,KAZ
,721923,,2023,11520.09,,0.0,,KAZ
,721932,,2023,45203.0,2552.0,2552.0,,KAZ
,721933,,2023,57354.08,,0.0,,KAZ
,721934,,2023,489.0,27.63,27.63,,KAZ
,721935,,2023,12823.24,,0.0,,KAZ
,721710,,2023,44763.239,35211.504,35211.504,,JOR
,721720,,2023,16778.042,11608.955,11608.955,,JOR
,721730,,2023,749.296,453.36,453.36,,JOR
,721790,,2023,524340.463,285773.429,285773.429,,JOR
,721899,,2023,18445.93,2341.627,2341.627,,JOR
,721921,,2023,60755.31,12646.116,12646.116,,JOR
,721922,,2023,4170481.537,1034801.283,1034801.283,,JOR
,721934,,2023,47059.155,15324.377,15324.377,,JOR
,721710,,2023,55344.123,40289.0,40289.0,,KEN
,721720,,2023,3010922.859,2916275.0,2916275.0,,KEN
,721730,,2023,856.303,1000.0,1000.0,,KEN
,721790,,2023,4944220.969,5288934.0,5288934.0,,KEN
,721914,,2023,4842.64,2685.0,2685.0,,KEN
,721921,,2023,2860.644,748.0,748.0,,KEN
,721922,,2023,15347.886,2017.0,2017.0,,KEN
,721923,,2023,18646.644,3550.5,3550.5,,KEN
,721924,,2023,2897.819,1170.0,1170.0,,KEN
,721933,,2023,3763.224,2500.0,2500.0,,KEN
,721710,,2023,130343884.0,73307893.016,73307893.016,,KOR
,721720,,2023,35786709.0,20373811.238,20373811.238,,KOR
,721730,,2023,130117708.0,,0.0,,KOR
,721790,,2023,34456071.0,,0.0,,KOR
,721810,,2023,322176.0,995536.945,995536.945,,KOR
,721891,,2023,71803719.0,32129526.852,32129526.852,,KOR
,721899,,2023,2206432.0,641256.741,641256.741,,KOR
,721911,,2023,15635579.0,,0.0,,KOR
,721912,,2023,210252558.0,105023672.537,105023672.537,,KOR
,721913,,2023,622866406.0,341181556.669,341181556.669,,KOR
,721914,,2023,45940028.0,23599712.337,23599712.337,,KOR
,721921,,2023,81781097.0,22564359.1,22564359.1,,KOR
,721922,,2023,15278348.0,4077720.14,4077720.14,,KOR
,721923,,2023,680159.0,139895.71,139895.71,,KOR
,721924,,2023,2085250.0,1084799.0,1084799.0,,KOR
,721931,,2023,4831079.0,830429.12,830429.12,,KOR
,721932,,2023,13817630.0,4820997.53,4820997.53,,KOR
,721933,,2023,308413933.0,149944754.4,149944754.4,,KOR
,721934,,2023,301589953.0,143453264.75,143453264.75,,KOR
,721935,,2023,54373096.0,18113303.543,18113303.543,,KOR
,721720,,2023,15029.964,6274.5,6274.5,,KWT
,721899,,2023,2734.496,199.76,199.76,,KWT
,721912,,2023,6645513.056,8954530.0,8954530.0,,KWT
,721921,,2023,2050.872,1336.0,1336.0,,KWT
,721922,,2023,6953.434,7058.48,7058.48,,KWT
,721932,,2023,5963.806,1346.0,1346.0,,KWT
,721933,,2023,302.748,20.0,20.0,,KWT
,721935,,2023,1653.719,1947.4,1947.4,,KWT
,721710,,2023,31561.0,44147.0,44147.0,,KGZ
,721720,,2023,1192.0,114.0,114.0,,KGZ
,721730,,2023,37552.0,19305.0,19305.0,,KGZ
,721710,,2023,4230.0,10575.0,10575.0,,LAO
,721710,,2023,6817.0,5362.365,5362.365,,LBN
,721720,,2023,53288.0,36870.69,36870.69,,LBN
,721730,,2023,1783.0,1078.8,1078.8,,LBN
,721790,,2023,21725.0,11840.451,11840.451,,LBN
,721899,,2023,82897.0,10523.399,10523.399,,LBN
,721922,,2023,4459.0,1106.39,1106.39,,LBN
,721923,,2023,49261.0,14825.442,14825.442,,LBN
,721931,,2023,3006.0,833.844,833.844,,LBN
,721932,,2023,205136.0,58864.998,58864.998,,LBN
,721720,,2023,38304.466,20008.0,20008.0,,MDG
,721790,,2023,132838.186,84621.59,84621.59,,MDG
,721913,,2023,537.384,60.0,60.0,,MDG
,721921,,2023,2581.606,296.6,296.6,,MDG
,721710,,2023,24189725.752,27040662.2,27040662.2,,MYS
,721720,,2023,51569350.582,52458482.64,52458482.64,,MYS
,721730,,2023,77686041.982,67650273.7,67650273.7,,MYS
,721790,,2023,1150476.002,1467549.8,1467549.8,,MYS
,721810,,2023,745731.572,699350.9,699350.9,,MYS
,721899,,2023,354852.569,68657.48,68657.48,,MYS
,721911,,2023,284729.483,102235.72,102235.72,,MYS
,721912,,2023,6802329.19,2629462.0,2629462.0,,MYS
,721913,,2023,6601775.695,2226413.4,2226413.4,,MYS
,721914,,2023,4654999.16,1996292.0,1996292.0,,MYS
,721921,,2023,4603527.252,1626220.9,1626220.9,,MYS
,721922,,2023,13357920.193,5372885.9,5372885.9,,MYS
,721923,,2023,3331634.301,1367912.5,1367912.5,,MYS
,721924,,2023,1930325.715,591388.99,591388.99,,MYS
,721931,,2023,11675886.181,4134406.0,4134406.0,,MYS
,721932,,2023,26031235.981,9962438.83,9962438.83,,MYS
,721933,,2023,78007309.452,30610104.56,30610104.56,,MYS
,721934,,2023,34575388.375,13469448.39,13469448.39,,MYS
,721935,,2023,5963374.402,1817385.36,1817385.36,,MYS
,721720,,2023,3451182.853,1955360.0,1955360.0,,MLI
,721790,,2023,1468142.379,728909.0,728909.0,,MLI
,721710,,2023,6228.301,1460.0,1460.0,,MUS
,721790,,2023,363.994,57.0,57.0,,MUS
,721710,,2023,108095051.0,105473811.0,105473811.0,,MEX
,721720,,2023,58501678.0,59024392.0,59024392.0,,MEX
,721730,,2023,3950276.0,991031.0,991031.0,,MEX
,721790,,2023,3448714.0,3406924.0,3406924.0,,MEX
,721914,,2023,2375.0,293.0,293.0,,MEX
,721922,,2023,223219.0,46245.0,46245.0,,MEX
,721924,,2023,13362.0,1911.0,1911.0,,MEX
,721932,,2023,1100998.0,304756.0,304756.0,,MEX
,721933,,2023,29760779.0,11788194.0,11788194.0,,MEX
,721934,,2023,46400376.0,19940808.0,19940808.0,,MEX
,721935,,2023,1620927.0,198220.0,198220.0,,MEX
,721710,,2023,15606.0,19094.0,19094.0,,MDA
,721720,,2023,4630.0,2002.0,2002.0,,MDA
,721730,,2023,3117.0,156.0,156.0,,MDA
,721924,,2023,109.0,140.0,140.0,,MDA
,721933,,2023,12057.0,2460.0,2460.0,,MDA
,721934,,2023,7099.0,1815.0,1815.0,,MDA
,721710,,2023,296451.602,282435.3,282435.3,,MAR
,721720,,2023,107349.341,66163.0,66163.0,,MAR
,721790,,2023,25349.378,12031.0,12031.0,,MAR
,721912,,2023,2797.533,3370.0,3370.0,,MAR
,721931,,2023,296.108,200.0,200.0,,MAR
,721710,,2023,151763.329,119379.545,119379.545,,OMN
,721720,,2023,28630002.556,19809486.923,19809486.923,,OMN
,721730,,2023,7323.797,4431.246,4431.246,,OMN
,721790,,2023,2340431.726,1275570.45,1275570.45,,OMN
,721810,,2023,4678.804,,0.0,,OMN
,721891,,2023,8065.019,1621.629,1621.629,,OMN
,721899,,2023,15979.194,2028.486,2028.486,,OMN
,721911,,2023,27191.157,6586.4,6586.4,,OMN
,721912,,2023,26907.672,8298.919,8298.919,,OMN
,721913,,2023,551.365,202.651,202.651,,OMN
,721921,,2023,114853.056,23906.472,23906.472,,OMN
,721922,,2023,9308.192,2309.596,2309.596,,OMN
,721931,,2023,15794.538,4381.3,4381.3,,OMN
,721932,,2023,59784.135,17155.414,17155.414,,OMN
,721933,,2023,2254.876,716.86,716.86,,OMN
,721934,,2023,1625.488,529.325,529.325,,OMN
,721935,,2023,475.943,126.335,126.335,,OMN
,721710,,2023,113.843,110.0,110.0,,NAM
,721720,,2023,16081.871,14425.25,14425.25,,NAM
,721730,,2023,34.601,20.0,20.0,,NAM
,721790,,2023,45946.41,34399.68,34399.68,,NAM
,721810,,2023,379.964,70.0,70.0,,NAM
,721911,,2023,2276.89,100.0,100.0,,NAM
,721921,,2023,1000.472,5.71,5.71,,NAM
,721710,,2023,99742.491,30711.461,30711.461,,NZL
,721720,,2023,3785180.381,2074971.716,2074971.716,,NZL
,721730,,2023,32022.189,8597.0,8597.0,,NZL
,721790,,2023,24056.864,2083.0,2083.0,,NZL
,721810,,2023,1187.645,195.0,195.0,,NZL
,721891,,2023,268.356,4.0,4.0,,NZL
,721899,,2023,99490.101,45046.0,45046.0,,NZL
,721911,,2023,902.708,50.0,50.0,,NZL
,721912,,2023,33957.791,2730.0,2730.0,,NZL
,721913,,2023,10943.033,2007.0,2007.0,,NZL
,721914,,2023,20733.424,5385.0,5385.0,,NZL
,721922,,2023,163.347,42.21,42.21,,NZL
,721924,,2023,16211.901,2572.0,2572.0,,NZL
,721932,,2023,2504.861,384.0,384.0,,NZL
,721933,,2023,35640.39,10955.0,10955.0,,NZL
,721934,,2023,10755.736,2101.0,2101.0,,NZL
,721710,,2023,221521.89,204270.1,204270.1,,NIC
,721720,,2023,87216.17,61825.64,61825.64,,NIC
,721790,,2023,55.0,32.5,32.5,,NIC
,721710,,2023,3545.554,4000.0,4000.0,,NGA
,721810,,2023,452484.199,277590.0,277590.0,,NGA
,721720,,2023,7190.383,1000.0,1000.0,,PAK
,721730,,2023,303.307,1000.0,1000.0,,PAK
,721790,,2023,671.638,2000.0,2000.0,,PAK
,721810,,2023,3414.213,2000.0,2000.0,,PAK
,721899,,2023,7552.001,6000.0,6000.0,,PAK
,721933,,2023,143981.364,156027.598,156027.598,,PAK
,721935,,2023,3004.431,1000.0,1000.0,,PAK
,721720,,2023,2258.0,3272.0,3272.0,,PAN
,721720,,2023,4.406,1000.0,1000.0,,PNG
,721790,,2023,1.987,,0.0,,PNG
,721710,,2023,22332.4,18010.0,18010.0,,PRY
,721710,,2023,3774016.56,3937612.19,3937612.19,,PER
,721720,,2023,7586139.55,5809189.52,5809189.52,,PER
,721730,,2023,16429.3,15000.0,15000.0,,PER
,721790,,2023,359883.91,195519.87,195519.87,,PER
,721899,,2023,327.3,1425.0,1425.0,,PER
,721911,,2023,4.2,5.1,5.1,,PER
,721921,,2023,112091.39,40335.15,40335.15,,PER
,721922,,2023,668726.32,483928.56,483928.56,,PER
,721923,,2023,55609.61,10135.21,10135.21,,PER
,721924,,2023,45935.32,22525.48,22525.48,,PER
,721931,,2023,42012.67,17111.0,17111.0,,PER
,721933,,2023,75393.5,2057.46,2057.46,,PER
,721934,,2023,51285.99,17808.2,17808.2,,PER
,721710,,2023,1409.0,49.32,49.32,,PHL
,721810,,2023,234856.0,53758.3,53758.3,,PHL
,721899,,2023,2457.0,439.61,439.61,,PHL
,721911,,2023,143045.0,,0.0,,PHL
,721924,,2023,607.0,169.11,169.11,,PHL
,721935,,2023,3283.0,522.45,522.45,,PHL
,721710,,2023,1303431.701,1047630.332,1047630.332,,SAU
,721720,,2023,1133436.238,804620.608,804620.608,,SAU
,721730,,2023,228870.928,142729.754,142729.754,,SAU
,721790,,2023,3080678.59,1777159.799,1777159.799,,SAU
,721810,,2023,217341.328,,0.0,,SAU
,721891,,2023,3946.667,914.889,914.889,,SAU
,721899,,2023,154410.663,18413.85,18413.85,,SAU
,721911,,2023,3200.0,869.564,869.564,,SAU
,721912,,2023,21167.999,7542.419,7542.419,,SAU
,721913,,2023,2009.067,853.979,853.979,,SAU
,721921,,2023,296022.393,65154.801,65154.801,,SAU
,721922,,2023,20156.799,5208.676,5208.676,,SAU
,721933,,2023,685107.983,236031.313,236031.313,,SAU
,721934,,2023,30399.999,10689.281,10689.281,,SAU
,721710,,2023,659.678,1.0,1.0,,SEN
,721720,,2023,102157.793,72405.0,72405.0,,SEN
,721790,,2023,850034.026,567285.0,567285.0,,SEN
,721710,,2023,1284227.0,,0.0,,SRB
,721720,,2023,1340521.0,1015807.0,1015807.0,,SRB
,721730,,2023,73831.0,,0.0,,SRB
,721790,,2023,578840.0,524052.0,524052.0,,SRB
,721810,,2023,6979.0,6194.0,6194.0,,SRB
,721891,,2023,2886.0,1000.0,1000.0,,SRB
,721899,,2023,2131622.0,414215.0,414215.0,,SRB
,721913,,2023,301.0,48.0,48.0,,SRB
,721914,,2023,207.0,12.0,12.0,,SRB
,721921,,2023,41240.0,5625.0,5625.0,,SRB
,721922,,2023,74090.0,12072.0,12072.0,,SRB
,721923,,2023,90590.0,19192.0,19192.0,,SRB
,721924,,2023,3021.0,441.0,441.0,,SRB
,721931,,2023,7836.0,1594.0,1594.0,,SRB
,721932,,2023,47788.0,11177.0,11177.0,,SRB
,721933,,2023,389233.0,115263.0,115263.0,,SRB
,721934,,2023,195151.0,43485.0,43485.0,,SRB
,721935,,2023,5452.0,2048.0,2048.0,,SRB
,721710,,2023,13590601.804,13571650.665,13571650.665,,IND
,721720,,2023,33784371.918,32179089.0,32179089.0,,IND
,721730,,2023,5397346.406,4022793.0,4022793.0,,IND
,721790,,2023,3301134.845,3232959.0,3232959.0,,IND
,721810,,2023,2764449.581,397878.691,397878.691,,IND
,721891,,2023,1103464.967,472673.951,472673.951,,IND
,721899,,2023,33187437.498,11322988.241,11322988.241,,IND
,721911,,2023,743768.285,170359.885,170359.885,,IND
,721912,,2023,85406544.32,32127772.0,32127772.0,,IND
,721913,,2023,47855658.24,19799027.0,19799027.0,,IND
,721914,,2023,16666413.922,9513442.733,9513442.733,,IND
,721921,,2023,160881803.623,53533765.007,53533765.007,,IND
,721922,,2023,92285388.871,31187735.0,31187735.0,,IND
,721923,,2023,24246999.934,9472902.0,9472902.0,,IND
,721924,,2023,304056.779,57312.0,57312.0,,IND
,721931,,2023,6656817.68,,0.0,,IND
,721932,,2023,37652775.916,14782269.0,14782269.0,,IND
,721933,,2023,113563800.296,46243019.815,46243019.815,,IND
,721934,,2023,48851101.037,21059685.0,21059685.0,,IND
,721935,,2023,7449442.101,3077494.0,3077494.0,,IND
,721710,,2023,16020574.495,19035052.863,19035052.863,,SGP
,721720,,2023,4400080.229,3972943.47,3972943.47,,SGP
,721730,,2023,473904.418,150917.488,150917.488,,SGP
,721790,,2023,20880372.477,33209280.427,33209280.427,,SGP
,721810,,2023,60115.179,8767.389,8767.389,,SGP
,721891,,2023,68949.733,8141.483,8141.483,,SGP
,721899,,2023,3694343.399,664625.433,664625.433,,SGP
,721911,,2023,357063.432,44539.472,44539.472,,SGP
,721912,,2023,260860.234,37910.0,37910.0,,SGP
,721913,,2023,169761.196,44230.0,44230.0,,SGP
,721914,,2023,112454.609,113180.0,113180.0,,SGP
,721921,,2023,4099355.417,1409160.0,1409160.0,,SGP
,721922,,2023,15851531.083,5696497.636,5696497.636,,SGP
,721923,,2023,9831234.504,3479360.0,3479360.0,,SGP
,721924,,2023,844966.877,144250.0,144250.0,,SGP
,721931,,2023,142319.35,4680.0,4680.0,,SGP
,721932,,2023,780914.309,298840.0,298840.0,,SGP
,721933,,2023,10987486.706,2330061.263,2330061.263,,SGP
,721934,,2023,2430661.079,1348780.768,1348780.768,,SGP
,721935,,2023,369079.617,126280.0,126280.0,,SGP
,721710,,2023,47635468.373,38286901.821,38286901.821,,VNM
,721720,,2023,39060852.469,27729100.057,27729100.057,,VNM
,721730,,2023,70698833.73,44089597.92,44089597.92,,VNM
,721790,,2023,5230275.853,3017204.072,3017204.072,,VNM
,721810,,2023,6751975.865,,0.0,,VNM
,721891,,2023,15669.0,3632.28,3632.28,,VNM
,721899,,2023,465244.132,58321.526,58321.526,,VNM
,721911,,2023,1519305.75,412854.247,412854.247,,VNM
,721912,,2023,2837649.579,1011089.449,1011089.449,,VNM
,721913,,2023,106684.55,45347.617,45347.617,,VNM
,721914,,2023,20880.944,8691.444,8691.444,,VNM
,721921,,2023,7121.52,1567.453,1567.453,,VNM
,721922,,2023,627831.012,162236.5,162236.5,,VNM
,721923,,2023,252781.928,80327.32,80327.32,,VNM
,721924,,2023,46331.452,12415.528,12415.528,,VNM
,721931,,2023,319059.799,91554.81,91554.81,,VNM
,721932,,2023,45268975.092,13947729.541,13947729.541,,VNM
,721933,,2023,364517312.424,125582392.881,125582392.881,,VNM
,721934,,2023,230650489.843,81101575.324,81101575.324,,VNM
,721935,,2023,39747561.358,12189998.834,12189998.834,,VNM
,721710,,2023,12632821.158,14264152.42,14264152.42,,ZAF
,721720,,2023,47964940.82,47837880.81,47837880.81,,ZAF
,721730,,2023,859725.153,692584.95,692584.95,,ZAF
,721790,,2023,11574629.363,12387932.89,12387932.89,,ZAF
,721810,,2023,120846.26,14671.19,14671.19,,ZAF
,721891,,2023,262841.399,40155.31,40155.31,,ZAF
,721899,,2023,2318065.961,143256.59,143256.59,,ZAF
,721911,,2023,745917.554,376245.09,376245.09,,ZAF
,721912,,2023,7390282.139,3472619.9,3472619.9,,ZAF
,721913,,2023,10816728.716,4613472.463,4613472.463,,ZAF
,721914,,2023,179404.292,94460.15,94460.15,,ZAF
,721921,,2023,22538430.768,6932816.67,6932816.67,,ZAF
,721922,,2023,39464342.209,16400110.31,16400110.31,,ZAF
,721923,,2023,15086962.609,8461390.35,8461390.35,,ZAF
,721924,,2023,560132.316,211132.1,211132.1,,ZAF
,721931,,2023,2039756.04,549727.63,549727.63,,ZAF
,721932,,2023,11347762.068,4520364.89,4520364.89,,ZAF
,721933,,2023,117860363.109,57780406.97,57780406.97,,ZAF
,721934,,2023,56130808.25,26217931.69,26217931.69,,ZAF
,721935,,2023,5040421.965,2646062.2,2646062.2,,ZAF
,721720,,2023,65275.76,33799.0,73000.0,,ZWE
,721710,,2023,50233353.0,52997113.0,52997113.0,,TUR
,721720,,2023,140826108.0,148613726.0,148613726.0,,TUR
,721730,,2023,18692839.0,4960502.0,4960502.0,,TUR
,721790,,2023,14781124.0,13585651.0,13585651.0,,TUR
,721810,,2023,1512754.0,638769.0,638769.0,,TUR
,721891,,2023,153943.0,55659.0,55659.0,,TUR
,721899,,2023,1196614.0,144928.0,144928.0,,TUR
,721911,,2023,183075.0,62475.0,62475.0,,TUR
,721912,,2023,3306689.0,1117714.0,1117714.0,,TUR
,721913,,2023,2917376.0,1443788.0,1443788.0,,TUR
,721914,,2023,82500.0,42078.0,42078.0,,TUR
,721921,,2023,6988128.0,2046000.0,2046000.0,,TUR
,721922,,2023,11879086.0,3700561.0,3700561.0,,TUR
,721923,,2023,6289717.0,2656724.0,2656724.0,,TUR
,721924,,2023,469624.0,245084.0,245084.0,,TUR
,721931,,2023,2226199.0,581504.0,581504.0,,TUR
,721932,,2023,18321353.0,6350531.0,6350531.0,,TUR
,721933,,2023,71451459.0,27686385.0,27686385.0,,TUR
,721934,,2023,88884730.0,35617607.0,35617607.0,,TUR
,721935,,2023,14370664.0,5401917.0,5401917.0,,TUR
,721710,,2023,155757.22,191357.0,191357.0,,UGA
,721720,,2023,1775331.36,1972791.0,1972791.0,,UGA
,721730,,2023,141135.3,154210.0,154210.0,,UGA
,721790,,2023,327987.71,413555.0,413555.0,,UGA
,721810,,2023,848.76,1802.0,1802.0,,UGA
,721891,,2023,432.54,1188.0,1188.0,,UGA
,721899,,2023,65580.28,46320.0,46320.0,,UGA
,721913,,2023,10639.87,1400.0,1400.0,,UGA
,721710,,2023,70134721.17,81944366.9,81944366.9,,UKR
,721720,,2023,41372010.45,43500183.82,43500183.82,,UKR
,721730,,2023,567468.8,480136.45,480136.45,,UKR
,721790,,2023,589972.75,556364.19,556364.19,,UKR
,721891,,2023,86536.88,24866.0,24866.0,,UKR
,721899,,2023,749415.57,133843.0,133843.0,,UKR
,721921,,2023,196.07,72.0,72.0,,UKR
,721922,,2023,2624.66,360.0,360.0,,UKR
,721931,,2023,125135.67,17289.0,17289.0,,UKR
,721932,,2023,1630.84,334.09,334.09,,UKR
,721933,,2023,4664.23,,0.0,,UKR
,721934,,2023,11396.67,3238.2,3238.2,,UKR
,721935,,2023,10540.19,1890.0,1890.0,,UKR
,721710,,2023,6313754.719,6657201.0,6657201.0,,MKD
,721720,,2023,2609059.092,2720806.0,2720806.0,,MKD
,721730,,2023,96886.794,61330.0,61330.0,,MKD
,721913,,2023,2398.706,756.0,756.0,,MKD
,721921,,2023,675.397,192.0,192.0,,MKD
,721922,,2023,3012.528,878.0,878.0,,MKD
,721924,,2023,3628.726,762.0,762.0,,MKD
,721933,,2023,32380.439,9676.0,9676.0,,MKD
,721710,,2023,8156522.632,6555786.935,6555786.935,,EGY
,721720,,2023,7609339.6,5401831.394,5401831.394,,EGY
,721730,,2023,9150.0,5706.174,5706.174,,EGY
,721790,,2023,805012.015,464389.565,464389.565,,EGY
,721810,,2023,68000.0,,0.0,,EGY
,721911,,2023,300.0,81.522,81.522,,EGY
,721934,,2023,199539.6,70162.331,70162.331,,EGY
,721710,,2023,23636493.779,,0.0,,GBR
,721720,,2023,6500512.18,,0.0,,GBR
,721730,,2023,7790714.536,,0.0,,GBR
,721790,,2023,10155488.906,,0.0,,GBR
,721810,,2023,6805919.409,461810.751,461810.751,,GBR
,721891,,2023,567173145.916,184337603.682,184337603.682,,GBR
,721899,,2023,209496834.009,53147244.406,53147244.406,,GBR
,721911,,2023,473119.44,,0.0,,GBR
,721912,,2023,211565.901,,0.0,,GBR
,721913,,2023,118830.797,,0.0,,GBR
,721914,,2023,1452032.937,,0.0,,GBR
,721921,,2023,4759519.944,382752.067,382752.067,,GBR
,721922,,2023,2732106.51,772914.573,772914.573,,GBR
,721923,,2023,1356404.25,449582.0,449582.0,,GBR
,721924,,2023,677575.679,30134.0,30134.0,,GBR
,721931,,2023,1622226.072,164887.126,164887.126,,GBR
,721932,,2023,1456843.146,294732.0,294732.0,,GBR
,721933,,2023,15139666.722,3302918.257,3302918.257,,GBR
,721934,,2023,8748093.959,1279291.196,1279291.196,,GBR
,721935,,2023,1394281.846,178571.29,178571.29,,GBR
,721790,,2023,649462.1,496678.0,486678.0,,TZA
,721899,,2023,70017.49,40000.0,40000.0,,TZA
,721911,,2023,1257.24,1460.0,1460.0,,TZA
,721914,,2023,1100.84,998.4,998.0,,TZA
,721710,,2023,57870282.0,,0.0,,USA
,721720,,2023,23307789.0,12275970.0,12275970.0,,USA
,721730,,2023,27879224.0,16823412.0,16823412.0,,USA
,721790,,2023,43840526.0,,0.0,,USA
,721810,,2023,63094616.0,9641677.0,9641677.0,,USA
,721891,,2023,6412507.0,380335.0,380335.0,,USA
,721899,,2023,16931622.0,1373064.0,1373064.0,,USA
,721911,,2023,33137853.0,7622015.0,7622015.0,,USA
,721912,,2023,24854457.0,6339855.0,6339855.0,,USA
,721913,,2023,5265869.0,1264426.0,1264426.0,,USA
,721914,,2023,14541102.0,4576871.0,4576871.0,,USA
,721921,,2023,111286775.0,13515530.0,13515530.0,,USA
,721922,,2023,73372228.0,14646376.0,14646376.0,,USA
,721923,,2023,14047784.0,3238148.0,3238148.0,,USA
,721924,,2023,8792355.0,1428389.0,1428389.0,,USA
,721931,,2023,13223594.0,3317464.0,3317464.0,,USA
,721932,,2023,52959163.0,12210040.0,12210040.0,,USA
,721933,,2023,264540191.0,77521872.0,77521872.0,,USA
,721934,,2023,115066205.0,28710701.0,28710701.0,,USA
,721935,,2023,27948199.0,3863239.0,3863239.0,,USA
,721790,,2023,7825.0,563.77,563.77,,URY
,721923,,2023,30492.0,10247.7,10247.7,,URY
,721932,,2023,2139.0,843.893,843.893,,URY
,721933,,2023,1884.0,508.59,508.59,,URY
,721710,,2023,1116888.0,1232670.0,1232670.0,,UZB
,721720,,2023,260890.0,248160.0,248160.0,,UZB
,721790,,2023,136.0,394.0,394.0,,UZB
,721921,,2023,2700.0,590.0,590.0,,UZB
,721730,,2023,1235.363,,0.0,,YEM
,721923,,2023,296.487,,0.0,,YEM
,721710,,2023,17060.588,4377.0,4377.0,,ZMB
,721720,,2023,2684.556,17586.0,17586.0,,ZMB
,721730,,2023,34.287,10.0,10.0,,ZMB
,721790,,2023,34103.763,63640.08,63640.08,,ZMB
,721810,,2023,264765.289,517720.0,517720.0,,ZMB
,721899,,2023,231001.153,115320.0,115320.0,,ZMB
,721911,,2023,102386.379,14370.0,14370.0,,ZMB
,721921,,2023,1885.544,1420.0,1420.0,,ZMB
,721922,,2023,104453.444,37001.0,37001.0,,ZMB
,721923,,2023,28670.316,4357.0,4357.0,,ZMB
,721924,,2023,32673.762,15506.0,15506.0,,ZMB
,721720,,2024,15149729.162,15977888.0,15977888.0,,ALB
,721710,,2024,989001.14,908255.293,908255.293,,DZA
,721720,,2024,3465724.677,2775263.189,2775263.189,,DZA
,721730,,2024,223095.529,153383.34,153383.34,,DZA
,721790,,2024,1130403.962,715602.064,715602.064,,DZA
,721810,,2024,713072.393,,0.0,,DZA
,721899,,2024,83783.372,12327.579,12327.579,,DZA
,721934,,2024,4.357,1.63,1.63,,DZA
,721710,,2024,57713.29,257151.0,257151.0,,AGO
,721790,,2024,21130.0,30470.0,30470.0,,AGO
,721921,,2024,67.0,2.0,2.0,,AGO
,721730,,2024,11913.0,447.0,447.0,,AZE
,721810,,2024,2102678.13,1773722.0,1773722.0,,AZE
,721710,,2024,9571.74,10740.5,10740.5,,ARG
,721710,,2024,372143.734,,0.0,,AUS
,721720,,2024,366345.105,184636.0,184636.0,,AUS
,721730,,2024,43014.917,2697.0,2697.0,,AUS
,721790,,2024,4794174.583,2106870.0,2106870.0,,AUS
,721810,,2024,9345524.705,536610.0,536610.0,,AUS
,721891,,2024,1446845.526,59340.0,59340.0,,AUS
,721899,,2024,134888.914,26900.0,26900.0,,AUS
,721911,,2024,157392.506,36480.0,36480.0,,AUS
,721912,,2024,257001.969,355040.0,355040.0,,AUS
,721913,,2024,32841.743,3630.0,3630.0,,AUS
,721914,,2024,155934.765,30390.0,30390.0,,AUS
,721921,,2024,120924.557,26220.0,26220.0,,AUS
,721922,,2024,109677.71,20460.0,20460.0,,AUS
,721923,,2024,65370.03,15900.0,15900.0,,AUS
,721924,,2024,37072.427,2160.0,2160.0,,AUS
,721931,,2024,33415.205,6790.0,6790.0,,AUS
,721932,,2024,791.892,180.0,180.0,,AUS
,721933,,2024,487057.171,64460.0,64460.0,,AUS
,721934,,2024,460582.9,231260.0,231260.0,,AUS
,721935,,2024,7671.454,310.0,310.0,,AUS
,721710,,2024,3774.096,220.0,220.0,,BHR
,721720,,2024,976.782,130.83,130.83,,BHR
,721730,,2024,382649.626,127609.0,127609.0,,BHR
,721790,,2024,13391.436,5200.75,5200.75,,BHR
,721810,,2024,8970.984,17.0,17.0,,BHR
,721899,,2024,21.277,15.6,15.6,,BHR
,721911,,2024,560.106,5600.0,5600.0,,BHR
,721912,,2024,3732.793,260.0,260.0,,BHR
,721914,,2024,2873.75,4540.0,4540.0,,BHR
,721921,,2024,763445.663,28491.7,28491.7,,BHR
,721922,,2024,400994.068,39436.8,39436.8,,BHR
,721924,,2024,1300.266,120.0,120.0,,BHR
,721931,,2024,45227.393,2880.0,2880.0,,BHR
,721932,,2024,51986.516,2759.15,2759.15,,BHR
,721933,,2024,398.936,72.0,72.0,,BHR
,721934,,2024,9282.713,1273.0,1273.0,,BHR
,721710,,2024,9294.26,5132.0,5132.0,,ARM
,721720,,2024,19.69,6.0,6.0,,ARM
,721790,,2024,2009.46,1684.25,1684.25,,ARM
,721810,,2024,53220.8,42920.0,42920.0,,ARM
,721923,,2024,3833.76,47.5,47.5,,ARM
,721710,,2024,204565.51,154526.5,154526.5,,BOL
,721720,,2024,740682.2,661011.2,661011.2,,BOL
,721790,,2024,13797.7,15254.72,15254.72,,BOL
,721710,,2024,7019482.474,10161961.1,10161961.1,,BIH
,721720,,2024,50237.942,32194.11,32194.11,,BIH
,721730,,2024,215.336,81.01,81.01,,BIH
,721790,,2024,1390.56,1215.6,1215.6,,BIH
,721810,,2024,9750.158,550.0,550.0,,BIH
,721899,,2024,12410.665,1167.13,1167.13,,BIH
,721914,,2024,37.651,20.0,20.0,,BIH
,721921,,2024,44958.144,7130.0,7130.0,,BIH
,721922,,2024,29331.389,5206.02,5206.02,,BIH
,721923,,2024,31581.276,5114.0,5114.0,,BIH
,721931,,2024,2720.282,760.4,760.4,,BIH
,721932,,2024,28851.367,6476.41,6476.41,,BIH
,721933,,2024,67791.673,20319.98,20319.98,,BIH
,721934,,2024,151136.805,48202.4,48202.4,,BIH
,721935,,2024,4963.084,1318.0,1318.0,,BIH
,721710,,2024,13044973.0,,0.0,,BRA
,721720,,2024,23905762.0,17970124.899,17911356.899,,BRA
,721730,,2024,8476122.0,4264130.117,4264130.117,,BRA
,721790,,2024,1553115.0,683439.44,683439.44,,BRA
,721810,,2024,18149.0,92.666,92.666,,BRA
,721899,,2024,2239624.0,82123.321,82135.321,,BRA
,721911,,2024,2221.0,138.0,138.0,,BRA
,721912,,2024,301080.0,111752.0,111752.0,,BRA
,721913,,2024,116682.0,48290.828,48290.828,,BRA
,721914,,2024,435403.0,241325.959,241325.959,,BRA
,721921,,2024,2477843.0,719109.547,719089.547,,BRA
,721922,,2024,1907653.0,,0.0,,BRA
,721923,,2024,372031.0,91042.586,91042.586,,BRA
,721924,,2024,135273.0,4938.0,4938.0,,BRA
,721931,,2024,43826.0,12295.0,12295.0,,BRA
,721932,,2024,1170033.0,396805.244,396805.244,,BRA
,721933,,2024,12081886.0,,0.0,,BRA
,721934,,2024,10917841.0,4952172.266,4952187.266,,BRA
,721935,,2024,2076137.0,1016189.0,1016189.0,,BRA
,721720,,2024,8982.352,36000.0,36000.0,,BRN
,721790,,2024,39469.892,43293.0,43293.0,,BRN
,721730,,2024,39524.78,42732.0,42732.0,,KHM
,721933,,2024,21063.0,5331.9,5331.9,,KHM
,721710,,2024,88825525.539,51852769.0,51852769.0,,CAN
,721720,,2024,91130506.501,53858775.0,53858775.0,,CAN
,721730,,2024,265360.162,145779.0,145779.0,,CAN
,721790,,2024,8952505.435,2817965.0,2817965.0,,CAN
,721810,,2024,30110741.054,10120039.116,10120039.116,,CAN
,721891,,2024,11111815.27,2664825.838,2664825.838,,CAN
,721899,,2024,3870051.008,1028713.421,1028713.421,,CAN
,721911,,2024,344894.218,99695.0,99695.0,,CAN
,721912,,2024,402645.214,113452.0,113452.0,,CAN
,721914,,2024,56824.853,12529.0,12529.0,,CAN
,721921,,2024,2946243.862,531855.0,531855.0,,CAN
,721922,,2024,3250025.217,612180.0,612180.0,,CAN
,721923,,2024,831268.994,238041.0,238041.0,,CAN
,721924,,2024,75213.7,29946.0,29946.0,,CAN
,721931,,2024,1159233.764,311128.0,311128.0,,CAN
,721932,,2024,1076487.479,324376.0,324376.0,,CAN
,721933,,2024,5185201.316,1720052.0,1720052.0,,CAN
,721934,,2024,1262973.806,455337.0,455337.0,,CAN
,721935,,2024,538049.764,151845.0,151845.0,,CAN
,721710,,2024,11.945,24.0,24.0,,LKA
,721720,,2024,1040051.21,1057147.0,1057147.0,,LKA
,721730,,2024,312.324,10319.0,10319.0,,LKA
,721790,,2024,18520.059,12492.0,12492.0,,LKA
,721899,,2024,2444.96,1118.0,1118.0,,LKA
,721935,,2024,543.019,200.0,200.0,,LKA
,721710,,2024,306153.092,270471.9,270471.9,,CHL
,721720,,2024,2615250.65,2015220.64,2015220.64,,CHL
,721730,,2024,6405.0,362.91,362.91,,CHL
,721790,,2024,15187.36,8263.436,8263.436,,CHL
,721891,,2024,46814.564,34028.0,34028.0,,CHL
,721912,,2024,20475.94,2341.12,2341.12,,CHL
,721913,,2024,19370.0,4960.0,4960.0,,CHL
,721914,,2024,4202.0,3678.88,3678.88,,CHL
,721921,,2024,46905.517,16456.0,16456.0,,CHL
,721922,,2024,130281.25,33448.06,33448.06,,CHL
,721923,,2024,50333.6,11104.95,11104.95,,CHL
,721924,,2024,12450.0,2671.97,2671.97,,CHL
,721931,,2024,72008.277,28777.67,28777.67,,CHL
,721932,,2024,260125.718,97784.61,97784.61,,CHL
,721933,,2024,467571.225,191526.7,191526.7,,CHL
,721934,,2024,456326.102,302965.0,302965.0,,CHL
,721935,,2024,114627.712,102008.0,102008.0,,CHL
,721710,,2024,354648580.0,500517084.411,500517084.411,,CHN
,721720,,2024,828965027.0,1106319093.335,1106319093.335,,CHN
,721730,,2024,422218286.0,394607096.608,394607096.608,,CHN
,721790,,2024,69369032.0,61326203.522,61326203.522,,CHN
,721810,,2024,49110.0,20000.0,20000.0,,CHN
,721891,,2024,37405.0,2712.0,2712.0,,CHN
,721899,,2024,246222.0,21416.0,21416.0,,CHN
,721911,,2024,65598530.0,30708982.0,30708982.0,,CHN
,721912,,2024,327566026.0,170158192.0,170158192.0,,CHN
,721913,,2024,524109965.0,415696598.249,415696598.249,,CHN
,721914,,2024,206569201.0,174348365.0,174348365.0,,CHN
,721921,,2024,287006569.0,116172826.0,116172826.0,,CHN
,721922,,2024,226138374.0,110641318.626,110641318.626,,CHN
,721923,,2024,69105707.0,39156289.833,39156289.833,,CHN
,721924,,2024,20662501.0,16922993.916,16922993.916,,CHN
,721931,,2024,83727901.0,45753854.661,45753854.661,,CHN
,721932,,2024,271242584.0,143767195.803,143767195.803,,CHN
,721933,,2024,1129865914.0,775592188.0,775592188.0,,CHN
,721934,,2024,1233437713.0,976104878.791,976104878.791,,CHN
,721935,,2024,460156543.0,474840419.021,474840419.021,,CHN
,721710,,2024,1604411.37,1666212.39,1666212.39,,COL
,721720,,2024,172901.39,68565.4,68565.4,,COL
,721730,,2024,799832.27,300643.43,300643.43,,COL
,721790,,2024,979246.89,348722.23,348722.23,,COL
,721810,,2024,2065.35,36.68,36.68,,COL
,721891,,2024,461.95,9.29,9.29,,COL
,721899,,2024,218659.74,10936.84,10936.84,,COL
,721911,,2024,22517.46,748.6,748.6,,COL
,721912,,2024,690.0,26.97,26.97,,COL
,721914,,2024,8312.32,777.33,777.33,,COL
,721921,,2024,5460.0,1637.64,1637.64,,COL
,721922,,2024,5669.87,1845.78,1845.78,,COL
,721923,,2024,21723.65,6890.4,6890.4,,COL
,721932,,2024,30079.0,10093.18,10093.18,,COL
,721933,,2024,329373.84,112385.44,112385.44,,COL
,721934,,2024,250249.97,95483.92,95483.92,,COL
,721935,,2024,35114.23,15777.97,15777.97,,COL
,721710,,2024,494887.56,411303.72,411303.72,,CRI
,721720,,2024,32452.92,21061.97,21061.97,,CRI
,721730,,2024,1348071.6,161755.0,161755.0,,CRI
,721790,,2024,146683.53,32298.64,32298.64,,CRI
,721899,,2024,17757.3,28106.0,28106.0,,CRI
,721911,,2024,4220.96,1119.07,1119.07,,CRI
,721914,,2024,155.6,11.0,11.0,,CRI
,721922,,2024,110860.09,26616.01,26616.01,,CRI
,721923,,2024,171213.62,73577.73,73577.73,,CRI
,721924,,2024,15389.55,4388.16,4388.16,,CRI
,721932,,2024,10056.63,3790.8,3790.8,,CRI
,721933,,2024,220009.91,142126.22,142126.22,,CRI
,721934,,2024,179303.07,58095.0,58095.0,,CRI
,721710,,2024,25733.535,26025.0,26025.0,,BEN
,721710,,2024,221441.403,318340.6,311024.0,,DOM
,721720,,2024,1297359.502,1259327.34,1216775.34,,DOM
,721730,,2024,1787.202,1417.01,49.0,,DOM
,721912,,2024,3040.848,288.0,288.0,,DOM
,721922,,2024,10697.876,2611.06,2169.02,,DOM
,721932,,2024,9219.223,1338.0,1338.0,,DOM
,721933,,2024,128748.817,27239.0,27239.0,,DOM
,721710,,2024,96124.8,81373.0,69732.0,,ECU
,721720,,2024,161650.07,140219.88,140557.01,,ECU
,721730,,2024,11463.4,10621.3,10789.4,,ECU
,721790,,2024,646143.83,620100.0,620100.0,,ECU
,721899,,2024,24.08,496.23,496.23,,ECU
,721921,,2024,3770.2,5.53,5.82,,ECU
,721922,,2024,87305.04,11912.6,11944.2,,ECU
,721923,,2024,370.38,64.0,64.0,,ECU
,721924,,2024,1577.09,2266.48,2266.48,,ECU
,721933,,2024,34421.0,11755.0,11815.0,,ECU
,721710,,2024,14329410.27,12978703.66,12978703.66,,SLV
,721720,,2024,1513.83,914.0,914.0,,SLV
,721730,,2024,210338.89,181434.65,181434.65,,SLV
,721790,,2024,4725.9,1058.0,1058.0,,SLV
,721923,,2024,1714.0,524.95,524.95,,SLV
,721935,,2024,381.4,45.45,45.45,,SLV
,721710,,2024,29695.281,30325.2,30325.2,,GEO
,721720,,2024,337741.38,392493.0,392493.0,,GEO
,721790,,2024,51.94,17.5,17.5,,GEO
,721810,,2024,68242.8,42920.0,42920.0,,GEO
,721923,,2024,742.224,249.0,249.0,,GEO
,721933,,2024,30012.178,12962.0,12962.0,,GEO
,721934,,2024,10542.267,3364.0,3364.0,,GEO
,721935,,2024,1551.614,512.0,512.0,,GEO
,721710,,2024,9591562.0,9875254.0,9875254.0,,GTM
,721720,,2024,54222.0,30758.0,30758.0,,GTM
,721730,,2024,1732241.0,1400480.0,1400480.0,,GTM
,721790,,2024,36904.0,208360.0,208360.0,,GTM
,721899,,2024,22722.0,487.0,487.0,,GTM
,721911,,2024,13574.0,1151.0,1151.0,,GTM
,721912,,2024,9546.0,656.0,656.0,,GTM
,721913,,2024,15869.0,1945.0,1945.0,,GTM
,721914,,2024,56219.0,8580.0,8580.0,,GTM
,721921,,2024,119834.0,32571.0,32571.0,,GTM
,721922,,2024,484128.0,114564.0,114564.0,,GTM
,721923,,2024,100418.0,22952.0,22952.0,,GTM
,721924,,2024,9148.0,2660.0,2660.0,,GTM
,721932,,2024,137176.0,41398.0,41398.0,,GTM
,721933,,2024,255052.0,76297.0,76297.0,,GTM
,721934,,2024,232745.0,73578.0,73578.0,,GTM
,721935,,2024,1043.0,125.0,125.0,,GTM
,721710,,2024,447101.44,447117.5,447117.5,,HND
,721730,,2024,1087.84,272.7,272.7,,HND
,721933,,2024,8769.6,510.0,510.0,,HND
,721710,,2024,1762641.789,769162.0,769162.0,,HKG
,721720,,2024,29803.814,8205.0,8205.0,,HKG
,721730,,2024,731091.843,82640.0,82640.0,,HKG
,721790,,2024,780710.662,63188.0,63188.0,,HKG
,721810,,2024,210227.705,105542.0,105542.0,,HKG
,721891,,2024,416446.226,11155.0,11155.0,,HKG
,721899,,2024,330950.809,9507.0,9507.0,,HKG
,721911,,2024,6516.156,27.0,27.0,,HKG
,721912,,2024,2016023.925,264297.0,264297.0,,HKG
,721913,,2024,1672825.931,287937.0,287937.0,,HKG
,721914,,2024,852408.501,303651.0,303651.0,,HKG
,721921,,2024,80724.429,38098.0,38098.0,,HKG
,721922,,2024,242803.233,27811.0,27811.0,,HKG
,721923,,2024,365530.48,47681.0,47681.0,,HKG
,721924,,2024,2255433.698,513096.0,513096.0,,HKG
,721931,,2024,393035.296,75071.0,75071.0,,HKG
,721932,,2024,505144.3,212722.0,212722.0,,HKG
,721933,,2024,3840713.425,1081761.0,1081761.0,,HKG
,721934,,2024,2246365.591,786107.0,786107.0,,HKG
,721935,,2024,462449.002,134082.0,134082.0,,HKG
,721710,,2024,2612846.94,1227691.994,1227691.994,,IDN
,721720,,2024,2284250.736,,0.0,,IDN
,721730,,2024,3095418.736,1621626.594,1621626.594,,IDN
,721790,,2024,16583.425,8687.686,8687.686,,IDN
,721810,,2024,9165994.02,8045012.699,8045012.699,,IDN
,721891,,2024,1538714968.96,911144770.001,911144770.001,,IDN
,721899,,2024,821865752.956,522037368.031,522037368.031,,IDN
,721911,,2024,49965512.521,25958604.859,25958604.859,,IDN
,721912,,2024,1144338862.723,606862605.684,606862605.684,,IDN
,721913,,2024,2106100965.003,1179657710.04,1179657710.04,,IDN
,721914,,2024,636875877.968,365178926.471,365178926.471,,IDN
,721921,,2024,22987.6,4058.864,4058.864,,IDN
,721922,,2024,1933.838,100.0,100.0,,IDN
,721923,,2024,2967.95,189.0,189.0,,IDN
,721931,,2024,9793.498,17461.0,17461.0,,IDN
,721932,,2024,207586540.991,120346463.541,120346463.541,,IDN
,721933,,2024,1066266399.297,612624428.094,612624428.094,,IDN
,721934,,2024,490654205.111,281782491.7,281782491.7,,IDN
,721935,,2024,87283491.941,47615514.644,47615514.644,,IDN
,721710,,2024,40000.0,22000.0,22000.0,,ISR
,721730,,2024,317000.0,269374.0,269374.0,,ISR
,721790,,2024,1738000.0,1056686.388,1056686.388,,ISR
,721810,,2024,13000.0,,0.0,,ISR
,721899,,2024,63000.0,9313.294,9313.294,,ISR
,721911,,2024,1000.0,318.99,318.99,,ISR
,721914,,2024,3000.0,537.0,537.0,,ISR
,721922,,2024,6000.0,1159.0,1159.0,,ISR
,721923,,2024,1000.0,569.0,569.0,,ISR
,721931,,2024,14000.0,4239.392,4239.392,,ISR
,721933,,2024,37000.0,13359.318,13359.318,,ISR
,721710,,2024,616608.765,872370.0,872370.0,,CIV
,721720,,2024,386651.492,330684.0,330684.0,,CIV
,721790,,2024,4420.553,525.0,525.0,,CIV
,721922,,2024,3256.363,588.0,588.0,,CIV
,721710,,2024,5951.0,3409.08,3409.08,,JAM
,721710,,2024,82929934.459,34397000.985,34397000.985,,JPN
,721720,,2024,18705628.999,5589443.542,5589443.542,,JPN
,721730,,2024,17992028.982,,0.0,,JPN
,721790,,2024,11735398.873,2222945.0,2222945.0,,JPN
,721810,,2024,522850.832,74300.0,74300.0,,JPN
,721891,,2024,1162801.698,136076.0,136076.0,,JPN
,721899,,2024,6821200.925,315749.0,315749.0,,JPN
,721911,,2024,252017.774,46399.0,46399.0,,JPN
,721912,,2024,51750803.099,26166862.0,26166862.0,,JPN
,721913,,2024,100081512.209,63060253.0,63060253.0,,JPN
,721914,,2024,2876287.371,1968932.0,1968932.0,,JPN
,721921,,2024,65461568.907,15853790.0,15853790.0,,JPN
,721922,,2024,55929434.45,12312480.0,12312480.0,,JPN
,721923,,2024,5723625.102,1449940.0,1449940.0,,JPN
,721924,,2024,229919.065,171211.0,171211.0,,JPN
,721931,,2024,5110073.77,751524.0,751524.0,,JPN
,721932,,2024,22152181.98,6553659.0,6553659.0,,JPN
,721933,,2024,319842259.79,135701092.0,135701092.0,,JPN
,721934,,2024,167312431.268,75821418.0,75821418.0,,JPN
,721935,,2024,37422277.623,8877860.0,8877860.0,,JPN
,721710,,2024,7664290.97,7896660.4,7896660.4,,KAZ
,721720,,2024,1318392.88,1201938.79,1201938.79,,KAZ
,721730,,2024,102091.68,18610.0,18610.0,,KAZ
,721790,,2024,55744.81,56264.61,56264.61,,KAZ
,721899,,2024,828206.0,599645.0,599645.0,,KAZ
,721921,,2024,12200.0,170.0,170.0,,KAZ
,721922,,2024,4438.67,104.21,104.21,,KAZ
,721923,,2024,34491.14,2624.25,2624.25,,KAZ
,721924,,2024,222.28,4.98,4.98,,KAZ
,721931,,2024,358621.1,4340.44,4340.44,,KAZ
,721932,,2024,14627.65,1104.98,1104.98,,KAZ
,721933,,2024,74734.6,5625.0,5625.0,,KAZ
,721934,,2024,1790.15,800.0,800.0,,KAZ
,721720,,2024,28345.859,44769.0,44769.0,,JOR
,721730,,2024,4856.338,6000.0,6000.0,,JOR
,721790,,2024,239058.211,353340.0,353340.0,,JOR
,721899,,2024,30712.676,1125.0,1125.0,,JOR
,721922,,2024,3642819.172,1987160.0,1987160.0,,JOR
,721931,,2024,13684.704,5710.0,5710.0,,JOR
,721935,,2024,27535.211,6715.5,6715.5,,JOR
,721710,,2024,25579.931,13085.0,13085.0,,KEN
,721720,,2024,4526236.367,4633829.0,4633829.0,,KEN
,721790,,2024,10619285.281,11375246.0,11375246.0,,KEN
,721899,,2024,42020.387,897.25,897.25,,KEN
,721911,,2024,1073.627,200.0,200.0,,KEN
,721912,,2024,2113.257,702.0,702.0,,KEN
,721914,,2024,1518.466,547.98,547.98,,KEN
,721922,,2024,16531.953,3511.2,3511.2,,KEN
,721923,,2024,9578.008,1880.0,1880.0,,KEN
,721924,,2024,4865.402,1430.0,1430.0,,KEN
,721932,,2024,1165.135,370.0,370.0,,KEN
,721933,,2024,5745.11,1332.0,1332.0,,KEN
,721934,,2024,4140.333,1872.0,1872.0,,KEN
,721710,,2024,137631889.0,79026767.113,79026767.113,,KOR
,721720,,2024,32262736.0,17591522.811,17591522.811,,KOR
,721730,,2024,117666354.0,77318445.601,77318445.601,,KOR
,721790,,2024,30612062.0,15821223.486,15821223.486,,KOR
,721810,,2024,303770.0,409688.53,409688.53,,KOR
,721891,,2024,34708.0,3003.233,3003.233,,KOR
,721899,,2024,11486022.0,4352961.692,4352961.692,,KOR
,721911,,2024,8249819.0,3017594.65,3017594.65,,KOR
,721912,,2024,184688755.0,101072062.0,101072062.0,,KOR
,721913,,2024,709237825.0,411890062.0,411890062.0,,KOR
,721914,,2024,25802898.0,12618771.5,12618771.5,,KOR
,721921,,2024,76093411.0,25217934.101,25217934.101,,KOR
,721922,,2024,14769856.0,4291001.76,4291001.76,,KOR
,721923,,2024,633430.0,208489.7,208489.7,,KOR
,721924,,2024,1551628.0,614141.7,614141.7,,KOR
,721931,,2024,310215.0,112041.0,112041.0,,KOR
,721932,,2024,13701744.0,5656261.38,5656261.38,,KOR
,721933,,2024,341528055.0,172953781.7,172953781.7,,KOR
,721934,,2024,368776419.0,178601060.9,178601060.9,,KOR
,721935,,2024,46748399.0,18626498.692,18626498.692,,KOR
,721720,,2024,976.0,781.556,781.556,,KWT
,721730,,2024,3382.0,2325.203,2325.203,,KWT
,721790,,2024,1983.0,1255.338,1255.338,,KWT
,721899,,2024,2125.0,312.665,312.665,,KWT
,721911,,2024,12049.0,3958.275,3958.275,,KWT
,721922,,2024,48831.0,13589.053,13589.053,,KWT
,721931,,2024,1273.0,384.879,384.879,,KWT
,721710,,2024,15593.0,14240.803,14240.803,,LBN
,721720,,2024,10145.0,8070.605,8070.605,,LBN
,721790,,2024,6394.0,3887.487,3887.487,,LBN
,721810,,2024,220.0,,0.0,,LBN
,721891,,2024,35623.0,,0.0,,LBN
,721899,,2024,182251.0,26942.176,26942.176,,LBN
,721911,,2024,49549.0,15805.64,15805.64,,LBN
,721912,,2024,17842.0,6556.539,6556.539,,LBN
,721913,,2024,80717.0,38830.676,38830.676,,LBN
,721921,,2024,24279.0,6040.966,6040.966,,LBN
,721922,,2024,74227.0,20514.488,20514.488,,LBN
,721924,,2024,7060.0,3239.947,3239.947,,LBN
,721932,,2024,3832.0,1254.877,1254.877,,LBN
,721933,,2024,60000.0,21663.759,21663.759,,LBN
,721934,,2024,62198.0,22446.423,22446.423,,LBN
,721710,,2024,20.334,30.0,30.0,,MDG
,721720,,2024,30253.061,20145.0,20145.0,,MDG
,721790,,2024,121981.61,89496.0,89496.0,,MDG
,721710,,2024,30167486.399,34890645.2,34890645.2,,MYS
,721720,,2024,66360103.073,72592785.909,72592785.909,,MYS
,721730,,2024,66798085.489,63823909.125,63823909.125,,MYS
,721790,,2024,1467853.307,1805021.28,1805021.28,,MYS
,721810,,2024,530424.381,17361.3,17361.3,,MYS
,721891,,2024,7657.064,6207.09,6207.09,,MYS
,721899,,2024,401936.836,71499.27,71499.27,,MYS
,721911,,2024,250710.16,91503.58,91503.58,,MYS
,721912,,2024,16323010.807,7708184.13,7708184.13,,MYS
,721913,,2024,1803810.956,917372.4,917372.4,,MYS
,721914,,2024,1961569.583,819321.4,819321.4,,MYS
,721921,,2024,1173710.802,550627.47,550627.47,,MYS
,721922,,2024,3493413.408,1619921.38,1619921.38,,MYS
,721923,,2024,3040933.222,1581979.06,1581979.06,,MYS
,721924,,2024,1567585.456,596355.8,596355.8,,MYS
,721931,,2024,2603574.218,1400333.53,1400333.53,,MYS
,721932,,2024,13533647.804,5879068.827,5879068.827,,MYS
,721933,,2024,54432143.585,25436023.93,25436023.93,,MYS
,721934,,2024,23396935.246,9997698.7,9997698.7,,MYS
,721935,,2024,4261644.436,1656288.972,1656288.972,,MYS
,721720,,2024,447.334,76.0,311.0,,MUS
,721790,,2024,972.471,217.0,217.0,,MUS
,721891,,2024,301.289,58.0,58.0,,MUS
,721931,,2024,2053.425,189.0,220.0,,MUS
,721710,,2024,99771727.0,100298680.0,100298680.0,,MEX
,721720,,2024,57478312.0,56009375.0,56009375.0,,MEX
,721730,,2024,3223870.0,592858.0,592858.0,,MEX
,721790,,2024,4288202.0,3520327.0,3520327.0,,MEX
,721810,,2024,8512.0,1101.0,1101.0,,MEX
,721921,,2024,32843.0,5835.0,5835.0,,MEX
,721922,,2024,297592.0,49385.0,49385.0,,MEX
,721924,,2024,12736.0,1647.0,1647.0,,MEX
,721932,,2024,2846020.0,898787.0,898787.0,,MEX
,721933,,2024,37497806.0,15666849.0,15666849.0,,MEX
,721934,,2024,38269033.0,17916455.0,17916455.0,,MEX
,721935,,2024,4595449.0,1413511.0,1413511.0,,MEX
,721710,,2024,6210.0,7029.0,7029.0,,MDA
,721720,,2024,35436.0,32520.0,32520.0,,MDA
,721912,,2024,9822.0,1500.0,1500.0,,MDA
,721932,,2024,533.0,311.0,311.0,,MDA
,721933,,2024,7143.0,5120.0,5120.0,,MDA
,721934,,2024,7980.0,6284.0,6284.0,,MDA
,721710,,2024,447655.479,528300.122,528300.122,,MAR
,721720,,2024,442044.246,455754.0,455754.0,,MAR
,721730,,2024,60891.176,45382.0,45382.0,,MAR
,721790,,2024,34280.693,6992.0,6992.0,,MAR
,721924,,2024,3543.525,141.0,141.0,,MAR
,721710,,2024,42187.256,58151.0,58151.0,,OMN
,721720,,2024,27437487.603,28484264.0,28484264.0,,OMN
,721790,,2024,3591048.109,4810596.0,4810596.0,,OMN
,721810,,2024,5451.235,399.238,399.238,,OMN
,721891,,2024,133175.552,21000.0,21000.0,,OMN
,721899,,2024,128475.943,307830.0,307830.0,,OMN
,721911,,2024,13563.069,52000.0,52000.0,,OMN
,721912,,2024,4941.482,35000.0,35000.0,,OMN
,721914,,2024,14884.265,19126.0,19126.0,,OMN
,721921,,2024,146275.682,47697.0,47697.0,,OMN
,721933,,2024,24111.834,141254.0,141254.0,,OMN
,721934,,2024,1068.921,388.0,388.0,,OMN
,721710,,2024,2.594,4.0,4.0,,NAM
,721720,,2024,3115.363,1285.0,1285.0,,NAM
,721790,,2024,45787.305,6641.0,6641.0,,NAM
,721899,,2024,1859.413,145.0,145.0,,NAM
,721921,,2024,221.058,314.0,314.0,,NAM
,721923,,2024,876.45,651.0,651.0,,NAM
,721933,,2024,1261.876,608.0,608.0,,NAM
,721710,,2024,60521.996,8829.0,8829.0,,NZL
,721720,,2024,717841.798,272121.449,272121.449,,NZL
,721730,,2024,96256.852,12101.0,12101.0,,NZL
,721790,,2024,16231.837,1077.0,1077.0,,NZL
,721810,,2024,2282.867,2.0,2.0,,NZL
,721891,,2024,122.858,20.0,20.0,,NZL
,721899,,2024,272869.77,110185.0,110185.0,,NZL
,721911,,2024,5247.205,802.0,802.0,,NZL
,721912,,2024,16435.189,9445.0,9445.0,,NZL
,721913,,2024,80169.055,15300.0,15300.0,,NZL
,721914,,2024,2027.467,326.0,326.0,,NZL
,721921,,2024,242430.536,275472.0,275472.0,,NZL
,721924,,2024,53511.198,23348.0,23348.0,,NZL
,721931,,2024,5193.946,819.0,819.0,,NZL
,721932,,2024,6130.817,1400.0,1400.0,,NZL
,721933,,2024,3629.468,1240.0,1240.0,,NZL
,721934,,2024,21291.425,4222.0,4222.0,,NZL
,721710,,2024,244987.5,247302.8,247302.8,,NIC
,721720,,2024,205734.4,174917.7,174917.7,,NIC
,721931,,2024,6028.9,743.1,743.1,,NIC
,721932,,2024,6092.7,1296.8,1296.8,,NIC
,721933,,2024,12547.4,755.7,755.7,,NIC
,721934,,2024,1567.9,1945.2,1945.2,,NIC
,721790,,2024,1364.848,288.0,288.0,,NER
,721710,,2024,94260.79,101000.0,101000.0,,NGA
,721810,,2024,247728.643,198930.0,198930.0,,NGA
,721810,,2024,43838.379,7000.0,7000.0,,PAK
,721891,,2024,407.769,1000.0,1000.0,,PAK
,721899,,2024,2932.073,1000.0,1000.0,,PAK
,721921,,2024,1096.599,1000.0,1000.0,,PAK
,721923,,2024,180.071,1000.0,1000.0,,PAK
,721933,,2024,11901.333,12000.0,12000.0,,PAK
,721720,,2024,65872.0,58522.0,58522.0,,PAN
,721913,,2024,55932.0,468.0,468.0,,PAN
,721921,,2024,11339.0,8892.0,8892.0,,PAN
,721922,,2024,1044.0,370.0,370.0,,PAN
,721932,,2024,446.0,211.0,211.0,,PAN
,721933,,2024,59363.0,14915.0,14915.0,,PAN
,721934,,2024,49187.0,13665.0,13665.0,,PAN
,721934,,2024,13890.0,10316.0,10316.0,,PRY
,721710,,2024,2631961.311,2947415.142,2947415.142,,PER
,721720,,2024,7029242.943,5789526.319,5789562.319,,PER
,721730,,2024,7551.24,7000.0,7000.0,,PER
,721790,,2024,278263.794,170965.082,170965.082,,PER
,721899,,2024,349.703,3174.0,3174.0,,PER
,721911,,2024,51320.292,59536.951,59536.951,,PER
,721912,,2024,41474.42,20158.23,20158.23,,PER
,721913,,2024,19424.028,14506.461,14506.461,,PER
,721914,,2024,102182.178,89148.95,89148.95,,PER
,721921,,2024,23937.582,17282.234,17282.234,,PER
,721922,,2024,200770.266,105905.85,105905.85,,PER
,721923,,2024,42670.98,11684.66,11684.66,,PER
,721924,,2024,101180.95,37991.452,37991.452,,PER
,721931,,2024,42045.189,11943.24,11943.24,,PER
,721932,,2024,16152.78,7023.019,7023.019,,PER
,721933,,2024,36722.75,14758.22,14758.22,,PER
,721934,,2024,238607.737,214614.1,214614.1,,PER
,721935,,2024,91693.22,29592.0,29592.0,,PER
,721710,,2024,2043.0,80.32,80.32,,PHL
,721720,,2024,28604.0,14052.53,14052.53,,PHL
,721790,,2024,14289.0,2838.0,2838.0,,PHL
,721810,,2024,513767.0,118509.0,118509.0,,PHL
,721899,,2024,1396.0,369.29,369.29,,PHL
,721924,,2024,288.0,4.19,4.19,,PHL
,721933,,2024,168.0,30.0,30.0,,PHL
,721934,,2024,5270.0,1936.0,1936.0,,PHL
,721935,,2024,10072.0,1786.0,1786.0,,PHL
,721710,,2024,94613.331,180123.0,180123.0,,SAU
,721720,,2024,1180257.837,1444132.0,1444132.0,,SAU
,721730,,2024,211265.861,56508.0,56508.0,,SAU
,721790,,2024,274460.793,335901.0,335901.0,,SAU
,721810,,2024,254894.927,128665.0,128665.0,,SAU
,721891,,2024,320.0,40.0,40.0,,SAU
,721899,,2024,4828.533,5013.0,5013.0,,SAU
,721911,,2024,12602.666,25300.0,25300.0,,SAU
,721912,,2024,49396.265,35853.0,35853.0,,SAU
,721913,,2024,603.467,3000.0,3000.0,,SAU
,721921,,2024,47733.865,42162.0,42162.0,,SAU
,721922,,2024,61778.132,24745.0,24745.0,,SAU
,721924,,2024,1188.0,59.0,59.0,,SAU
,721933,,2024,464765.322,608597.0,608597.0,,SAU
,721710,,2024,4575.926,1365.0,1365.0,,SEN
,721720,,2024,215247.564,188600.0,188600.0,,SEN
,721790,,2024,258317.632,280505.0,280505.0,,SEN
,721810,,2024,10606.487,21500.0,21500.0,,SEN
,721914,,2024,626.21,5.0,5.0,,SEN
,721710,,2024,738602.0,722507.216,722507.216,,SRB
,721720,,2024,1360024.0,1040239.0,1040239.0,,SRB
,721730,,2024,119241.0,65754.778,65754.778,,SRB
,721790,,2024,509727.0,486349.0,486349.0,,SRB
,721899,,2024,122286.0,16601.018,16601.018,,SRB
,721913,,2024,162.0,17.0,17.0,,SRB
,721914,,2024,480.0,18.0,18.0,,SRB
,721921,,2024,16414.0,4511.0,4511.0,,SRB
,721922,,2024,116497.0,31004.0,31004.0,,SRB
,721923,,2024,1007.0,342.0,342.0,,SRB
,721924,,2024,611.0,560.0,560.0,,SRB
,721931,,2024,26761.0,8351.0,8351.0,,SRB
,721932,,2024,53903.0,12904.0,12904.0,,SRB
,721933,,2024,390757.0,127954.0,127954.0,,SRB
,721934,,2024,157186.0,48987.0,48987.0,,SRB
,721935,,2024,12992.0,4541.0,4541.0,,SRB
,721710,,2024,16226176.911,11975006.53,11975006.53,,IND
,721720,,2024,30979783.008,33824718.0,33824718.0,,IND
,721730,,2024,5628038.351,5255650.626,5255650.626,,IND
,721790,,2024,2618721.477,2729977.428,2729977.428,,IND
,721810,,2024,1463404.355,242044.294,242044.294,,IND
,721891,,2024,1356785.925,498535.106,498535.106,,IND
,721899,,2024,29249796.208,12278408.899,12278408.899,,IND
,721911,,2024,1215240.455,312325.43,312325.43,,IND
,721912,,2024,84209572.102,32255926.0,32255926.0,,IND
,721913,,2024,38729041.375,16053285.0,16053285.0,,IND
,721914,,2024,9817638.092,4777812.0,4777812.0,,IND
,721921,,2024,109359842.45,41500357.576,41500357.576,,IND
,721922,,2024,78363620.9,31521480.391,31521480.391,,IND
,721923,,2024,20133542.334,9138033.415,9138033.415,,IND
,721924,,2024,395530.889,202670.185,202670.185,,IND
,721931,,2024,7966313.586,,0.0,,IND
,721932,,2024,24511755.115,10888278.0,10888278.0,,IND
,721933,,2024,81480246.62,37708107.945,37708107.945,,IND
,721934,,2024,42430513.573,20309286.0,20309286.0,,IND
,721935,,2024,10729486.228,5063145.0,5063145.0,,IND
,721710,,2024,12099274.573,14257837.007,14257837.007,,SGP
,721720,,2024,4648767.429,4304709.369,4304709.369,,SGP
,721730,,2024,1460829.445,324171.127,324171.127,,SGP
,721790,,2024,17862958.06,28838699.969,28838699.969,,SGP
,721810,,2024,513339.237,37992.21,37992.21,,SGP
,721891,,2024,189591.888,632.141,632.141,,SGP
,721899,,2024,3742412.252,751126.777,751126.777,,SGP
,721911,,2024,173447.252,27300.0,27300.0,,SGP
,721912,,2024,51712.525,31690.0,31690.0,,SGP
,721913,,2024,183402.1,29975.594,29975.594,,SGP
,721914,,2024,132476.863,44090.0,44090.0,,SGP
,721921,,2024,4059017.885,1620727.169,1620727.169,,SGP
,721922,,2024,17251382.986,6083050.0,6083050.0,,SGP
,721923,,2024,10286280.586,3718860.0,3718860.0,,SGP
,721924,,2024,421214.608,125600.0,125600.0,,SGP
,721931,,2024,469176.291,127921.436,127921.436,,SGP
,721932,,2024,704501.21,200624.152,200624.152,,SGP
,721933,,2024,8653048.616,,0.0,,SGP
,721934,,2024,1586469.927,689720.893,689720.893,,SGP
,721935,,2024,429975.802,77460.0,77460.0,,SGP
,721710,,2024,9349165.811,10543855.85,10543855.85,,ZAF
,721720,,2024,47782274.473,46623926.75,46623926.75,,ZAF
,721730,,2024,800408.164,546511.7,546511.7,,ZAF
,721790,,2024,12018737.289,11701371.77,11701371.77,,ZAF
,721810,,2024,121984.985,39943.14,39943.14,,ZAF
,721891,,2024,120679.652,38224.55,38224.55,,ZAF
,721899,,2024,730303.247,96010.73,96010.73,,ZAF
,721911,,2024,532390.496,315751.5,315751.5,,ZAF
,721912,,2024,1209557.881,658225.64,658225.64,,ZAF
,721913,,2024,2302497.565,1123708.35,1123708.35,,ZAF
,721914,,2024,381563.573,96395.54,96395.54,,ZAF
,721921,,2024,3498749.016,1478753.645,1478753.645,,ZAF
,721922,,2024,9963217.826,4702345.2,4702345.2,,ZAF
,721923,,2024,6979141.15,3760824.97,3760824.97,,ZAF
,721924,,2024,646123.759,194522.85,194522.85,,ZAF
,721931,,2024,928371.11,,0.0,,ZAF
,721932,,2024,2530166.723,,0.0,,ZAF
,721933,,2024,31988815.744,15520816.358,15520816.358,,ZAF
,721934,,2024,18827881.481,,0.0,,ZAF
,721935,,2024,1325938.965,616831.21,616831.21,,ZAF
,721710,,2024,26882.309,30288.0,30280.0,,ZWE
,721720,,2024,48909.876,25472.0,46000.0,,ZWE
,721790,,2024,1236.2,78.0,78.0,,SUR
,721913,,2024,3900.0,6000.0,6000.0,,SUR
,721710,,2024,24728546.81,,0.0,,THA
,721720,,2024,16949007.72,,0.0,,THA
,721730,,2024,21999846.28,21748146.814,21748146.814,,THA
,721790,,2024,2353542.42,2098822.77,2098822.77,,THA
,721891,,2024,663.32,18.0,18.0,,THA
,721899,,2024,489700.19,770586.463,770586.463,,THA
,721911,,2024,3483.08,1049.0,1049.0,,THA
,721912,,2024,4016344.3,2145957.0,2145957.0,,THA
,721913,,2024,13984521.59,7422110.0,7422110.0,,THA
,721914,,2024,1621329.28,1372636.0,1372636.0,,THA
,721921,,2024,256980.24,46668.0,46668.0,,THA
,721922,,2024,858328.98,391494.0,391494.0,,THA
,721923,,2024,42390.57,10029.0,10029.0,,THA
,721924,,2024,16790.81,3756.0,3756.0,,THA
,721931,,2024,50.0,13.0,13.0,,THA
,721932,,2024,2861304.85,1260577.0,1260577.0,,THA
,721933,,2024,25584125.01,13078104.0,13078104.0,,THA
,721934,,2024,48130664.96,22897650.026,22897650.026,,THA
,721935,,2024,17745869.57,9235403.0,9235403.0,,THA
,721710,,2024,3194.94,5000.0,5000.0,,TGO
,721720,,2024,649211.808,728000.0,728000.0,,TGO
,721790,,2024,40256.244,30000.0,30000.0,,TGO
,721710,,2024,48175.713,38232.713,38232.713,,TTO
,721720,,2024,6981.058,1815.0,1815.0,,TTO
,721790,,2024,165901.119,89596.521,89596.521,,TTO
,721891,,2024,207.404,9.0,9.0,,TTO
,721899,,2024,50276.563,526.0,526.0,,TTO
,721710,,2024,2601120.777,2375556.18,2375556.18,,TUN
,721790,,2024,1514075.483,920542.551,920542.551,,TUN
,721899,,2024,397.11,58.705,58.705,,TUN
,721921,,2024,29472.074,7333.078,7333.078,,TUN
,721931,,2024,22570.918,6834.783,6834.783,,TUN
,721933,,2024,8686.543,3136.386,3136.386,,TUN
,721934,,2024,45496.145,16418.948,16418.948,,TUN
,721935,,2024,8435.212,2820.641,2820.641,,TUN
,721710,,2024,49428577.0,56359159.0,56359159.0,,TUR
,721720,,2024,188278863.0,211950938.0,211950938.0,,TUR
,721730,,2024,11131298.0,6882995.0,6882995.0,,TUR
,721790,,2024,17547168.0,16581179.0,16581179.0,,TUR
,721810,,2024,157930.0,58144.0,58144.0,,TUR
,721891,,2024,61700.0,46786.0,46786.0,,TUR
,721899,,2024,1221425.0,106972.0,106972.0,,TUR
,721911,,2024,157120.0,65615.0,65615.0,,TUR
,721912,,2024,1674483.0,577674.0,577674.0,,TUR
,721913,,2024,2430830.0,1147342.0,1147342.0,,TUR
,721914,,2024,166286.0,44737.0,44737.0,,TUR
,721921,,2024,7425172.0,2159602.0,2159602.0,,TUR
,721922,,2024,11714750.0,4300451.0,4300451.0,,TUR
,721923,,2024,6319079.0,2661124.0,2661124.0,,TUR
,721924,,2024,727151.0,452298.0,452298.0,,TUR
,721931,,2024,1558818.0,527681.0,527681.0,,TUR
,721932,,2024,17070834.0,6566623.0,6566623.0,,TUR
,721933,,2024,67154472.0,28588831.0,28588831.0,,TUR
,721934,,2024,95829994.0,42152011.0,42152011.0,,TUR
,721935,,2024,32594731.0,12790654.0,12790654.0,,TUR
,721710,,2024,65886.34,51507.0,51507.0,,UGA
,721720,,2024,2476617.3,2501655.2,2501655.2,,UGA
,721730,,2024,152392.21,158880.0,158880.0,,UGA
,721790,,2024,28081.16,21410.0,21410.0,,UGA
,721899,,2024,2187.25,6000.0,6000.0,,UGA
,721911,,2024,98.95,50.0,50.0,,UGA
,721933,,2024,3354.2,697.0,697.0,,UGA
,721710,,2024,74556478.66,90727658.0,90727658.0,,UKR
,721720,,2024,42958390.57,46164813.0,46164813.0,,UKR
,721730,,2024,787184.42,703717.6,703717.6,,UKR
,721790,,2024,553458.09,472070.547,472070.547,,UKR
,721891,,2024,36793.16,5998.0,5998.0,,UKR
,721921,,2024,30712.86,7354.0,7354.0,,UKR
,721922,,2024,10819.11,20457.2,20457.2,,UKR
,721923,,2024,7033.01,16598.0,16598.0,,UKR
,721931,,2024,34133.26,3227.0,3227.0,,UKR
,721932,,2024,834.14,345.91,345.91,,UKR
,721933,,2024,19121.91,6951.87,6951.87,,UKR
,721934,,2024,49255.39,17891.32,17891.32,,UKR
,721935,,2024,6712.14,1260.0,1260.0,,UKR
,721710,,2024,4137946.92,4609039.0,4609039.0,,MKD
,721720,,2024,1356243.92,1427155.0,1427155.0,,MKD
,721730,,2024,176024.16,107424.0,107424.0,,MKD
,721790,,2024,354.66,211.0,211.0,,MKD
,721891,,2024,63.99,31.0,31.0,,MKD
,721913,,2024,20882.96,2922.0,2922.0,,MKD
,721921,,2024,39687.58,19080.0,19080.0,,MKD
,721923,,2024,7847.81,1457.0,1457.0,,MKD
,721931,,2024,691.24,178.0,178.0,,MKD
,721932,,2024,39881.32,8402.0,8402.0,,MKD
,721933,,2024,60898.88,19537.0,19537.0,,MKD
,721934,,2024,53220.68,23823.0,23823.0,,MKD
,721710,,2024,11040723.385,9671432.325,9671432.325,,EGY
,721720,,2024,18196939.02,13548541.966,13548541.966,,EGY
,721730,,2024,35993.163,23384.976,23384.976,,EGY
,721790,,2024,5710021.27,3439145.735,3439145.735,,EGY
,721891,,2024,700.0,178.62,178.62,,EGY
,721899,,2024,23018.97,,0.0,,EGY
,721924,,2024,100.0,24.029,24.029,,EGY
,721710,,2024,39279143.194,,0.0,,GBR
,721720,,2024,3045377.277,1189844.0,1189844.0,,GBR
,721730,,2024,3814503.568,,0.0,,GBR
,721790,,2024,5690773.319,,0.0,,GBR
,721810,,2024,22721408.06,1737628.715,1737628.715,,GBR
,721891,,2024,622810864.046,227141698.0,227141698.0,,GBR
,721899,,2024,209304089.078,63762051.0,63762051.0,,GBR
,721911,,2024,604219.388,,0.0,,GBR
,721912,,2024,216351.687,,0.0,,GBR
,721913,,2024,544460.897,79616.0,79616.0,,GBR
,721914,,2024,923204.448,,0.0,,GBR
,721921,,2024,2353922.946,,0.0,,GBR
,721922,,2024,3905245.359,1019605.034,1019605.034,,GBR
,721923,,2024,1085803.045,416071.611,416071.611,,GBR
,721924,,2024,239332.015,24337.0,24337.0,,GBR
,721931,,2024,1165322.918,,0.0,,GBR
,721932,,2024,2223291.851,503483.179,503483.179,,GBR
,721933,,2024,16880126.848,3853349.0,3853349.0,,GBR
,721934,,2024,10917068.544,1585688.623,1585688.623,,GBR
,721935,,2024,1590079.125,122836.327,122836.327,,GBR
,721720,,2024,5929.499,5090.0,5090.0,,TZA
,721730,,2024,445.876,675.8,675.8,,TZA
,721790,,2024,295809.948,409706.52,409706.52,,TZA
,721891,,2024,14379.337,1305.85,1305.85,,TZA
,721710,,2024,59743692.0,,0.0,,USA
,721720,,2024,17582805.0,9498732.0,9498732.0,,USA
,721730,,2024,25770046.0,14744669.0,14744669.0,,USA
,721790,,2024,45074195.0,,0.0,,USA
,721810,,2024,69674814.0,11759984.0,11759984.0,,USA
,721891,,2024,5624085.0,295790.0,295790.0,,USA
,721899,,2024,15358459.0,1353209.0,1353209.0,,USA
,721911,,2024,11942005.0,2488094.0,2488094.0,,USA
,721912,,2024,99315360.0,50825620.0,50825620.0,,USA
,721913,,2024,174704523.0,103557713.0,103557713.0,,USA
,721914,,2024,40013274.0,17468214.0,17468214.0,,USA
,721921,,2024,109520701.0,14661834.0,14661834.0,,USA
,721922,,2024,87952937.0,22518497.0,22518497.0,,USA
,721923,,2024,9269611.0,2531157.0,2531157.0,,USA
,721924,,2024,11859899.0,2028723.0,2028723.0,,USA
,721931,,2024,12411899.0,3307119.0,3307119.0,,USA
,721932,,2024,62308635.0,18385983.0,18385983.0,,USA
,721933,,2024,269866963.0,88334358.0,88334358.0,,USA
,721934,,2024,120044062.0,33221178.0,33221178.0,,USA
,721935,,2024,39424365.0,8083715.0,8083715.0,,USA
,721921,,2024,1956.0,1026.0,1026.0,,URY
,721922,,2024,5334.0,2794.0,2794.0,,URY
,721932,,2024,10602.0,5550.0,5550.0,,URY
,721933,,2024,122790.0,56179.0,56179.0,,URY
,721934,,2024,412763.0,192727.0,192727.0,,URY
,721710,,2024,698203.0,,0.0,,UZB
,721720,,2024,135086.0,120465.0,120465.0,,UZB
,721730,,2024,10.0,6.919,6.919,,UZB
,721810,,2024,1100.0,,0.0,,UZB
,721932,,2024,1686.0,552.12,552.12,,UZB
,721935,,2024,691.0,480.0,480.0,,UZB
,721790,,2024,1880.0,564.0,564.0,,YEM
,721710,,2024,3173.283,3835.0,3835.0,,ZMB
,721720,,2024,29861.33,46519.0,46519.0,,ZMB
,721790,,2024,10581.474,7910.0,7910.0,,ZMB
,721810,,2024,1662681.476,997740.0,997740.0,,ZMB
,721899,,2024,402060.94,209740.0,209740.0,,ZMB
,721913,,2024,9953.61,9400.0,9400.0,,ZMB
,721931,,2024,6088.426,4000.0,4000.0,,ZMB
,721932,,2024,6088.426,4150.0,4150.0,,ZMB
,7221,,2023,961.31,408.0,408.0,,SWZ
,722230,,2023,239.24,6680.0,6680.0,,SWZ
,722240,,2023,4866.73,45.0,45.0,,SWZ
,722300,,2023,19.62,5.0,5.0,,SWZ
,721990,,2023,11821493.398,6037854.95,6037854.95,,THA
,722011,,2023,1686062.565,,0.0,,THA
,722012,,2023,262817.792,98706.147,98706.147,,THA
,722020,,2023,16978622.973,6674875.858,6674875.858,,THA
,722090,,2023,6373586.03,738962.722,738962.722,,THA
,7221,,2023,426557.295,154064.0,154064.0,,THA
,722211,,2023,905670.957,126413.0,126413.0,,THA
,722219,,2023,133085.152,20861.299,20861.299,,THA
,722220,,2023,4405849.441,792207.757,792207.757,,THA
,722230,,2023,6240723.323,1858327.0,1858327.0,,THA
,722240,,2023,1140474.117,233893.676,233893.676,,THA
,722300,,2023,37771735.441,6354045.487,6354045.487,,THA
,722490,,2023,166766.853,,0.0,,THA
,722511,,2023,80507.62,39611.0,39611.0,,THA
,722519,,2023,288261.348,160307.0,160307.0,,THA
,722530,,2023,2504861.634,3707757.0,3707757.0,,THA
,722540,,2023,819168.046,273855.0,273855.0,,THA
,722550,,2023,5107275.662,6283949.0,6283949.0,,THA
,722591,,2023,240354.696,471176.0,471176.0,,THA
,721990,,2023,3833.332,394.0,394.0,,TTO
,722011,,2023,399.984,50.0,50.0,,TTO
,722090,,2023,1444.388,1613.0,1613.0,,TTO
,722211,,2023,3330.537,317.0,317.0,,TTO
,722219,,2023,18940.449,21341.0,21341.0,,TTO
,722220,,2023,1621.27,467.0,467.0,,TTO
,722230,,2023,3795.408,421.0,421.0,,TTO
,722240,,2023,1218.175,200.0,200.0,,TTO
,722300,,2023,16711.647,740.0,740.0,,TTO
,722519,,2023,438.65,271.0,271.0,,TTO
,722530,,2023,301.025,163.0,163.0,,TTO
,722540,,2023,329445.121,129417.0,129417.0,,TTO
,721990,,2023,4709664.356,1458750.38,1458750.38,,ARE
,722011,,2023,238849.412,35923.33,35923.33,,ARE
,722012,,2023,349705.305,50766.16,50766.16,,ARE
,722020,,2023,1348871.78,324679.71,324679.71,,ARE
,722090,,2023,797158.031,58808.23,58808.23,,ARE
,7221,,2023,503683.215,,0.0,,ARE
,722211,,2023,4524515.394,442717.342,442717.342,,ARE
,722219,,2023,1571230.862,233169.48,233169.48,,ARE
,722220,,2023,29308973.406,6432040.52,6432040.52,,ARE
,722230,,2023,2029032.643,1345502.92,1345502.92,,ARE
,722240,,2023,5115864.238,1000729.19,1000729.19,,ARE
,722300,,2023,15802696.618,4024044.89,4024044.89,,ARE
,722410,,2023,42819.223,5043.5,5043.5,,ARE
,722490,,2023,388920.422,,0.0,,ARE
,722511,,2023,23631114.077,9592907.0,9592907.0,,ARE
,722519,,2023,1623777.953,572360.85,572360.85,,ARE
,722530,,2023,909432.71,1084856.0,1084856.0,,ARE
,722540,,2023,46640473.303,15596975.9,15596975.9,,ARE
,722550,,2023,1606.535,2082.0,2082.0,,ARE
,722591,,2023,71174.13,84130.0,84130.0,,ARE
,721990,,2023,70402.458,1758.0,1758.0,,TUN
,722011,,2023,5369.511,188.0,188.0,,TUN
,722020,,2023,354789.403,4851.0,4851.0,,TUN
,722090,,2023,26553.054,607.0,607.0,,TUN
,7221,,2023,69481.696,12793.0,12793.0,,TUN
,722211,,2023,5029.772,271.0,271.0,,TUN
,722220,,2023,18689.887,3277.0,3277.0,,TUN
,722230,,2023,53322.035,1801.0,1801.0,,TUN
,722240,,2023,554747.111,15755.0,15755.0,,TUN
,722300,,2023,7.71,1.0,1.0,,TUN
,722211,,2023,1313.829,3200.0,3200.0,,AGO
,722220,,2023,17735.43,135000.0,135000.0,,AGO
,722230,,2023,24.158,358.0,358.0,,AGO
,722240,,2023,1475.31,69.0,69.0,,AGO
,722410,,2023,30068.874,380.0,380.0,,AGO
,722020,,2023,773.29,18.0,18.0,,AZE
,722230,,2023,16.52,7.5,7.5,,AZE
,722240,,2023,81.38,9.6,9.6,,AZE
,722300,,2023,40.32,0.05,0.05,,AZE
,722240,,2023,62103.6,7508.39,7508.39,,ARG
,721990,,2023,144967.642,33930.0,33930.0,,AUS
,722011,,2023,25528.985,1830.0,1830.0,,AUS
,722012,,2023,294450.326,89940.0,89940.0,,AUS
,722020,,2023,18023.625,11320.0,11320.0,,AUS
,722090,,2023,534094.321,64830.0,64830.0,,AUS
,7221,,2023,133300.685,11060.0,11060.0,,AUS
,722211,,2023,1119578.795,423570.0,423570.0,,AUS
,722219,,2023,225111.62,29730.0,29730.0,,AUS
,722220,,2023,406621.467,,0.0,,AUS
,722230,,2023,453428.814,424680.0,424680.0,,AUS
,722240,,2023,495569.643,72592.0,72592.0,,AUS
,722300,,2023,1301600.205,784585.0,784585.0,,AUS
,722410,,2023,455479.052,7680.0,7680.0,,AUS
,722490,,2023,470165.56,185310.0,185310.0,,AUS
,722519,,2023,10687.68,2000.0,2000.0,,AUS
,722530,,2023,3425443.531,3050290.0,3050290.0,,AUS
,722540,,2023,18574068.522,7315170.0,7315170.0,,AUS
,722550,,2023,291690.543,56100.0,56100.0,,AUS
,721990,,2023,246268.616,60754.513,60754.513,,BHR
,722011,,2023,110.024,24.487,24.487,,BHR
,722012,,2023,23456.356,6032.715,6032.715,,BHR
,722020,,2023,32.327,6.39,6.39,,BHR
,722090,,2023,3259.753,,0.0,,BHR
,7221,,2023,1871.904,406.121,406.121,,BHR
,722211,,2023,408.588,65.383,65.383,,BHR
,722219,,2023,2066.899,375.531,375.531,,BHR
,722220,,2023,37259.378,6033.713,6033.713,,BHR
,722230,,2023,5658.367,781.835,781.835,,BHR
,722240,,2023,181235.808,24764.174,24764.174,,BHR
,722300,,2023,57279.907,7000.62,7000.62,,BHR
,722012,,2023,4.45,0.179,0.179,,ARM
,722219,,2023,38.31,1.282,1.282,,ARM
,722220,,2023,152.35,33.12,33.12,,ARM
,722240,,2023,92496.69,68864.736,79158.92,,ARM
,722300,,2023,2562.0,8.79,8.79,,ARM
,722410,,2023,25291.0,72260.0,72260.0,,ARM
,722540,,2023,78005.94,23864.0,23864.0,,ARM
,722240,,2023,16099.4,88.0,88.0,,BOL
,722410,,2023,1200.0,1.5,1.5,,BOL
,721990,,2023,28849.093,5188.79,5188.79,,BIH
,722011,,2023,12121.361,1300.0,1300.0,,BIH
,722012,,2023,209.976,143.01,143.01,,BIH
,722020,,2023,23362.614,2908.4,2908.4,,BIH
,722090,,2023,39887.35,4078.63,4078.63,,BIH
,7221,,2023,18840.626,3798.0,3798.0,,BIH
,722211,,2023,13566.023,1016.0,1016.0,,BIH
,722219,,2023,1466.647,200.0,200.0,,BIH
,722220,,2023,23261.5,5370.67,5370.67,,BIH
,722230,,2023,2390.656,650.35,650.35,,BIH
,722240,,2023,60929.002,11799.61,11799.61,,BIH
,722300,,2023,1042.418,100.0,100.0,,BIH
,722490,,2023,79653.915,27261.63,27261.63,,BIH
,722519,,2023,158678.318,41662.0,41662.0,,BIH
,722540,,2023,51747.859,21302.0,21302.0,,BIH
,722550,,2023,34888.496,13852.0,13852.0,,BIH
,721990,,2023,10806.0,104.952,327.952,,BRA
,722011,,2023,231604.0,9783.183,9781.183,,BRA
,722012,,2023,155518.0,13533.474,13938.474,,BRA
,722020,,2023,2132985.0,1170275.96,1170275.96,,BRA
,722090,,2023,70612.0,2615.712,2615.712,,BRA
,7221,,2023,252481.0,13381.862,13381.862,,BRA
,722211,,2023,10268478.0,,0.0,,BRA
,722219,,2023,181219.0,16471.973,16471.973,,BRA
,722220,,2023,40016802.0,3031279.66,3031285.66,,BRA
,722230,,2023,108295.0,35410.605,35410.605,,BRA
,722240,,2023,81264.0,4164.106,4169.106,,BRA
,722300,,2023,8626635.0,750161.017,750161.017,,BRA
,722410,,2023,16493.0,368.0,368.0,,BRA
,722490,,2023,1071812550.0,1372475948.015,1372475948.015,,BRA
,722511,,2023,28090998.0,15291207.0,15291207.0,,BRA
,722519,,2023,1545060.0,1675509.0,1675509.0,,BRA
,722530,,2023,36124720.0,56958338.0,56958338.0,,BRA
,722540,,2023,5256509.0,3917516.0,0.0,,BRA
,722550,,2023,14651086.0,11278034.0,11278034.0,,BRA
,722591,,2023,3870117.0,3476435.0,3476435.0,,BRA
,721990,,2023,22752.188,4724.74,4724.74,,BRN
,722090,,2023,45.299,312.8,312.8,,BRN
,722230,,2023,3446.81,1005.0,1005.0,,BRN
,722240,,2023,37.228,11.0,11.0,,BRN
,722519,,2023,134.02,317.0,317.0,,BRN
,722300,,2023,522173.0,313100.0,313100.0,,MMR
,722090,,2023,4361.14,1910.97,1910.97,,KHM
,722220,,2023,6314.02,991.3,991.3,,KHM
,722211,,2023,901.868,113.0,113.0,,CMR
,722219,,2023,980.674,75.0,75.0,,CMR
,722220,,2023,5036.843,6000.0,6000.0,,CMR
,722230,,2023,54.516,37.0,37.0,,CMR
,722410,,2023,37253.573,12100.0,12100.0,,CMR
,721990,,2023,648078.67,141831.0,141831.0,,CAN
,722011,,2023,239319.898,30540.0,30540.0,,CAN
,722012,,2023,843278.546,266505.0,266505.0,,CAN
,722020,,2023,8583613.445,1845633.0,1845633.0,,CAN
,722090,,2023,565518.269,83728.0,83728.0,,CAN
,7221,,2023,1791511.602,195923.0,195923.0,,CAN
,722211,,2023,4176284.831,719353.0,719353.0,,CAN
,722219,,2023,326725.813,24236.0,24236.0,,CAN
,722220,,2023,7312778.559,1144151.0,1144151.0,,CAN
,722230,,2023,567833.24,152804.0,152804.0,,CAN
,722240,,2023,2815663.869,796433.0,796433.0,,CAN
,722300,,2023,23295943.101,3177888.0,3177888.0,,CAN
,722410,,2023,6246982.733,2525124.567,2525124.567,,CAN
,722490,,2023,113682043.966,110119231.777,110119231.777,,CAN
,722511,,2023,1589645.349,404954.0,404954.0,,CAN
,722519,,2023,1161702.316,1282945.0,1282945.0,,CAN
,722530,,2023,302011282.265,313625400.0,313625400.0,,CAN
,722540,,2023,106986419.022,59828790.0,59828790.0,,CAN
,722550,,2023,36002174.783,32098444.0,32098444.0,,CAN
,722591,,2023,26399.564,67637.0,67637.0,,CAN
,721990,,2023,83.267,63.59,63.59,,LKA
,7221,,2023,125.886,37.2,37.2,,LKA
,722211,,2023,558.12,414.0,414.0,,LKA
,722219,,2023,967.311,61.0,61.0,,LKA
,722220,,2023,12049.078,3977.03,3977.03,,LKA
,722230,,2023,46957.812,6264.01,6264.01,,LKA
,722240,,2023,6301.273,654.0,654.0,,LKA
,722300,,2023,10137.879,500.82,500.82,,LKA
,722490,,2023,2707.092,1460.01,1460.01,,LKA
,721990,,2023,221999.3,37770.85,37770.85,,CHL
,722020,,2023,2528.4,15.0,15.0,,CHL
,722090,,2023,390.0,17.0,17.0,,CHL
,722211,,2023,224412.919,60312.859,60312.859,,CHL
,722219,,2023,154.552,200.0,200.0,,CHL
,722220,,2023,18580.02,2903.217,2903.217,,CHL
,722230,,2023,5400.224,2954.448,2954.448,,CHL
,722240,,2023,14092.36,444.384,444.384,,CHL
,722300,,2023,5692.855,20833.19,20833.19,,CHL
,722490,,2023,98391.5,62431.0,62431.0,,CHL
,722511,,2023,11475.56,518.0,518.0,,CHL
,722530,,2023,41802.51,27839.2,27839.2,,CHL
,722540,,2023,1508704.86,641801.79,641801.79,,CHL
,721990,,2023,184263222.0,73486571.0,73486571.0,,CHN
,722011,,2023,16674726.0,7835328.0,7835328.0,,CHN
,722012,,2023,15853886.0,8343096.034,8343096.034,,CHN
,722020,,2023,572395771.0,246720878.068,246720878.068,,CHN
,722090,,2023,54207460.0,19453664.702,19453664.702,,CHN
,7221,,2023,157727842.0,64192526.0,64192526.0,,CHN
,722211,,2023,120840170.0,35364522.293,35364522.293,,CHN
,722219,,2023,31236888.0,9568715.127,9568715.127,,CHN
,722220,,2023,126327219.0,37364530.566,37364530.566,,CHN
,722230,,2023,53234932.0,15116889.934,15116889.934,,CHN
,722240,,2023,98408804.0,31098326.353,31098326.353,,CHN
,722300,,2023,302680041.0,85306271.552,85306271.552,,CHN
,722410,,2023,1614710.0,722903.0,722903.0,,CHN
,722490,,2023,142025228.0,216268285.0,216268285.0,,CHN
,722511,,2023,1325595576.0,469371980.0,469371980.0,,CHN
,722519,,2023,635216136.0,659999643.0,659999643.0,,CHN
,722530,,2023,1030195845.0,1615033625.0,1615033625.0,,CHN
,722540,,2023,705788712.0,678635783.0,678635783.0,,CHN
,722550,,2023,264702549.0,371842511.0,371842511.0,,CHN
,722591,,2023,15555460.0,15736980.0,15736980.0,,CHN
,721990,,2023,6831.08,180.63,180.63,,COL
,722012,,2023,209581.45,21387.93,21387.93,,COL
,722020,,2023,38891.32,3656.23,3656.23,,COL
,722090,,2023,9670.69,2317.15,2317.15,,COL
,722211,,2023,307.68,103.56,103.56,,COL
,722219,,2023,9534.97,1698.17,1698.17,,COL
,722220,,2023,92403.43,19730.0,19730.0,,COL
,722240,,2023,3315.93,63.8,63.8,,COL
,722300,,2023,27065.59,4441.515,4441.515,,COL
,722410,,2023,2975.0,285.0,285.0,,COL
,722511,,2023,20938.67,4510.0,4510.0,,COL
,722519,,2023,60018.0,8000.0,8000.0,,COL
,722540,,2023,3484483.05,1511865.0,1511865.0,,COL
,722550,,2023,4359108.87,4997344.0,4997344.0,,COL
,721990,,2023,215884.6,51331.59,51331.59,,CRI
,722012,,2023,137993.1,38671.28,38671.28,,CRI
,722020,,2023,50.0,100.0,100.0,,CRI
,722090,,2023,94015.62,2672.56,2672.56,,CRI
,722211,,2023,124743.21,44533.84,44533.84,,CRI
,722219,,2023,114844.09,25074.09,25074.09,,CRI
,722220,,2023,15001.86,2632.55,2632.55,,CRI
,722230,,2023,38045.95,12837.93,12837.93,,CRI
,722240,,2023,168784.75,38926.662,38926.662,,CRI
,722300,,2023,4957793.43,25730.013,25730.013,,CRI
,722490,,2023,945.11,127.01,127.01,,CRI
,722540,,2023,59800.36,11137.61,11137.61,,CRI
,721990,,2023,1337016.412,962000.0,962000.0,,BEN
,721990,,2023,2338.551,420.7,420.7,,DOM
,722219,,2023,654.471,235.7,235.7,,DOM
,722220,,2023,500.006,97.0,97.0,,DOM
,722230,,2023,17630.506,5159.232,5159.232,,DOM
,722240,,2023,6788.39,2914.2,2914.2,,DOM
,722300,,2023,99.929,10.0,10.0,,DOM
,722530,,2023,33810.0,42000.0,42000.0,,DOM
,721990,,2023,360.0,0.27,0.27,,ECU
,722012,,2023,2585.8,0.53,0.53,,ECU
,722020,,2023,4762.2,,0.0,,ECU
,722090,,2023,343.0,0.09,0.09,,ECU
,722211,,2023,775.8,,0.0,,ECU
,722240,,2023,5443.5,3.56,3.56,,ECU
,722300,,2023,8392.7,,0.0,,ECU
,722410,,2023,2975.1,0.27,0.27,,ECU
,722090,,2023,70295.0,7694.69,7694.69,,SLV
,722550,,2023,6387280.0,2963112.43,2963112.43,,SLV
,722211,,2023,564.13,150.0,150.0,,ETH
,721990,,2023,3135.65,1076.0,1076.0,,GEO
,722090,,2023,5521.413,2263.0,2263.0,,GEO
,722211,,2023,600.0,72.0,72.0,,GEO
,722240,,2023,1086.25,123.77,123.77,,GEO
,722540,,2023,215796.422,84563.0,84563.0,,GEO
,722012,,2023,173447.821,55424.0,55424.0,,GHA
,722090,,2023,10720.143,1847.5,1847.5,,GHA
,7221,,2023,412053.947,596900.4,596489.52,,GHA
,722211,,2023,300.158,10.0,100.0,,GHA
,722219,,2023,87984.322,127666.0,127666.0,,GHA
,722220,,2023,183.941,263.26,2.0,,GHA
,722230,,2023,65153.207,106081.44,103172.34,,GHA
,722240,,2023,126164.024,40224.0,40224.0,,GHA
,722300,,2023,211.988,50.0,127.0,,GHA
,721990,,2023,113343.0,29403.0,29403.0,,GTM
,722011,,2023,50575.0,7374.0,7374.0,,GTM
,722012,,2023,4925.0,622.0,622.0,,GTM
,722020,,2023,2354.0,325.0,325.0,,GTM
,722090,,2023,23639.0,8544.0,8544.0,,GTM
,722211,,2023,24144.0,1070.0,1070.0,,GTM
,722219,,2023,7546.0,1331.0,1331.0,,GTM
,722220,,2023,14539.0,1809.0,1809.0,,GTM
,722230,,2023,65452.0,7900.0,7900.0,,GTM
,722240,,2023,52587.0,3718.0,3718.0,,GTM
,722300,,2023,22021.0,4517.0,4517.0,,GTM
,722490,,2023,50515.0,6549.0,6549.0,,GTM
,722519,,2023,62001.0,32185.0,32185.0,,GTM
,722540,,2023,383797.0,57081.0,57081.0,,GTM
,722020,,2023,9330.99,1013.5,1013.5,,HND
,722090,,2023,5088.77,4910.38,4910.38,,HND
,722230,,2023,63093.15,1380.11,1380.11,,HND
,721990,,2023,964565.321,242134.0,242134.0,,HKG
,722011,,2023,168663.883,27212.0,27212.0,,HKG
,722012,,2023,3771.465,1332.0,1332.0,,HKG
,722020,,2023,19027939.044,4300513.0,4300513.0,,HKG
,722090,,2023,3167296.97,383654.0,383654.0,,HKG
,7221,,2023,4982185.781,993076.0,993076.0,,HKG
,722211,,2023,2359459.392,427959.0,427959.0,,HKG
,722219,,2023,349575.926,67164.0,67164.0,,HKG
,722220,,2023,8155974.411,820998.0,820998.0,,HKG
,722230,,2023,1392219.599,282789.0,282789.0,,HKG
,722240,,2023,2072283.463,243966.0,243966.0,,HKG
,722300,,2023,13251074.879,934960.0,934960.0,,HKG
,722519,,2023,10270743.913,6238103.0,6238103.0,,HKG
,722540,,2023,447828.914,77991.0,77991.0,,HKG
,722550,,2023,8703991.792,6449920.0,6449920.0,,HKG
,721990,,2023,240788.894,8576.492,8576.492,,IDN
,722011,,2023,60249.91,29600.0,29600.0,,IDN
,722012,,2023,8902309.753,4392110.0,4392110.0,,IDN
,722020,,2023,3289290.405,858338.61,858338.61,,IDN
,722090,,2023,3518656.038,604057.946,604057.946,,IDN
,7221,,2023,305200.608,11041.909,11041.909,,IDN
,722211,,2023,17816.9,3641.115,3641.115,,IDN
,722219,,2023,1348674.172,520244.32,520244.32,,IDN
,722220,,2023,301953.245,47502.661,47502.661,,IDN
,722230,,2023,48497.786,36169.585,36169.585,,IDN
,722240,,2023,610846.924,600445.768,600445.768,,IDN
,722300,,2023,22003463.042,6582646.264,6582646.264,,IDN
,722490,,2023,279968.214,15999.4,15999.4,,IDN
,722511,,2023,374721.15,116653.0,116653.0,,IDN
,722519,,2023,50248.65,90160.0,90160.0,,IDN
,722530,,2023,201812.19,273050.0,273050.0,,IDN
,722540,,2023,126892.717,70260.0,70260.0,,IDN
,722550,,2023,33092.8,11359.0,11359.0,,IDN
,722591,,2023,10668.94,8122.69,8122.69,,IDN
,721990,,2023,36000.0,9246.88,9246.88,,ISR
,722090,,2023,3000.0,345.742,345.742,,ISR
,7221,,2023,47000.0,11808.103,11808.103,,ISR
,722211,,2023,151000.0,24914.2,24914.2,,ISR
,722219,,2023,20000.0,3706.898,3706.898,,ISR
,722220,,2023,344000.0,57559.409,57559.409,,ISR
,722230,,2023,125000.0,17367.035,17367.035,,ISR
,722240,,2023,15000.0,2062.876,2062.876,,ISR
,722300,,2023,27000.0,3600.692,3600.692,,ISR
,722490,,2023,292000.0,111359.948,111359.948,,ISR
,722540,,2023,2000.0,1093.418,1093.418,,ISR
,722591,,2023,168000.0,128046.817,128046.817,,ISR
,721990,,2023,546.093,30.0,30.0,,CIV
,722020,,2023,94.316,7.0,7.0,,CIV
,722090,,2023,10971.148,822.0,822.0,,CIV
,722220,,2023,36960.318,77000.0,77000.0,,CIV
,722230,,2023,284466.775,779003.0,779003.0,,CIV
,722240,,2023,708.299,80.0,80.0,,CIV
,722300,,2023,64.405,1.0,1.0,,CIV
,722410,,2023,11407.956,14000.0,14000.0,,CIV
,722519,,2023,411.481,50.0,50.0,,CIV
,722540,,2023,2701.084,890.0,890.0,,CIV
,722550,,2023,56997.125,84214.0,84214.0,,CIV
,722219,,2023,491.71,90.0,90.0,,JAM
,721990,,2023,38703059.663,6390678.0,6390678.0,,JPN
,722011,,2023,6639487.285,1348709.0,1348709.0,,JPN
,722012,,2023,2471448.94,337125.317,337125.317,,JPN
,722020,,2023,365790365.812,46286504.0,46286504.0,,JPN
,722090,,2023,49553413.577,6084424.0,6084424.0,,JPN
,7221,,2023,185328376.8,39842779.0,39842779.0,,JPN
,722211,,2023,55934799.416,7736396.737,7736396.737,,JPN
,722219,,2023,12641881.603,1766927.002,1766927.002,,JPN
,722220,,2023,168576460.455,27237687.0,27237687.0,,JPN
,722230,,2023,9181773.367,1191100.0,1191100.0,,JPN
,722240,,2023,15731667.897,3678496.857,3678496.857,,JPN
,722300,,2023,139404861.368,11079246.65,11079246.65,,JPN
,722410,,2023,3041441.652,842539.0,842539.0,,JPN
,722490,,2023,170029568.54,305323232.0,305323232.0,,JPN
,722511,,2023,1192817334.145,338728637.0,338728637.0,,JPN
,722519,,2023,313082884.367,185453922.0,185453922.0,,JPN
,722530,,2023,1287619466.777,1746576871.0,1746576871.0,,JPN
,722540,,2023,383195070.049,255517717.0,255517717.0,,JPN
,722550,,2023,1339324942.901,1496058993.0,1496058993.0,,JPN
,722591,,2023,259248841.818,232614842.0,232614842.0,,JPN
,721990,,2023,937453.48,122149.0,122149.0,,KAZ
,722012,,2023,11776.39,469.7,469.7,,KAZ
,722020,,2023,391236.51,11678.26,11678.26,,KAZ
,722090,,2023,30402.42,3636.21,3636.21,,KAZ
,722211,,2023,250426.25,13401.0,13401.0,,KAZ
,722220,,2023,605967.74,52529.5,52529.5,,KAZ
,722230,,2023,130328.61,6487.27,6487.27,,KAZ
,722240,,2023,123036.47,62569.74,62569.74,,KAZ
,722300,,2023,6898333.19,166509.0,166509.0,,KAZ
,722410,,2023,1692.91,4.0,4.0,,KAZ
,722490,,2023,200392.5,394674.0,394674.0,,KAZ
,722511,,2023,37.31,1.27,1.27,,KAZ
,722530,,2023,346446.49,850520.0,850520.0,,KAZ
,722540,,2023,9716252.35,6092941.0,6092941.0,,KAZ
,722550,,2023,2655216.38,3355200.0,3355200.0,,KAZ
,721990,,2023,5028.169,1240.45,1240.45,,JOR
,722012,,2023,968.634,249.122,249.122,,JOR
,722230,,2023,19154.93,2646.699,2646.699,,JOR
,722240,,2023,32947.535,4501.972,4501.972,,JOR
,722300,,2023,3249102.089,397097.856,397097.856,,JOR
,722410,,2023,482696.59,,0.0,,JOR
,722540,,2023,102137.859,54907.495,54907.495,,JOR
,721990,,2023,8163.367,2612.0,2612.0,,KEN
,722011,,2023,171.261,500.0,500.0,,KEN
,722012,,2023,362.495,27.0,27.0,,KEN
,722020,,2023,3488.437,890.5,890.5,,KEN
,722090,,2023,1035.711,225.0,225.0,,KEN
,7221,,2023,33201.655,33846.8,33846.8,,KEN
,722219,,2023,18449.669,16619.0,16619.0,,KEN
,722230,,2023,109836.091,69424.7,69424.7,,KEN
,722240,,2023,9367.158,7397.2,7397.2,,KEN
,722300,,2023,349284.681,43783.0,43783.0,,KEN
,722530,,2023,9300.202,7000.0,7000.0,,KEN
,722540,,2023,67169.086,29463.0,29463.0,,KEN
,721990,,2023,39469043.0,16433010.64,16433010.64,,KOR
,722011,,2023,649521.0,75033.931,75033.931,,KOR
,722012,,2023,6154707.0,2277419.38,2277419.38,,KOR
,722020,,2023,189821101.0,49780483.92,49780483.92,,KOR
,722090,,2023,40174602.0,7921292.605,7921292.605,,KOR
,7221,,2023,78111292.0,25178209.93,25178209.93,,KOR
,722211,,2023,37560139.0,8635960.349,8635960.349,,KOR
,722219,,2023,4007267.0,781297.738,781297.738,,KOR
,722220,,2023,18755716.0,3177723.025,3177723.025,,KOR
,722230,,2023,5123040.0,685797.533,685797.533,,KOR
,722240,,2023,904934.0,119764.716,119764.716,,KOR
,722300,,2023,214516318.0,31025749.415,31025749.415,,KOR
,722410,,2023,887009.0,829843.997,829843.997,,KOR
,722490,,2023,2603047.0,1975388.479,1975388.479,,KOR
,722511,,2023,197497403.0,59110655.5,59110655.5,,KOR
,722519,,2023,390998662.0,376175826.0,376175826.0,,KOR
,722530,,2023,301043335.0,414992482.0,414992482.0,,KOR
,722540,,2023,51635985.0,22559629.808,22559629.808,,KOR
,722550,,2023,486025443.0,498819589.2,498819589.2,,KOR
,722591,,2023,64674619.0,63829189.0,63829189.0,,KOR
,722020,,2023,139963.894,20280.0,20280.0,,KWT
,722090,,2023,778.029,53.0,53.0,,KWT
,7221,,2023,27393.794,5950.0,5950.0,,KWT
,722220,,2023,423.196,149.0,149.0,,KWT
,722240,,2023,2571.729,190.0,190.0,,KWT
,722300,,2023,4902.561,2836.9,2836.9,,KWT
,722490,,2023,1513.739,14.1,14.1,,KWT
,721990,,2023,315513.0,17685.0,17685.0,,KGZ
,722220,,2023,26166.0,1000.0,1000.0,,KGZ
,722300,,2023,47053.0,1445.0,1445.0,,KGZ
,722540,,2023,701413.0,515828.0,515828.0,,KGZ
,722090,,2023,521.74,663.0,663.0,,LAO
,722219,,2023,3814.96,839.0,839.0,,LAO
,722300,,2023,111372.74,513.7,513.7,,LAO
,722540,,2023,41377.0,252.0,252.0,,LAO
,721990,,2023,330286.0,81481.617,81481.617,,LBN
,722012,,2023,17689.0,4549.415,4549.415,,LBN
,722090,,2023,53729.0,,0.0,,LBN
,722219,,2023,79590.0,14460.556,14460.556,,LBN
,722220,,2023,18064.0,2925.25,2925.25,,LBN
,722230,,2023,22461.0,3103.51,3103.51,,LBN
,722240,,2023,2384.0,325.751,325.751,,LBN
,722300,,2023,7945.0,971.02,971.02,,LBN
,722490,,2023,8080.0,3126.734,3126.734,,LBN
,722519,,2023,38008.0,23090.748,23090.748,,LBN
,722530,,2023,5768.0,6098.228,6098.228,,LBN
,722540,,2023,17399.0,9353.393,9353.393,,LBN
,722550,,2023,36076.0,30171.269,30171.269,,LBN
,722230,,2023,384.595,31.77,31.77,,MDG
,722240,,2023,336.526,60.0,60.0,,MDG
,722300,,2023,1091.346,10.0,20.0,,MDG
,721990,,2023,1777575.332,2213998.11,2213998.11,,MYS
,722011,,2023,2776243.805,724927.28,724927.28,,MYS
,722012,,2023,1850872.107,1112335.25,1112335.25,,MYS
,722020,,2023,111418196.55,66591703.7,66591703.7,,MYS
,722090,,2023,27916432.122,10174590.62,10174590.62,,MYS
,7221,,2023,141390.752,28828.05,28828.05,,MYS
,722211,,2023,227059.738,58100.9,58100.9,,MYS
,722219,,2023,213607.192,143614.38,143614.38,,MYS
,722220,,2023,8529329.202,2482733.18,2482733.18,,MYS
,722230,,2023,1411696.639,587589.73,587589.73,,MYS
,722240,,2023,4070929.253,1473750.08,1473750.08,,MYS
,722300,,2023,2889109.949,1157911.95,1157911.95,,MYS
,722410,,2023,9996.659,3365.81,3365.81,,MYS
,722490,,2023,3335.07,2692.67,2692.67,,MYS
,722511,,2023,4659552.704,1109876.0,1109876.0,,MYS
,722519,,2023,448819.763,358539.6,358539.6,,MYS
,722530,,2023,7515551.392,11299696.0,11299696.0,,MYS
,722540,,2023,4704933.559,5889580.0,5889580.0,,MYS
,722550,,2023,22819.029,15094.0,15094.0,,MYS
,722591,,2023,11139.047,2581.9,2581.9,,MYS
,722230,,2023,1947.111,9.0,9.0,,MLI
,722240,,2023,11517.604,132.0,132.0,,MLI
,722300,,2023,0.412,2.0,2.0,,MLI
,722240,,2023,124975.648,2203.0,2203.0,,MRT
,721990,,2023,3125.881,1034.0,413.0,,MUS
,722211,,2023,899.679,60.0,60.0,,MUS
,722219,,2023,1032.822,254.0,254.0,,MUS
,722220,,2023,1614.479,60.0,96.0,,MUS
,722230,,2023,400.952,81.0,81.0,,MUS
,722300,,2023,778.112,13.0,16.0,,MUS
,721990,,2023,149435.0,20210.0,20210.0,,MEX
,722012,,2023,204086.0,29401.0,29401.0,,MEX
,722020,,2023,13805234.0,4743959.0,4743959.0,,MEX
,722090,,2023,1132719.0,162155.0,162155.0,,MEX
,722211,,2023,336873.0,77873.0,77873.0,,MEX
,722219,,2023,182940.0,15450.0,15450.0,,MEX
,722220,,2023,9366226.0,1468483.0,1468483.0,,MEX
,722230,,2023,35471.0,5539.0,5539.0,,MEX
,722240,,2023,328847.0,18256.0,18256.0,,MEX
,722300,,2023,9791131.0,804818.0,804818.0,,MEX
,722490,,2023,20869572.0,33205376.0,33205376.0,,MEX
,722530,,2023,518312.0,404399.0,404399.0,,MEX
,722540,,2023,1644168.0,543059.0,543059.0,,MEX
,722550,,2023,588851.0,262276.0,262276.0,,MEX
,721990,,2023,1302.0,74.069,74.069,,MDA
,722230,,2023,102.0,40.0,40.0,,MDA
,722240,,2023,172.0,62.0,62.0,,MDA
,722300,,2023,862.0,108.0,108.0,,MDA
,722240,,2023,3979.628,23663.0,23663.0,,MNE
,722300,,2023,796.445,17.1,17.1,,MNE
,722410,,2023,125494.087,68569.0,68569.0,,MNE
,722540,,2023,156962.56,78616.0,78616.0,,MNE
,721990,,2023,493.514,225.0,225.0,,MAR
,722012,,2023,645.714,34.05,34.05,,MAR
,722020,,2023,17086.434,1241.77,1241.77,,MAR
,722090,,2023,23000.314,1161.2,1161.2,,MAR
,722211,,2023,3966.259,9.86,9.86,,MAR
,722219,,2023,47400.036,8046.0,8046.0,,MAR
,722220,,2023,850.818,365.0,365.0,,MAR
,722230,,2023,68498.391,29526.67,29526.67,,MAR
,722300,,2023,4117.979,886.59,886.59,,MAR
,722511,,2023,147979.748,66515.0,66515.0,,MAR
,722540,,2023,74472.531,31279.0,31279.0,,MAR
,722219,,2023,2000.0,700.0,700.0,,MOZ
,722490,,2023,1000.0,250.0,250.0,,MOZ
,722540,,2023,4000.0,900.0,900.0,,MOZ
,721990,,2023,391250.975,96521.687,96521.687,,OMN
,722011,,2023,26018.205,5790.573,5790.573,,OMN
,722020,,2023,119.636,23.647,23.647,,OMN
,722090,,2023,24858.257,,0.0,,OMN
,7221,,2023,4054.616,879.675,879.675,,OMN
,722211,,2023,221.066,35.376,35.376,,OMN
,722220,,2023,2970548.76,481045.042,481045.042,,OMN
,722230,,2023,119.636,16.53,16.53,,OMN
,722240,,2023,22756.827,3109.507,3109.507,,OMN
,722300,,2023,1489830.947,182083.745,182083.745,,OMN
,722490,,2023,78.023,30.193,30.193,,OMN
,722540,,2023,6208.062,3337.344,3337.344,,OMN
,722011,,2023,19.282,60.0,60.0,,NAM
,722090,,2023,28.13,11.48,11.48,,NAM
,7221,,2023,6538.07,599.0,599.0,,NAM
,722211,,2023,9337.072,304.8,304.8,,NAM
,722219,,2023,1060.514,1217.0,1217.0,,NAM
,722220,,2023,12019.454,566.5,566.5,,NAM
,722230,,2023,68760.087,3640.96,3640.96,,NAM
,722240,,2023,6344.215,7397.6,7397.6,,NAM
,722300,,2023,93909.942,80808.6,80808.6,,NAM
,721990,,2023,32351.339,4592.0,4592.0,,NZL
,722011,,2023,13046.896,3939.0,3939.0,,NZL
,722020,,2023,20146.357,1551.0,1551.0,,NZL
,722090,,2023,70563.526,11873.0,11873.0,,NZL
,7221,,2023,21749.739,7153.0,7153.0,,NZL
,722211,,2023,7022.701,5032.0,5032.0,,NZL
,722219,,2023,6904.796,779.0,779.0,,NZL
,722220,,2023,33662.415,4892.982,4892.982,,NZL
,722230,,2023,62599.43,25907.0,25907.0,,NZL
,722240,,2023,794446.388,50576.0,50576.0,,NZL
,722300,,2023,113471.024,17200.0,17200.0,,NZL
,722410,,2023,6.141,,0.0,,NZL
,722490,,2023,2797.167,277.0,277.0,,NZL
,722540,,2023,25974.658,413.0,413.0,,NZL
,722591,,2023,542.239,500.0,500.0,,NZL
,722012,,2023,3440.0,600.0,600.0,,NIC
,722220,,2023,5671.61,1803.0,1803.0,,NIC
,722230,,2023,5270.0,1774.89,1774.89,,NIC
,722240,,2023,20.0,5.0,5.0,,NIC
,722410,,2023,157669.221,58040.3,58040.3,,NGA
,721990,,2023,32116.691,16000.0,16000.0,,PAK
,722090,,2023,13414.77,8000.0,8000.0,,PAK
,722230,,2023,13436.011,17000.0,17000.0,,PAK
,722240,,2023,229.754,3000.0,3000.0,,PAK
,722519,,2023,29687.197,2000.0,2000.0,,PAK
,722550,,2023,67708.946,100000.0,100000.0,,PAK
,722090,,2023,12380.0,3095.0,3095.0,,PAN
,722230,,2023,195.036,,0.0,,PNG
,722300,,2023,380.0,29.0,29.0,,PRY
,721990,,2023,27789.64,12901.83,12901.83,,PER
,722011,,2023,4.26,4.8,4.8,,PER
,722020,,2023,8574.35,7753.25,7753.25,,PER
,722090,,2023,20715.51,1583.63,1583.63,,PER
,722211,,2023,8982.91,823.7,823.7,,PER
,722219,,2023,4628.66,386.72,386.72,,PER
,722220,,2023,62977.27,15818.47,15818.47,,PER
,722230,,2023,70293.6,20151.65,20151.65,,PER
,722240,,2023,29367.01,7595.56,7595.56,,PER
,722300,,2023,2094.13,112.7,112.7,,PER
,722540,,2023,2504196.84,1560028.2,1560028.2,,PER
,722550,,2023,2189.51,559.93,559.93,,PER
,721990,,2023,412066.0,122026.6,122026.6,,PHL
,722012,,2023,5402.0,128.31,128.31,,PHL
,722020,,2023,7562.0,48.32,48.32,,PHL
,722090,,2023,83715.0,5339.0,5339.0,,PHL
,7221,,2023,174.0,69.88,69.88,,PHL
,722211,,2023,2947.0,640.0,640.0,,PHL
,722220,,2023,2466.0,1594.1,1594.1,,PHL
,722230,,2023,92755.0,2647.92,2647.92,,PHL
,722240,,2023,130013.0,189668.0,189668.0,,PHL
,722300,,2023,7894208.0,17478.35,17478.35,,PHL
,722490,,2023,3511823.0,22102.08,22102.08,,PHL
,722511,,2023,281619.0,45464.4,45464.4,,PHL
,722519,,2023,239820.0,239934.98,239934.98,,PHL
,722530,,2023,1498.0,120.0,120.0,,PHL
,722591,,2023,26473.0,74524.7,74524.7,,PHL
,721990,,2023,21274.133,5464.427,5464.427,,SAU
,722020,,2023,10288.533,2176.965,2176.965,,SAU
,722090,,2023,18445.6,2125.808,2125.808,,SAU
,7221,,2023,99918.131,25103.055,25103.055,,SAU
,722211,,2023,41986.399,6927.533,6927.533,,SAU
,722219,,2023,873.067,161.818,161.818,,SAU
,722220,,2023,5134098.538,859057.208,859057.208,,SAU
,722230,,2023,32570.666,4525.247,4525.247,,SAU
,722240,,2023,352201.058,48436.477,48436.477,,SAU
,722300,,2023,4940324.143,658836.449,658836.449,,SAU
,722410,,2023,18282003.543,,0.0,,SAU
,722511,,2023,754118.381,233121.807,233121.807,,SAU
,722519,,2023,260718.927,170582.43,170582.43,,SAU
,722530,,2023,95959.731,108137.221,108137.221,,SAU
,722540,,2023,131481.597,71882.187,71882.187,,SAU
,722220,,2023,5065.393,82.0,82.0,,SEN
,722230,,2023,41889.577,176000.0,176000.0,,SEN
,722240,,2023,4663.095,36.0,36.0,,SEN
,722540,,2023,387747.085,147789.0,147789.0,,SEN
,721990,,2023,64980.0,11755.0,11755.0,,SRB
,722011,,2023,35005.0,12992.0,12992.0,,SRB
,722012,,2023,77391.0,38708.0,38708.0,,SRB
,722020,,2023,302769.0,68631.0,68631.0,,SRB
,722090,,2023,40048.0,2614.196,2614.196,,SRB
,722211,,2023,96759.0,11684.0,11684.0,,SRB
,722219,,2023,20996.0,664.475,664.475,,SRB
,722220,,2023,213959.0,39882.522,39882.522,,SRB
,722230,,2023,27026.0,3606.0,3606.0,,SRB
,722240,,2023,27771.0,2533.0,2533.0,,SRB
,722300,,2023,210480.0,34076.752,34076.752,,SRB
,722490,,2023,71741.0,19539.0,19539.0,,SRB
,722511,,2023,324616.0,72246.0,72246.0,,SRB
,722540,,2023,1255568.0,475620.0,475620.0,,SRB
,722550,,2023,2240.0,512.0,512.0,,SRB
,721990,,2023,72592557.168,29267923.425,29267923.425,,IND
,722011,,2023,22917672.756,6747500.097,6747500.097,,IND
,722012,,2023,3176964.348,1068030.828,1068030.828,,IND
,722020,,2023,150859382.404,34240707.625,34240707.625,,IND
,722090,,2023,2556726.785,785711.346,785711.346,,IND
,7221,,2023,122817584.319,46285928.046,46285928.046,,IND
,722211,,2023,161694680.727,39306424.218,39306424.218,,IND
,722219,,2023,77530337.286,25228569.254,25228569.254,,IND
,722220,,2023,533743403.0,179073377.578,179073377.578,,IND
,722230,,2023,207989589.561,67092181.008,67092181.008,,IND
,722240,,2023,178529059.116,53776718.0,53776718.0,,IND
,722300,,2023,403441437.295,115313743.315,115313743.315,,IND
,722410,,2023,7805667.119,3358814.0,3358814.0,,IND
,722490,,2023,27337569.403,24958005.704,24958005.704,,IND
,722511,,2023,23909739.661,6626900.0,6626900.0,,IND
,722519,,2023,23490567.469,23009378.0,23009378.0,,IND
,722530,,2023,35357062.039,58588262.0,58588262.0,,IND
,722540,,2023,14504912.672,16590523.0,16590523.0,,IND
,722550,,2023,14971835.263,24066121.0,24066121.0,,IND
,722591,,2023,15.666,11.632,11.632,,IND
,721990,,2023,4783540.103,1857007.909,1857007.909,,SGP
,722011,,2023,1822557.804,632317.117,632317.117,,SGP
,722012,,2023,2039976.452,224941.067,224941.067,,SGP
,722020,,2023,12594595.302,769865.487,769865.487,,SGP
,722090,,2023,7115680.821,1491930.0,1491930.0,,SGP
,7221,,2023,5170791.428,1141030.901,1141030.901,,SGP
,722211,,2023,9704981.163,,0.0,,SGP
,722219,,2023,786074.315,96170.0,96170.0,,SGP
,722220,,2023,10230211.625,1677526.78,1677526.78,,SGP
,722230,,2023,26172137.363,3791412.22,3791412.22,,SGP
,722240,,2023,4559553.432,1621692.88,1621692.88,,SGP
,722300,,2023,11953113.569,2510754.208,2510754.208,,SGP
,722410,,2023,32228.068,16398.447,16398.447,,SGP
,722490,,2023,351281.694,61920.022,61920.022,,SGP
,722511,,2023,13176762.29,5051160.0,5051160.0,,SGP
,722519,,2023,1217460.438,2093080.0,2093080.0,,SGP
,722530,,2023,3085789.648,,0.0,,SGP
,722540,,2023,37980257.016,19792910.0,19792910.0,,SGP
,722550,,2023,198185.156,33910.0,33910.0,,SGP
,722591,,2023,2959247.406,580590.0,580590.0,,SGP
,721990,,2023,5450149.306,1399913.278,1399913.278,,VNM
,722011,,2023,10807.2,2402.694,2402.694,,VNM
,722012,,2023,253152.47,66633.396,66633.396,,VNM
,722020,,2023,18914171.14,4002075.81,4002075.81,,VNM
,722090,,2023,1558659.496,179631.528,179631.528,,VNM
,7221,,2023,120619.12,30303.893,30303.893,,VNM
,722211,,2023,40700.401,6715.351,6715.351,,VNM
,722219,,2023,103336.937,19152.973,19152.973,,VNM
,722220,,2023,3035662.821,507938.835,507938.835,,VNM
,722230,,2023,3775341.043,524531.834,524531.834,,VNM
,722240,,2023,2782175.488,382618.892,382618.892,,VNM
,722300,,2023,47380049.866,6318553.785,6318553.785,,VNM
,722410,,2023,75623238.215,,0.0,,VNM
,722490,,2023,10474738.098,10758170.994,10758170.994,,VNM
,722511,,2023,1970904.44,609268.805,609268.805,,VNM
,722519,,2023,62312132.66,40769403.135,40769403.135,,VNM
,722530,,2023,11950567.02,13467118.883,13467118.883,,VNM
,722540,,2023,492669.512,269346.912,269346.912,,VNM
,722550,,2023,23283403.03,20949142.768,20949142.768,,VNM
,722591,,2023,535761.236,408348.337,408348.337,,VNM
,721990,,2023,893104.603,315487.88,315487.88,,ZAF
,722011,,2023,951715.155,414427.6,414427.6,,ZAF
,722012,,2023,1306249.759,768333.32,768333.32,,ZAF
,722020,,2023,18125301.639,7068266.32,7068266.32,,ZAF
,722090,,2023,1126297.777,669858.84,669858.84,,ZAF
,7221,,2023,346950.584,227616.51,227616.51,,ZAF
,722211,,2023,1126795.277,540712.89,540712.89,,ZAF
,722219,,2023,3670766.975,1159137.465,1159137.465,,ZAF
,722220,,2023,655870.507,253580.49,253580.49,,ZAF
,722230,,2023,2343896.676,1656876.52,1656876.52,,ZAF
,722240,,2023,1432821.905,740568.54,740568.54,,ZAF
,722300,,2023,1095114.233,630031.63,630031.63,,ZAF
,722410,,2023,537.283,250.0,250.0,,ZAF
,722490,,2023,255646.644,85020.55,85020.55,,ZAF
,722511,,2023,96591.838,375483.14,375483.14,,ZAF
,722519,,2023,90992.779,50653.29,50653.29,,ZAF
,722530,,2023,674123.761,544847.61,544847.61,,ZAF
,722540,,2023,1502721.359,470939.24,470939.24,,ZAF
,722550,,2023,231220.626,128788.67,128788.67,,ZAF
,722591,,2023,13366.923,2438.0,2438.0,,ZAF
,7221,,2023,1520.91,45.0,32000.0,,ZWE
,721990,,2023,3629418.0,873880.0,873880.0,,TUR
,722011,,2023,218280.0,104667.0,104667.0,,TUR
,722012,,2023,744168.0,364193.0,364193.0,,TUR
,722020,,2023,32206891.0,14324721.0,14324721.0,,TUR
,722090,,2023,6551934.0,537885.0,537885.0,,TUR
,7221,,2023,44348.0,4069.0,4069.0,,TUR
,722211,,2023,1140078.0,622252.0,622252.0,,TUR
,722219,,2023,1094347.0,769396.0,769396.0,,TUR
,722220,,2023,14423442.0,3784450.0,3784450.0,,TUR
,722230,,2023,2201140.0,266826.0,266826.0,,TUR
,722240,,2023,9727995.0,2602922.0,2602922.0,,TUR
,722300,,2023,5541356.0,825324.0,825324.0,,TUR
,722410,,2023,933672.0,860024.0,860024.0,,TUR
,722490,,2023,159532450.0,80574928.0,80574928.0,,TUR
,722511,,2023,34993623.0,9635785.0,9635785.0,,TUR
,722519,,2023,35269936.0,46394602.0,46394602.0,,TUR
,722530,,2023,12885561.0,14670068.0,14670068.0,,TUR
,722540,,2023,11835616.0,6386023.0,6386023.0,,TUR
,722550,,2023,19623612.0,23652012.0,23652012.0,,TUR
,722591,,2023,8173.0,8218.0,8218.0,,TUR
,721990,,2023,718.27,1000.0,1000.0,,UGA
,722090,,2023,4451.95,575.0,575.0,,UGA
,7221,,2023,4994.77,4960.0,4960.0,,UGA
,722219,,2023,3547.12,2087.0,2087.0,,UGA
,722220,,2023,36880.58,37850.0,37850.0,,UGA
,722230,,2023,16324.3,7850.0,7850.0,,UGA
,722240,,2023,18178.41,27560.0,27560.0,,UGA
,722300,,2023,26584.91,18929.0,18929.0,,UGA
,722540,,2023,104264.81,97230.0,97230.0,,UGA
,721990,,2023,35477.75,5346.56,5346.56,,UKR
,722012,,2023,540.08,107.0,107.0,,UKR
,722020,,2023,4176.54,348.08,348.08,,UKR
,722211,,2023,252973.28,89261.106,89261.106,,UKR
,722219,,2023,4469.14,1010.52,1010.52,,UKR
,722220,,2023,15275284.43,2875708.767,2875708.767,,UKR
,722230,,2023,363292.15,26258.533,26258.533,,UKR
,722240,,2023,5253.74,384.03,384.03,,UKR
,722300,,2023,82220.66,8371.029,8371.029,,UKR
,722410,,2023,13236.49,18660.0,18660.0,,UKR
,722490,,2023,30758055.21,51323554.78,51323554.78,,UKR
,722540,,2023,3097706.43,2832776.04,2832776.04,,UKR
,722550,,2023,1800.45,594.0,594.0,,UKR
,721990,,2023,6222.335,1580.0,1580.0,,MKD
,722020,,2023,186911.473,67722.0,67722.0,,MKD
,722090,,2023,8612.201,3631.0,3631.0,,MKD
,722211,,2023,5943.954,958.0,958.0,,MKD
,722219,,2023,444.232,76.0,76.0,,MKD
,722220,,2023,6031.703,1167.0,1167.0,,MKD
,722240,,2023,5918.013,1055.0,1055.0,,MKD
,722490,,2023,20391.607,910.0,910.0,,MKD
,722540,,2023,135747.754,151930.0,151930.0,,MKD
,721990,,2023,359479.14,92335.016,92335.016,,EGY
,722020,,2023,63196.49,13371.833,13371.833,,EGY
,722240,,2023,30897.5,4249.181,4249.181,,EGY
,722300,,2023,741214.55,98847.595,98847.595,,EGY
,722410,,2023,200.0,,0.0,,EGY
,721990,,2023,8373690.689,,0.0,,GBR
,722011,,2023,2101048.158,567942.0,567942.0,,GBR
,722012,,2023,1453457.355,,0.0,,GBR
,722020,,2023,16801045.655,2560063.599,2560063.599,,GBR
,722090,,2023,4008196.434,185978.736,185978.736,,GBR
,7221,,2023,59795519.215,,0.0,,GBR
,722211,,2023,76781669.652,7085801.761,7085801.761,,GBR
,722219,,2023,5895036.183,1186825.0,1186825.0,,GBR
,722220,,2023,61523571.12,,0.0,,GBR
,722230,,2023,20656512.373,1335592.713,1335592.713,,GBR
,722240,,2023,29939975.092,1716249.14,1716249.14,,GBR
,722300,,2023,23767502.98,2031626.099,2031626.099,,GBR
,722410,,2023,1524167.422,259436.0,259436.0,,GBR
,722490,,2023,37341682.962,,0.0,,GBR
,722511,,2023,112222.042,,0.0,,GBR
,722519,,2023,551706.068,172618.0,172618.0,,GBR
,722530,,2023,35629073.443,45383690.208,45383690.208,,GBR
,722540,,2023,9112281.44,3288920.095,3288920.095,,GBR
,722550,,2023,196858648.531,214371117.0,214371117.0,,GBR
,722591,,2023,78094.42,2122.0,2122.0,,GBR
,722011,,2023,35871.43,43653.0,43653.0,,TZA
,722090,,2023,16469.94,13060.0,13060.0,,TZA
,7221,,2023,138807.24,78057.0,78057.0,,TZA
,722219,,2023,64573.93,50967.6,50967.6,,TZA
,722230,,2023,37391.52,18994.0,18994.0,,TZA
,722240,,2023,81290.75,56426.0,56426.0,,TZA
,722300,,2023,78810.61,46139.0,46139.0,,TZA
,722519,,2023,4654.61,5000.0,5000.0,,TZA
,721990,,2023,48792888.0,9867834.0,9867834.0,,USA
,722011,,2023,17154423.0,3145253.0,3145253.0,,USA
,722012,,2023,28581955.0,7275380.0,7275380.0,,USA
,722020,,2023,476306919.0,45173252.0,45173252.0,,USA
,722090,,2023,61137337.0,6897991.0,6897991.0,,USA
,7221,,2023,22666701.0,3251062.0,3251062.0,,USA
,722211,,2023,85000777.0,7070141.0,7070141.0,,USA
,722219,,2023,41869869.0,4473302.0,4473302.0,,USA
,722220,,2023,290616763.0,19516481.251,19516481.251,,USA
,722230,,2023,97179946.0,5056726.0,5056726.0,,USA
,722240,,2023,34773588.0,3480101.0,3480101.0,,USA
,722300,,2023,189361126.0,8935216.0,8935216.0,,USA
,722410,,2023,97177345.0,20292434.0,20292434.0,,USA
,722490,,2023,44600035.0,13147507.0,13147507.0,,USA
,722511,,2023,167328910.0,35630126.0,35630126.0,,USA
,722519,,2023,5562519.0,3696559.0,3696559.0,,USA
,722530,,2023,209348315.0,178036119.0,178036119.0,,USA
,722540,,2023,427687461.0,207544038.0,207544038.0,,USA
,722550,,2023,189992737.0,143594444.0,143594444.0,,USA
,722591,,2023,105991710.0,129421034.0,129421034.0,,USA
,721990,,2023,5490.0,535.388,535.388,,URY
,722011,,2023,3507.0,520.161,520.161,,URY
,722020,,2023,568358.0,193818.0,193818.0,,URY
,722211,,2023,144.0,7.602,7.602,,URY
,722219,,2023,493.0,53.496,53.496,,URY
,722220,,2023,1076.0,420.351,420.351,,URY
,722240,,2023,38713.0,9042.35,9042.35,,URY
,721990,,2023,2276.0,500.0,500.0,,UZB
,722020,,2023,952.0,220.0,220.0,,UZB
,722211,,2023,361170.0,7000.0,7000.0,,UZB
,722230,,2023,912059.0,64180.0,64180.0,,UZB
,722240,,2023,31112.0,32330.0,32330.0,,UZB
,722300,,2023,320279.0,8090.0,8090.0,,UZB
,721990,,2023,122314.298,24325.44,24325.44,,ZMB
,722020,,2023,2272515.411,1027879.8,1027879.8,,ZMB
,722090,,2023,86307.93,83056.7,83056.7,,ZMB
,722211,,2023,17333.915,6188.83,6188.83,,ZMB
,722219,,2023,2379.828,2090.0,2090.0,,ZMB
,722220,,2023,20832.177,1200.12,1200.12,,ZMB
,722230,,2023,15146.471,6368.5,6368.5,,ZMB
,722240,,2023,178883.518,203610.21,203610.21,,ZMB
,722300,,2023,74764.944,14336.0,14336.0,,ZMB
,722519,,2023,1035.127,1500.0,1500.0,,ZMB
,722530,,2023,800.419,301.5,301.5,,ZMB
,722540,,2023,160760.293,117465.0,117465.0,,ZMB
,722550,,2023,16728.351,9420.0,9420.0,,ZMB
,721990,,2024,558223.888,188100.0,188100.0,,CAN
,722011,,2024,891904.93,96398.0,96398.0,,CAN
,722012,,2024,178196.181,34202.0,34202.0,,CAN
,722020,,2024,5979514.865,1693009.0,1693009.0,,CAN
,722090,,2024,596796.029,94489.0,94489.0,,CAN
,7221,,2024,881673.621,67729.0,67729.0,,CAN
,722211,,2024,3982982.652,398845.0,398845.0,,CAN
,722219,,2024,175114.444,16389.0,16389.0,,CAN
,722220,,2024,6345523.457,911799.0,911799.0,,CAN
,722230,,2024,621821.649,106367.0,106367.0,,CAN
,722240,,2024,2587841.213,681036.0,681036.0,,CAN
,722300,,2024,18798841.445,3095260.0,3095260.0,,CAN
,722410,,2024,4510635.347,2246428.225,2246428.225,,CAN
,722490,,2024,90861104.602,99768405.07,99768405.07,,CAN
,722511,,2024,80738.818,43467.0,43467.0,,CAN
,722519,,2024,1324798.986,1246515.0,1246515.0,,CAN
,722530,,2024,260766221.71,275590885.0,275590885.0,,CAN
,722540,,2024,94340637.724,63316988.0,63316988.0,,CAN
,722550,,2024,43671910.544,38558116.0,38558116.0,,CAN
,722591,,2024,925302.519,1105893.0,1105893.0,,CAN
,721990,,2024,2764.734,763.0,763.0,,LKA
,7221,,2024,794.247,60.0,60.0,,LKA
,722211,,2024,20.575,90.0,90.0,,LKA
,722219,,2024,4632.89,1062.0,1062.0,,LKA
,722220,,2024,5836.28,1600.0,1600.0,,LKA
,722230,,2024,840.02,184.0,184.0,,LKA
,722240,,2024,306.97,565.0,565.0,,LKA
,722300,,2024,2587.039,253.0,253.0,,LKA
,721990,,2024,9807.563,2800.528,2800.528,,DZA
,722230,,2024,1102.143,187.208,187.208,,DZA
,722090,,2024,406.08,15.0,15.0,,AGO
,722219,,2024,1508800.55,2228882.6,2228882.6,,AGO
,722220,,2024,68894.0,636000.0,636000.0,,AGO
,722230,,2024,101339.24,575000.0,575000.0,,AGO
,722240,,2024,7958.87,17219.0,17219.0,,AGO
,722300,,2024,668.62,2056.5,2056.5,,AGO
,722410,,2024,569800.0,3955.0,3955.0,,AGO
,722540,,2024,800.0,1000.0,1000.0,,AGO
,7221,,2024,1513.0,890.0,890.0,,AZE
,722300,,2024,442.22,9.14,9.14,,AZE
,721990,,2024,582684.736,197420.0,197420.0,,AUS
,722011,,2024,18632.56,7000.0,7000.0,,AUS
,722012,,2024,329622.43,36520.0,36520.0,,AUS
,722020,,2024,17847.927,540.0,540.0,,AUS
,722090,,2024,472756.26,19490.0,19490.0,,AUS
,7221,,2024,363688.307,52352.0,52352.0,,AUS
,722211,,2024,902829.539,300450.0,300450.0,,AUS
,722219,,2024,136122.946,22280.0,22280.0,,AUS
,722220,,2024,299865.766,52180.0,52180.0,,AUS
,722230,,2024,1056829.447,478255.0,478255.0,,AUS
,722240,,2024,589919.99,94950.0,94950.0,,AUS
,722300,,2024,837992.716,713787.431,713787.431,,AUS
,722410,,2024,39407.189,13700.0,13700.0,,AUS
,722490,,2024,54216.89,5574.0,5574.0,,AUS
,722519,,2024,4330.33,1000.0,1000.0,,AUS
,722530,,2024,4237585.33,3910640.0,3910640.0,,AUS
,722540,,2024,12506869.333,5207019.0,5207019.0,,AUS
,722550,,2024,267177.122,47650.0,47650.0,,AUS
,721990,,2024,4701.622,1515.75,1515.75,,BHR
,722090,,2024,4571.543,2968.12,2968.12,,BHR
,7221,,2024,10606.011,7656.0,7656.0,,BHR
,722211,,2024,808.803,626.57,626.57,,BHR
,722219,,2024,1704.548,3510.0,3510.0,,BHR
,722220,,2024,11357.367,6586.15,6586.15,,BHR
,722230,,2024,23759.787,2869.92,2869.92,,BHR
,722240,,2024,1477.181,1151.16,1151.16,,BHR
,722300,,2024,41301.33,4632.31,4632.31,,BHR
,722519,,2024,35385.346,1620.0,1620.0,,BHR
,722012,,2024,8.57,1.0,1.0,,ARM
,722090,,2024,1688.04,187.329,187.329,,ARM
,722219,,2024,446.31,37.0,37.0,,ARM
,722220,,2024,8344.2,50.0,50.0,,ARM
,722240,,2024,17267.41,4653.6,4653.6,,ARM
,722300,,2024,101.46,0.4,0.4,,ARM
,722540,,2024,214085.6,56520.0,56520.0,,ARM
,722230,,2024,200.0,1.0,1.0,,BOL
,721990,,2024,31182.272,8315.88,8315.88,,BIH
,722011,,2024,285.139,22.5,22.5,,BIH
,722012,,2024,1863.548,240.0,240.0,,BIH
,722020,,2024,25754.004,7229.6,7229.6,,BIH
,722090,,2024,13723.055,1796.12,1796.12,,BIH
,722211,,2024,403.577,51.0,51.0,,BIH
,722219,,2024,72541.613,3536.0,3536.0,,BIH
,722220,,2024,122583.399,21814.82,21814.82,,BIH
,722230,,2024,160427.64,11543.6,11543.6,,BIH
,722240,,2024,21993.74,7129.56,7129.56,,BIH
,722300,,2024,657.735,205.0,205.0,,BIH
,722410,,2024,117.916,5.14,5.14,,BIH
,722490,,2024,6815.013,1605.7,1605.7,,BIH
,722540,,2024,48647.932,25189.59,25189.59,,BIH
,721990,,2024,5729.0,120.664,120.664,,BRA
,722011,,2024,166337.0,9680.423,9680.423,,BRA
,722012,,2024,164917.0,8577.483,8577.483,,BRA
,722020,,2024,2162823.0,1208050.562,1208050.562,,BRA
,722090,,2024,369906.0,42879.118,42879.118,,BRA
,7221,,2024,273012.0,18069.026,18069.026,,BRA
,722211,,2024,6116348.0,776615.452,776616.452,,BRA
,722219,,2024,30539.0,2427.523,2386.523,,BRA
,722220,,2024,37024612.0,2815416.742,2815416.742,,BRA
,722230,,2024,60861.0,9303.682,9303.682,,BRA
,722240,,2024,205045.0,21828.628,21828.628,,BRA
,722300,,2024,7525809.0,539589.829,541110.829,,BRA
,722410,,2024,25166.0,405.0,405.0,,BRA
,722490,,2024,784130233.0,1078089258.094,1078089258.094,,BRA
,722511,,2024,10844976.0,8899324.0,8899324.0,,BRA
,722519,,2024,600298.0,,0.0,,BRA
,722530,,2024,10528784.0,16063809.0,16063809.0,,BRA
,722540,,2024,6339274.0,5717986.0,5717986.0,,BRA
,722550,,2024,13287353.0,11532916.34,11532916.34,,BRA
,722591,,2024,1205128.0,1165660.0,1165660.0,,BRA
,721990,,2024,21448.36,34298.6,34298.6,,BRN
,7221,,2024,43836.872,71632.0,71632.0,,BRN
,722219,,2024,2245.588,15000.0,15000.0,,BRN
,722230,,2024,4116.911,700.0,700.0,,BRN
,722300,,2024,22706.413,700.0,700.0,,BRN
,722519,,2024,6772.671,,0.0,,BRN
,722090,,2024,552.14,421.0,421.0,,KHM
,722220,,2024,12657.34,2302.6,2302.6,,KHM
,721990,,2024,178011.33,17946.0,17946.0,,CHL
,722090,,2024,750.0,28.7,28.7,,CHL
,7221,,2024,528.97,0.775,0.775,,CHL
,722211,,2024,24112.389,5701.0,5701.0,,CHL
,722219,,2024,5145.7,1423.79,1423.79,,CHL
,722220,,2024,46619.92,22266.89,22266.89,,CHL
,722230,,2024,4445.496,13160.0,13160.0,,CHL
,722240,,2024,33618.41,7596.08,7596.08,,CHL
,722300,,2024,111109.945,21026.66,21026.66,,CHL
,722490,,2024,166770.02,3633.5,3633.5,,CHL
,722530,,2024,21286.13,8530.0,8530.0,,CHL
,722540,,2024,2427554.31,1005835.78,1005835.78,,CHL
,722550,,2024,472.5,167.15,167.15,,CHL
,721990,,2024,142552227.0,96395198.429,96395198.429,,CHN
,722011,,2024,15806036.0,8140165.725,8140165.725,,CHN
,722012,,2024,13608450.0,12097351.249,12097351.249,,CHN
,722020,,2024,440303066.0,305421679.007,305421679.007,,CHN
,722090,,2024,61952332.0,26311544.124,26311544.124,,CHN
,7221,,2024,233149740.0,117760644.0,117760644.0,,CHN
,722211,,2024,107850279.0,41486790.857,41486790.857,,CHN
,722219,,2024,31435598.0,12633506.022,12633506.022,,CHN
,722220,,2024,113406358.0,51799905.654,51799905.654,,CHN
,722230,,2024,39926110.0,14117934.0,14117934.0,,CHN
,722240,,2024,84754864.0,40176044.0,40176044.0,,CHN
,722300,,2024,263254496.0,91287078.898,91287078.898,,CHN
,722410,,2024,11517384.0,5341965.0,5341965.0,,CHN
,722490,,2024,100009076.0,172693490.0,172693490.0,,CHN
,722511,,2024,1156574697.0,606713881.0,606713881.0,,CHN
,722519,,2024,579141965.0,708622682.0,708622682.0,,CHN
,722530,,2024,701030662.0,,0.0,,CHN
,722540,,2024,581429999.0,632202234.867,632202234.867,,CHN
,722550,,2024,295362005.0,452714155.982,452714155.982,,CHN
,722591,,2024,36620470.0,42707691.0,42707691.0,,CHN
,721990,,2024,80.0,13.5,13.5,,COL
,722011,,2024,590.12,61.25,61.25,,COL
,722012,,2024,69595.32,8774.58,8774.58,,COL
,722020,,2024,16963.44,2205.82,2205.82,,COL
,722090,,2024,16073.9,5567.71,5567.71,,COL
,722211,,2024,21506.09,12103.42,12103.42,,COL
,722219,,2024,1270.0,473.2,473.2,,COL
,722220,,2024,76683.8,16170.78,16170.78,,COL
,722230,,2024,1031.45,510.0,510.0,,COL
,722240,,2024,53928.91,17672.47,17672.47,,COL
,722300,,2024,24451.67,3269.367,3269.367,,COL
,722490,,2024,42930.81,11992.0,11992.0,,COL
,722511,,2024,37133.62,7654.0,7654.0,,COL
,722519,,2024,3173.52,432.0,432.0,,COL
,722540,,2024,2605676.25,1189507.02,1189507.02,,COL
,722550,,2024,5205477.79,6436514.58,6436514.58,,COL
,721990,,2024,372542.2,78450.387,78450.387,,CRI
,722012,,2024,16659.8,5377.99,5377.99,,CRI
,722020,,2024,1755.6,126.81,126.81,,CRI
,722090,,2024,10638.88,2555.3,2555.3,,CRI
,722211,,2024,143467.28,39815.94,39815.94,,CRI
,722219,,2024,80844.45,19444.617,19444.617,,CRI
,722220,,2024,25906.99,7779.34,7779.34,,CRI
,722230,,2024,88483.22,13083.4,13083.4,,CRI
,722240,,2024,212777.46,135100.337,135100.337,,CRI
,722300,,2024,3501196.283,14047.413,14047.413,,CRI
,722540,,2024,89198.66,19116.8,19116.8,,CRI
,721990,,2024,611345.341,529500.0,529500.0,,BEN
,722540,,2024,63280.437,20783.0,20783.0,,BEN
,722012,,2024,280.0,34.0,34.0,,DOM
,722219,,2024,1365.74,1005.52,538.417,,DOM
,722230,,2024,850.938,283.182,247.728,,DOM
,722240,,2024,11772.537,14241.5,14241.5,,DOM
,722300,,2024,62314.415,36146.0,37136.0,,DOM
,722012,,2024,300.0,122.0,100.0,,ECU
,722020,,2024,19.48,0.455,0.59,,ECU
,722090,,2024,491.3,240.36,3001.03,,ECU
,722240,,2024,11948.82,2942.0,2934.0,,ECU
,722300,,2024,37289.77,10611.382,10798.12,,ECU
,722511,,2024,2297.27,11169.8,12184.8,,ECU
,721990,,2024,2180.5,16.5,16.5,,SLV
,722090,,2024,15877.8,1292.79,1292.79,,SLV
,722211,,2024,15425.0,3674.0,3674.0,,SLV
,722300,,2024,55.5,1.0,1.0,,SLV
,722550,,2024,4282477.33,2524973.74,2524973.74,,SLV
,722220,,2024,223.04,35.0,35.0,,GEO
,722240,,2024,1206.3,155.0,155.0,,GEO
,722540,,2024,214525.621,82390.0,82390.0,,GEO
,722550,,2024,104.9,7.74,7.74,,GEO
,721990,,2024,21208.0,7729.0,7729.0,,GTM
,722011,,2024,14265.0,2836.0,2836.0,,GTM
,722012,,2024,4811.0,920.0,920.0,,GTM
,722020,,2024,8167.0,2805.0,2805.0,,GTM
,722090,,2024,20143.0,3239.0,3239.0,,GTM
,722211,,2024,27436.0,1029.0,1029.0,,GTM
,722219,,2024,13984.0,2698.0,2698.0,,GTM
,722220,,2024,41098.0,4298.0,4298.0,,GTM
,722230,,2024,127216.0,25747.0,25747.0,,GTM
,722240,,2024,86461.0,33355.0,33355.0,,GTM
,722300,,2024,104279.0,32080.0,32080.0,,GTM
,722490,,2024,82179.0,13284.0,13284.0,,GTM
,722540,,2024,188111.0,35446.0,35446.0,,GTM
,722550,,2024,6158.0,59.0,59.0,,GTM
,722090,,2024,3848.27,495.46,495.46,,HND
,722219,,2024,3445.44,495.46,495.46,,HND
,722230,,2024,42631.66,862.08,862.08,,HND
,722300,,2024,12.0,0.47,0.47,,HND
,721990,,2024,687369.87,154483.0,154483.0,,HKG
,722011,,2024,19993.635,2429.0,2429.0,,HKG
,722012,,2024,20798.624,1132.0,1132.0,,HKG
,722020,,2024,19861808.489,5578469.0,5578469.0,,HKG
,722090,,2024,5503901.144,555123.0,555123.0,,HKG
,7221,,2024,4516491.94,1247990.0,1247990.0,,HKG
,722211,,2024,4544107.598,569313.0,569313.0,,HKG
,722219,,2024,244427.435,53525.0,53525.0,,HKG
,722220,,2024,5129939.551,559064.0,559064.0,,HKG
,722230,,2024,649811.149,107213.0,107213.0,,HKG
,722240,,2024,1957262.036,264070.0,264070.0,,HKG
,722300,,2024,16811265.564,1077040.0,1077040.0,,HKG
,722519,,2024,9981055.366,6189050.0,6189050.0,,HKG
,722540,,2024,56722.251,34753.0,34753.0,,HKG
,722550,,2024,7870418.965,6601800.0,6601800.0,,HKG
,721990,,2024,297373.167,8758.24,8758.24,,IDN
,722011,,2024,7827.234,26166.0,26166.0,,IDN
,722012,,2024,11955153.449,6724609.296,6724609.296,,IDN
,722020,,2024,3008866.53,722528.685,722528.685,,IDN
,722090,,2024,4067865.044,1433366.497,1433366.497,,IDN
,7221,,2024,136783.034,15318.232,15318.232,,IDN
,722211,,2024,13285.807,7139.009,7139.009,,IDN
,722219,,2024,176545.223,55649.555,55649.555,,IDN
,722220,,2024,99693.84,20635.0,20635.0,,IDN
,722230,,2024,116043.229,,0.0,,IDN
,722240,,2024,238867.42,126173.828,126173.828,,IDN
,722300,,2024,19467241.642,6096179.003,6096179.003,,IDN
,722410,,2024,198.068,18.0,18.0,,IDN
,722490,,2024,113839.901,7339.2,7339.2,,IDN
,722511,,2024,91360.654,,0.0,,IDN
,722519,,2024,31.0,47.343,47.343,,IDN
,722530,,2024,46144.4,49053.5,49053.5,,IDN
,722540,,2024,2052562.719,1026393.2,1026393.2,,IDN
,722550,,2024,22565.803,34874.36,34874.36,,IDN
,722591,,2024,7206.159,6684.96,6684.96,,IDN
,721990,,2024,11000.0,898.0,898.0,,ISR
,722012,,2024,9000.0,,0.0,,ISR
,722020,,2024,13000.0,3026.659,3026.659,,ISR
,722090,,2024,27000.0,3113.632,3113.632,,ISR
,7221,,2024,18000.0,5152.165,5152.165,,ISR
,722211,,2024,1592000.0,96242.0,96242.0,,ISR
,722219,,2024,1000.0,211.225,211.225,,ISR
,722220,,2024,448000.0,28046.0,28046.0,,ISR
,722230,,2024,1161000.0,72256.0,72256.0,,ISR
,722300,,2024,197000.0,31320.027,31320.027,,ISR
,722490,,2024,9000.0,4137.628,4137.628,,ISR
,722519,,2024,1000.0,791.617,791.617,,ISR
,722540,,2024,50000.0,29209.957,29209.957,,ISR
,722591,,2024,156000.0,127085.33,127085.33,,ISR
,722220,,2024,122740.372,283038.0,283038.0,,CIV
,722230,,2024,254605.913,759260.0,759260.0,,CIV
,722300,,2024,8.657,1.0,1.0,,CIV
,722410,,2024,420.644,65.0,65.0,,CIV
,722020,,2024,182.0,28.46,28.46,,JAM
,721990,,2024,37172195.551,5910929.0,5910929.0,,JPN
,722011,,2024,5935402.746,1197835.0,1197835.0,,JPN
,722012,,2024,2390479.129,294526.0,294526.0,,JPN
,722020,,2024,365367351.152,46825026.457,46825026.457,,JPN
,722090,,2024,61040743.633,6150945.0,6150945.0,,JPN
,7221,,2024,208500791.368,53937379.0,53937379.0,,JPN
,722211,,2024,42828454.275,6720423.0,6720423.0,,JPN
,722219,,2024,12570426.176,,0.0,,JPN
,722220,,2024,184674002.909,34880093.0,34880093.0,,JPN
,722230,,2024,8150235.125,1439621.0,1439621.0,,JPN
,722240,,2024,14693679.391,3802093.0,3802093.0,,JPN
,722300,,2024,133842307.912,11620794.0,11620794.0,,JPN
,722410,,2024,2685604.25,1082045.0,1082045.0,,JPN
,722490,,2024,168457705.948,325311245.0,325311245.0,,JPN
,722511,,2024,960839297.344,385569369.0,385569369.0,,JPN
,722519,,2024,265834382.415,,0.0,,JPN
,722530,,2024,1084866911.221,1533823783.0,1533823783.0,,JPN
,722540,,2024,371961169.905,272316751.0,272316751.0,,JPN
,722550,,2024,1302837498.206,1564416105.0,1564416105.0,,JPN
,722591,,2024,264080517.876,245082861.0,245082861.0,,JPN
,721990,,2024,939.98,70.25,70.25,,KAZ
,722011,,2024,45.0,3.2,3.2,,KAZ
,722012,,2024,8561.73,328.3,328.3,,KAZ
,722020,,2024,7276.49,222.84,222.84,,KAZ
,722090,,2024,111.24,2.51,2.51,,KAZ
,722211,,2024,43817.53,3781.44,3781.44,,KAZ
,722219,,2024,504.48,14.27,14.27,,KAZ
,722220,,2024,38647.45,2099.7,2099.7,,KAZ
,722230,,2024,25887.38,1028.89,1028.89,,KAZ
,722240,,2024,82919.97,66652.79,66652.79,,KAZ
,722300,,2024,6259794.34,203087.13,203087.13,,KAZ
,722490,,2024,6108729.09,14719880.0,14719880.0,,KAZ
,722519,,2024,732.78,34.44,34.44,,KAZ
,722530,,2024,901630.84,2280060.0,2280060.0,,KAZ
,722540,,2024,6048187.26,6040509.73,6040509.73,,KAZ
,722550,,2024,3826021.04,5000290.0,5000290.0,,KAZ
,721990,,2024,34095.775,1515.0,1515.0,,JOR
,722230,,2024,28959.155,3190.0,3190.0,,JOR
,722240,,2024,93163.295,89410.0,89410.0,,JOR
,722300,,2024,860754.11,88007.1,88007.1,,JOR
,722410,,2024,86040.648,113000.0,113000.0,,JOR
,722540,,2024,39636.324,10652.0,10652.0,,JOR
,721990,,2024,4835.489,1189.0,1189.0,,KEN
,722011,,2024,89.448,180.0,180.0,,KEN
,722090,,2024,62789.169,72578.4,72578.4,,KEN
,7221,,2024,1009.841,848.0,848.0,,KEN
,722211,,2024,76.403,6.0,6.0,,KEN
,722220,,2024,29595.607,,0.0,,KEN
,722230,,2024,64209.688,48557.0,48557.0,,KEN
,722240,,2024,10988.94,3550.0,3550.0,,KEN
,722300,,2024,14249.252,6030.0,6030.0,,KEN
,722530,,2024,322474.222,426220.0,426220.0,,KEN
,722540,,2024,11708.883,10338.0,10338.0,,KEN
,721990,,2024,42860783.0,18014282.05,18014282.05,,KOR
,722011,,2024,677508.0,249189.624,249189.624,,KOR
,722012,,2024,5783985.0,2477524.16,2477524.16,,KOR
,722020,,2024,192688647.0,53611775.327,53611775.327,,KOR
,722090,,2024,46899238.0,,0.0,,KOR
,7221,,2024,82483970.0,31317245.84,31317245.84,,KOR
,722211,,2024,40707235.0,9976344.983,9976344.983,,KOR
,722219,,2024,5779323.0,948585.346,948585.346,,KOR
,722220,,2024,16182979.0,2889749.61,2889749.61,,KOR
,722230,,2024,2598577.0,452039.863,452039.863,,KOR
,722240,,2024,933536.0,316868.19,316868.19,,KOR
,722300,,2024,209130752.0,32893075.69,32893075.69,,KOR
,722410,,2024,206682.0,169036.18,169036.18,,KOR
,722490,,2024,3468762.0,6032496.5,6032496.5,,KOR
,722511,,2024,196241128.0,87189416.0,87189416.0,,KOR
,722519,,2024,501675975.0,513328091.0,513328091.0,,KOR
,722530,,2024,355159186.0,530911254.0,530911254.0,,KOR
,722540,,2024,69974038.0,25096933.674,25096933.674,,KOR
,722550,,2024,532220889.0,610403380.0,610403380.0,,KOR
,722591,,2024,138866741.0,134418950.0,134418950.0,,KOR
,721990,,2024,5855.0,1671.882,1671.882,,KWT
,722020,,2024,247.0,57.517,57.517,,KWT
,7221,,2024,23400.0,6717.608,6717.608,,KWT
,722211,,2024,2773.0,556.109,556.109,,KWT
,722219,,2024,176.0,37.166,37.166,,KWT
,722220,,2024,423.0,85.515,85.515,,KWT
,722230,,2024,79346.0,13477.557,13477.557,,KWT
,722240,,2024,298763.0,51649.616,51649.616,,KWT
,722300,,2024,32335.0,5160.991,5160.991,,KWT
,722410,,2024,12685.0,5608.459,5608.459,,KWT
,722490,,2024,8450.0,3680.088,3680.088,,KWT
,722540,,2024,326.0,191.963,191.963,,KWT
,722591,,2024,154.0,125.325,125.325,,KWT
,722240,,2024,4710.0,9420.0,9420.0,,KGZ
,722300,,2024,1377.0,31.0,31.0,,KGZ
,721990,,2024,60949.0,17369.323,17369.323,,LBN
,722012,,2024,38480.0,,0.0,,LBN
,722020,,2024,53786.0,12522.451,12522.451,,LBN
,722090,,2024,2925.0,337.31,337.31,,LBN
,722211,,2024,43346.0,8696.792,8696.792,,LBN
,722220,,2024,379942.0,76716.682,76716.682,,LBN
,722230,,2024,51616.0,8729.257,8729.257,,LBN
,722240,,2024,150.0,26.223,26.223,,LBN
,722300,,2024,1729.0,274.885,274.885,,LBN
,722410,,2024,55024.0,,0.0,,LBN
,722490,,2024,18735.0,8613.163,8613.163,,LBN
,722519,,2024,225288.0,178341.865,178341.865,,LBN
,722540,,2024,3359.0,1962.325,1962.325,,LBN
,722550,,2024,6669.0,6296.366,6296.366,,LBN
,721990,,2024,2720490.074,1727943.25,1727943.25,,MYS
,722011,,2024,483278.223,172981.25,172981.25,,MYS
,722012,,2024,2442333.4,900276.125,900276.125,,MYS
,722020,,2024,97547467.198,65635596.047,65635596.047,,MYS
,722090,,2024,19177795.575,5849587.132,5849587.132,,MYS
,7221,,2024,159678.028,166602.44,166602.44,,MYS
,722211,,2024,193072.194,43285.94,43285.94,,MYS
,722219,,2024,243595.441,75264.514,75264.514,,MYS
,722220,,2024,27192685.103,,0.0,,MYS
,722230,,2024,1939546.949,644657.685,644657.685,,MYS
,722240,,2024,3020145.831,1486063.22,1486063.22,,MYS
,722300,,2024,1756994.75,679464.209,679464.209,,MYS
,722410,,2024,7233.808,1384.2,1384.2,,MYS
,722490,,2024,8202.904,2108.9,2108.9,,MYS
,722511,,2024,3108298.643,1314152.0,1314152.0,,MYS
,722519,,2024,143437.851,55163.0,55163.0,,MYS
,722530,,2024,12809668.319,20519282.0,20519282.0,,MYS
,722540,,2024,5807210.753,7709726.4,7709726.4,,MYS
,722550,,2024,16928.487,14549.0,14549.0,,MYS
,722591,,2024,20158.517,4791.23,4791.23,,MYS
,721990,,2024,5311.497,3120.0,3120.0,,MUS
,722211,,2024,614.944,75.0,75.0,,MUS
,722219,,2024,4027.177,1621.0,1621.0,,MUS
,722230,,2024,309.129,4.0,83.0,,MUS
,722300,,2024,6455.743,23.0,117.0,,MUS
,721990,,2024,242700.0,42903.0,42903.0,,MEX
,722011,,2024,16117.0,1164.0,1164.0,,MEX
,722012,,2024,359720.0,67885.0,67885.0,,MEX
,722020,,2024,14753765.0,4935283.0,4935283.0,,MEX
,722090,,2024,1080046.0,131340.0,131340.0,,MEX
,722211,,2024,229446.0,42668.0,42668.0,,MEX
,722219,,2024,158141.0,23566.0,23566.0,,MEX
,722220,,2024,10317969.0,1148250.0,1148250.0,,MEX
,722230,,2024,2214345.0,417048.0,417048.0,,MEX
,722240,,2024,104415.0,8424.0,8424.0,,MEX
,722300,,2024,9083665.0,810974.0,810974.0,,MEX
,722490,,2024,209455689.0,292008037.0,292008037.0,,MEX
,722530,,2024,309496.0,252299.0,252299.0,,MEX
,722540,,2024,572530.0,294123.0,294123.0,,MEX
,721990,,2024,19.0,3.0,3.0,,MDA
,722220,,2024,2393.0,1387.0,1387.0,,MDA
,722240,,2024,144.0,83.0,83.0,,MDA
,722300,,2024,776.0,317.0,317.0,,MDA
,722490,,2024,2922.0,760.0,760.0,,MDA
,721990,,2024,216.364,0.8,0.8,,MNE
,722211,,2024,108.182,50.0,50.0,,MNE
,722410,,2024,50284.332,33844.0,33844.0,,MNE
,722540,,2024,141872.153,63174.0,63174.0,,MNE
,722012,,2024,2730.136,175.0,175.0,,MAR
,722020,,2024,14451.601,1680.62,1680.62,,MAR
,722090,,2024,5417.828,958.39,958.39,,MAR
,722211,,2024,1358.631,45.08,45.08,,MAR
,722220,,2024,126436.78,1944.2,1944.2,,MAR
,722230,,2024,45598.595,17453.85,17453.85,,MAR
,722240,,2024,192893.133,64915.0,64915.0,,MAR
,722300,,2024,4086.132,5741.86,5741.86,,MAR
,722410,,2024,885.102,2000.0,2000.0,,MAR
,722490,,2024,2014.21,0.8,0.8,,MAR
,722511,,2024,195405.917,89408.0,89408.0,,MAR
,722540,,2024,16.696,320.0,320.0,,MAR
,722230,,2024,2033.0,1.0,1.0,,MOZ
,722240,,2024,67710.4,37015.0,37015.0,,MOZ
,722530,,2024,25843.3,,0.0,,MOZ
,721990,,2024,9752.926,1170.0,1170.0,,OMN
,722012,,2024,780.234,1648.0,1648.0,,OMN
,722020,,2024,1022.107,37.0,37.0,,OMN
,722090,,2024,12098.83,1409.0,1409.0,,OMN
,7221,,2024,574.772,515.0,515.0,,OMN
,722211,,2024,4834.85,1142.0,1142.0,,OMN
,722219,,2024,260.078,55.0,55.0,,OMN
,722220,,2024,5485888.158,6860624.0,6860624.0,,OMN
,722240,,2024,1130551.364,1578884.0,1578884.0,,OMN
,722300,,2024,2069880.361,5418106.0,5418106.0,,OMN
,722490,,2024,499.35,302.0,302.0,,OMN
,722540,,2024,2058317.292,232065.0,232065.0,,OMN
,722011,,2024,1139.482,13.0,13.0,,NAM
,722090,,2024,3511.022,176.0,176.0,,NAM
,7221,,2024,9129.402,5587.5,5587.5,,NAM
,722211,,2024,1378.759,189.42,189.42,,NAM
,722220,,2024,391.521,202.0,202.0,,NAM
,722230,,2024,2276.928,2108.7,2108.7,,NAM
,722240,,2024,12964.53,20056.03,20056.03,,NAM
,722300,,2024,104520.296,40099.31,40099.31,,NAM
,722530,,2024,341.075,3016.0,3016.0,,NAM
,721990,,2024,106121.233,58112.0,58112.0,,NZL
,722011,,2024,10321.923,3082.0,3082.0,,NZL
,722012,,2024,11002.184,5464.0,5464.0,,NZL
,722020,,2024,272.346,1.5,1.5,,NZL
,722090,,2024,34818.561,7772.0,7772.0,,NZL
,7221,,2024,157530.523,125892.0,125892.0,,NZL
,722211,,2024,4234.077,998.0,998.0,,NZL
,722219,,2024,35546.029,6924.0,6924.0,,NZL
,722220,,2024,11761.727,1053.0,1053.0,,NZL
,722230,,2024,117219.041,71657.0,71657.0,,NZL
,722240,,2024,216383.34,71258.0,71258.0,,NZL
,722300,,2024,135342.776,10314.136,10314.136,,NZL
,722410,,2024,13769.222,186.0,186.0,,NZL
,722490,,2024,272.346,2.0,2.0,,NZL
,722511,,2024,67121.249,88425.0,88425.0,,NZL
,722540,,2024,11114.753,2386.0,2386.0,,NZL
,722591,,2024,24545.055,12859.0,12859.0,,NZL
,722211,,2024,1620.0,161.1,161.1,,NIC
,722220,,2024,27857.5,10285.2,10285.2,,NIC
,722230,,2024,5037.0,531.7,531.7,,NIC
,722300,,2024,300.0,45.0,45.0,,NIC
,722540,,2024,6880.0,1743.6,1743.6,,NIC
,722490,,2024,164.442,300.0,300.0,,NER
,7221,,2024,44317.374,104000.0,104000.0,,NGA
,721990,,2024,333.101,2000.0,2000.0,,PAK
,722020,,2024,289.002,1000.0,1000.0,,PAK
,722090,,2024,2999.145,1000.0,1000.0,,PAK
,722219,,2024,15216.607,2000.0,2000.0,,PAK
,722220,,2024,51.68,1000.0,1000.0,,PAK
,722230,,2024,1870.763,2000.0,2000.0,,PAK
,722240,,2024,3480.344,3000.0,3000.0,,PAK
,722300,,2024,11667.564,11000.0,11000.0,,PAK
,722410,,2024,594843.678,78000.0,78000.0,,PAK
,722490,,2024,171.427,2000.0,2000.0,,PAK
,721990,,2024,16720.0,1050.0,1050.0,,PAN
,722020,,2024,162.0,33.0,33.0,,PAN
,722219,,2024,93650.0,113199.0,113199.0,,PAN
,722220,,2024,12018.0,2363.0,2363.0,,PAN
,722230,,2024,535.0,6119.0,6119.0,,PAN
,722540,,2024,124816.0,77448.0,77448.0,,PAN
,722220,,2024,4544.52,2452.08,2452.08,,PRY
,722240,,2024,1954.2,1002.9,1002.9,,PRY
,721990,,2024,7950.291,,0.0,,PER
,722011,,2024,10763.74,6462.287,6462.287,,PER
,722012,,2024,117.13,103.17,103.17,,PER
,722020,,2024,918.99,576.35,576.35,,PER
,722090,,2024,23763.2,16417.41,16417.41,,PER
,722211,,2024,32112.521,15918.15,15918.15,,PER
,722220,,2024,5836.109,5937.084,5937.084,,PER
,722230,,2024,29536.97,5240.813,5240.813,,PER
,722240,,2024,100862.778,82804.788,82804.788,,PER
,722300,,2024,22871.464,2290.43,2290.43,,PER
,722490,,2024,1818.771,1185.94,1185.94,,PER
,722540,,2024,2300703.421,1576888.21,1576888.21,,PER
,721990,,2024,52857.0,18065.0,18065.0,,PHL
,722011,,2024,4881.0,9240.0,9240.0,,PHL
,722012,,2024,4935.0,1685.1,1685.1,,PHL
,722090,,2024,1251707.0,20437.0,20437.0,,PHL
,7221,,2024,1763.0,1519.0,1519.0,,PHL
,722211,,2024,4349.0,410.0,410.0,,PHL
,722219,,2024,16615.0,148.15,148.15,,PHL
,722220,,2024,10770.0,938.44,938.44,,PHL
,722230,,2024,68025.0,14677.24,14677.24,,PHL
,722240,,2024,171702.0,241681.8,241681.8,,PHL
,722300,,2024,10157296.0,19351.92,19351.92,,PHL
,722490,,2024,3904534.0,10193.53,10193.53,,PHL
,722519,,2024,202661.0,67977.01,67977.01,,PHL
,722540,,2024,24557.0,4355.04,4355.04,,PHL
,722550,,2024,17688.0,,0.0,,PHL
,722591,,2024,36915.0,122685.0,122685.0,,PHL
,721990,,2024,151414.13,46711.0,46711.0,,SAU
,722011,,2024,825.867,18.0,18.0,,SAU
,722020,,2024,57863.999,48220.0,48220.0,,SAU
,722090,,2024,24884.533,17179.0,17179.0,,SAU
,7221,,2024,3000.0,750.0,750.0,,SAU
,722211,,2024,50375.465,5510.0,5510.0,,SAU
,722220,,2024,2696546.066,1166375.0,1166375.0,,SAU
,722230,,2024,17446.4,1001.0,1001.0,,SAU
,722240,,2024,1688693.291,1367948.0,1367948.0,,SAU
,722300,,2024,1120768.505,1234093.0,1234093.0,,SAU
,722410,,2024,2147272.48,1143002.0,1143002.0,,SAU
,722490,,2024,2624.0,2500.0,2500.0,,SAU
,722519,,2024,244363.194,297149.0,297149.0,,SAU
,722530,,2024,112500.264,157860.0,157860.0,,SAU
,722540,,2024,161404.796,95716.0,95716.0,,SAU
,722020,,2024,4514.685,745.0,745.0,,SEN
,722090,,2024,411.104,20.0,20.0,,SEN
,722219,,2024,63611.052,128943.0,128943.0,,SEN
,722240,,2024,1798.247,107.0,107.0,,SEN
,722540,,2024,250734.668,82561.0,82561.0,,SEN
,721990,,2024,147682.0,23421.0,23421.0,,SRB
,722011,,2024,28267.0,13066.0,13066.0,,SRB
,722012,,2024,89151.0,44719.0,44719.0,,SRB
,722020,,2024,143000.0,32786.0,32786.0,,SRB
,722090,,2024,93867.0,2227.0,2227.0,,SRB
,7221,,2024,1195.0,4.0,4.0,,SRB
,722211,,2024,80816.0,2971.0,2971.0,,SRB
,722219,,2024,4360.0,1016.0,1016.0,,SRB
,722220,,2024,160642.0,29509.041,29509.041,,SRB
,722230,,2024,21994.0,1730.0,1730.0,,SRB
,722240,,2024,81838.0,8467.246,8467.246,,SRB
,722300,,2024,121327.0,24322.403,24322.403,,SRB
,722410,,2024,1159.0,9.0,9.0,,SRB
,722490,,2024,267846.0,30023.0,30023.0,,SRB
,722511,,2024,61719.0,21001.0,21001.0,,SRB
,722540,,2024,2090022.0,941769.0,941769.0,,SRB
,722550,,2024,19254.0,7628.0,7628.0,,SRB
,721990,,2024,46826241.236,19866070.949,19866070.949,,IND
,722011,,2024,19846557.94,6883161.722,6883161.722,,IND
,722012,,2024,3566475.611,1212741.4,1212741.4,,IND
,722020,,2024,145793883.51,37006195.073,37006195.073,,IND
,722090,,2024,1977721.431,385282.08,385282.08,,IND
,7221,,2024,107933447.237,44872066.338,44872066.338,,IND
,722211,,2024,150457959.068,42619897.0,42619897.0,,IND
,722219,,2024,57226982.053,21811109.266,21811109.266,,IND
,722220,,2024,500885344.362,184095704.194,184095704.194,,IND
,722230,,2024,171824188.221,64886220.482,64886220.482,,IND
,722240,,2024,189211349.466,66436327.0,66436327.0,,IND
,722300,,2024,404183232.082,133038763.398,133038763.398,,IND
,722410,,2024,6615960.008,1332520.0,1332520.0,,IND
,722490,,2024,139714927.849,233431115.055,233431115.055,,IND
,722511,,2024,2247111.424,835167.0,835167.0,,IND
,722519,,2024,2112368.031,2228682.945,2228682.945,,IND
,722530,,2024,2684329.212,4443197.0,4443197.0,,IND
,722540,,2024,3627659.771,3466600.0,3466600.0,,IND
,722550,,2024,717568.731,897884.0,897884.0,,IND
,722591,,2024,11617.492,10120.0,10120.0,,IND
,721990,,2024,25226419.03,780401.95,780401.95,,SGP
,722011,,2024,1099841.594,212850.0,212850.0,,SGP
,722012,,2024,4244011.024,683495.913,683495.913,,SGP
,722020,,2024,21831666.118,2436529.357,2436529.357,,SGP
,722090,,2024,3562249.855,912279.447,912279.447,,SGP
,7221,,2024,5548769.674,2080802.308,2080802.308,,SGP
,722211,,2024,8644412.4,1035986.955,1035986.955,,SGP
,722219,,2024,1224052.685,188550.0,188550.0,,SGP
,722220,,2024,8455336.889,2580712.633,2580712.633,,SGP
,722230,,2024,17821879.156,3257455.747,3257455.747,,SGP
,722240,,2024,3636914.959,877170.0,877170.0,,SGP
,722300,,2024,12852095.188,1613696.972,1613696.972,,SGP
,722410,,2024,125584.354,40010.0,40010.0,,SGP
,722490,,2024,264303.39,19135.923,19135.923,,SGP
,722511,,2024,9812728.562,3921380.0,3921380.0,,SGP
,722519,,2024,996872.302,586010.0,586010.0,,SGP
,722530,,2024,2188334.122,,0.0,,SGP
,722540,,2024,45781200.373,,0.0,,SGP
,722550,,2024,242821.363,189330.0,189330.0,,SGP
,722591,,2024,1155438.92,842500.0,842500.0,,SGP
,721990,,2024,1521316.014,443179.513,443179.513,,ZAF
,722011,,2024,339246.998,186486.47,186486.47,,ZAF
,722012,,2024,331229.772,201828.87,201828.87,,ZAF
,722020,,2024,4054599.441,2138637.31,2138637.31,,ZAF
,722090,,2024,599499.012,681619.43,681619.43,,ZAF
,7221,,2024,406614.399,,0.0,,ZAF
,722211,,2024,272648.394,172375.79,172375.79,,ZAF
,722219,,2024,1313946.542,595100.15,595100.15,,ZAF
,722220,,2024,194275.769,81749.49,81749.49,,ZAF
,722230,,2024,3239307.536,2488735.08,2488735.08,,ZAF
,722240,,2024,1756518.894,868001.9,868001.9,,ZAF
,722300,,2024,1235042.836,654157.77,654157.77,,ZAF
,722410,,2024,1707967.929,3267823.07,3267823.07,,ZAF
,722490,,2024,10417892.1,22042943.86,22042943.86,,ZAF
,722511,,2024,45326.342,199896.8,199896.8,,ZAF
,722519,,2024,670304.035,295852.05,295852.05,,ZAF
,722530,,2024,2158892.174,2089603.58,2089603.58,,ZAF
,722540,,2024,1028832.314,385513.44,385513.44,,ZAF
,722550,,2024,708162.563,330761.97,330761.97,,ZAF
,722591,,2024,1323.065,910.0,910.0,,ZAF
,722300,,2024,255.961,150.0,4000.0,,ZWE
,721990,,2024,10016097.63,8095761.552,8095761.552,,THA
,722011,,2024,2312057.02,,0.0,,THA
,722012,,2024,211546.21,74568.819,74568.819,,THA
,722020,,2024,20493284.04,10171629.101,10171629.101,,THA
,722090,,2024,7182808.73,803298.659,803298.659,,THA
,7221,,2024,68695.42,17146.432,17146.432,,THA
,722211,,2024,225211.06,152684.0,152684.0,,THA
,722219,,2024,129597.66,22075.85,22075.85,,THA
,722220,,2024,3827730.24,698191.962,698191.962,,THA
,722230,,2024,3550290.49,1068217.833,1068217.833,,THA
,722240,,2024,857336.4,,0.0,,THA
,722300,,2024,35929831.01,6993843.953,6993843.953,,THA
,722490,,2024,283799.03,99939.68,99939.68,,THA
,722511,,2024,276977.38,131884.0,131884.0,,THA
,722519,,2024,214283.82,164475.0,164475.0,,THA
,722530,,2024,211941.81,216746.0,216746.0,,THA
,722540,,2024,1972288.1,686445.71,686445.71,,THA
,722550,,2024,446636.55,423741.0,423741.0,,THA
,722591,,2024,625700.53,1233301.0,1233301.0,,THA
,722012,,2024,75081.09,200506.0,200506.0,,TGO
,722020,,2024,526.13,136.0,136.0,,TGO
,722300,,2024,1666.792,54.0,54.0,,TGO
,721990,,2024,11133.723,2083.0,2083.0,,TTO
,722090,,2024,3661.563,441.0,441.0,,TTO
,722219,,2024,74.073,14.0,14.0,,TTO
,722220,,2024,722.95,17.0,17.0,,TTO
,722230,,2024,54544.189,28357.654,28357.654,,TTO
,722240,,2024,3935.484,1071.0,1071.0,,TTO
,722300,,2024,1705.747,337.0,337.0,,TTO
,722410,,2024,19.111,8.625,8.625,,TTO
,722490,,2024,157423.348,1736.0,1736.0,,TTO
,722519,,2024,9729.748,839.0,839.0,,TTO
,722540,,2024,300903.098,126280.0,126280.0,,TTO
,722550,,2024,100.443,150.0,150.0,,TTO
,721990,,2024,115500.165,32915.383,32915.383,,TUN
,722020,,2024,409279.944,95288.518,95288.518,,TUN
,722090,,2024,20038.294,2310.81,2310.81,,TUN
,7221,,2024,52761.266,15101.929,15101.929,,TUN
,722230,,2024,92984.921,15725.537,15725.537,,TUN
,722240,,2024,846988.02,148071.953,148071.953,,TUN
,722300,,2024,7.402,1.177,1.177,,TUN
,721990,,2024,3914867.0,1374749.0,1374749.0,,TUR
,722011,,2024,221643.0,123059.0,123059.0,,TUR
,722012,,2024,380436.0,274614.0,274614.0,,TUR
,722020,,2024,29792675.0,14349439.0,14349439.0,,TUR
,722090,,2024,736837.0,170069.0,170069.0,,TUR
,7221,,2024,73798.0,7885.0,7885.0,,TUR
,722211,,2024,639071.0,119282.0,119282.0,,TUR
,722219,,2024,1376487.0,1370091.0,1370091.0,,TUR
,722220,,2024,11450098.0,3750235.0,3750235.0,,TUR
,722230,,2024,4599146.0,837270.0,837270.0,,TUR
,722240,,2024,18949110.0,3287987.0,3287987.0,,TUR
,722300,,2024,2412367.0,494684.0,494684.0,,TUR
,722410,,2024,783096.0,690702.0,690702.0,,TUR
,722490,,2024,115299126.0,71750930.0,71750930.0,,TUR
,722511,,2024,11116973.0,3151462.0,3151462.0,,TUR
,722519,,2024,34746470.0,49956409.0,49956409.0,,TUR
,722530,,2024,568249.0,704184.0,704184.0,,TUR
,722540,,2024,4483513.0,2695359.0,2695359.0,,TUR
,722550,,2024,12252344.0,14642406.0,14642406.0,,TUR
,721990,,2024,1727.35,2000.0,2000.0,,UGA
,722220,,2024,77995.5,74835.0,74835.0,,UGA
,722230,,2024,2968.52,6500.0,6500.0,,UGA
,722240,,2024,32275.5,46798.0,46798.0,,UGA
,722300,,2024,4997.78,4418.0,4418.0,,UGA
,722530,,2024,238523.18,303225.0,303225.0,,UGA
,722540,,2024,39971.15,45760.0,45760.0,,UGA
,721990,,2024,45511.56,8408.0,8408.0,,UKR
,722020,,2024,15270.3,360.4,360.4,,UKR
,722211,,2024,421840.47,216279.5,216279.5,,UKR
,722219,,2024,619.86,64.0,64.0,,UKR
,722220,,2024,21422695.87,4878667.0,4878667.0,,UKR
,722230,,2024,325572.16,73551.4,73551.4,,UKR
,722240,,2024,518.9,178.8,178.8,,UKR
,722300,,2024,143016.17,16135.201,16135.201,,UKR
,722410,,2024,48750.92,19125.0,19125.0,,UKR
,722490,,2024,19821413.41,33620829.8,33620829.8,,UKR
,722519,,2024,1446.93,1710.0,1710.0,,UKR
,722540,,2024,11873648.72,13239401.7,13239401.7,,UKR
,722550,,2024,1677.24,3160.83,3160.83,,UKR
,721990,,2024,28343.46,7762.0,7762.0,,MKD
,722020,,2024,426829.09,155801.193,155801.193,,MKD
,722090,,2024,5945.16,106.0,106.0,,MKD
,722220,,2024,6433.55,1446.166,1446.166,,MKD
,722240,,2024,921.11,189.0,189.0,,MKD
,722490,,2024,6263.47,160.0,160.0,,MKD
,722540,,2024,24860947.65,33620670.0,33620670.0,,MKD
,721990,,2024,253200.17,66576.188,66576.188,,EGY
,722020,,2024,63192.17,14201.232,14201.232,,EGY
,722240,,2024,25580.0,3646.515,3646.515,,EGY
,722300,,2024,142171.246,20911.277,20911.277,,EGY
,721990,,2024,9045534.625,,0.0,,GBR
,722011,,2024,2312200.949,,0.0,,GBR
,722012,,2024,2069822.478,421344.629,421344.629,,GBR
,722020,,2024,18050795.651,3109167.158,3109167.158,,GBR
,722090,,2024,3144179.115,114149.595,114149.595,,GBR
,7221,,2024,45831841.779,,0.0,,GBR
,722211,,2024,63211009.165,6869136.018,6869136.018,,GBR
,722219,,2024,2992832.876,423139.0,423139.0,,GBR
,722220,,2024,73280103.743,6932063.682,6932063.682,,GBR
,722230,,2024,19471459.066,1057309.484,1057309.484,,GBR
,722240,,2024,28678732.38,1778761.909,1778761.909,,GBR
,722300,,2024,20764323.501,1911604.12,1911604.12,,GBR
,722410,,2024,6123982.745,230745.0,230745.0,,GBR
,722490,,2024,45779996.211,31490952.982,31490952.982,,GBR
,722511,,2024,73278.569,16512.0,16512.0,,GBR
,722519,,2024,250556.47,38936.0,38936.0,,GBR
,722530,,2024,20168955.578,,0.0,,GBR
,722540,,2024,11032538.381,4642599.638,4642599.638,,GBR
,722550,,2024,163132321.338,180889882.0,180889882.0,,GBR
,722591,,2024,93420.441,10225.0,10225.0,,GBR
,722090,,2024,634.191,400.0,400.0,,TZA
,7221,,2024,143838.397,173011.0,173011.0,,TZA
,722219,,2024,181727.275,242576.57,242576.57,,TZA
,722220,,2024,202.6,1620.0,1620.0,,TZA
,722230,,2024,480414.282,645636.0,645636.0,,TZA
,722240,,2024,16978.29,35060.2,35060.2,,TZA
,722300,,2024,4209.931,2746.0,2746.0,,TZA
,722519,,2024,15124.98,13500.0,13500.0,,TZA
,722530,,2024,96066.084,183218.3,183218.3,,TZA
,721990,,2024,38971913.0,8095554.0,8095554.0,,USA
,722011,,2024,21982336.0,4151880.0,4151880.0,,USA
,722012,,2024,19145476.0,4642738.0,4642738.0,,USA
,722020,,2024,444517790.0,43395386.44,43395386.44,,USA
,722090,,2024,50181150.0,4756861.0,4756861.0,,USA
,7221,,2024,15746533.0,2126763.0,2126763.0,,USA
,722211,,2024,111181793.0,7293781.0,7293781.0,,USA
,722219,,2024,35024767.0,3810318.0,3810318.0,,USA
,722220,,2024,292064213.0,,0.0,,USA
,722230,,2024,137631073.0,6360156.0,6360156.0,,USA
,722240,,2024,30402163.0,2857518.0,2857518.0,,USA
,722300,,2024,203197921.0,8736721.0,8736721.0,,USA
,722410,,2024,81753024.0,17720994.0,17720994.0,,USA
,722490,,2024,63782957.0,,0.0,,USA
,722511,,2024,112272116.0,27773244.0,27773244.0,,USA
,722519,,2024,18592844.0,17672292.0,17672292.0,,USA
,722530,,2024,233191762.0,204586201.0,204586201.0,,USA
,722540,,2024,364982812.0,186639269.0,186639269.0,,USA
,722550,,2024,245837169.0,169389369.0,169389369.0,,USA
,722591,,2024,87179336.0,105873261.0,105873261.0,,USA
,722020,,2024,114085.0,36795.0,36795.0,,URY
,722219,,2024,307.0,4.0,4.0,,URY
,722220,,2024,472.0,197.0,197.0,,URY
,722230,,2024,142.0,74.0,74.0,,URY
,721990,,2024,10206.0,2908.519,2908.519,,UZB
,722240,,2024,212.0,37.062,37.062,,UZB
,722300,,2024,511040.0,12630.0,12630.0,,UZB
,722540,,2024,15820.0,7330.0,7330.0,,UZB
,722550,,2024,1300.0,1400.0,1400.0,,UZB
,721990,,2024,26959.841,25810.0,25810.0,,ZMB
,722020,,2024,156497.905,75500.1,75500.1,,ZMB
,722090,,2024,45706.284,335463.0,335463.0,,ZMB
,722220,,2024,7336.748,1049.26,1049.26,,ZMB
,722230,,2024,1614.623,1326.8,1326.8,,ZMB
,722240,,2024,152130.506,244829.0,244829.0,,ZMB
,722300,,2024,1221.273,970.8,970.8,,ZMB
,722519,,2024,26131.236,184720.0,184720.0,,ZMB
,722540,,2024,59460.972,34840.0,34840.0,,ZMB
,7301,,2023,238767.645,94520.0,94520.0,,ALB
,722599,,2023,498.683,1037.0,1037.0,,AGO
,7227,,2023,1557.571,324.59,324.59,,AGO
,722860,,2023,26938.353,180129.0,180129.0,,AGO
,722880,,2023,192.723,150.0,150.0,,AGO
,7301,,2023,2552.741,11.755,11.755,,AGO
,7302,,2023,33993.308,20212.627,20212.627,,AGO
,722810,,2023,13.4,1.0,1.0,,AZE
,7301,,2023,866913.04,1000513.6,1000513.6,,AZE
,7302,,2023,146693.68,110296.0,110296.0,,AZE
,722592,,2023,106628.988,23000.0,23000.0,,AUS
,722599,,2023,14373815.715,2526660.0,2526660.0,,AUS
,722611,,2023,916356.754,352990.0,352990.0,,AUS
,722691,,2023,142904.781,27120.0,27120.0,,AUS
,722692,,2023,58107.573,290.0,290.0,,AUS
,722699,,2023,2169260.816,2768430.0,2768430.0,,AUS
,7227,,2023,17405.764,1420.0,1420.0,,AUS
,722810,,2023,360185.502,30340.0,30340.0,,AUS
,722820,,2023,13499.283,970.0,970.0,,AUS
,722830,,2023,33658463.794,30393980.0,30393980.0,,AUS
,722840,,2023,172699.005,39370.0,39370.0,,AUS
,722850,,2023,115849.08,33800.0,33800.0,,AUS
,722860,,2023,1166645.909,216072.0,216072.0,,AUS
,722870,,2023,839044.975,368877.0,368877.0,,AUS
,722880,,2023,3171839.847,356297.0,356297.0,,AUS
,7229,,2023,2479979.508,1660570.0,1660570.0,,AUS
,7301,,2023,2451474.821,,0.0,,AUS
,7302,,2023,25028208.61,21573710.0,21573710.0,,AUS
,722619,,2023,506.388,289.741,289.741,,BHR
,722620,,2023,76.247,4.632,4.632,,BHR
,722810,,2023,5200.38,258.952,258.952,,BHR
,722820,,2023,380.082,320.233,320.233,,BHR
,722830,,2023,19090.106,12463.596,12463.596,,BHR
,722840,,2023,8949.473,2495.331,2495.331,,BHR
,722850,,2023,120.125,48.405,48.405,,BHR
,722860,,2023,4562.141,1382.216,1382.216,,BHR
,722880,,2023,3350.479,722.666,722.666,,BHR
,7229,,2023,86420.388,40851.709,40851.709,,BHR
,7301,,2023,20961509.224,4554419.733,4554419.733,,BHR
,7302,,2023,12191.455,5783.383,5783.383,,BHR
,722619,,2023,25927.0,47140.0,47140.0,,ARM
,722850,,2023,634.63,4.82,4.82,,ARM
,7229,,2023,5138.96,977.433,977.433,,ARM
,7301,,2023,184.43,1.9,1.9,,ARM
,7302,,2023,320.0,800.0,800.0,,ARM
,722860,,2023,3099.7,10300.0,10300.0,,BOL
,722599,,2023,730.031,292.0,292.0,,BIH
,722620,,2023,400.534,1.0,1.0,,BIH
,722691,,2023,20.754,100.0,100.0,,BIH
,722692,,2023,2389.986,2280.0,2280.0,,BIH
,722699,,2023,651.913,111.5,111.5,,BIH
,7227,,2023,1492.312,1425.0,1425.0,,BIH
,722810,,2023,66.484,34.2,34.2,,BIH
,722830,,2023,28835.422,15123.933,15123.933,,BIH
,722840,,2023,6542.703,1505.0,1505.0,,BIH
,722850,,2023,40340.325,8658.0,8658.0,,BIH
,722860,,2023,3384.803,1839.7,1839.7,,BIH
,722870,,2023,57267.784,22210.5,22210.5,,BIH
,7229,,2023,74347.867,40394.54,40394.54,,BIH
,7301,,2023,2215.621,170.0,170.0,,BIH
,7302,,2023,178254.296,386405.0,386405.0,,BIH
,722592,,2023,67629242.0,47012188.959,47012109.959,,BRA
,722599,,2023,1350889.0,564384.0,564384.0,,BRA
,722611,,2023,2098276.0,1114701.0,1114701.0,,BRA
,722619,,2023,290549.0,304727.0,307918.0,,BRA
,722620,,2023,6972.0,12.0,12.0,,BRA
,722691,,2023,117075.0,46116.0,46116.0,,BRA
,722692,,2023,6694402.0,3035998.0,3035998.0,,BRA
,722699,,2023,4563217.0,756854.62,756854.62,,BRA
,7227,,2023,55904430.0,70974576.0,70974576.0,,BRA
,722810,,2023,19723583.0,1407417.0,1407417.0,,BRA
,722820,,2023,656941.0,690542.0,690541.0,,BRA
,722830,,2023,106883983.0,,0.0,,BRA
,722840,,2023,671266.0,129526.061,129526.061,,BRA
,722850,,2023,71796846.0,22905994.0,22905994.0,,BRA
,722860,,2023,591709.0,97529.861,97529.861,,BRA
,722870,,2023,11245.0,2539.722,2577.722,,BRA
,722880,,2023,119160.0,26179.0,26179.0,,BRA
,7229,,2023,11579075.0,7650338.252,7675103.252,,BRA
,7301,,2023,1213166.0,599177.0,536223.0,,BRA
,7302,,2023,9965698.0,3100896.652,3096281.652,,BRA
,722850,,2023,281.108,20.5,20.5,,BRN
,722860,,2023,201.172,0.87,0.87,,BRN
,722880,,2023,3889.181,6200.0,6200.0,,BRN
,7301,,2023,333160.741,1684890.0,1684890.0,,BRN
,7302,,2023,164.123,101.0,101.0,,BRN
,7302,,2023,452.1,376.95,376.95,,MMR
,7229,,2023,24961.0,22900.0,22900.0,,KHM
,7301,,2023,16459.8,23514.0,23514.0,,KHM
,7302,,2023,41338.05,36550.0,36550.0,,KHM
,7301,,2023,1362.888,1102.0,1102.0,,CMR
,722592,,2023,395481145.881,272718748.0,272718748.0,,CAN
,722599,,2023,24133821.282,17633249.0,17633249.0,,CAN
,722611,,2023,48284306.654,12122699.0,12122699.0,,CAN
,722619,,2023,2657667.992,1280929.0,1280929.0,,CAN
,722620,,2023,45495.671,3701.0,3701.0,,CAN
,722691,,2023,11711634.748,8499830.0,8499830.0,,CAN
,722692,,2023,722235.54,497251.0,497251.0,,CAN
,722699,,2023,29997528.449,20002242.0,20002242.0,,CAN
,7227,,2023,262469142.747,207756228.0,207756228.0,,CAN
,722810,,2023,3998838.008,960770.0,960770.0,,CAN
,722820,,2023,16091.459,3888.0,3888.0,,CAN
,722830,,2023,287059821.612,247779509.0,247779509.0,,CAN
,722840,,2023,10803517.74,2837924.0,2837924.0,,CAN
,722850,,2023,34512494.717,7633064.0,7633064.0,,CAN
,722860,,2023,1127514.817,289538.0,289538.0,,CAN
,722870,,2023,3922814.345,2766253.0,2766253.0,,CAN
,722880,,2023,1893034.027,296645.0,296645.0,,CAN
,7229,,2023,37242488.344,18461367.0,18461367.0,,CAN
,7301,,2023,10518831.809,5242303.14,5242303.14,,CAN
,7302,,2023,14054905.168,7298961.0,7298961.0,,CAN
,722611,,2023,22050.525,10866.0,10866.0,,LKA
,7227,,2023,112.349,34.0,34.0,,LKA
,722810,,2023,2059.679,9800.0,9800.0,,LKA
,722860,,2023,1673.919,2174.0,2174.0,,LKA
,722880,,2023,182.833,71.0,71.0,,LKA
,7229,,2023,21159.192,3508.96,3508.96,,LKA
,7301,,2023,11572.107,,0.0,,LKA
,7302,,2023,170.534,15.0,15.0,,LKA
,722692,,2023,61953.18,6760.0,6760.0,,CHL
,722699,,2023,23511.43,27650.0,27650.0,,CHL
,7227,,2023,735780.12,872153.0,872153.0,,CHL
,722810,,2023,3567.74,513.821,513.821,,CHL
,722820,,2023,109.652,40.0,40.0,,CHL
,722830,,2023,179363426.01,236617713.671,236617713.671,,CHL
,722850,,2023,32715.61,17799.2,17799.2,,CHL
,722860,,2023,410.435,320.0,320.0,,CHL
,722870,,2023,580720.26,762283.16,762283.16,,CHL
,722880,,2023,9145727.57,1856083.48,1856083.48,,CHL
,7301,,2023,43893.79,4199.476,4199.476,,CHL
,7302,,2023,321694.968,574409.73,574409.73,,CHL
,722592,,2023,577056161.0,698369759.0,698369759.0,,CHN
,722599,,2023,819154153.0,780891512.0,780891512.0,,CHN
,722611,,2023,62710199.0,22117582.527,22117582.527,,CHN
,722619,,2023,182687304.0,79936582.0,79936582.0,,CHN
,722620,,2023,5181248.0,671066.0,671066.0,,CHN
,722691,,2023,113584620.0,66770174.0,66770174.0,,CHN
,722692,,2023,34033358.0,22465445.66,22465445.66,,CHN
,722699,,2023,94658491.0,72032458.465,72032458.465,,CHN
,7227,,2023,704741532.0,1098920484.0,1098920484.0,,CHN
,722810,,2023,82455095.0,8633671.199,8633671.199,,CHN
,722820,,2023,11760219.0,13380204.0,13380204.0,,CHN
,722830,,2023,1747507071.0,2101191427.0,2101191427.0,,CHN
,722840,,2023,613791536.0,368536190.0,368536190.0,,CHN
,722850,,2023,108416328.0,71769055.31,71769055.31,,CHN
,722860,,2023,22713569.0,11808484.537,11808484.537,,CHN
,722870,,2023,44840820.0,52720947.452,52720947.452,,CHN
,722880,,2023,6470209.0,3014702.0,3014702.0,,CHN
,7229,,2023,470147572.0,458836132.757,458836132.757,,CHN
,7301,,2023,701485614.0,1025034063.752,1025034063.752,,CHN
,7302,,2023,588104779.0,575740527.256,575740527.256,,CHN
,722592,,2023,7684924.51,7119169.73,7119169.73,,COL
,722599,,2023,1211234.43,1042987.2,1042987.2,,COL
,722611,,2023,619800.13,429628.58,429628.58,,COL
,722691,,2023,46353.53,1826.0,1826.0,,COL
,722692,,2023,132970.41,136429.0,136429.0,,COL
,722699,,2023,68607.81,65127.0,65127.0,,COL
,7227,,2023,160191.12,175878.0,175878.0,,COL
,722830,,2023,37720.65,20661.82,20661.82,,COL
,722840,,2023,12922.2,4930.0,4930.0,,COL
,722850,,2023,158109.13,21199.81,21199.81,,COL
,722860,,2023,110785.55,35799.5,35799.5,,COL
,722870,,2023,2279128.55,1434453.6,1434453.6,,COL
,722880,,2023,135195.89,5736.0,5736.0,,COL
,7229,,2023,2822954.54,2803309.14,2803309.14,,COL
,7301,,2023,74286.77,6841.6,6841.6,,COL
,7302,,2023,41734.72,5855.24,5855.24,,COL
,722620,,2023,824.458,42.0,42.0,,COG
,722850,,2023,10599.241,670.0,670.0,,COG
,7301,,2023,2470.7,1168.0,1168.0,,COG
,7302,,2023,1156.455,1368.0,1368.0,,COG
,722880,,2023,275.301,1645.0,1645.0,,COD
,722592,,2023,39597.28,23948.0,23948.0,,CRI
,722599,,2023,419760.95,249938.6,249938.6,,CRI
,722619,,2023,1309.12,,0.0,,CRI
,722699,,2023,242510.4,45244.552,45244.552,,CRI
,7227,,2023,714039.58,657042.5,657042.5,,CRI
,722830,,2023,584980.68,673170.83,673170.83,,CRI
,722840,,2023,14.0,9.97,9.97,,CRI
,722850,,2023,7114.21,1543.02,1543.02,,CRI
,722860,,2023,7063.85,1249.783,1249.783,,CRI
,722870,,2023,1097131.27,613485.56,613485.56,,CRI
,722880,,2023,12780.0,15696.847,15696.847,,CRI
,7229,,2023,953980.08,726444.581,726444.581,,CRI
,7301,,2023,31990.9,300.17,300.17,,CRI
,7302,,2023,1398.85,314.15,314.15,,CRI
,7302,,2023,3885851.403,4286520.0,4286520.0,,BEN
,722599,,2023,82450.0,97000.0,97000.0,,DOM
,722611,,2023,8629.361,8821.0,8821.0,,DOM
,7227,,2023,932050.845,1261766.3,1261766.3,,DOM
,722619,,2023,17288.1,170.29,170.29,,ECU
,7227,,2023,82772.7,,0.0,,ECU
,722810,,2023,651.8,0.09,0.09,,ECU
,722820,,2023,107.2,,0.0,,ECU
,722870,,2023,6274.1,,0.0,,ECU
,7229,,2023,1808705.1,1661.83,1661.83,,ECU
,7301,,2023,2763.2,5.15,5.15,,ECU
,7302,,2023,1765.4,700.914,700.914,,ECU
,722592,,2023,1015545.0,552475.39,552475.39,,SLV
,722599,,2023,45902374.0,19932918.0,19932918.0,,SLV
,722699,,2023,7783489.0,3615779.1,3615779.1,,SLV
,722830,,2023,7905863.0,7608095.02,7608095.02,,SLV
,722860,,2023,3749.0,2384.0,2384.0,,SLV
,722870,,2023,31.0,2.8,2.8,,SLV
,722880,,2023,64154.0,47277.1,47277.1,,SLV
,7229,,2023,1515.0,348.65,348.65,,SLV
,7302,,2023,111.0,24.48,24.48,,SLV
,722820,,2023,1230.477,3200.0,3200.0,,ETH
,7229,,2023,50.306,23.0,23.0,,ETH
,7302,,2023,8135.895,45.0,45.0,,ETH
,7301,,2023,26407.541,221765.0,386600.0,,GAB
,7302,,2023,162.141,14.0,14000.0,,GAB
,722840,,2023,192191.17,44181.9,44181.9,,GEO
,722870,,2023,57393.633,24723.0,24723.0,,GEO
,7229,,2023,88135.685,88730.0,88730.0,,GEO
,7301,,2023,1996.553,929.0,929.0,,GEO
,7302,,2023,26904.0,57000.0,57000.0,,GEO
,7227,,2023,7017708.106,10618248.0,10618248.0,,GHA
,722830,,2023,2976330.238,4148610.76,0.0,,GHA
,722840,,2023,189917.228,263000.0,262981.0,,GHA
,722860,,2023,266895.431,304313.71,304309.7,,GHA
,722880,,2023,1145931.4,141213.26,8244.2,,GHA
,7301,,2023,5284451.352,4644313.5,4633581.0,,GHA
,7302,,2023,57950.871,4367.64,744.0,,GHA
,722599,,2023,30302.0,12612.0,12612.0,,GTM
,722611,,2023,29499.0,37068.0,37068.0,,GTM
,722619,,2023,1591.0,244.0,244.0,,GTM
,722691,,2023,678.0,6.0,6.0,,GTM
,722699,,2023,95402.0,37077.0,37077.0,,GTM
,7227,,2023,1733.0,2204.0,2204.0,,GTM
,722810,,2023,514.0,37.0,37.0,,GTM
,722820,,2023,46150.0,8265.0,8265.0,,GTM
,722830,,2023,146466.0,116525.0,116525.0,,GTM
,722840,,2023,16994.0,957.0,957.0,,GTM
,722850,,2023,17848.0,,0.0,,GTM
,722860,,2023,1105675.0,,0.0,,GTM
,722870,,2023,269442.0,251683.0,251683.0,,GTM
,722880,,2023,9365.0,1500.0,1500.0,,GTM
,7229,,2023,512665.0,100418.0,100418.0,,GTM
,7301,,2023,12758.0,3628.0,3628.0,,GTM
,7302,,2023,42911.0,16868.0,16868.0,,GTM
,722880,,2023,329.69,60.0,60.0,,HND
,7302,,2023,1690.68,7431.48,7431.48,,HND
,722599,,2023,8078957.801,6282830.0,6282830.0,,HKG
,722611,,2023,5487326.936,4954570.0,4954570.0,,HKG
,722619,,2023,736879.655,90663.0,90663.0,,HKG
,722620,,2023,7168.708,760.0,760.0,,HKG
,722691,,2023,653186.445,44456.0,44456.0,,HKG
,722692,,2023,4652065.678,315023.0,315023.0,,HKG
,722699,,2023,7350889.087,192105.0,192105.0,,HKG
,722810,,2023,36377.029,1761.0,1761.0,,HKG
,722820,,2023,5549.465,17380.0,17380.0,,HKG
,722830,,2023,12096142.222,16186427.0,16186427.0,,HKG
,722840,,2023,1197217.024,195150.0,195150.0,,HKG
,722850,,2023,1721404.531,240160.0,240160.0,,HKG
,722860,,2023,58197.474,17636.0,17636.0,,HKG
,722870,,2023,4005.321,5169.0,5169.0,,HKG
,722880,,2023,69127.685,102000.0,102000.0,,HKG
,7229,,2023,3421420.44,231266.0,231266.0,,HKG
,7301,,2023,5846227.24,6887955.0,6887955.0,,HKG
,7302,,2023,262848.455,177010.0,177010.0,,HKG
,722592,,2023,1868927.1,1498069.3,1498069.3,,IDN
,722599,,2023,379907.25,,0.0,,IDN
,722611,,2023,4995590.837,3219665.2,3219665.2,,IDN
,722619,,2023,633103.974,458920.29,458920.29,,IDN
,722620,,2023,240123.0,219684.84,219684.84,,IDN
,722691,,2023,859.486,60.0,60.0,,IDN
,722692,,2023,27504.594,7277.9,7277.9,,IDN
,722699,,2023,437846.93,106174.0,106174.0,,IDN
,7227,,2023,18803.403,11194.6,11194.6,,IDN
,722810,,2023,149965.679,27736.744,27736.744,,IDN
,722820,,2023,4479.186,4718.1,4718.1,,IDN
,722830,,2023,404515.765,245620.795,245620.795,,IDN
,722840,,2023,193216.324,30219.312,30219.312,,IDN
,722850,,2023,478327.556,382683.82,382683.82,,IDN
,722860,,2023,1803522.019,275279.34,275279.34,,IDN
,722870,,2023,22116.495,802.518,802.518,,IDN
,722880,,2023,20834.582,987.792,987.792,,IDN
,7229,,2023,22566355.188,6766767.94,6766767.94,,IDN
,7301,,2023,17024314.022,6837155.694,6837155.694,,IDN
,7302,,2023,1537539.647,821241.427,821241.427,,IDN
,722599,,2023,12000.0,7998.189,7998.189,,ISR
,722619,,2023,46000.0,26898.299,26898.299,,ISR
,722691,,2023,3000.0,1328.369,1328.369,,ISR
,722699,,2023,10000.0,5079.741,5079.741,,ISR
,7227,,2023,25000.0,22927.525,22927.525,,ISR
,722810,,2023,117000.0,5969.631,5969.631,,ISR
,722820,,2023,402000.0,327101.592,327101.592,,ISR
,722830,,2023,119000.0,81032.416,81032.416,,ISR
,722860,,2023,14000.0,4598.359,4598.359,,ISR
,722870,,2023,4000.0,2118.084,2118.084,,ISR
,7229,,2023,35000.0,20531.212,20531.212,,ISR
,7301,,2023,625000.0,135562.484,135562.484,,ISR
,7302,,2023,80000.0,23839.706,23839.706,,ISR
,722699,,2023,3264.114,30000.0,30000.0,,CIV
,722850,,2023,862.352,416.0,416.0,,CIV
,722860,,2023,1088.038,8000.0,8000.0,,CIV
,722880,,2023,15151.62,3240.0,3240.0,,CIV
,7229,,2023,1204.778,10400.0,10400.0,,CIV
,7301,,2023,46002.462,2708.0,2708.0,,CIV
,7302,,2023,2920.731,2005.0,2005.0,,CIV
,7229,,2023,2265.67,63.47,63.47,,JAM
,7302,,2023,201.3,3545.0,3545.0,,JAM
,722592,,2023,451936266.628,359425545.0,359425545.0,,JPN
,722599,,2023,307755236.601,229113085.0,229113085.0,,JPN
,722611,,2023,59682384.59,16477373.0,16477373.0,,JPN
,722619,,2023,42102096.489,28787057.0,28787057.0,,JPN
,722620,,2023,8122020.685,614005.0,614005.0,,JPN
,722691,,2023,39026780.845,7713333.0,7713333.0,,JPN
,722692,,2023,102551710.246,22342527.0,22342527.0,,JPN
,722699,,2023,39003683.325,7116512.0,7116512.0,,JPN
,7227,,2023,614160282.545,427317128.0,427317128.0,,JPN
,722810,,2023,47917027.201,3060710.0,3060710.0,,JPN
,722820,,2023,40584443.469,32944108.0,32944108.0,,JPN
,722830,,2023,582129110.757,465174370.0,465174370.0,,JPN
,722840,,2023,85025240.436,21648173.0,21648173.0,,JPN
,722850,,2023,83423418.485,27531898.0,27531898.0,,JPN
,722860,,2023,6722111.636,1380807.0,1380807.0,,JPN
,722870,,2023,12998366.387,7583221.7,7583221.7,,JPN
,722880,,2023,8319968.928,2668122.0,2668122.0,,JPN
,7229,,2023,254129384.925,86592248.999,86592248.999,,JPN
,7301,,2023,50471926.166,57956048.0,57956048.0,,JPN
,7302,,2023,463484514.441,388776598.0,388776598.0,,JPN
,722592,,2023,302451.5,220693.0,220693.0,,KAZ
,722599,,2023,7943.12,395.5,395.5,,KAZ
,722692,,2023,18.03,10.8,10.8,,KAZ
,7227,,2023,12532.0,19280.0,19280.0,,KAZ
,722820,,2023,103733.83,208443.0,208443.0,,KAZ
,722830,,2023,21476.82,5630.5,5630.5,,KAZ
,722850,,2023,221260.53,197880.0,197880.0,,KAZ
,722860,,2023,372122.23,57204.0,57204.0,,KAZ
,722870,,2023,3137380.56,2816425.16,2816425.16,,KAZ
,722880,,2023,2039.43,134.7,134.7,,KAZ
,7229,,2023,531566.08,182359.759,182359.759,,KAZ
,7301,,2023,145085.12,33917.86,33917.86,,KAZ
,7302,,2023,22616843.13,19995088.0,19995088.0,,KAZ
,722599,,2023,21220.07,13304.018,13304.018,,JOR
,722619,,2023,180486.436,103269.055,103269.055,,JOR
,722699,,2023,665842.801,301212.625,301212.625,,JOR
,722860,,2023,19061.845,5775.267,5775.267,,JOR
,722870,,2023,123901.239,63993.247,63993.247,,JOR
,722880,,2023,1298.169,280.003,280.003,,JOR
,7229,,2023,14940.915,6619.13,6619.13,,JOR
,7301,,2023,18511881.775,4043585.087,4043585.087,,JOR
,7302,,2023,4767.606,1305.303,1305.303,,JOR
,722599,,2023,8384.693,3844.0,3844.0,,KEN
,722691,,2023,52004.3,61990.0,61990.0,,KEN
,722699,,2023,50207.745,57912.46,57912.46,,KEN
,7227,,2023,32.111,60.0,60.0,,KEN
,722810,,2023,3824.25,560.0,560.0,,KEN
,722830,,2023,33741.665,46260.0,46260.0,,KEN
,722860,,2023,11441.106,15595.0,15595.0,,KEN
,722870,,2023,23543.082,16027.96,16027.96,,KEN
,722880,,2023,6480.576,1929.0,1929.0,,KEN
,7229,,2023,292797.432,371976.0,371976.0,,KEN
,7301,,2023,1479085.174,1333294.0,1333294.0,,KEN
,7302,,2023,9351.593,7146.0,7146.0,,KEN
,722592,,2023,478835650.0,468472441.2,468472441.2,,KOR
,722599,,2023,246577312.0,257346497.375,257346497.375,,KOR
,722611,,2023,2454679.0,668462.0,668462.0,,KOR
,722619,,2023,10455910.0,5670198.0,5670198.0,,KOR
,722620,,2023,88606.0,4048.0,4048.0,,KOR
,722691,,2023,15350596.0,6505602.425,6505602.425,,KOR
,722692,,2023,26046531.0,15288257.88,15288257.88,,KOR
,722699,,2023,10772838.0,4379308.21,4379308.21,,KOR
,7227,,2023,214234383.0,234027365.0,234027365.0,,KOR
,722810,,2023,248546.0,51174.3,51174.3,,KOR
,722820,,2023,417625.0,200444.5,200444.5,,KOR
,722830,,2023,352049655.0,266545824.672,266545824.672,,KOR
,722840,,2023,17870844.0,7449817.18,7449817.18,,KOR
,722850,,2023,45573693.0,30393612.5,30393612.5,,KOR
,722860,,2023,11377027.0,6358408.758,6358408.758,,KOR
,722870,,2023,6574788.0,5787222.28,5787222.28,,KOR
,722880,,2023,222389.0,28824.21,28824.21,,KOR
,7229,,2023,269529953.0,163854377.85,163854377.85,,KOR
,7301,,2023,28072538.0,33178163.702,33178163.702,,KOR
,7302,,2023,24693185.0,,0.0,,KOR
,722850,,2023,13021.411,50000.0,50000.0,,KWT
,722870,,2023,601901.715,701373.0,701373.0,,KWT
,722880,,2023,57942.025,16439.0,16439.0,,KWT
,7229,,2023,5208.565,14000.0,14000.0,,KWT
,7301,,2023,1509946.575,1951626.3,1951626.3,,KWT
,7302,,2023,1354203.986,6397567.0,6397567.0,,KWT
,722820,,2023,175619.0,605705.0,605705.0,,KGZ
,722830,,2023,133857.0,36124.0,36124.0,,KGZ
,7229,,2023,561842.0,27881.0,27881.0,,KGZ
,7301,,2023,280998.0,171770.0,171770.0,,KGZ
,722599,,2023,1200.0,752.345,752.345,,LBN
,722699,,2023,7905.0,3576.048,3576.048,,LBN
,7227,,2023,2800.0,2484.532,2484.532,,LBN
,722830,,2023,54092.0,35315.718,35315.718,,LBN
,722850,,2023,945.0,380.795,380.795,,LBN
,722860,,2023,801.0,242.683,242.683,,LBN
,722870,,2023,89781.0,46370.624,46370.624,,LBN
,722880,,2023,4548.0,980.96,980.96,,LBN
,7229,,2023,94937.0,42059.025,42059.025,,LBN
,7301,,2023,211907.0,45973.505,45973.505,,LBN
,7302,,2023,74976.0,31930.142,31930.142,,LBN
,722870,,2023,11014.784,580.0,1580.0,,MDG
,7229,,2023,10356.271,8034.0,8034.0,,MDG
,722592,,2023,9173.965,51.0,51.0,,MYS
,722599,,2023,649661.815,181508.6,181508.6,,MYS
,722611,,2023,72539971.381,102653069.0,102653069.0,,MYS
,722619,,2023,1019874.126,787183.0,787183.0,,MYS
,722620,,2023,4341.731,4371.56,4371.56,,MYS
,722691,,2023,68814.712,17796.2,17796.2,,MYS
,722692,,2023,168218.662,60006.95,60006.95,,MYS
,722699,,2023,165539.423,43788.65,43788.65,,MYS
,7227,,2023,2983839.977,3279540.5,3279540.5,,MYS
,722810,,2023,91258.353,84089.9,84089.9,,MYS
,722820,,2023,15768.677,8899.19,8899.19,,MYS
,722830,,2023,1057375.795,1167381.13,1167381.13,,MYS
,722840,,2023,49870.812,36124.7,36124.7,,MYS
,722850,,2023,440932.684,277702.91,277702.91,,MYS
,722860,,2023,2306470.329,720754.33,720754.33,,MYS
,722870,,2023,18111.12,6480.4,6480.4,,MYS
,722880,,2023,1374638.768,333531.71,333531.71,,MYS
,7229,,2023,55188739.172,38687644.74,38687644.74,,MYS
,7301,,2023,1414642.07,1627360.54,1627360.54,,MYS
,7302,,2023,1405576.204,681187.45,681187.45,,MYS
,722880,,2023,40386.184,1662.0,1662.0,,MLI
,7302,,2023,59.812,104.0,104.0,,MRT
,722850,,2023,148.871,33.0,33.0,,MUS
,7301,,2023,22053.696,883.0,4197.0,,MUS
,722592,,2023,2466438.0,2015394.0,2015394.0,,MEX
,722599,,2023,604059.0,447167.0,447167.0,,MEX
,722611,,2023,8580738.0,1916649.0,1916649.0,,MEX
,722619,,2023,204886.0,145118.0,145118.0,,MEX
,722691,,2023,1066766.0,829281.0,829281.0,,MEX
,722692,,2023,831614.0,219976.0,219976.0,,MEX
,722699,,2023,448800.0,159333.0,159333.0,,MEX
,7227,,2023,141657.0,281313.0,281313.0,,MEX
,722830,,2023,5086112.0,4073354.0,4073354.0,,MEX
,722840,,2023,741407.0,360633.0,360633.0,,MEX
,722850,,2023,16439163.0,7594815.0,7594815.0,,MEX
,722860,,2023,457603.0,194110.0,194110.0,,MEX
,722870,,2023,79366.0,30229.0,30229.0,,MEX
,7229,,2023,63033179.0,0.0,0.0,,MEX
,7301,,2023,17530.0,0.0,0.0,,MEX
,7302,,2023,813866.0,0.0,0.0,,MEX
,722699,,2023,1673.0,530.0,530.0,,MDA
,722860,,2023,17299.0,2160.0,2160.0,,MDA
,7229,,2023,442.0,91.0,91.0,,MDA
,722860,,2023,149.777,20.0,20.0,,MNE
,7229,,2023,2169.005,543.0,543.0,,MNE
,7302,,2023,10543.85,14352.0,14352.0,,MNE
,722592,,2023,980.711,48349.0,48349.0,,MAR
,722599,,2023,120.812,102.0,102.0,,MAR
,722611,,2023,2447608.896,819350.5,819350.5,,MAR
,722692,,2023,5965.598,395.0,395.0,,MAR
,722840,,2023,42050.049,9300.0,9300.0,,MAR
,722850,,2023,1789.791,4.0,4.0,,MAR
,722860,,2023,1271.884,100.5,100.5,,MAR
,722870,,2023,1906.543,625.82,625.82,,MAR
,722880,,2023,48.957,15.0,15.0,,MAR
,7229,,2023,9160.605,7580.0,7580.0,,MAR
,7301,,2023,290505.575,113471.0,113471.0,,MAR
,7302,,2023,170702.024,172494.4,172494.4,,MAR
,722880,,2023,7000.0,15525.0,450.0,,MOZ
,7301,,2023,326000.0,286000.0,286000.0,,MOZ
,7302,,2023,772000.0,1033655.0,1049210.0,,MOZ
,722611,,2023,13518.856,3776.807,3776.807,,OMN
,722619,,2023,3765.93,2154.755,2154.755,,OMN
,722699,,2023,20.806,9.412,9.412,,OMN
,7227,,2023,25833.55,22922.953,22922.953,,OMN
,722810,,2023,1563.069,77.833,77.833,,OMN
,722830,,2023,56938.882,37174.397,37174.397,,OMN
,722850,,2023,3037.711,1224.069,1224.069,,OMN
,722860,,2023,1503.251,455.448,455.448,,OMN
,722870,,2023,118140.442,61017.876,61017.876,,OMN
,722880,,2023,630905.071,136080.145,136080.145,,OMN
,7229,,2023,14663.199,6524.856,6524.856,,OMN
,7301,,2023,31213396.57,6915258.908,6915258.908,,OMN
,7302,,2023,19810.143,9461.111,9461.111,,OMN
,722599,,2023,265.594,190.0,190.0,,NAM
,722699,,2023,60.392,210.0,210.0,,NAM
,7227,,2023,200.148,1490.0,1490.0,,NAM
,722810,,2023,712.051,390.0,390.0,,NAM
,722820,,2023,6487.194,1640.0,1640.0,,NAM
,722830,,2023,42468802.988,3741740.0,3741740.0,,NAM
,722840,,2023,70.924,36.0,36.0,,NAM
,722850,,2023,1375.654,211.71,211.71,,NAM
,722860,,2023,1245.16,2395.0,2395.0,,NAM
,722870,,2023,851.402,159.0,159.0,,NAM
,722880,,2023,18063.91,780.0,780.0,,NAM
,7229,,2023,278.528,94.72,94.72,,NAM
,7301,,2023,211361.124,237955.336,237955.336,,NAM
,7302,,2023,846543.312,530674.0,530674.0,,NAM
,722599,,2023,26809.203,46415.0,46415.0,,NZL
,722699,,2023,150474.073,63967.0,63967.0,,NZL
,7227,,2023,12342.538,7527.0,7527.0,,NZL
,722810,,2023,4522.138,1252.0,1252.0,,NZL
,722830,,2023,173038.705,120045.0,120045.0,,NZL
,722840,,2023,18367.961,13505.0,13505.0,,NZL
,722850,,2023,57390.743,48197.0,48197.0,,NZL
,722860,,2023,10076.556,120.0,120.0,,NZL
,722870,,2023,209039.564,88996.0,88996.0,,NZL
,722880,,2023,27524.0,11554.0,11554.0,,NZL
,7229,,2023,28719.628,8759.0,8759.0,,NZL
,7301,,2023,381687.096,15637.0,15637.0,,NZL
,7302,,2023,58996.581,,0.0,,NZL
,722592,,2023,9418.5,8970.0,8970.0,,NIC
,722599,,2023,13665.0,26400.0,26400.0,,NIC
,722830,,2023,2585.7,359.97,359.97,,NIC
,722860,,2023,1236.45,202.84,202.84,,NIC
,722880,,2023,15849.98,7115.71,7115.71,,NIC
,7229,,2023,200.0,20.0,20.0,,NIC
,7301,,2023,20.0,22.26,22.26,,NIC
,7302,,2023,470.0,54.49,54.49,,NIC
,722620,,2023,114627.742,34000.0,34000.0,,PAK
,722820,,2023,1335.265,3000.0,3000.0,,PAK
,722850,,2023,218475.251,98000.0,98000.0,,PAK
,722880,,2023,62.435,2000.0,2000.0,,PAK
,7229,,2023,1759629.949,1602000.0,1602000.0,,PAK
,7301,,2023,16590.519,13000.0,13000.0,,PAK
,7302,,2023,3794.725,3000.0,3000.0,,PAK
,722860,,2023,7.224,,0.0,,PNG
,722870,,2023,32.005,120.0,120.0,,PNG
,7301,,2023,149255.188,1000.0,1000.0,,PNG
,7229,,2023,40014.0,23760.0,23760.0,,PRY
,722599,,2023,395324.9,186978.3,186978.3,,PER
,722619,,2023,24706.38,21506.0,21506.0,,PER
,722620,,2023,45.97,3.08,3.08,,PER
,722691,,2023,107.5,0.38,0.38,,PER
,722699,,2023,72430.16,40338.32,40338.32,,PER
,722810,,2023,62684.09,38740.99,38740.99,,PER
,722820,,2023,477.91,537.6,537.6,,PER
,722830,,2023,44719.99,28677.92,28677.92,,PER
,722840,,2023,12199.46,2513.0,2513.0,,PER
,722850,,2023,47103.81,16682.11,16682.11,,PER
,722860,,2023,21049.57,5785.66,5785.66,,PER
,722870,,2023,24553.26,14764.06,14764.06,,PER
,722880,,2023,2042213.53,222653.66,222653.66,,PER
,7229,,2023,8198.37,4241.2,4241.2,,PER
,7302,,2023,203806.29,63320.65,63320.65,,PER
,722599,,2023,26753.0,20321.8,20321.8,,PHL
,722611,,2023,321494.0,357505.9,357505.9,,PHL
,722699,,2023,6524.0,2563.2,2563.2,,PHL
,7227,,2023,7450.0,837.0,837.0,,PHL
,722840,,2023,29231.0,3625.66,3625.66,,PHL
,722850,,2023,18905.0,49.13,49.13,,PHL
,722860,,2023,90637.0,15086.7,15086.7,,PHL
,722870,,2023,45.0,4.29,4.29,,PHL
,722880,,2023,10588.0,4986.36,4986.36,,PHL
,7229,,2023,4791395.0,95173.13,95173.13,,PHL
,7301,,2023,21856.0,3112.77,3112.77,,PHL
,7302,,2023,260117.0,145971.44,145971.44,,PHL
,7229,,2023,31704.912,0.0,0.0,,QAT
,7301,,2023,124732262.182,0.0,0.0,,QAT
,7302,,2023,60439.559,0.0,0.0,,QAT
,722592,,2023,398538.657,321625.99,321625.99,,SAU
,722599,,2023,1431390.631,954044.457,954044.457,,SAU
,722611,,2023,20187.199,5667.59,5667.59,,SAU
,722619,,2023,47001.332,27483.824,27483.824,,SAU
,722699,,2023,11122.666,5650.026,5650.026,,SAU
,7227,,2023,6900.0,6327.997,6327.997,,SAU
,722810,,2023,752.0,38.369,38.369,,SAU
,722820,,2023,53034.665,43153.541,43153.541,,SAU
,722830,,2023,122843.997,83649.965,83649.965,,SAU
,722840,,2023,40378.666,12116.449,12116.449,,SAU
,722860,,2023,65330.132,21457.956,21457.956,,SAU
,722870,,2023,314068.259,166305.776,166305.776,,SAU
,722880,,2023,892.0,181.848,181.848,,SAU
,7229,,2023,8785029.647,4186421.113,4186421.113,,SAU
,7301,,2023,16799043.047,3903034.732,3903034.732,,SAU
,7302,,2023,6240174.777,2370372.762,2370372.762,,SAU
,7227,,2023,984696.436,2256101.0,2256101.0,,SEN
,722840,,2023,20.443,45.0,45.0,,SEN
,722860,,2023,28528111.137,31282262.0,31282262.0,,SEN
,7301,,2023,2393.542,670.0,670.0,,SEN
,722592,,2023,17653.0,14184.0,14184.0,,SRB
,722599,,2023,12335.0,11184.0,11184.0,,SRB
,722611,,2023,999733.0,288482.0,288482.0,,SRB
,722620,,2023,273.0,198.0,198.0,,SRB
,722691,,2023,10272.0,3682.0,3682.0,,SRB
,722692,,2023,1122.0,803.0,803.0,,SRB
,722699,,2023,52825.0,9299.0,9299.0,,SRB
,7227,,2023,126.0,7.241,7.241,,SRB
,722810,,2023,664.0,36.0,36.0,,SRB
,722820,,2023,2655.0,2594.0,2594.0,,SRB
,722830,,2023,124587.0,65706.0,65706.0,,SRB
,722840,,2023,55682.0,21974.0,21974.0,,SRB
,722850,,2023,2636227.0,919619.0,919619.0,,SRB
,722860,,2023,66845.0,18104.0,18104.0,,SRB
,722870,,2023,36818.0,4435.0,4435.0,,SRB
,722880,,2023,5817.0,630.0,630.0,,SRB
,7229,,2023,2076512.0,2118797.0,2118797.0,,SRB
,7301,,2023,550295.0,441798.0,441798.0,,SRB
,7302,,2023,1318787.0,621784.0,621784.0,,SRB
,722592,,2023,2818414.71,3158368.0,3158368.0,,IND
,722599,,2023,15062000.072,13584204.343,13584204.343,,IND
,722611,,2023,23520342.579,6707459.0,6707459.0,,IND
,722619,,2023,1389751.66,1253772.216,1253772.216,,IND
,722620,,2023,1656475.879,1758670.913,1758670.913,,IND
,722691,,2023,6662458.98,7459610.0,7459610.0,,IND
,722692,,2023,2220889.994,274349.0,274349.0,,IND
,722699,,2023,6039873.48,722424.637,722424.637,,IND
,7227,,2023,18180870.298,,0.0,,IND
,722810,,2023,4289160.952,1681838.299,1681838.299,,IND
,722820,,2023,2172155.007,2300904.0,2300904.0,,IND
,722830,,2023,89684831.155,,0.0,,IND
,722840,,2023,4410335.444,1146888.0,1146888.0,,IND
,722850,,2023,26896712.971,10854871.639,10854871.639,,IND
,722860,,2023,9196647.638,5749164.0,5749164.0,,IND
,722870,,2023,1580448.138,2037245.38,2037245.38,,IND
,722880,,2023,825903.858,272346.199,272346.199,,IND
,7229,,2023,14081960.199,8316915.118,8316915.118,,IND
,7301,,2023,14633994.198,7021573.023,7021573.023,,IND
,7302,,2023,43532883.182,15936011.573,15936011.573,,IND
,722592,,2023,15169603.992,15870150.0,15870150.0,,SGP
,722599,,2023,24401551.162,,0.0,,SGP
,722611,,2023,13008567.71,3866079.515,3866079.515,,SGP
,722619,,2023,4497924.502,4038490.0,4038490.0,,SGP
,722620,,2023,1081795.484,196459.687,196459.687,,SGP
,722691,,2023,13437664.22,1720020.0,1720020.0,,SGP
,722692,,2023,19234977.833,1070290.0,1070290.0,,SGP
,722699,,2023,2130998.797,2411521.158,2411521.158,,SGP
,7227,,2023,527625.062,,0.0,,SGP
,722810,,2023,6365625.28,926140.0,926140.0,,SGP
,722820,,2023,62370.54,16407.588,16407.588,,SGP
,722830,,2023,11165641.66,6707550.0,6707550.0,,SGP
,722840,,2023,17854534.198,2805253.934,2805253.934,,SGP
,722850,,2023,1997376.997,401597.217,401597.217,,SGP
,722860,,2023,9877768.37,3140286.567,3140286.567,,SGP
,722870,,2023,6318983.448,7298423.334,7298423.334,,SGP
,722880,,2023,500367.129,140616.341,140616.341,,SGP
,7229,,2023,4537564.959,870009.431,870009.431,,SGP
,7301,,2023,10537521.585,14008671.977,14008671.977,,SGP
,7302,,2023,1756992.23,740381.975,740381.975,,SGP
,722592,,2023,8841279.172,7135029.739,7135029.739,,VNM
,722599,,2023,430163.75,286710.931,286710.931,,VNM
,722611,,2023,7421252.51,2083529.041,2083529.041,,VNM
,722619,,2023,398887.549,233247.752,233247.752,,VNM
,722691,,2023,35832.49,15866.255,15866.255,,VNM
,722692,,2023,668425.78,,0.0,,VNM
,722699,,2023,704148.863,357689.363,357689.363,,VNM
,7227,,2023,46228028.57,44766257.962,44766257.962,,VNM
,722810,,2023,29411.472,1500.646,1500.646,,VNM
,722820,,2023,49027.09,39892.635,39892.635,,VNM
,722830,,2023,3837645.63,2613224.336,2613224.336,,VNM
,722850,,2023,108735.355,45363.53,45363.53,,VNM
,722860,,2023,3457649.597,1135679.523,1135679.523,,VNM
,722870,,2023,6834511.502,3619018.187,3619018.187,,VNM
,722880,,2023,42613.455,8687.424,8687.424,,VNM
,7229,,2023,94154118.562,46299781.7,46299781.7,,VNM
,7301,,2023,8322658.585,6129004.234,6129004.234,,VNM
,7302,,2023,316138.133,211696.867,211696.867,,VNM
,722592,,2023,262152.682,164991.88,164991.88,,ZAF
,722599,,2023,6296720.731,,0.0,,ZAF
,722611,,2023,31540.667,44781.4,44781.4,,ZAF
,722619,,2023,1984.364,1102.0,1102.0,,ZAF
,722620,,2023,193883.179,120521.544,120521.544,,ZAF
,722691,,2023,1523.665,638.0,638.0,,ZAF
,722692,,2023,92278.887,64368.77,64368.77,,ZAF
,722699,,2023,829826.47,670127.05,670127.05,,ZAF
,7227,,2023,587973.736,459960.53,459960.53,,ZAF
,722810,,2023,381327.311,234727.57,234727.57,,ZAF
,722820,,2023,76417.796,29479.12,29479.12,,ZAF
,722830,,2023,514604.246,338386.61,338386.61,,ZAF
,722840,,2023,226188.985,128793.0,128793.0,,ZAF
,722850,,2023,265999.19,215799.52,215799.52,,ZAF
,722860,,2023,8484744.24,7818064.46,7818064.46,,ZAF
,722870,,2023,1957853.167,1683522.32,1683522.32,,ZAF
,722880,,2023,6332460.258,1297474.04,1297474.04,,ZAF
,7229,,2023,1328234.02,951044.47,951044.47,,ZAF
,7301,,2023,14064537.766,2869144.687,2869144.687,,ZAF
,7302,,2023,11093741.148,4980440.686,4980440.686,,ZAF
,722860,,2023,298.85,1165.0,0.0,,ZWE
,722870,,2023,158532.07,206062.0,548000.0,,ZWE
,722880,,2023,605.62,3000.0,10000.0,,ZWE
,7229,,2023,297.98,10.0,10.0,,ZWE
,7301,,2023,9993.14,12002.0,13000.0,,ZWE
,722592,,2023,86162.95,8564.8,8564.8,,SWZ
,722860,,2023,37.98,15.0,15.0,,SWZ
,722870,,2023,85.83,10.0,10.0,,SWZ
,722880,,2023,2406.92,300.0,300.0,,SWZ
,7229,,2023,5786.8,709.16,709.16,,SWZ
,7302,,2023,929.19,2000.0,2000.0,,SWZ
,722592,,2023,229128.219,226523.0,226523.0,,THA
,722599,,2023,13213819.38,10571469.0,10571469.0,,THA
,722611,,2023,1145316.325,2434034.0,2434034.0,,THA
,722619,,2023,1000672.972,615344.0,615344.0,,THA
,722620,,2023,26080.819,5102.0,5102.0,,THA
,722691,,2023,250802.269,8340.0,8340.0,,THA
,722692,,2023,36066.29,17845.416,17845.416,,THA
,722699,,2023,525584.821,493514.0,493514.0,,THA
,7227,,2023,3536785.769,,0.0,,THA
,722810,,2023,378468.688,585595.821,585595.821,,THA
,722820,,2023,4356.326,502.0,502.0,,THA
,722830,,2023,9402613.666,13339318.0,13339318.0,,THA
,722840,,2023,1360482.938,411947.0,411947.0,,THA
,722850,,2023,8910224.78,3995124.0,3995124.0,,THA
,722860,,2023,2632666.196,3411527.0,3411527.0,,THA
,722870,,2023,3310399.211,5609148.293,5609148.293,,THA
,722880,,2023,2006517.112,368338.504,368338.504,,THA
,7229,,2023,22643576.974,19370610.817,19370852.817,,THA
,7301,,2023,14283449.033,,0.0,,THA
,7302,,2023,1960320.844,2220561.503,2220561.503,,THA
,722860,,2023,12364.575,74.0,74.0,,TGO
,722592,,2023,301.322,205.0,205.0,,TTO
,722599,,2023,2726.857,610.0,610.0,,TTO
,722691,,2023,3407.275,4231.0,4231.0,,TTO
,722699,,2023,7712.885,3152.0,3152.0,,TTO
,7227,,2023,2017.699,183.0,183.0,,TTO
,722810,,2023,6300.792,5380.0,5380.0,,TTO
,722820,,2023,1022.182,696.0,696.0,,TTO
,722830,,2023,5654297.112,7239116.0,7239116.0,,TTO
,722860,,2023,339963.23,325253.559,325253.559,,TTO
,722870,,2023,136715.427,72908.0,72908.0,,TTO
,7229,,2023,6215.907,2568.0,2568.0,,TTO
,7301,,2023,293149.643,816047.0,816047.0,,TTO
,7302,,2023,19168.44,8397.0,8397.0,,TTO
,722592,,2023,1303556.143,1214041.483,1214041.483,,ARE
,722599,,2023,650329.801,315798.0,315798.0,,ARE
,722611,,2023,25054859.94,8170257.7,8170257.7,,ARE
,722619,,2023,3509.598,633.0,633.0,,ARE
,722620,,2023,76.242,56.0,56.0,,ARE
,722691,,2023,110194.418,47377.0,47377.0,,ARE
,722699,,2023,245415.914,,0.0,,ARE
,7227,,2023,36741244.94,59891500.8,59891500.8,,ARE
,722810,,2023,466370.574,231661.81,231661.81,,ARE
,722820,,2023,154518.318,52032.74,52032.74,,ARE
,722830,,2023,12118405.05,,0.0,,ARE
,722840,,2023,2137148.147,687253.599,687253.599,,ARE
,722850,,2023,5246862.062,1227342.0,1227342.0,,ARE
,722860,,2023,697995.659,357980.04,357980.04,,ARE
,722870,,2023,4255694.517,2519936.04,2519936.04,,ARE
,722880,,2023,2884585.101,517194.37,517194.37,,ARE
,7229,,2023,2368752.811,1931715.47,1931715.47,,ARE
,7301,,2023,116877264.306,,0.0,,ARE
,7302,,2023,12868230.35,8138398.67,8138398.67,,ARE
,722692,,2023,36761.956,1773.0,1773.0,,TUN
,722699,,2023,1742342.083,1422981.0,1422981.0,,TUN
,7227,,2023,9911.979,3500.0,3500.0,,TUN
,722840,,2023,431.411,115.0,115.0,,TUN
,722870,,2023,28241.124,4578.0,4578.0,,TUN
,7229,,2023,28793.124,3486.0,3486.0,,TUN
,7301,,2023,473.483,20.0,20.0,,TUN
,7302,,2023,7977.338,106.0,106.0,,TUN
,722592,,2023,17805815.0,16750263.0,16750263.0,,TUR
,722599,,2023,13265884.0,4265045.0,4265045.0,,TUR
,722611,,2023,21081730.0,4785993.0,4785993.0,,TUR
,722619,,2023,2273952.0,2089329.0,2089329.0,,TUR
,722620,,2023,205856.0,2098.0,2098.0,,TUR
,722691,,2023,624484.0,515947.0,515947.0,,TUR
,722692,,2023,7548462.0,6681091.0,6681091.0,,TUR
,722699,,2023,17496309.0,15638719.0,15638719.0,,TUR
,7227,,2023,12516445.0,16899507.0,16899507.0,,TUR
,722810,,2023,1504650.0,536765.0,536765.0,,TUR
,722820,,2023,264025.0,64499.0,64499.0,,TUR
,722830,,2023,195114879.0,183930830.0,183930830.0,,TUR
,722840,,2023,11222675.0,3531719.0,3531719.0,,TUR
,722850,,2023,44584209.0,38949291.0,38949291.0,,TUR
,722860,,2023,525761.0,356807.0,356807.0,,TUR
,722870,,2023,10725483.0,11934522.0,11934522.0,,TUR
,722880,,2023,152711.0,85894.0,85894.0,,TUR
,7229,,2023,150842580.0,142857337.0,142857337.0,,TUR
,7301,,2023,6887063.0,2418614.0,2418614.0,,TUR
,7302,,2023,63942725.0,34879245.0,34879245.0,,TUR
,722619,,2023,1355.24,1200.0,1200.0,,UGA
,722620,,2023,4999.62,3800.0,3800.0,,UGA
,722699,,2023,1524.59,1440.0,1440.0,,UGA
,722810,,2023,7914.76,5000.0,5000.0,,UGA
,722820,,2023,2.98,8.0,8.0,,UGA
,722840,,2023,4412.33,3499.3,3499.3,,UGA
,722850,,2023,17222.37,8000.0,8000.0,,UGA
,722860,,2023,2130.87,1114.07,1114.07,,UGA
,7229,,2023,30129.28,20650.0,20650.0,,UGA
,7301,,2023,340805.1,294452.0,294452.0,,UGA
,7302,,2023,3561.13,2532.0,2532.0,,UGA
,722592,,2023,3579.03,720.0,720.0,,UKR
,722599,,2023,564.18,306.0,306.0,,UKR
,722620,,2023,196543.48,2092.0,2092.0,,UKR
,7227,,2023,19290956.88,32569782.0,32569782.0,,UKR
,722810,,2023,1562164.88,75154.0,75154.0,,UKR
,722820,,2023,167465.27,195996.0,195996.0,,UKR
,722830,,2023,3042859.61,1974051.7,1974051.7,,UKR
,722840,,2023,89020.1,25396.0,25396.0,,UKR
,722850,,2023,18397380.58,7517746.0,7517746.0,,UKR
,722860,,2023,84434.43,51141.0,51141.0,,UKR
,722870,,2023,39679.56,18211.82,18211.82,,UKR
,7229,,2023,4636054.92,4850513.524,4850513.524,,UKR
,7301,,2023,1904.12,485.869,485.869,,UKR
,7302,,2023,2418297.03,4421936.3,4421936.3,,UKR
,722830,,2023,2281.602,2031.0,2031.0,,MKD
,722850,,2023,2425.666,1127.0,1127.0,,MKD
,722880,,2023,503763.677,51547.0,51547.0,,MKD
,7229,,2023,2239218.604,1349916.0,1349916.0,,MKD
,7301,,2023,6501232.046,2755797.0,2755797.0,,MKD
,7302,,2023,13249.319,2528.0,2528.0,,MKD
,722611,,2023,29030.0,8150.221,8150.221,,EGY
,722692,,2023,161.2,,0.0,,EGY
,722699,,2023,500.0,253.987,253.987,,EGY
,722820,,2023,4632441.141,3769350.427,3769350.427,,EGY
,722830,,2023,10901732.072,7423476.345,7423476.345,,EGY
,722860,,2023,991244.0,325578.252,325578.252,,EGY
,722870,,2023,65400.0,34630.681,34630.681,,EGY
,7229,,2023,387768.507,184739.641,184739.641,,EGY
,7301,,2023,3054511.93,1094670.839,1094670.839,,EGY
,7302,,2023,1112625.55,307721.709,307721.709,,EGY
,722592,,2023,107528555.373,100812773.0,100812773.0,,GBR
,722599,,2023,272695861.69,158725218.0,158725218.0,,GBR
,722611,,2023,1099131.423,1521706.0,1521706.0,,GBR
,722619,,2023,164383.597,9169.0,9169.0,,GBR
,722620,,2023,251590.068,38509.0,38509.0,,GBR
,722691,,2023,32294401.92,8292305.302,8292305.302,,GBR
,722692,,2023,1478608.407,184243.529,184243.529,,GBR
,722699,,2023,978528.183,177359.0,177359.0,,GBR
,7227,,2023,43878502.895,,0.0,,GBR
,722810,,2023,3192401.213,173019.334,173019.334,,GBR
,722820,,2023,1732286.628,417259.959,417259.959,,GBR
,722830,,2023,91317185.36,,0.0,,GBR
,722840,,2023,13030096.913,1221565.944,1221565.944,,GBR
,722850,,2023,26640727.587,2540970.14,2540970.14,,GBR
,722860,,2023,6413474.749,,0.0,,GBR
,722870,,2023,47820535.966,36299728.254,36299728.254,,GBR
,722880,,2023,5408249.287,1051078.966,1051078.966,,GBR
,7229,,2023,17699789.009,,0.0,,GBR
,7301,,2023,36891208.79,,0.0,,GBR
,7302,,2023,125718508.368,,0.0,,GBR
,7227,,2023,249.26,500.0,500.0,,TZA
,722810,,2023,86582.61,112000.0,112000.0,,TZA
,722840,,2023,25683.52,45000.0,45000.0,,TZA
,722860,,2023,311696.46,131284.83,131284.83,,TZA
,722870,,2023,264.41,120.0,120.0,,TZA
,722880,,2023,698.9,239.0,239.0,,TZA
,7229,,2023,297.61,225.0,225.0,,TZA
,7301,,2023,507.71,300.0,300.0,,TZA
,7302,,2023,50106.09,27750.0,27750.0,,TZA
,722592,,2023,551820930.0,381639805.0,381639805.0,,USA
,722599,,2023,273498217.0,183193856.0,183193856.0,,USA
,722611,,2023,33083939.0,10203115.0,10203115.0,,USA
,722619,,2023,29895105.0,8771277.0,8771277.0,,USA
,722620,,2023,2872460.0,721506.0,721506.0,,USA
,722691,,2023,99675328.0,67759000.0,67759000.0,,USA
,722692,,2023,106023619.0,46872425.0,46872425.0,,USA
,722699,,2023,104065793.0,56241615.0,56241615.0,,USA
,7227,,2023,36755213.0,24750401.809,24750401.809,,USA
,722810,,2023,23792476.0,3303344.0,3303344.0,,USA
,722820,,2023,3292585.0,2291371.0,2291371.0,,USA
,722830,,2023,389234317.0,227634623.0,227634623.0,,USA
,722840,,2023,25795167.0,5461883.0,5461883.0,,USA
,722850,,2023,215855691.0,62637100.0,62637100.0,,USA
,722860,,2023,58237720.0,13893100.0,13893100.0,,USA
,722870,,2023,35767267.0,11686122.0,11686122.0,,USA
,722880,,2023,6129289.0,722445.0,722445.0,,USA
,7229,,2023,92341419.0,,0.0,,USA
,7301,,2023,61806698.0,,0.0,,USA
,7302,,2023,332056961.0,210042342.757,210042342.757,,USA
,722611,,2023,93011.0,99180.0,99180.0,,URY
,722699,,2023,2580.0,4.5,4.5,,URY
,722611,,2023,330.0,80.0,80.0,,UZB
,722692,,2023,94838.0,22320.0,22320.0,,UZB
,722699,,2023,381441.0,477900.0,477900.0,,UZB
,722820,,2023,290026.0,396370.0,396370.0,,UZB
,722830,,2023,7936354.98,12606190.0,12606190.0,,UZB
,7229,,2023,16372.0,10420.0,10420.0,,UZB
,7301,,2023,770.0,220.0,220.0,,UZB
,7302,,2023,159197.0,212240.0,212240.0,,UZB
,722599,,2023,112.208,2370.0,2370.0,,ZMB
,7227,,2023,90.262,0.67,0.67,,ZMB
,722810,,2023,1207.512,1.0,1.0,,ZMB
,722830,,2023,10426.922,11354.76,11354.76,,ZMB
,722840,,2023,6404.924,10252.0,10252.0,,ZMB
,722850,,2023,6777.965,802.0,802.0,,ZMB
,722860,,2023,448466.795,120043.0,120043.0,,ZMB
,722870,,2023,22757.854,53000.0,53000.0,,ZMB
,722880,,2023,957.014,3755.0,3755.0,,ZMB
,7229,,2023,13647.352,6964.7,6964.7,,ZMB
,7301,,2023,220392.592,260473.6,260473.6,,ZMB
,7302,,2023,195313.321,106899.112,106899.112,,ZMB
,722619,,2024,30300.0,303000.0,438700.0,,ECU
,722699,,2024,174.6,0.77,0.77,,ECU
,722830,,2024,16076.19,17111.63,17112.49,,ECU
,7229,,2024,4420385.28,4063731.0,4069243.0,,ECU
,7302,,2024,4523.68,758.82,650.82,,ECU
,722592,,2024,1660022.56,1125153.0,1125153.0,,SLV
,722599,,2024,29360219.31,17375292.6,17375292.6,,SLV
,722620,,2024,2634.15,288.0,288.0,,SLV
,722699,,2024,4921665.46,3326380.08,3326380.08,,SLV
,722830,,2024,3.0,2.91,2.91,,SLV
,722860,,2024,31549.6,16376.8,16376.8,,SLV
,722880,,2024,45868.44,36809.0,36809.0,,SLV
,7229,,2024,15286.42,15123.0,15123.0,,SLV
,7301,,2024,9054.56,5521.0,5521.0,,SLV
,7302,,2024,51.5,93.9,93.9,,SLV
,722592,,2024,610039.04,600983.0,600983.0,,IDN
,722599,,2024,41140.61,71408.0,71408.0,,IDN
,722611,,2024,942739.569,864128.0,864128.0,,IDN
,722619,,2024,5038.467,3741.98,3741.98,,IDN
,722620,,2024,272439.65,348583.5,348583.5,,IDN
,722691,,2024,2612.76,1099.0,1099.0,,IDN
,722692,,2024,26185.278,9428.95,9428.95,,IDN
,722699,,2024,129070.44,31598.96,31598.96,,IDN
,7227,,2024,22984.275,,0.0,,IDN
,722810,,2024,222927.089,35946.478,35946.478,,IDN
,722820,,2024,13812.0,8395.0,8395.0,,IDN
,722830,,2024,125370.906,114243.1,114243.1,,IDN
,722840,,2024,231423.676,,0.0,,IDN
,722850,,2024,63407.352,71494.45,71494.45,,IDN
,722860,,2024,177788.401,210495.41,210495.41,,IDN
,722870,,2024,5675.741,5010.78,5010.78,,IDN
,722880,,2024,131785.408,37916.68,37916.68,,IDN
,7229,,2024,19063965.034,6089090.956,6089090.956,,IDN
,7301,,2024,749671.38,,0.0,,IDN
,7302,,2024,3543582.349,2113895.963,2113895.963,,IDN
,722599,,2024,58000.0,40359.779,40359.779,,ISR
,722619,,2024,47000.0,934.0,934.0,,ISR
,722810,,2024,140000.0,7395.32,7395.32,,ISR
,722820,,2024,398000.0,375572.903,375572.903,,ISR
,722830,,2024,86000.0,66983.516,66983.516,,ISR
,722840,,2024,7000.0,2254.446,2254.446,,ISR
,722850,,2024,2000.0,906.77,906.77,,ISR
,722860,,2024,21000.0,7529.471,7529.471,,ISR
,722870,,2024,49000.0,30791.992,30791.992,,ISR
,7229,,2024,228000.0,187066.0,187066.0,,ISR
,7301,,2024,135000.0,38332.459,38332.459,,ISR
,7302,,2024,121000.0,35534.04,35534.04,,ISR
,722810,,2024,1241.546,1.0,1.0,,CIV
,722880,,2024,1362.061,711.0,711.0,,CIV
,7229,,2024,3323.417,1545.0,1545.0,,CIV
,7301,,2024,25330.594,247033.0,247033.0,,CIV
,7302,,2024,4858.66,4112.0,4112.0,,CIV
,722830,,2024,596041.0,676848.0,676848.0,,JAM
,7229,,2024,63.0,2.0,2.0,,JAM
,7302,,2024,181818.0,6266.45,6266.45,,JAM
,722592,,2024,453588079.915,374546040.0,374546040.0,,JPN
,722599,,2024,298111585.085,222468549.0,222468549.0,,JPN
,722611,,2024,43595315.814,15131773.0,15131773.0,,JPN
,722619,,2024,25568008.176,18861088.0,18861088.0,,JPN
,722620,,2024,7118611.892,558847.0,558847.0,,JPN
,722691,,2024,46578132.836,9004283.0,9004283.0,,JPN
,722692,,2024,85702942.572,13031767.0,13031767.0,,JPN
,722699,,2024,26035767.488,5937813.0,5937813.0,,JPN
,7227,,2024,629478879.892,450227224.0,450227224.0,,JPN
,722810,,2024,42379946.275,2911242.0,2911242.0,,JPN
,722820,,2024,34010250.159,29846639.0,29846639.0,,JPN
,722830,,2024,490544580.174,415372274.0,415372274.0,,JPN
,722840,,2024,77840763.624,19825323.0,19825323.0,,JPN
,722850,,2024,81675791.43,26755661.0,26755661.0,,JPN
,722860,,2024,7181380.153,1571731.0,1571731.0,,JPN
,722870,,2024,17395931.995,9888911.0,9888911.0,,JPN
,722880,,2024,10498710.19,3598769.0,3598769.0,,JPN
,7229,,2024,244796477.464,93093473.036,93093473.036,,JPN
,7301,,2024,48416157.452,61605307.286,61605307.286,,JPN
,7302,,2024,405282138.536,366567244.0,366567244.0,,JPN
,7227,,2024,2021.0,84.0,84.0,,MDA
,722860,,2024,62596.0,7856.0,7856.0,,MDA
,7229,,2024,50.0,24.051,24.051,,MDA
,7301,,2024,30.0,70.0,70.0,,MDA
,722840,,2024,49071.395,12802.2,12802.2,,MNE
,7302,,2024,40695.505,42560.0,42560.0,,MNE
,722599,,2024,11818.119,16100.0,16100.0,,MAR
,722611,,2024,8789994.511,3220282.0,3220282.0,,MAR
,722692,,2024,15711.35,1956.0,1956.0,,MAR
,722830,,2024,442.551,497.5,497.5,,MAR
,722840,,2024,198641.667,50281.0,50281.0,,MAR
,722850,,2024,7260.284,850.0,850.0,,MAR
,722860,,2024,397.29,6.0,6.0,,MAR
,7229,,2024,534.682,206.0,206.0,,MAR
,7301,,2024,166.227,10.0,10.0,,MAR
,7302,,2024,42375.753,26173.83,26173.83,,MAR
,722880,,2024,2860.8,960.0,960.0,,MOZ
,7301,,2024,43191.4,72.0,72.0,,MOZ
,7302,,2024,33613.0,26489.0,26489.0,,MOZ
,722620,,2024,2455.137,7200.0,7200.0,,OMN
,7227,,2024,13.004,10.0,10.0,,OMN
,722810,,2024,413.524,1484.0,1484.0,,OMN
,722830,,2024,498202.86,94820.0,94820.0,,OMN
,722840,,2024,20473.342,2205.0,2205.0,,OMN
,722850,,2024,213773.732,137577.0,137577.0,,OMN
,722860,,2024,5113.134,5655.0,5655.0,,OMN
,722870,,2024,520.156,210.0,210.0,,OMN
,7229,,2024,2605.982,5752.0,5752.0,,OMN
,7301,,2024,30423604.634,41321327.0,41321327.0,,OMN
,7302,,2024,2655.397,1286.0,1286.0,,OMN
,722592,,2024,1679.161,96.0,96.0,,NAM
,722699,,2024,100.513,10.11,10.11,,NAM
,7227,,2024,412.107,,0.0,,NAM
,722830,,2024,27209863.644,2124066.0,2124066.0,,NAM
,722840,,2024,2109.145,1384.0,1384.0,,NAM
,722850,,2024,325.091,100.0,100.0,,NAM
,722860,,2024,4966.074,658.59,658.59,,NAM
,722870,,2024,4628.542,8654.82,8654.82,,NAM
,722880,,2024,70340.786,12700.0,12700.0,,NAM
,7229,,2024,217.249,16.68,16.68,,NAM
,7301,,2024,6973.497,870.37,870.37,,NAM
,7302,,2024,2689.896,41467.0,41467.0,,NAM
,722692,,2024,1283.053,395.0,395.0,,NZL
,722699,,2024,160010.085,15693.0,15693.0,,NZL
,7227,,2024,1582.029,,0.0,,NZL
,722810,,2024,6780.817,1236.0,1236.0,,NZL
,722820,,2024,1667.364,40.0,40.0,,NZL
,722830,,2024,5483.238,,0.0,,NZL
,722840,,2024,11664.893,3205.731,3205.731,,NZL
,722850,,2024,804.935,43.0,43.0,,NZL
,722860,,2024,93796.052,62765.0,62765.0,,NZL
,722870,,2024,122287.707,68864.0,68864.0,,NZL
,722880,,2024,30927.036,3958.0,3958.0,,NZL
,7229,,2024,56566.923,31130.0,31130.0,,NZL
,7301,,2024,250407.255,47848.726,47848.726,,NZL
,7302,,2024,202896.148,17898.0,17898.0,,NZL
,722599,,2024,170273.6,116419.0,116419.0,,NIC
,722691,,2024,2011.9,887.0,887.0,,NIC
,722860,,2024,103.0,14.2,14.2,,NIC
,722870,,2024,1322920.8,1445161.0,1445161.0,,NIC
,722880,,2024,82408.8,20318.0,20318.0,,NIC
,7301,,2024,580.6,73.2,73.2,,NIC
,7302,,2024,276.0,30.0,30.0,,NIC
,722599,,2024,44.939,1000.0,1000.0,,PAK
,722620,,2024,212522.28,51000.0,51000.0,,PAK
,7227,,2024,429.116,3000.0,3000.0,,PAK
,722820,,2024,19773.336,19000.0,19000.0,,PAK
,722840,,2024,22492.691,3000.0,3000.0,,PAK
,7229,,2024,304264.465,315000.0,315000.0,,PAK
,7301,,2024,40.47,1000.0,1000.0,,PAK
,7302,,2024,760.25,2000.0,2000.0,,PAK
,722830,,2024,33273.0,39445.0,39445.0,,PAN
,722860,,2024,2160.0,2496.0,2496.0,,PAN
,722870,,2024,139347.0,161974.0,161974.0,,PAN
,722880,,2024,64618.0,38136.0,38136.0,,PAN
,7229,,2024,4959.0,4032.0,4032.0,,PAN
,7301,,2024,118048.0,79494.0,79494.0,,PAN
,7229,,2024,131112.0,77760.0,77760.0,,PRY
,722599,,2024,914117.42,487725.838,487725.838,,PER
,722699,,2024,123059.56,106588.6,106588.6,,PER
,722810,,2024,173096.546,128944.914,128944.914,,PER
,722830,,2024,1374808.837,1968907.678,1968907.678,,PER
,722840,,2024,41463.955,18737.455,18737.455,,PER
,722850,,2024,18276.83,7250.52,7250.52,,PER
,722860,,2024,115657.171,27428.01,27428.01,,PER
,722870,,2024,139098.603,114162.51,114162.51,,PER
,722880,,2024,759155.893,72500.895,72500.895,,PER
,7229,,2024,8757.263,217.088,217.088,,PER
,7302,,2024,94862.567,41504.929,41504.929,,PER
,722592,,2024,3378.0,10618.0,10618.0,,PHL
,722699,,2024,150.0,78.1,78.1,,PHL
,7227,,2024,100.0,97.0,97.0,,PHL
,722810,,2024,2004.0,328.36,328.36,,PHL
,722840,,2024,8944.0,6465.0,6465.0,,PHL
,722850,,2024,52731.0,5707.98,5707.98,,PHL
,722860,,2024,1419.0,91.92,91.92,,PHL
,722870,,2024,17167.0,43294.76,43294.76,,PHL
,7229,,2024,2707934.0,65502.75,65502.75,,PHL
,7301,,2024,106804.0,,0.0,,PHL
,7302,,2024,1378110.0,337050.89,337050.89,,PHL
,722870,,2024,31849.87,4043.0,4043.0,,SUR
,722592,,2024,29471824.0,28953505.0,28953505.0,,TUR
,722599,,2024,24425501.0,25785629.0,25785629.0,,TUR
,722611,,2024,26888311.0,7729782.0,7729782.0,,TUR
,722619,,2024,1195522.0,1450689.0,1450689.0,,TUR
,722620,,2024,11075.0,389.0,389.0,,TUR
,722691,,2024,1478615.0,836400.0,836400.0,,TUR
,722692,,2024,9118240.0,9000008.0,9000008.0,,TUR
,722699,,2024,15886686.0,15023182.0,15023182.0,,TUR
,7227,,2024,12982669.0,19972796.0,19972796.0,,TUR
,722810,,2024,435052.0,28252.0,28252.0,,TUR
,722820,,2024,245529.0,85169.0,85169.0,,TUR
,722830,,2024,196601086.0,252285701.0,252285701.0,,TUR
,722840,,2024,8140255.0,2540243.0,2540243.0,,TUR
,722850,,2024,45423636.0,42056803.0,42056803.0,,TUR
,722860,,2024,1153832.0,669702.0,669702.0,,TUR
,722870,,2024,16121501.0,21264580.0,21264580.0,,TUR
,722880,,2024,150120.0,56139.0,56139.0,,TUR
,7229,,2024,121318229.0,123112531.0,123112531.0,,TUR
,7301,,2024,5599097.0,2165880.0,2165880.0,,TUR
,7302,,2024,68316633.0,48865759.385,48865759.385,,TUR
,7301,,2024,299281.977,121352.0,121352.0,,ALB
,7227,,2024,5005079.284,4880317.622,4880317.622,,DZA
,7229,,2024,223051.281,113462.862,113462.862,,DZA
,7302,,2024,3450.422,2573.513,2573.513,,DZA
,722699,,2024,256.0,,0.0,,AGO
,722850,,2024,64.0,789.0,789.0,,AGO
,722860,,2024,688.1,50.0,50.0,,AGO
,7229,,2024,548.02,25.0,25.0,,AGO
,7301,,2024,37066.91,1208.87,1208.87,,AGO
,7302,,2024,580730.38,76633.0,76633.0,,AGO
,7301,,2024,15.0,11.5,11.5,,AZE
,7302,,2024,56171.89,30560.0,30560.0,,AZE
,722599,,2024,9753824.251,1688947.0,1688947.0,,AUS
,722691,,2024,10802.728,2000.0,2000.0,,AUS
,722692,,2024,13487.902,680.0,680.0,,AUS
,722699,,2024,2979571.085,3796980.0,3796980.0,,AUS
,7227,,2024,77566.487,8110.0,8110.0,,AUS
,722810,,2024,474027.247,65620.0,65620.0,,AUS
,722820,,2024,31484.308,4260.0,4260.0,,AUS
,722830,,2024,21011916.1,23826860.0,23826860.0,,AUS
,722840,,2024,203647.582,74600.0,74600.0,,AUS
,722850,,2024,235329.203,87050.0,87050.0,,AUS
,722860,,2024,791494.134,164721.0,164721.0,,AUS
,722870,,2024,1148050.133,738374.0,738374.0,,AUS
,722880,,2024,2491383.488,660446.0,660446.0,,AUS
,7229,,2024,199100.141,346725.0,346725.0,,AUS
,7301,,2024,1450953.466,600720.0,600720.0,,AUS
,7302,,2024,32285640.559,15264121.429,15264121.429,,AUS
,722592,,2024,20.691,180.0,180.0,,BHR
,722699,,2024,558.511,1200.0,1200.0,,BHR
,7227,,2024,5817.606,300.0,300.0,,BHR
,722810,,2024,76.622,77.0,77.0,,BHR
,722830,,2024,4078.431,1578.0,1578.0,,BHR
,722850,,2024,27.314,17.74,17.74,,BHR
,722860,,2024,14361.702,2700.0,2700.0,,BHR
,722880,,2024,111946.117,44395.0,44395.0,,BHR
,7229,,2024,6568.963,1034.3,1034.3,,BHR
,7301,,2024,32502191.018,36750148.74,36750148.74,,BHR
,7302,,2024,63790.053,6929.0,6929.0,,BHR
,722692,,2024,183.46,8.898,8.898,,ARM
,7229,,2024,2759.87,315.0,315.0,,ARM
,7302,,2024,465871.0,1331060.0,1331060.0,,ARM
,722860,,2024,6726.38,20000.0,20000.0,,BOL
,722870,,2024,1798.27,498.56,498.56,,BOL
,722880,,2024,1890.37,1.0,1.0,,BOL
,7229,,2024,153582.44,150957.1,150957.1,,BOL
,7301,,2024,2738.15,33.98,33.98,,BOL
,722592,,2024,146461.363,9060.0,9060.0,,BIH
,722599,,2024,1314.199,307.0,307.0,,BIH
,722692,,2024,810.333,100.0,100.0,,BIH
,722699,,2024,21059.254,6062.86,6062.86,,BIH
,7227,,2024,1823.991,1763.0,1763.0,,BIH
,722810,,2024,293.225,117.6,117.6,,BIH
,722830,,2024,13185.654,3990.14,3990.14,,BIH
,722850,,2024,109540.51,20254.6,20254.6,,BIH
,722860,,2024,43184.526,14459.86,14459.86,,BIH
,722870,,2024,976.463,251.44,251.44,,BIH
,7229,,2024,37497.695,21390.22,21390.22,,BIH
,7301,,2024,95902.881,147101.13,147101.13,,BIH
,7302,,2024,308897.652,404520.72,404520.72,,BIH
,722592,,2024,58670062.0,46927297.987,46860522.987,,BRA
,722599,,2024,5679416.0,2818918.0,2818918.0,,BRA
,722611,,2024,382146.0,256428.0,256428.0,,BRA
,722619,,2024,7613.0,9314.0,9314.0,,BRA
,722620,,2024,5361.0,693.241,693.241,,BRA
,722691,,2024,93921.0,37518.0,37518.0,,BRA
,722692,,2024,5291836.0,2741465.0,2741474.0,,BRA
,722699,,2024,2936104.0,458754.0,457253.0,,BRA
,7227,,2024,31216972.0,,0.0,,BRA
,722810,,2024,11140386.0,862741.62,862741.62,,BRA
,722820,,2024,1699154.0,1750727.0,1750727.0,,BRA
,722830,,2024,80949314.0,,0.0,,BRA
,722840,,2024,868691.0,164355.298,164355.298,,BRA
,722850,,2024,64695427.0,19548990.886,19548956.886,,BRA
,722860,,2024,223114.0,,0.0,,BRA
,722870,,2024,96471.0,49215.244,49215.244,,BRA
,722880,,2024,86861.0,31307.0,31307.0,,BRA
,7229,,2024,9880421.0,6284436.492,6284436.492,,BRA
,7301,,2024,351213.0,181490.0,181490.0,,BRA
,7302,,2024,11757576.0,,0.0,,BRA
,7227,,2024,13473.528,90000.0,90000.0,,BRN
,722880,,2024,128032.799,168553.0,168553.0,,BRN
,7301,,2024,30687.233,33243.83,33243.83,,BRN
,7229,,2024,4909.28,351.12,351.12,,KHM
,7301,,2024,4402.2,1335.84,1335.84,,KHM
,722592,,2024,388911791.483,284392465.0,284392465.0,,CAN
,722599,,2024,77175874.935,49210675.0,49210675.0,,CAN
,722611,,2024,30223609.216,8758575.0,8758575.0,,CAN
,722619,,2024,1231949.063,407620.0,407620.0,,CAN
,722620,,2024,32684.465,2640.0,2640.0,,CAN
,722691,,2024,13474386.405,10225876.0,10225876.0,,CAN
,722692,,2024,1903685.111,1383837.0,1383837.0,,CAN
,722699,,2024,33529889.351,22933908.0,22933908.0,,CAN
,7227,,2024,241335484.604,217413594.0,217413594.0,,CAN
,722810,,2024,4106847.443,1002614.0,1002614.0,,CAN
,722820,,2024,66876.294,65245.0,65245.0,,CAN
,722830,,2024,294348587.343,272064535.0,272064535.0,,CAN
,722840,,2024,4569487.417,1616905.0,1616905.0,,CAN
,722850,,2024,20057719.2,5783570.0,5783570.0,,CAN
,722860,,2024,922929.673,251929.0,251929.0,,CAN
,722870,,2024,3559301.359,2894376.0,2894376.0,,CAN
,722880,,2024,1532563.332,268409.0,268409.0,,CAN
,7229,,2024,34087290.784,19909592.0,19909592.0,,CAN
,7301,,2024,9078826.304,6486241.454,6486241.454,,CAN
,7302,,2024,22788194.947,13481908.0,13481908.0,,CAN
,722599,,2024,19.995,2.0,2.0,,LKA
,722810,,2024,850.838,400.0,400.0,,LKA
,722830,,2024,3393.408,1936.0,1936.0,,LKA
,722840,,2024,36.753,12.0,12.0,,LKA
,722860,,2024,2672.762,357.0,357.0,,LKA
,722880,,2024,157.73,129.0,129.0,,LKA
,7229,,2024,3676.028,,0.0,,LKA
,7301,,2024,70143.003,54324.0,54324.0,,LKA
,7302,,2024,52340.356,5292.0,5292.0,,LKA
,722691,,2024,16169.94,5351.0,5351.0,,CHL
,722699,,2024,91.4,1.81,1.81,,CHL
,7227,,2024,210802.72,286852.0,286852.0,,CHL
,722830,,2024,81486185.89,118167864.11,118167864.11,,CHL
,722860,,2024,10190.979,4380.92,4380.92,,CHL
,722870,,2024,1679576.83,2246427.3,2246427.3,,CHL
,722880,,2024,6658311.79,1532654.727,1532654.727,,CHL
,7229,,2024,151574.061,29007.95,29007.95,,CHL
,7301,,2024,27816.38,757.56,757.56,,CHL
,7302,,2024,160821.598,125492.115,125492.115,,CHL
,722592,,2024,647909017.0,881224421.0,881224421.0,,CHN
,722599,,2024,678002263.0,907417000.0,907417000.0,,CHN
,722611,,2024,69528644.0,35363542.0,35363542.0,,CHN
,722619,,2024,142905761.0,96510875.0,96510875.0,,CHN
,722620,,2024,5013705.0,805136.0,805136.0,,CHN
,722691,,2024,121468508.0,78239772.0,78239772.0,,CHN
,722692,,2024,44131411.0,31027886.625,31027886.625,,CHN
,722699,,2024,69617942.0,54179000.791,54179000.791,,CHN
,7227,,2024,817374530.0,1431591148.0,1431591148.0,,CHN
,722810,,2024,77709803.0,8940688.761,8940688.761,,CHN
,722820,,2024,16797403.0,22575368.0,22575368.0,,CHN
,722830,,2024,1669017128.0,2270475086.092,2270475086.092,,CHN
,722840,,2024,498144866.0,334573895.0,334573895.0,,CHN
,722850,,2024,85211570.0,62950511.0,62950511.0,,CHN
,722860,,2024,20092825.0,9051342.307,9051342.307,,CHN
,722870,,2024,58156013.0,84781203.986,84781203.986,,CHN
,722880,,2024,7042650.0,3533894.505,3533894.505,,CHN
,7229,,2024,444965682.0,466532503.735,466532503.735,,CHN
,7301,,2024,714456666.0,1150102910.35,1150102910.35,,CHN
,7302,,2024,722820255.0,796013539.0,796013539.0,,CHN
,722592,,2024,5909331.9,5805451.08,5805451.08,,COL
,722599,,2024,2545990.34,2250676.81,2250676.81,,COL
,722611,,2024,519107.17,608230.33,608230.33,,COL
,722619,,2024,5966.88,2613.5,2613.5,,COL
,722691,,2024,107899.66,11323.0,11323.0,,COL
,722692,,2024,131514.87,138702.0,138702.0,,COL
,722699,,2024,163168.17,152003.0,152003.0,,COL
,7227,,2024,1765185.91,2192008.9,2192008.9,,COL
,722810,,2024,87100.21,6242.0,6242.0,,COL
,722820,,2024,1747.64,490.0,490.0,,COL
,722830,,2024,133416.8,89005.64,89005.64,,COL
,722840,,2024,2965.63,1583.0,1583.0,,COL
,722850,,2024,97643.4,17993.9,17993.9,,COL
,722860,,2024,15845.09,1034.94,1034.94,,COL
,722870,,2024,2985115.69,2149679.06,2149679.06,,COL
,722880,,2024,72303.17,3169.73,3169.73,,COL
,7229,,2024,2031387.26,2039414.12,2039414.12,,COL
,7301,,2024,160556.75,20173.43,20173.43,,COL
,7302,,2024,68980.79,15540.16,15540.16,,COL
,722592,,2024,149683.24,138144.4,138144.4,,CRI
,722599,,2024,578475.62,,0.0,,CRI
,722620,,2024,5650.0,2591.0,2591.0,,CRI
,722699,,2024,238204.26,1520.71,1520.71,,CRI
,7227,,2024,263678.14,258581.0,258581.0,,CRI
,722830,,2024,511663.52,713844.474,713844.474,,CRI
,722850,,2024,19904.0,1469.75,1469.75,,CRI
,722860,,2024,35111.93,7561.38,7561.38,,CRI
,722870,,2024,1256990.11,808055.9,808055.9,,CRI
,722880,,2024,133484.346,6024.61,6024.61,,CRI
,7229,,2024,1369154.46,1293528.49,1293528.49,,CRI
,7301,,2024,15067.6,11677.0,11677.0,,CRI
,7302,,2024,7519.38,3466.09,3466.09,,CRI
,7227,,2024,34285.565,48000.0,48000.0,,BEN
,722820,,2024,759.163,160.0,160.0,,BEN
,7302,,2024,1855247.933,137680.0,137680.0,,BEN
,722599,,2024,437773.171,515027.4,515027.4,,DOM
,7227,,2024,357558.588,497419.14,497241.7,,DOM
,7301,,2024,410360.818,307713.0,307713.0,,DOM
,7302,,2024,1295544.85,6025790.0,6025790.0,,DOM
,722840,,2024,87103.832,22287.5,22287.5,,GEO
,7229,,2024,160407.0,156959.0,156959.0,,GEO
,7301,,2024,2579.38,1354.0,1354.0,,GEO
,7302,,2024,33447.189,12824.0,12824.0,,GEO
,722599,,2024,16252.0,1830.0,1830.0,,GTM
,722611,,2024,8705.0,7919.0,7919.0,,GTM
,722691,,2024,30437.0,1649.0,1649.0,,GTM
,722692,,2024,7663.0,918.0,918.0,,GTM
,722699,,2024,34057.0,8476.0,8476.0,,GTM
,722810,,2024,1131.0,1250.0,1250.0,,GTM
,722820,,2024,3211.0,759.0,759.0,,GTM
,722830,,2024,49653.0,41859.0,41859.0,,GTM
,722840,,2024,2752.0,149.0,149.0,,GTM
,722850,,2024,20934.0,4183.0,4183.0,,GTM
,722860,,2024,281790.0,184990.0,184990.0,,GTM
,722870,,2024,32668.0,30123.0,30123.0,,GTM
,722880,,2024,13588.0,4179.0,4179.0,,GTM
,7229,,2024,552544.0,111493.0,111493.0,,GTM
,7301,,2024,11081.0,4843.0,4843.0,,GTM
,7302,,2024,23384.0,4379.0,4379.0,,GTM
,722692,,2024,1709.78,54.4,54.4,,HND
,722830,,2024,21558.46,28056.5,28056.5,,HND
,722880,,2024,2763.54,5295.36,5295.36,,HND
,7302,,2024,4606.9,4977.24,4977.24,,HND
,722599,,2024,8509983.099,6687446.0,6687446.0,,HKG
,722611,,2024,215586.866,145404.0,145404.0,,HKG
,722619,,2024,6412.489,1065.0,1065.0,,HKG
,722691,,2024,307603.181,40562.0,40562.0,,HKG
,722692,,2024,4389803.178,251115.0,251115.0,,HKG
,722699,,2024,8669181.012,225740.0,225740.0,,HKG
,722820,,2024,5567.776,17380.0,17380.0,,HKG
,722830,,2024,9506955.295,12085701.0,12085701.0,,HKG
,722840,,2024,3498.921,3958.0,3958.0,,HKG
,722850,,2024,700364.124,124507.0,124507.0,,HKG
,722860,,2024,114496.164,84480.0,84480.0,,HKG
,722870,,2024,88109.389,87143.0,87143.0,,HKG
,722880,,2024,14194.947,11351.0,11351.0,,HKG
,7229,,2024,4291052.224,289505.0,289505.0,,HKG
,7301,,2024,7550242.733,9729180.0,9729180.0,,HKG
,7302,,2024,464072.05,172125.0,172125.0,,HKG
,722691,,2024,1137.62,25.62,25.62,,KAZ
,7227,,2024,508232.36,863842.0,863842.0,,KAZ
,722820,,2024,523217.61,814003.0,814003.0,,KAZ
,722830,,2024,23211.09,6741.54,6741.54,,KAZ
,722840,,2024,1720.88,38.5,38.5,,KAZ
,722850,,2024,35642.24,21109.0,21109.0,,KAZ
,722860,,2024,7093.22,428.36,428.36,,KAZ
,722870,,2024,147155.46,129497.48,129497.48,,KAZ
,722880,,2024,4046.38,90.39,90.39,,KAZ
,7229,,2024,345872.43,55170.19,55170.19,,KAZ
,7301,,2024,3984.51,2678.8,2678.8,,KAZ
,7302,,2024,44019032.05,23802221.78,23802221.78,,KAZ
,722592,,2024,92489.803,93660.0,93660.0,,JOR
,722599,,2024,149190.478,57462.0,57462.0,,JOR
,722619,,2024,9985.915,28000.0,28000.0,,JOR
,722699,,2024,957.056,1285.0,1285.0,,JOR
,722850,,2024,1098.451,225.0,225.0,,JOR
,722870,,2024,1137267.363,869210.0,869210.0,,JOR
,7301,,2024,12007745.851,12498945.0,12498945.0,,JOR
,7302,,2024,18873.38,27000.0,27000.0,,JOR
,722599,,2024,5636.065,2620.0,2620.0,,KEN
,722611,,2024,58.222,52.12,52.12,,KEN
,722619,,2024,3486.549,5385.0,5385.0,,KEN
,722620,,2024,214509.899,207802.0,207802.0,,KEN
,722691,,2024,130642.46,159135.0,159135.0,,KEN
,722699,,2024,80426.414,91296.6,91296.6,,KEN
,722810,,2024,13482.172,6636.0,6636.0,,KEN
,722830,,2024,3014.14,4874.2,4874.2,,KEN
,722840,,2024,4962.204,1770.0,1770.0,,KEN
,722850,,2024,4615.736,1307.0,1307.0,,KEN
,722860,,2024,26749.635,10485.0,10485.0,,KEN
,722870,,2024,9895.688,6059.5,6059.5,,KEN
,722880,,2024,3414.764,450.0,450.0,,KEN
,7229,,2024,203001.017,275840.5,275840.5,,KEN
,7301,,2024,2094129.287,1675639.0,1675639.0,,KEN
,7302,,2024,4187.862,5613.0,5613.0,,KEN
,722592,,2024,478334399.0,481763236.44,481763236.44,,KOR
,722599,,2024,291047983.0,,0.0,,KOR
,722611,,2024,8835080.0,3887138.6,3887138.6,,KOR
,722619,,2024,3823862.0,2546893.0,2546893.0,,KOR
,722620,,2024,110416.0,2885.4,2885.4,,KOR
,722691,,2024,15965434.0,6673921.13,6673921.13,,KOR
,722692,,2024,25235011.0,15376643.8,15376643.8,,KOR
,722699,,2024,15854045.0,,0.0,,KOR
,7227,,2024,210884033.0,237324489.0,237324489.0,,KOR
,722810,,2024,283396.0,58446.898,58446.898,,KOR
,722820,,2024,371905.0,176118.029,176118.029,,KOR
,722830,,2024,279520126.0,251576023.3,251576023.3,,KOR
,722840,,2024,9907163.0,5102062.48,5102062.48,,KOR
,722850,,2024,43606655.0,28936620.634,28936620.634,,KOR
,722860,,2024,10828847.0,6894949.751,6894949.751,,KOR
,722870,,2024,10741759.0,10971682.4,10971682.4,,KOR
,722880,,2024,684305.0,109507.74,109507.74,,KOR
,7229,,2024,276973885.0,171788841.499,171788841.499,,KOR
,7301,,2024,22393966.0,31144437.219,31144437.219,,KOR
,7302,,2024,14068845.0,,0.0,,KOR
,722810,,2024,297.0,15.66,15.66,,KWT
,722870,,2024,704581.0,447189.646,447189.646,,KWT
,722880,,2024,150.0,35.475,35.475,,KWT
,7229,,2024,68381.0,45428.982,45428.982,,KWT
,7301,,2024,1559783.0,711121.575,711121.575,,KWT
,7302,,2024,276307.0,128716.487,128716.487,,KWT
,7229,,2024,378755.0,25466.0,25466.0,,KGZ
,7301,,2024,122972.0,38429.0,38429.0,,KGZ
,7302,,2024,2668.0,1749.79,1749.79,,KGZ
,722592,,2024,278.0,241.816,241.816,,LBN
,722599,,2024,6896.0,4798.639,4798.639,,LBN
,722691,,2024,11934.0,5805.546,5805.546,,LBN
,722699,,2024,3661.0,2095.717,2095.717,,LBN
,722830,,2024,213330.0,166158.063,166158.063,,LBN
,722850,,2024,733.0,332.331,332.331,,LBN
,722860,,2024,1356.0,486.189,486.189,,LBN
,722870,,2024,29046.0,18252.739,18252.739,,LBN
,7229,,2024,39793.0,19141.203,19141.203,,LBN
,7301,,2024,457330.0,130979.192,130979.192,,LBN
,7302,,2024,25702.0,9401.16,9401.16,,LBN
,722619,,2024,159.146,242.3,242.3,,MDG
,722592,,2024,76788.928,61398.04,61398.04,,MYS
,722599,,2024,292445.548,,0.0,,MYS
,722611,,2024,27667883.444,32752587.0,32752587.0,,MYS
,722619,,2024,286652.821,108814.72,108814.72,,MYS
,722620,,2024,4588.076,1663.0,1663.0,,MYS
,722691,,2024,180773.301,32192.71,32192.71,,MYS
,722692,,2024,232323.112,78661.22,78661.22,,MYS
,722699,,2024,145103.998,27750.235,27750.235,,MYS
,7227,,2024,2278995.094,,0.0,,MYS
,722810,,2024,645982.628,883960.44,883960.44,,MYS
,722820,,2024,30597.444,13703.852,13703.852,,MYS
,722830,,2024,1999350.359,2535705.025,2535705.025,,MYS
,722840,,2024,5492.275,3639.65,3639.65,,MYS
,722850,,2024,388066.849,284829.52,284829.52,,MYS
,722860,,2024,2539985.76,875426.756,875426.756,,MYS
,722870,,2024,720047.816,182161.9,182161.9,,MYS
,722880,,2024,5736605.032,716970.716,716970.716,,MYS
,7229,,2024,55293980.805,39536395.07,39536395.07,,MYS
,7301,,2024,6216100.829,8444950.291,8444950.291,,MYS
,7302,,2024,3191135.082,2374342.436,2374342.436,,MYS
,722830,,2024,12984.171,100.0,100.0,,MRT
,7302,,2024,150.803,3300.0,3300.0,,MRT
,7227,,2024,43.172,7.0,7.0,,MUS
,7229,,2024,69.942,4.0,6.0,,MUS
,7301,,2024,8693.604,2112.0,3304.0,,MUS
,7302,,2024,67.392,4.0,4.0,,MUS
,722592,,2024,3326824.0,2662912.0,2662912.0,,MEX
,722599,,2024,335726.0,220911.0,220911.0,,MEX
,722611,,2024,10581850.0,2728906.0,2728906.0,,MEX
,722619,,2024,342172.0,253273.0,253273.0,,MEX
,722691,,2024,381210.0,274868.0,274868.0,,MEX
,722692,,2024,649271.0,340175.0,340175.0,,MEX
,722699,,2024,731411.0,326663.0,326663.0,,MEX
,7227,,2024,463387.0,720768.0,720768.0,,MEX
,722830,,2024,2454973.0,808783.0,808783.0,,MEX
,722840,,2024,4293958.0,2099030.0,2099030.0,,MEX
,722850,,2024,4731987.0,1739869.0,1739869.0,,MEX
,722860,,2024,169166.0,108175.0,108175.0,,MEX
,722870,,2024,116195.0,31768.0,31768.0,,MEX
,722880,,2024,18433.0,1384.0,1384.0,,MEX
,7229,,2024,50522192.0,0.0,0.0,,MEX
,7301,,2024,34767.0,0.0,0.0,,MEX
,7302,,2024,1330740.0,0.0,0.0,,MEX
,7227,,2024,8231.868,0.0,0.0,,QAT
,7229,,2024,62299.999,0.0,0.0,,QAT
,7301,,2024,99997610.643,0.0,0.0,,QAT
,722592,,2024,14080.0,2500.0,2500.0,,SAU
,722599,,2024,1266615.168,318844.0,318844.0,,SAU
,722619,,2024,17226.666,800.0,800.0,,SAU
,7227,,2024,168535.729,38714.0,38714.0,,SAU
,722820,,2024,26261.333,8400.0,8400.0,,SAU
,722830,,2024,202362.662,101108.0,101108.0,,SAU
,722840,,2024,812501.046,786830.0,786830.0,,SAU
,722850,,2024,23728.266,7730.0,7730.0,,SAU
,722860,,2024,102705.864,99988.0,99988.0,,SAU
,722870,,2024,29874.399,26940.0,26940.0,,SAU
,722880,,2024,21356.799,9958.0,9958.0,,SAU
,7229,,2024,614797.585,525276.0,525276.0,,SAU
,7301,,2024,11176051.987,4664078.0,4664078.0,,SAU
,7302,,2024,8953044.043,11500677.0,11500677.0,,SAU
,7227,,2024,2024456.337,3102485.0,3102485.0,,SEN
,722860,,2024,16161062.213,18995260.0,18995260.0,,SEN
,7301,,2024,657.767,4000.0,4000.0,,SEN
,7302,,2024,17844.049,3894.0,3894.0,,SEN
,722592,,2024,68156.0,53849.0,53849.0,,SRB
,722599,,2024,5928.0,2542.0,2542.0,,SRB
,722611,,2024,1915283.0,702870.0,702870.0,,SRB
,722619,,2024,1488.0,1000.0,1000.0,,SRB
,722691,,2024,163999.0,8302.0,8302.0,,SRB
,722692,,2024,2050.0,5380.0,5380.0,,SRB
,722699,,2024,298524.0,49948.0,49948.0,,SRB
,7227,,2024,274.0,26.0,26.0,,SRB
,722820,,2024,14419.0,6592.0,6592.0,,SRB
,722830,,2024,249363.0,119665.0,119665.0,,SRB
,722840,,2024,6887.0,1049.0,1049.0,,SRB
,722850,,2024,1660726.0,572334.0,572334.0,,SRB
,722860,,2024,6068.0,157.597,157.597,,SRB
,722870,,2024,7757.0,2022.0,2022.0,,SRB
,7229,,2024,2748029.0,3135021.0,3135021.0,,SRB
,7301,,2024,471832.0,406315.0,406315.0,,SRB
,7302,,2024,650425.0,200181.621,200181.621,,SRB
,722592,,2024,5003635.39,5406370.0,5406370.0,,IND
,722599,,2024,44393616.509,38243273.326,38243273.326,,IND
,722611,,2024,15579974.246,5813998.0,5813998.0,,IND
,722619,,2024,316241.269,205385.0,205385.0,,IND
,722620,,2024,29099.991,12537.36,12537.36,,IND
,722691,,2024,111683.814,24151.0,24151.0,,IND
,722692,,2024,3973622.65,292412.0,292412.0,,IND
,722699,,2024,3988240.38,1096821.157,1096821.157,,IND
,7227,,2024,23704650.6,38531052.25,38531052.25,,IND
,722810,,2024,3070113.488,1490888.0,1490888.0,,IND
,722820,,2024,4826554.04,5426113.928,5426113.928,,IND
,722830,,2024,74910510.339,85546713.076,85546713.076,,IND
,722840,,2024,2470803.905,655717.0,655717.0,,IND
,722850,,2024,23337445.837,10001533.0,10001533.0,,IND
,722860,,2024,11554630.956,8275851.672,8275851.672,,IND
,722870,,2024,298753.604,326847.0,326847.0,,IND
,722880,,2024,380552.229,,0.0,,IND
,7229,,2024,16431255.639,10134760.64,10134760.64,,IND
,7301,,2024,20649730.842,9467413.008,9467413.008,,IND
,7302,,2024,89391949.593,74769174.801,74769174.801,,IND
,722592,,2024,13021727.987,17149731.937,17149731.937,,SGP
,722599,,2024,30570774.554,,0.0,,SGP
,722611,,2024,9693019.679,3796460.0,3796460.0,,SGP
,722619,,2024,2379841.095,1947760.0,1947760.0,,SGP
,722620,,2024,1120897.797,112920.0,112920.0,,SGP
,722691,,2024,11871281.459,1974560.0,1974560.0,,SGP
,722692,,2024,13500522.359,1137363.405,1137363.405,,SGP
,722699,,2024,208085.664,82493.211,82493.211,,SGP
,7227,,2024,548178.212,,0.0,,SGP
,722810,,2024,5412943.845,392420.742,392420.742,,SGP
,722820,,2024,181660.638,12800.0,12800.0,,SGP
,722830,,2024,11437705.237,,0.0,,SGP
,722840,,2024,22497381.437,3477570.463,3477570.463,,SGP
,722850,,2024,1886255.144,397240.0,397240.0,,SGP
,722860,,2024,6744318.355,2096749.156,2096749.156,,SGP
,722870,,2024,3573331.004,2130047.723,2130047.723,,SGP
,722880,,2024,476694.439,263520.0,263520.0,,SGP
,7229,,2024,3066729.363,535178.54,535178.54,,SGP
,7301,,2024,11730011.97,17329767.937,17329767.937,,SGP
,7302,,2024,6437143.71,492774.87,492774.87,,SGP
,722592,,2024,286829.738,,0.0,,ZAF
,722599,,2024,1658974.924,881841.44,881841.44,,ZAF
,722611,,2024,4265.342,1428.08,1428.08,,ZAF
,722619,,2024,23985.336,2692.56,2692.56,,ZAF
,722620,,2024,7762.162,5121.59,5121.59,,ZAF
,722691,,2024,17983.259,2330.89,2330.89,,ZAF
,722692,,2024,4107.448,429.69,429.69,,ZAF
,722699,,2024,293810.937,188135.94,188135.94,,ZAF
,7227,,2024,469289.748,292005.482,292005.482,,ZAF
,722810,,2024,521794.739,282296.51,282296.51,,ZAF
,722820,,2024,112685.45,26260.09,26260.09,,ZAF
,722830,,2024,533459.696,360642.79,360642.79,,ZAF
,722840,,2024,292809.172,214521.57,214521.57,,ZAF
,722850,,2024,362365.004,276866.96,276866.96,,ZAF
,722860,,2024,6314219.943,4519733.93,4519733.93,,ZAF
,722870,,2024,1109072.125,740365.15,740365.15,,ZAF
,722880,,2024,21755483.153,5938441.081,5938441.081,,ZAF
,7229,,2024,1487454.505,876129.99,876129.99,,ZAF
,7301,,2024,14894969.513,3474815.613,3474815.613,,ZAF
,7302,,2024,41543831.275,29622128.834,29622128.834,,ZAF
,722860,,2024,388.096,1400.0,0.0,,ZWE
,722870,,2024,36894.422,47500.0,77000.0,,ZWE
,722880,,2024,566.44,191.0,17000.0,,ZWE
,722592,,2024,645548.32,532294.0,532294.0,,THA
,722599,,2024,6865446.56,5486169.0,5486169.0,,THA
,722611,,2024,359742.56,691368.0,691368.0,,THA
,722619,,2024,2059131.54,1092707.0,1092707.0,,THA
,722620,,2024,5629.53,437.0,437.0,,THA
,722691,,2024,387777.99,38154.0,38154.0,,THA
,722692,,2024,126172.78,74649.491,74649.491,,THA
,722699,,2024,207361.07,,0.0,,THA
,7227,,2024,2589158.79,2228328.946,2228328.946,,THA
,722810,,2024,400547.71,253511.0,253511.0,,THA
,722820,,2024,4418.47,450.002,450.002,,THA
,722830,,2024,5497235.56,8131614.03,8131614.03,,THA
,722840,,2024,553439.94,209666.0,209666.0,,THA
,722850,,2024,8641524.57,3899146.0,3899146.0,,THA
,722860,,2024,1877396.05,2682633.215,2682633.215,,THA
,722870,,2024,3975514.5,6686987.0,6686987.0,,THA
,722880,,2024,3537204.77,390349.109,390349.109,,THA
,7229,,2024,19562345.31,16947390.872,16947390.872,,THA
,7301,,2024,11961824.23,,0.0,,THA
,7302,,2024,2772807.06,,0.0,,THA
,722599,,2024,325.624,24.0,24.0,,TTO
,722611,,2024,24.0,49.0,49.0,,TTO
,722699,,2024,11875.191,7308.0,7308.0,,TTO
,7227,,2024,685.173,518.0,518.0,,TTO
,722810,,2024,3088.536,2174.0,2174.0,,TTO
,722830,,2024,5390522.315,6323895.0,6323895.0,,TTO
,722860,,2024,593627.087,620337.213,620337.213,,TTO
,722870,,2024,161731.121,101227.507,101227.507,,TTO
,722880,,2024,601.026,70.0,70.0,,TTO
,7229,,2024,320.142,165.0,165.0,,TTO
,7301,,2024,70685.82,39733.0,39733.0,,TTO
,722699,,2024,1503481.588,860658.977,860658.977,,TUN
,722820,,2024,53.42,50.41,50.41,,TUN
,722860,,2024,24750.196,8874.09,8874.09,,TUN
,7229,,2024,27073.001,13022.637,13022.637,,TUN
,7301,,2024,8852.274,8053.519,8053.519,,TUN
,7302,,2024,12420.151,7762.734,7762.734,,TUN
,722619,,2024,2234.56,800.0,800.0,,UGA
,722692,,2024,593.66,2000.0,2000.0,,UGA
,722699,,2024,99.0,100.0,100.0,,UGA
,722810,,2024,3347.15,7000.0,7000.0,,UGA
,722830,,2024,798.76,1800.0,1800.0,,UGA
,722840,,2024,798.7,400.0,400.0,,UGA
,722850,,2024,561.1,1800.0,1800.0,,UGA
,722860,,2024,3040.06,2850.0,2850.0,,UGA
,722870,,2024,519.57,1045.0,1045.0,,UGA
,722880,,2024,407.82,800.0,800.0,,UGA
,7229,,2024,1375.28,1120.0,1120.0,,UGA
,7301,,2024,214004.11,243355.0,243355.0,,UGA
,7302,,2024,197.94,160.0,160.0,,UGA
,722592,,2024,29054.17,24742.0,24742.0,,UKR
,722599,,2024,4023.56,2159.1,2159.1,,UKR
,722699,,2024,945.6,325.52,325.52,,UKR
,7227,,2024,22442708.28,38207080.0,38207080.0,,UKR
,722810,,2024,5263563.18,275270.0,275270.0,,UKR
,722820,,2024,224484.19,294587.0,294587.0,,UKR
,722830,,2024,2347446.74,1908621.6,1908621.6,,UKR
,722840,,2024,119133.66,38353.0,38353.0,,UKR
,722850,,2024,19455042.19,7836618.0,7836618.0,,UKR
,722860,,2024,40345.17,26948.0,26948.0,,UKR
,722870,,2024,27269.16,4068.38,4068.38,,UKR
,7229,,2024,2405507.73,2715043.2,2715043.2,,UKR
,7301,,2024,934.2,525.56,525.56,,UKR
,7302,,2024,772234.22,380433.21,380433.21,,UKR
,722599,,2024,300.97,100.0,100.0,,MKD
,722619,,2024,1154.59,2055.0,2055.0,,MKD
,722691,,2024,19234.58,24620.0,24620.0,,MKD
,722699,,2024,357.36,455.0,455.0,,MKD
,722830,,2024,9515.44,7870.0,7870.0,,MKD
,722850,,2024,363.16,293.0,293.0,,MKD
,722880,,2024,345124.64,31549.0,31549.0,,MKD
,7229,,2024,1644748.73,1054510.0,1054510.0,,MKD
,7301,,2024,3067027.0,1377471.0,1377471.0,,MKD
,7302,,2024,10467.84,4714.0,4714.0,,MKD
,722620,,2024,23353.7,1388.009,1388.009,,EGY
,722820,,2024,178614.865,163328.326,163328.326,,EGY
,722830,,2024,33160507.72,24718071.905,24718071.905,,EGY
,722850,,2024,10965.0,4860.955,4860.955,,EGY
,722860,,2024,81037.5,28102.634,28102.634,,EGY
,722870,,2024,1394500.0,874686.871,874686.871,,EGY
,7229,,2024,567441.54,256365.488,256365.488,,EGY
,7301,,2024,2330762.168,813123.417,813123.417,,EGY
,7302,,2024,473755.444,177227.052,177227.052,,EGY
,722592,,2024,80391173.939,,0.0,,GBR
,722599,,2024,214736193.88,213612036.0,213612036.0,,GBR
,722611,,2024,119870.838,7379.0,7379.0,,GBR
,722619,,2024,135838.735,,0.0,,GBR
,722620,,2024,7609.8,40.0,40.0,,GBR
,722691,,2024,20075810.358,4165140.0,4165140.0,,GBR
,722692,,2024,1319781.565,136462.624,136462.624,,GBR
,722699,,2024,938677.708,330151.0,330151.0,,GBR
,7227,,2024,29299504.352,,0.0,,GBR
,722810,,2024,3486333.479,184594.0,184594.0,,GBR
,722820,,2024,1176070.492,286709.169,286709.169,,GBR
,722830,,2024,66312839.743,,0.0,,GBR
,722840,,2024,8553751.3,,0.0,,GBR
,722850,,2024,32940830.432,2449782.699,2449782.699,,GBR
,722860,,2024,6943086.397,,0.0,,GBR
,722870,,2024,36699576.995,,0.0,,GBR
,722880,,2024,3221914.49,790018.0,790018.0,,GBR
,7229,,2024,12303570.299,,0.0,,GBR
,7301,,2024,31394020.63,,0.0,,GBR
,7302,,2024,91287514.656,51089913.221,51089913.221,,GBR
,722592,,2024,986.188,2000.0,2000.0,,TZA
,722599,,2024,1970.88,1000.0,1000.0,,TZA
,7227,,2024,2581.604,1112.11,1112.11,,TZA
,722810,,2024,121324.827,151500.0,151500.0,,TZA
,722830,,2024,20103.898,23500.0,23500.0,,TZA
,722840,,2024,108618.186,130000.0,130000.0,,TZA
,722850,,2024,20830.987,2000.0,2000.0,,TZA
,722860,,2024,748178.016,323759.5,323759.5,,TZA
,722870,,2024,1121.276,5500.0,5500.0,,TZA
,722880,,2024,234608.672,5163.5,5163.5,,TZA
,7229,,2024,20091.158,2583.96,2583.96,,TZA
,7301,,2024,11.549,150.0,150.0,,TZA
,7302,,2024,2932.922,1112.8,1112.8,,TZA
,722592,,2024,618801028.0,411089515.0,411089515.0,,USA
,722599,,2024,320700111.0,207876251.0,207876251.0,,USA
,722611,,2024,44049855.0,9695311.0,9695311.0,,USA
,722619,,2024,34585076.0,10216873.0,10216873.0,,USA
,722620,,2024,1336939.0,301424.0,301424.0,,USA
,722691,,2024,113728740.0,78419804.0,78419804.0,,USA
,722692,,2024,98521735.0,46135176.0,46135176.0,,USA
,722699,,2024,102966763.0,53081111.0,53081111.0,,USA
,7227,,2024,32947703.0,,0.0,,USA
,722810,,2024,17105781.0,2527581.0,2527581.0,,USA
,722820,,2024,2831601.0,1882264.0,1882264.0,,USA
,722830,,2024,344458864.0,216424034.0,216424034.0,,USA
,722840,,2024,23989530.0,6332643.0,6332643.0,,USA
,722850,,2024,220390032.0,62741050.0,62741050.0,,USA
,722860,,2024,85961599.0,25674897.0,25674897.0,,USA
,722870,,2024,16956282.0,9327090.0,9327090.0,,USA
,722880,,2024,6378037.0,1196707.0,1196707.0,,USA
,7229,,2024,94137166.0,,0.0,,USA
,7301,,2024,67697241.0,22331457.746,22331457.746,,USA
,7302,,2024,271532793.0,163885182.884,163885182.884,,USA
,722611,,2024,61744.0,88205.0,88205.0,,URY
,722840,,2024,6951.0,1350.0,1350.0,,URY
,722699,,2024,210041.99,267170.0,267170.0,,UZB
,7227,,2024,2360.0,3000.0,3000.0,,UZB
,722820,,2024,47083.0,63000.0,63000.0,,UZB
,722830,,2024,76475.99,125050.0,125050.0,,UZB
,7229,,2024,22317.0,13056.0,13056.0,,UZB
,7301,,2024,2351623.99,3738330.0,3738330.0,,UZB
,7302,,2024,48142.0,57102.981,57102.981,,UZB
,7302,,2024,900.0,50.0,50.0,,YEM
,722592,,2024,10954.54,27120.0,27120.0,,ZMB
,722599,,2024,9164.374,8000.0,8000.0,,ZMB
,7227,,2024,96924.775,,0.0,,ZMB
,722820,,2024,48029.53,54000.0,54000.0,,ZMB
,722830,,2024,1943901.088,309490.4,309490.4,,ZMB
,722860,,2024,397382.974,159319.0,159319.0,,ZMB
,722870,,2024,20762.728,1886.56,1886.56,,ZMB
,722880,,2024,117419.977,39801.47,39801.47,,ZMB
,7229,,2024,58097.135,15640.0,15640.0,,ZMB
,7301,,2024,617934.132,736947.4,736947.4,,ZMB
,7302,,2024,159532.362,235701.0,235701.0,,ZMB
,730630,,2023,76302.279,47375.0,47375.0,,ALB
,730300,,2023,227689.656,722465.35,722465.35,,AGO
,730411,,2023,241804.87,92721.212,92721.212,,AGO
,730419,,2023,149179.629,54985.0,54985.0,,AGO
,730422,,2023,285039.188,5570401.0,5570401.0,,AGO
,730423,,2023,5571594.733,1004568.241,1004568.241,,AGO
,730424,,2023,2408.686,2000.0,2000.0,,AGO
,730429,,2023,7248.843,4350.0,4350.0,,AGO
,730431,,2023,52496.979,8998.0,8998.0,,AGO
,730439,,2023,21981.029,1778.44,1778.44,,AGO
,730449,,2023,87881.41,4723.0,4723.0,,AGO
,730451,,2023,137228.305,21690.0,21690.0,,AGO
,730459,,2023,2068.428,16.672,16.672,,AGO
,730490,,2023,222877.906,9275.0,9275.0,,AGO
,7305,,2023,35681.288,120241.1,120241.1,,AGO
,730619,,2023,14480.868,298.0,298.0,,AGO
,730629,,2023,1873.872,2303.0,2303.0,,AGO
,730630,,2023,95857.184,67119.54,67119.54,,AGO
,730300,,2023,67.72,1.0,1.0,,AZE
,730411,,2023,10308.73,876.8,876.8,,AZE
,730419,,2023,328583.01,315274.0,315274.0,,AZE
,730422,,2023,7642.75,165.0,165.0,,AZE
,730423,,2023,140118.0,173949.8,173949.8,,AZE
,730424,,2023,366257.46,55515.0,55515.0,,AZE
,730429,,2023,29715586.77,21003304.0,21003304.0,,AZE
,730431,,2023,50.19,0.6,0.6,,AZE
,730439,,2023,322384.11,,0.0,,AZE
,730441,,2023,6954.7,1685.45,1685.45,,AZE
,730459,,2023,17566.12,24041.9,24041.9,,AZE
,730490,,2023,8687.69,1048.19,1048.19,,AZE
,7305,,2023,549762.61,489551.47,489551.47,,AZE
,730611,,2023,192.0,15.0,15.0,,AZE
,730619,,2023,21.62,0.7,0.7,,AZE
,730630,,2023,30458.78,18311.03,18311.03,,AZE
,730419,,2023,6784984.51,2924020.0,2924020.0,,ARG
,730431,,2023,1325666.93,265202.98,265202.98,,ARG
,730439,,2023,3867183.41,1571544.7,1571544.7,,ARG
,730441,,2023,41479.57,2935.62,2935.62,,ARG
,730451,,2023,2537578.35,1194423.0,1194423.0,,ARG
,730459,,2023,3156854.17,1847500.0,1847500.0,,ARG
,730490,,2023,23949.77,5509.54,5509.54,,ARG
,730630,,2023,796270.32,289974.56,289974.56,,ARG
,730300,,2023,1366671.678,240112.0,240112.0,,AUS
,730411,,2023,2098113.702,138447.0,138447.0,,AUS
,730419,,2023,1920800.0,438940.0,438940.0,,AUS
,730422,,2023,694632.744,111410.0,111410.0,,AUS
,730423,,2023,1312459.291,636680.0,636680.0,,AUS
,730424,,2023,939047.561,58430.0,58430.0,,AUS
,730429,,2023,1329721.552,151610.0,151610.0,,AUS
,730431,,2023,1117135.251,,0.0,,AUS
,730439,,2023,524659.638,140708.0,140708.0,,AUS
,730441,,2023,506323.096,179540.0,179540.0,,AUS
,730449,,2023,1189810.41,299400.0,299400.0,,AUS
,730451,,2023,260188.23,25310.0,25310.0,,AUS
,730459,,2023,2962458.455,1517181.021,1517181.021,,AUS
,730490,,2023,3280859.229,808228.0,808228.0,,AUS
,7305,,2023,2672826.122,7599340.0,7599340.0,,AUS
,730611,,2023,139466.68,184300.0,184300.0,,AUS
,730619,,2023,1313332.27,272220.0,272220.0,,AUS
,730621,,2023,13307.281,2400.0,2400.0,,AUS
,730629,,2023,389654.186,159320.0,159320.0,,AUS
,730630,,2023,735205.002,279770.0,279770.0,,AUS
,730300,,2023,9790459.752,5916022.078,5916022.078,,BHR
,730411,,2023,565308.254,38685.116,38685.116,,BHR
,730419,,2023,1084261.659,580926.283,580926.283,,BHR
,730422,,2023,51254.125,,0.0,,BHR
,730423,,2023,495138.645,114447.892,114447.892,,BHR
,730424,,2023,20231.279,1753.663,1753.663,,BHR
,730429,,2023,420495.227,190434.883,190434.883,,BHR
,730431,,2023,13709.09,4104.685,4104.685,,BHR
,730439,,2023,277583.438,139790.221,139790.221,,BHR
,730441,,2023,80900.029,3694.504,3694.504,,BHR
,730449,,2023,190923.42,14598.12,14598.12,,BHR
,730451,,2023,71943.242,18650.148,18650.148,,BHR
,730459,,2023,10360997.038,3067164.329,3067164.329,,BHR
,730490,,2023,84719.513,15764.504,15764.504,,BHR
,7305,,2023,5207015.186,1330048.651,1330048.651,,BHR
,730611,,2023,12768.662,2086.926,2086.926,,BHR
,730619,,2023,179606.989,113710.551,113710.551,,BHR
,730629,,2023,354781.252,158751.163,158751.163,,BHR
,730630,,2023,1093446.699,661299.32,661299.32,,BHR
,730300,,2023,349.4,53.0,53.0,,ARM
,730411,,2023,331.68,110.0,110.0,,ARM
,730419,,2023,521.09,3.801,3.801,,ARM
,730431,,2023,39534.85,369.64,369.64,,ARM
,730439,,2023,1296.64,5.0,5.0,,ARM
,730441,,2023,3345.33,16.646,16.646,,ARM
,730449,,2023,569.54,1.5,1.5,,ARM
,730451,,2023,129.81,0.964,0.964,,ARM
,730459,,2023,4113.62,,0.0,,ARM
,730621,,2023,1888.16,2.0,2.0,,ARM
,730630,,2023,86599.66,76075.7,76075.7,,ARM
,730411,,2023,60.0,150.0,150.0,,BOL
,730419,,2023,24231.48,17801.9,17801.9,,BOL
,730423,,2023,4890.0,705.0,705.0,,BOL
,7305,,2023,542.4,1695.6,1695.6,,BOL
,730629,,2023,251.18,3.98,3.98,,BOL
,730300,,2023,10592.391,4460.0,4460.0,,BIH
,730411,,2023,3997.335,236.43,236.43,,BIH
,730419,,2023,2135.07,431.73,431.73,,BIH
,730424,,2023,22.352,8.31,8.31,,BIH
,730429,,2023,2421.941,580.0,580.0,,BIH
,730431,,2023,578294.479,152735.79,152735.79,,BIH
,730439,,2023,125579.363,45845.78,45845.78,,BIH
,730441,,2023,579.606,4.0,4.0,,BIH
,730449,,2023,40755.36,22104.15,22104.15,,BIH
,730451,,2023,94339.518,24550.52,24550.52,,BIH
,730459,,2023,29101.424,4065.6,4065.6,,BIH
,730490,,2023,45553.701,11865.0,11865.0,,BIH
,7305,,2023,1021875.741,663254.0,663254.0,,BIH
,730611,,2023,189.108,100.0,100.0,,BIH
,730619,,2023,5999.568,2694.0,2694.0,,BIH
,730629,,2023,1598.828,354.0,354.0,,BIH
,730630,,2023,3834305.394,3131434.9,3131434.9,,BIH
,730300,,2023,28238112.0,24901024.515,25081675.515,,BRA
,730411,,2023,596785.0,45840.027,45767.027,,BRA
,730419,,2023,209058754.0,93691720.986,93693995.986,,BRA
,730422,,2023,5169.0,145.0,145.0,,BRA
,730423,,2023,360205.0,171708.114,171708.114,,BRA
,730424,,2023,46955034.0,14919789.082,14919789.082,,BRA
,730429,,2023,358680381.0,174852125.873,174854240.873,,BRA
,730431,,2023,2791996.0,392074.758,432734.758,,BRA
,730439,,2023,5631389.0,6740129.88,6752788.88,,BRA
,730441,,2023,1708294.0,172120.039,169939.039,,BRA
,730449,,2023,1422032.0,464447.51,464447.51,,BRA
,730451,,2023,1290530.0,,0.0,,BRA
,730459,,2023,6057675.0,2091155.672,2091143.672,,BRA
,730490,,2023,934720.0,76636.467,75448.467,,BRA
,7305,,2023,428466112.0,193309872.315,193309872.315,,BRA
,730611,,2023,1052671.0,27230.0,27230.0,,BRA
,730619,,2023,686288.0,35568.954,35568.954,,BRA
,730621,,2023,2.0,,0.0,,BRA
,730629,,2023,1324666.0,504979.0,500505.0,,BRA
,730630,,2023,24247810.0,16025616.143,16037890.143,,BRA
,730300,,2023,39532.697,9347.2,9347.2,,BRN
,730411,,2023,436954.052,44479.78,44479.78,,BRN
,730419,,2023,87246.838,77359.0,77359.0,,BRN
,730422,,2023,560123.206,304079.1,304079.1,,BRN
,730423,,2023,569147.787,410774.5,410774.5,,BRN
,730424,,2023,576353.845,262194.0,262194.0,,BRN
,730429,,2023,184361.275,15148.0,15148.0,,BRN
,730439,,2023,1152555.555,,0.0,,BRN
,730441,,2023,18227.743,28.0,28.0,,BRN
,730449,,2023,24666.989,11819.84,11819.84,,BRN
,730451,,2023,144170.262,4336.0,4336.0,,BRN
,730459,,2023,1119536.425,674271.0,674271.0,,BRN
,730490,,2023,782878.795,2256428.0,2256428.0,,BRN
,7305,,2023,22044.724,24733.5,24733.5,,BRN
,730611,,2023,11.168,11.0,11.0,,BRN
,730619,,2023,6855.885,3455.0,3455.0,,BRN
,730621,,2023,22.337,63.0,63.0,,BRN
,730629,,2023,11265986.072,2648301.98,2648301.98,,BRN
,730630,,2023,9129.258,36.18,36.18,,BRN
,730611,,2023,8500.0,25557.0,25557.0,,MMR
,730630,,2023,63.91,63.3,63.3,,MMR
,730300,,2023,325207.62,290770.0,290770.0,,KHM
,730419,,2023,4128.6,5898.0,5898.0,,KHM
,730429,,2023,27650.0,992.0,992.0,,KHM
,730630,,2023,34167040.0,22705249.0,22705249.0,,KHM
,730300,,2023,6835.997,4634.0,4634.0,,CMR
,730419,,2023,22030.767,29398.0,29398.0,,CMR
,730423,,2023,55454.952,15300.0,15300.0,,CMR
,730429,,2023,2766.752,775.0,775.0,,CMR
,730431,,2023,10227.994,10000.0,10000.0,,CMR
,730439,,2023,2741732.92,3000000.0,3000000.0,,CMR
,730451,,2023,11837.016,1509.34,1509.34,,CMR
,730459,,2023,992.451,102.14,102.14,,CMR
,730490,,2023,1097.026,4500.0,4500.0,,CMR
,7305,,2023,195050.68,82000.0,82000.0,,CMR
,730619,,2023,2459530.77,879546.0,879546.0,,CMR
,730630,,2023,900059.64,980000.0,980000.0,,CMR
,730300,,2023,4806237.83,2001595.0,2001595.0,,CAN
,730411,,2023,1239383.869,203847.0,203847.0,,CAN
,730419,,2023,36338232.339,11859814.0,11859814.0,,CAN
,730422,,2023,152983.686,109699.0,109699.0,,CAN
,730423,,2023,1887238.08,867832.0,867832.0,,CAN
,730424,,2023,940608.836,419147.0,419147.0,,CAN
,730429,,2023,310592311.831,93854013.239,93854013.239,,CAN
,730431,,2023,2839419.551,603357.0,603357.0,,CAN
,730439,,2023,18192452.563,7371720.0,7371720.0,,CAN
,730441,,2023,1732124.62,110007.0,110007.0,,CAN
,730449,,2023,1468263.802,135128.0,135128.0,,CAN
,730451,,2023,10019619.508,2074380.0,2074380.0,,CAN
,730459,,2023,4329112.21,946543.0,946543.0,,CAN
,730490,,2023,5250410.11,1933581.0,1933581.0,,CAN
,7305,,2023,14386667.619,6031667.0,6031667.0,,CAN
,730611,,2023,512839.889,61162.0,61162.0,,CAN
,730619,,2023,51178549.174,50024745.0,50024745.0,,CAN
,730621,,2023,399474.44,173447.0,173447.0,,CAN
,730629,,2023,411833029.449,149283449.0,149283449.0,,CAN
,730630,,2023,294409696.014,184493533.0,184493533.0,,CAN
,730300,,2023,310.862,326.13,326.13,,LKA
,730411,,2023,2404.581,218.23,218.23,,LKA
,730419,,2023,2127.635,436.31,436.31,,LKA
,730423,,2023,34673.973,19059.6,19059.6,,LKA
,730424,,2023,61740.952,9281.28,9281.28,,LKA
,730429,,2023,11628.078,7967.98,7967.98,,LKA
,730431,,2023,7468.556,42586.0,42586.0,,LKA
,730439,,2023,16569.287,25938.0,25938.0,,LKA
,730441,,2023,16853.436,5740.34,5740.34,,LKA
,730459,,2023,290.184,2.88,2.88,,LKA
,730490,,2023,251794.415,16390.23,16390.23,,LKA
,7305,,2023,23814.085,13205.51,13205.51,,LKA
,730611,,2023,7717.433,3099.5,3099.5,,LKA
,730619,,2023,479.281,80.0,80.0,,LKA
,730629,,2023,1454.687,5750.0,5750.0,,LKA
,730630,,2023,379020.962,503950.32,503950.32,,LKA
,730300,,2023,13616.797,64703.44,64703.44,,CHL
,730411,,2023,45794.606,2019.32,2019.32,,CHL
,730419,,2023,266401.839,200497.14,200497.14,,CHL
,730422,,2023,676326.4,130908.13,130908.13,,CHL
,730423,,2023,27072.98,6572.0,6572.0,,CHL
,730424,,2023,34286.007,5579.545,5579.545,,CHL
,730429,,2023,94969.22,17328.701,17328.701,,CHL
,730431,,2023,39434.18,2628.72,2628.72,,CHL
,730439,,2023,1285122.74,,0.0,,CHL
,730441,,2023,32977.17,5543.41,5543.41,,CHL
,730449,,2023,70917.0,15933.81,15933.81,,CHL
,730451,,2023,121619.11,27258.18,27258.18,,CHL
,730459,,2023,1534927.75,373926.38,373926.38,,CHL
,730490,,2023,293223.6,57986.09,57986.09,,CHL
,7305,,2023,934239.7,1133472.814,1133472.814,,CHL
,730611,,2023,486057.74,65917.0,65917.0,,CHL
,730619,,2023,41764.599,32569.84,32569.84,,CHL
,730621,,2023,192636.0,16744.0,16744.0,,CHL
,730629,,2023,40209.84,21139.0,21139.0,,CHL
,730630,,2023,876004.188,274160.4,274160.4,,CHL
,730300,,2023,358704506.0,391875145.87,391875145.87,,CHN
,730411,,2023,65264445.0,17913516.523,17913516.523,,CHN
,730419,,2023,1952673853.0,1784047367.795,1784047367.795,,CHN
,730422,,2023,5664365.0,1391240.0,1391240.0,,CHN
,730423,,2023,413873239.0,126363081.0,126363081.0,,CHN
,730424,,2023,86138353.0,10114065.0,10114065.0,,CHN
,730429,,2023,2213855922.0,1716192634.0,1716192634.0,,CHN
,730431,,2023,367940492.0,251373091.571,251373091.571,,CHN
,730439,,2023,1250542034.0,1140636235.139,1140636235.139,,CHN
,730441,,2023,1150346206.0,222843233.132,222843233.132,,CHN
,730449,,2023,98839183.0,29304327.134,29304327.134,,CHN
,730451,,2023,130615038.0,66963381.792,66963381.792,,CHN
,730459,,2023,351154974.0,194357940.0,194357940.0,,CHN
,730490,,2023,102415504.0,77555704.009,77555704.009,,CHN
,7305,,2023,1051380586.0,910791987.303,910791987.303,,CHN
,730611,,2023,144306292.0,30210134.0,30210134.0,,CHN
,730619,,2023,282002888.0,294799001.0,294799001.0,,CHN
,730621,,2023,5644519.0,800534.0,800534.0,,CHN
,730629,,2023,20586687.0,18697416.0,18697416.0,,CHN
,730630,,2023,1403667078.0,1335945215.816,1335945215.816,,CHN
,730300,,2023,6619.47,3468.6,3468.6,,COL
,730411,,2023,2535.27,39.41,39.41,,COL
,730419,,2023,1654837.52,638763.34,638763.34,,COL
,730423,,2023,192770.71,145862.75,145862.75,,COL
,730424,,2023,22591.06,20158.12,20158.12,,COL
,730429,,2023,43334025.55,18877950.45,18877950.45,,COL
,730431,,2023,306478.17,274262.03,274262.03,,COL
,730439,,2023,95355.4,33909.73,33909.73,,COL
,730441,,2023,101454.53,4190.2,4190.2,,COL
,730449,,2023,24218.03,772.05,772.05,,COL
,730451,,2023,43066.85,2761.11,2761.11,,COL
,730459,,2023,395975.86,80552.14,80552.14,,COL
,730490,,2023,16914.02,2619.01,2619.01,,COL
,7305,,2023,171658.6,32844.0,32844.0,,COL
,730611,,2023,1674.89,329.18,329.18,,COL
,730619,,2023,593201.11,306261.03,306261.03,,COL
,730629,,2023,338048.97,25000.0,25000.0,,COL
,730630,,2023,683291.73,532046.03,532046.03,,COL
,730300,,2023,249.811,300.0,300.0,,COG
,730419,,2023,41368.221,103731.0,103731.0,,COG
,730422,,2023,1484.025,3000.0,3000.0,,COG
,730423,,2023,372310.119,26716.8,26716.8,,COG
,730424,,2023,175662.534,42318.1,42318.1,,COG
,730429,,2023,1391928.226,2724100.0,2724100.0,,COG
,730439,,2023,40114.338,925.0,925.0,,COG
,730441,,2023,3955.857,52.47,52.47,,COG
,730449,,2023,1054.067,20903.0,20903.0,,COG
,730490,,2023,31697.884,13717.0,13717.0,,COG
,730630,,2023,36138.129,100000.0,100000.0,,COG
,730300,,2023,53.419,9.0,9.0,,COD
,730411,,2023,19037.114,10535.0,10535.0,,COD
,730423,,2023,2228.664,1423.0,1423.0,,COD
,730619,,2023,7064.652,2128.0,2128.0,,COD
,730300,,2023,20462.77,4208.52,4208.52,,CRI
,730411,,2023,532321.99,21974.36,21974.36,,CRI
,730419,,2023,789393.59,326220.454,326220.454,,CRI
,730423,,2023,75703.48,15070.3,15070.3,,CRI
,730424,,2023,257172.97,105869.51,105869.51,,CRI
,730429,,2023,28162.03,23583.41,23583.41,,CRI
,730439,,2023,50828.75,19179.613,19179.613,,CRI
,730441,,2023,1060480.11,1333.302,1333.302,,CRI
,730449,,2023,267340.44,17989.721,17989.721,,CRI
,730451,,2023,16000.0,4960.0,4960.0,,CRI
,730490,,2023,404061.0,4267.888,4267.888,,CRI
,7305,,2023,146.99,47.37,47.37,,CRI
,730611,,2023,31177.97,4993.86,4993.86,,CRI
,730619,,2023,77397.41,28895.862,28895.862,,CRI
,730629,,2023,12524.0,5138.78,5138.78,,CRI
,730630,,2023,15971802.72,13331717.039,13331717.039,,CRI
,730300,,2023,1966155.255,1511391.0,1511391.0,,BEN
,730423,,2023,57562.699,9256.0,9256.0,,BEN
,730439,,2023,35465.539,15630.0,15630.0,,BEN
,730441,,2023,100479.22,6741.0,6741.0,,BEN
,7305,,2023,13123.966,180422.0,180422.0,,BEN
,730619,,2023,10170.158,9000.0,9000.0,,BEN
,730630,,2023,288045.489,485547.0,485547.0,,BEN
,730300,,2023,20705.853,9769.34,9769.34,,DOM
,730419,,2023,1388.24,,0.0,,DOM
,730439,,2023,75.08,20.0,20.0,,DOM
,730449,,2023,17771.125,949.5,949.5,,DOM
,730490,,2023,20664.65,69.0,69.0,,DOM
,730619,,2023,222.302,18.0,18.0,,DOM
,730629,,2023,4.0,2.0,2.0,,DOM
,730630,,2023,1753350.528,1318048.034,1318048.034,,DOM
,730300,,2023,3358.0,,0.0,,ECU
,730411,,2023,8647.1,3.255,3.255,,ECU
,730419,,2023,56768.5,,0.0,,ECU
,730422,,2023,1688.8,0.03,0.03,,ECU
,730423,,2023,532897.8,,0.0,,ECU
,730424,,2023,5511.3,0.51,0.51,,ECU
,730429,,2023,554201.7,,0.0,,ECU
,730431,,2023,555.1,,0.0,,ECU
,730439,,2023,1164.0,,0.0,,ECU
,730441,,2023,1810.6,0.08,0.08,,ECU
,730449,,2023,2592.2,,0.0,,ECU
,730451,,2023,59742.5,,0.0,,ECU
,730459,,2023,18000.0,,0.0,,ECU
,730490,,2023,3776.4,0.36,0.36,,ECU
,7305,,2023,40680.0,,0.0,,ECU
,730611,,2023,187.5,0.06,0.06,,ECU
,730619,,2023,3180.0,3.09,3.09,,ECU
,730630,,2023,10663504.5,,0.0,,ECU
,730300,,2023,10320.0,685.15,685.15,,SLV
,730411,,2023,21842.0,1301.94,1301.94,,SLV
,730419,,2023,32755.0,26801.26,26801.26,,SLV
,730423,,2023,21244.0,53529.79,53529.79,,SLV
,730441,,2023,4470.0,780.0,780.0,,SLV
,730449,,2023,11473.0,1314.72,1314.72,,SLV
,730459,,2023,2530.0,2620.49,2620.49,,SLV
,730490,,2023,712.0,226.75,226.75,,SLV
,7305,,2023,9178.0,7031.55,7031.55,,SLV
,730611,,2023,1275.0,500.0,500.0,,SLV
,730619,,2023,74737.0,26138.16,26138.16,,SLV
,730630,,2023,3705717.0,3382289.81,3382289.81,,SLV
,730300,,2023,75.038,25.0,25.0,,ETH
,730411,,2023,2825.615,40.38,40.38,,ETH
,730419,,2023,1076.458,2370.0,2370.0,,ETH
,730423,,2023,79064.94,13363.5,13363.5,,ETH
,730490,,2023,341145.732,90623.2,90623.2,,ETH
,7305,,2023,4979.553,231.0,231.0,,ETH
,730630,,2023,3571.619,2860.0,2860.0,,ETH
,730411,,2023,38.686,10.0,10.0,,GAB
,730423,,2023,1552751.16,215325.0,78771720.0,,GAB
,730424,,2023,985177.041,178948.0,178940.0,,GAB
,730429,,2023,25535446.57,12853119.0,0.0,,GAB
,730431,,2023,12050.365,72.0,72000.0,,GAB
,730439,,2023,1357339.736,12322.0,18800.0,,GAB
,730490,,2023,1229653.304,43255.0,16483530.0,,GAB
,7305,,2023,2118691.667,633628.0,633360.0,,GAB
,730611,,2023,312141.521,186874.0,188150.0,,GAB
,730619,,2023,1609957.782,529690.0,52960.0,,GAB
,730629,,2023,330601.449,76455.0,76450.0,,GAB
,730300,,2023,55307.41,13099.56,13099.56,,GEO
,730419,,2023,12996916.92,11765156.0,11765156.0,,GEO
,730423,,2023,19500.0,8706.0,8706.0,,GEO
,730424,,2023,24137.422,7005.0,7005.0,,GEO
,730429,,2023,123722.56,178639.0,178639.0,,GEO
,730431,,2023,1118.94,13.05,13.05,,GEO
,730439,,2023,16227.544,,0.0,,GEO
,730441,,2023,16950.442,6346.11,6346.11,,GEO
,730449,,2023,2625.0,2390.0,2390.0,,GEO
,730451,,2023,21660.0,1526.0,1526.0,,GEO
,730459,,2023,23940.0,2016.09,2016.09,,GEO
,730490,,2023,2986.216,24.92,24.92,,GEO
,7305,,2023,3891.914,11000.0,11000.0,,GEO
,730621,,2023,771.74,234.0,234.0,,GEO
,730629,,2023,7205.691,2136.87,2136.87,,GEO
,730630,,2023,30802.093,13999.94,13999.94,,GEO
,730300,,2023,1572.641,1037.332,1015.0,,GHA
,730411,,2023,5.077,14.53,2.0,,GHA
,730419,,2023,1698274.49,471400.0,0.0,,GHA
,730422,,2023,11848.858,2290.0,242.0,,GHA
,730423,,2023,98187.499,251699.06,0.0,,GHA
,730424,,2023,166402.574,28069.0,4924.0,,GHA
,730429,,2023,149.972,326.31,20.0,,GHA
,730431,,2023,26101.996,29379.01,27173.4,,GHA
,730449,,2023,13733.025,1216.0,8.0,,GHA
,730451,,2023,49663.321,14918.1,333.272,,GHA
,730459,,2023,1779.032,112.81,3.0,,GHA
,730490,,2023,531027.88,439178.53,430112.73,,GHA
,7305,,2023,85473.055,5107.0,60.0,,GHA
,730611,,2023,259610.531,160274.53,159521.0,,GHA
,730619,,2023,168986.859,6900.0,877.0,,GHA
,730629,,2023,10710.139,84763.0,38.0,,GHA
,730300,,2023,12446.0,848.0,848.0,,GTM
,730411,,2023,63102.0,7217.0,7217.0,,GTM
,730419,,2023,1508692.0,1123123.0,1123123.0,,GTM
,730422,,2023,40159.0,4975.0,4975.0,,GTM
,730423,,2023,265020.0,215638.0,215638.0,,GTM
,730424,,2023,91315.0,5741.0,5741.0,,GTM
,730429,,2023,2749.0,1146.0,1146.0,,GTM
,730439,,2023,60362.0,17229.0,17229.0,,GTM
,730449,,2023,66260.0,7577.0,7577.0,,GTM
,730459,,2023,57888.0,4607.0,4607.0,,GTM
,730490,,2023,115869.0,14889.0,14889.0,,GTM
,7305,,2023,65369.0,41998.0,41998.0,,GTM
,730619,,2023,586057.0,497018.0,497018.0,,GTM
,730621,,2023,4102.0,493.0,493.0,,GTM
,730629,,2023,13565.0,17713.0,17713.0,,GTM
,730630,,2023,26628558.0,20460100.0,20460100.0,,GTM
,730300,,2023,3478.21,2035.04,2035.04,,HND
,730411,,2023,36.0,105.0,105.0,,HND
,730419,,2023,208105.4,57261.67,57261.67,,HND
,730422,,2023,3833.0,350.0,350.0,,HND
,730423,,2023,7907.16,5110.0,5110.0,,HND
,730429,,2023,1491.88,571.62,571.62,,HND
,730439,,2023,3479.61,3113.0,3113.0,,HND
,730449,,2023,2485.65,484.33,484.33,,HND
,730490,,2023,7481.34,745.31,745.31,,HND
,7305,,2023,450.0,1560.0,1560.0,,HND
,730630,,2023,1167495.05,890847.28,890847.28,,HND
,730300,,2023,2605369.144,1702758.0,1702758.0,,HKG
,730419,,2023,1186.27,45.0,45.0,,HKG
,730422,,2023,269.108,13.0,13.0,,HKG
,730423,,2023,10584.982,1245.0,1245.0,,HKG
,730424,,2023,1051416.043,48256.0,48256.0,,HKG
,730431,,2023,174140.93,140517.0,140517.0,,HKG
,730439,,2023,140635.317,47513.0,47513.0,,HKG
,730441,,2023,419626.265,27717.0,27717.0,,HKG
,730449,,2023,77064.25,598.0,598.0,,HKG
,730451,,2023,7794.539,158.0,158.0,,HKG
,730459,,2023,233024.264,144845.0,144845.0,,HKG
,730490,,2023,18252.311,19913.0,19913.0,,HKG
,7305,,2023,1235700.168,742753.0,742753.0,,HKG
,730619,,2023,3935.075,16.0,16.0,,HKG
,730630,,2023,4485583.521,3567749.0,3567749.0,,HKG
,730300,,2023,1463691.321,1151057.779,1151057.779,,IDN
,730411,,2023,1667834.608,422858.283,422858.283,,IDN
,730419,,2023,57103670.055,,0.0,,IDN
,730422,,2023,2033563.946,730919.0,730919.0,,IDN
,730423,,2023,514284.313,104662.0,104662.0,,IDN
,730424,,2023,62590057.615,8491431.0,8491431.0,,IDN
,730429,,2023,164346841.08,60901710.914,60901710.914,,IDN
,730431,,2023,1566169.584,234349.271,234349.271,,IDN
,730439,,2023,47660.312,23531.63,23531.63,,IDN
,730441,,2023,32930.96,4196.176,4196.176,,IDN
,730449,,2023,396450.396,122956.975,122956.975,,IDN
,730451,,2023,5151.55,,0.0,,IDN
,730459,,2023,19021581.717,2002013.983,2002013.983,,IDN
,730490,,2023,1577426.115,1497552.531,1497552.531,,IDN
,7305,,2023,391515267.123,175423806.037,175423806.037,,IDN
,730611,,2023,41677.536,27685.656,27685.656,,IDN
,730619,,2023,8750287.365,6703512.16,6703512.16,,IDN
,730621,,2023,922.4,50.72,50.72,,IDN
,730629,,2023,20064470.854,3560054.953,3560054.953,,IDN
,730630,,2023,19079918.402,14850857.088,14850857.088,,IDN
,730300,,2023,749000.0,457377.841,457377.841,,ISR
,730411,,2023,301000.0,23973.021,23973.021,,ISR
,730419,,2023,357000.0,207413.306,207413.306,,ISR
,730422,,2023,196000.0,,0.0,,ISR
,730423,,2023,915000.0,232938.959,232938.959,,ISR
,730424,,2023,84000.0,8586.815,8586.815,,ISR
,730429,,2023,1627000.0,784699.188,784699.188,,ISR
,730439,,2023,181000.0,97056.883,97056.883,,ISR
,730441,,2023,234000.0,11549.567,11549.567,,ISR
,730449,,2023,1063000.0,84310.219,84310.219,,ISR
,730451,,2023,13000.0,4001.954,4001.954,,ISR
,730459,,2023,66000.0,20853.897,20853.897,,ISR
,730490,,2023,770000.0,,0.0,,ISR
,7305,,2023,2288000.0,640531.52,640531.52,,ISR
,730611,,2023,25000.0,4403.065,4403.065,,ISR
,730619,,2023,9000.0,6710.52,6710.52,,ISR
,730621,,2023,1000.0,,0.0,,ISR
,730630,,2023,26000.0,16833.583,16833.583,,ISR
,730300,,2023,18223.741,37022.0,37022.0,,CIV
,730411,,2023,501557.251,56973.0,56973.0,,CIV
,730419,,2023,37695.787,3502.0,3502.0,,CIV
,730422,,2023,35869.966,1818.0,1818.0,,CIV
,730423,,2023,1704689.805,694269.0,694269.0,,CIV
,730429,,2023,28046.924,48322.0,48322.0,,CIV
,730431,,2023,416139.611,2445.0,2445.0,,CIV
,730439,,2023,13063.122,18493.0,18493.0,,CIV
,730449,,2023,28473.644,3093.0,3093.0,,CIV
,730451,,2023,1220.502,20.0,20.0,,CIV
,730459,,2023,14172.472,8700.0,8700.0,,CIV
,730490,,2023,866623.423,96667.0,96667.0,,CIV
,7305,,2023,99280.342,170550.0,170550.0,,CIV
,730611,,2023,1372.372,600.0,600.0,,CIV
,730619,,2023,1648.542,750.0,750.0,,CIV
,730629,,2023,31327.976,20015.0,20015.0,,CIV
,730630,,2023,1105906.603,980519.0,980519.0,,CIV
,730419,,2023,722.49,800.0,800.0,,JAM
,730439,,2023,4501.86,26.64,26.64,,JAM
,7305,,2023,1192.92,485.0,485.0,,JAM
,730629,,2023,3051.26,1500.0,1500.0,,JAM
,730630,,2023,5978.86,1155.0,1155.0,,JAM
,730300,,2023,3249383.399,1113078.0,1113078.0,,JPN
,730411,,2023,22034927.884,2342172.205,2342172.205,,JPN
,730419,,2023,108048187.007,66974775.0,66974775.0,,JPN
,730423,,2023,124975.737,80670.0,80670.0,,JPN
,730424,,2023,1351165678.638,165468218.0,165468218.0,,JPN
,730429,,2023,717884820.114,338954701.146,338954701.146,,JPN
,730431,,2023,37758879.999,6165013.0,6165013.0,,JPN
,730439,,2023,80106194.571,,0.0,,JPN
,730441,,2023,423201854.848,26385133.114,26385133.114,,JPN
,730449,,2023,142642592.797,14425679.039,14425679.039,,JPN
,730451,,2023,39919825.66,15826214.0,15826214.0,,JPN
,730459,,2023,146277181.626,31868320.0,31868320.0,,JPN
,730490,,2023,3827661.324,1133509.316,1133509.316,,JPN
,7305,,2023,252882531.649,162717003.0,162717003.0,,JPN
,730611,,2023,205500.313,26403.402,26403.402,,JPN
,730619,,2023,48815161.3,,0.0,,JPN
,730621,,2023,8093.03,54.0,54.0,,JPN
,730629,,2023,12100.396,5670.0,5670.0,,JPN
,730630,,2023,214658903.912,61411796.0,61411796.0,,JPN
,730300,,2023,6483.06,817.05,817.05,,KAZ
,730411,,2023,10727226.54,16306735.0,16306735.0,,KAZ
,730419,,2023,29156327.93,26038294.07,26038294.07,,KAZ
,730422,,2023,56778.0,245880.0,245880.0,,KAZ
,730423,,2023,748944.7,104512.3,104512.3,,KAZ
,730424,,2023,5532712.54,1576194.0,1576194.0,,KAZ
,730429,,2023,61916977.33,69880653.0,69880653.0,,KAZ
,730431,,2023,450212.7,121702.33,121702.33,,KAZ
,730439,,2023,1499936.47,601012.62,601012.62,,KAZ
,730441,,2023,2766213.3,734232.72,734232.72,,KAZ
,730449,,2023,920100.14,,0.0,,KAZ
,730451,,2023,234688.54,102216.72,102216.72,,KAZ
,730459,,2023,1254603.22,662646.69,662646.69,,KAZ
,730490,,2023,2115933.83,1448970.96,1448970.96,,KAZ
,7305,,2023,3365483.34,2535069.0,2535069.0,,KAZ
,730619,,2023,422820.56,331503.0,331503.0,,KAZ
,730629,,2023,213.54,13.3,13.3,,KAZ
,730630,,2023,13023747.78,19566050.635,19566050.635,,KAZ
,730300,,2023,9142336.846,5524384.758,5524384.758,,JOR
,730422,,2023,28160.282,,0.0,,JOR
,730431,,2023,114338.732,34234.545,34234.545,,JOR
,730449,,2023,87876.056,6719.057,6719.057,,JOR
,730451,,2023,4098.592,1062.495,1062.495,,JOR
,730459,,2023,15915.493,4711.461,4711.461,,JOR
,730490,,2023,98806.338,18385.763,18385.763,,JOR
,730619,,2023,137833.549,87263.469,87263.469,,JOR
,730630,,2023,135232.802,81786.666,81786.666,,JOR
,730300,,2023,198938.24,183913.05,183913.05,,KEN
,730411,,2023,41169.24,2690.0,2690.0,,KEN
,730419,,2023,62258.506,136481.65,136481.65,,KEN
,730422,,2023,14727.847,64830.0,64830.0,,KEN
,730423,,2023,5298.547,972.0,972.0,,KEN
,730424,,2023,5374.819,2135.4,2135.4,,KEN
,730429,,2023,32556.386,15221.0,15221.0,,KEN
,730431,,2023,7.734,328.1,328.1,,KEN
,730439,,2023,292780.789,219924.39,219924.19,,KEN
,730441,,2023,1063.741,148.0,148.0,,KEN
,730449,,2023,2904.621,2557.0,2557.0,,KEN
,730490,,2023,163938.033,101267.77,101267.77,,KEN
,7305,,2023,20240.014,56082.66,56082.66,,KEN
,730611,,2023,22258.978,23434.0,23434.0,,KEN
,730619,,2023,12680.873,9710.0,9710.0,,KEN
,730621,,2023,14090.674,2036.0,2036.0,,KEN
,730630,,2023,901070.489,988293.62,988293.12,,KEN
,730300,,2023,5349528.0,1452501.189,1452501.189,,KOR
,730411,,2023,66583184.0,2887858.837,2887858.837,,KOR
,730419,,2023,49781498.0,21914551.415,21914551.415,,KOR
,730422,,2023,64990.0,13068.171,13068.171,,KOR
,730423,,2023,3728697.0,1515810.0,1515810.0,,KOR
,730424,,2023,4950633.0,675440.123,675440.123,,KOR
,730429,,2023,80167631.0,36459203.15,36459203.15,,KOR
,730431,,2023,29953187.0,11599791.21,11599791.21,,KOR
,730439,,2023,20861312.0,8940394.564,8940394.564,,KOR
,730441,,2023,105135780.0,5527032.829,5527032.829,,KOR
,730449,,2023,51246237.0,5597470.217,5597470.217,,KOR
,730451,,2023,22502380.0,9747334.536,9747334.536,,KOR
,730459,,2023,16919188.0,5274659.152,5274659.152,,KOR
,730490,,2023,134793737.0,31158002.882,31158002.882,,KOR
,7305,,2023,770803953.0,545854987.656,545854987.656,,KOR
,730611,,2023,13081308.0,1439320.62,1439320.62,,KOR
,730619,,2023,356518573.0,312964897.664,312964897.664,,KOR
,730621,,2023,165742.0,9810.15,9810.15,,KOR
,730629,,2023,655204950.0,419399327.047,419399327.047,,KOR
,730630,,2023,295332217.0,243297720.895,243297720.895,,KOR
,730300,,2023,7724421.619,4846990.8,4846990.8,,KWT
,730411,,2023,252374.483,567634.0,567634.0,,KWT
,730419,,2023,59849.662,155240.5,155240.5,,KWT
,730422,,2023,43628.238,3580.0,3580.0,,KWT
,730423,,2023,2306010.554,4719803.0,4719803.0,,KWT
,730424,,2023,159206.285,13145.74,13145.74,,KWT
,730429,,2023,316631.892,206816.0,206816.0,,KWT
,730431,,2023,1039981.055,1574608.2,1574608.2,,KWT
,730439,,2023,11475.119,36550.0,36550.0,,KWT
,730441,,2023,30769.595,2798.5,2798.5,,KWT
,730449,,2023,8277926.004,27887642.0,27887642.0,,KWT
,730451,,2023,106231.929,2799.17,2799.17,,KWT
,730459,,2023,105776.179,61631.0,61631.0,,KWT
,730490,,2023,22670.277,60974.3,60974.3,,KWT
,7305,,2023,2223174.846,6556477.94,6556477.94,,KWT
,730629,,2023,293014.307,102834.0,102834.0,,KWT
,730630,,2023,45698.643,50372.0,50372.0,,KWT
,730423,,2023,218211.0,5738.0,5738.0,,KGZ
,730431,,2023,566232.0,514023.0,514023.0,,KGZ
,730439,,2023,153131.0,73445.0,73445.0,,KGZ
,730451,,2023,149.0,45.869,45.869,,KGZ
,730490,,2023,593.0,,0.0,,KGZ
,730619,,2023,37590.0,151.0,151.0,,KGZ
,730630,,2023,77887.0,9453.0,9453.0,,KGZ
,730300,,2023,61049.0,36889.711,36889.711,,LBN
,730411,,2023,16250.0,1112.018,1112.018,,LBN
,730419,,2023,119642.0,64101.854,64101.854,,LBN
,730423,,2023,3722054.0,860327.179,860327.179,,LBN
,730424,,2023,7695.0,667.009,667.009,,LBN
,730429,,2023,450.0,203.797,203.797,,LBN
,730431,,2023,176209.0,52759.33,52759.33,,LBN
,730439,,2023,196541.0,98977.482,98977.482,,LBN
,730449,,2023,9623.0,735.78,735.78,,LBN
,730451,,2023,36920.0,9570.926,9570.926,,LBN
,730459,,2023,14431.0,4272.007,4272.007,,LBN
,730490,,2023,150498.0,28004.484,28004.484,,LBN
,7305,,2023,184671.0,92893.817,92893.817,,LBN
,730611,,2023,800.0,130.753,130.753,,LBN
,730619,,2023,120619.0,76364.807,76364.807,,LBN
,730629,,2023,15550.0,6958.036,6958.036,,LBN
,730630,,2023,248077.0,150033.058,150033.058,,LBN
,730300,,2023,323.964,1968.0,30.0,,MDG
,730419,,2023,183.298,2.46,2.46,,MDG
,730423,,2023,170.081,166.0,3.0,,MDG
,730431,,2023,223.269,173.0,173.0,,MDG
,730449,,2023,149.273,3.0,3.0,,MDG
,730490,,2023,8056.727,5581.0,5556.0,,MDG
,730619,,2023,1546.966,284.76,284.76,,MDG
,730300,,2023,4154807.914,5422266.37,5422266.37,,MYS
,730411,,2023,3989645.851,1127795.52,1127795.52,,MYS
,730419,,2023,137870255.026,67457048.85,67457048.85,,MYS
,730422,,2023,606011.644,237523.7,237523.7,,MYS
,730423,,2023,2487718.349,1522882.2,1522882.2,,MYS
,730424,,2023,1084168.623,254987.41,254987.41,,MYS
,730429,,2023,2456548.489,1286432.09,1286432.09,,MYS
,730431,,2023,1532808.366,450019.68,450019.68,,MYS
,730439,,2023,1609016.585,,0.0,,MYS
,730441,,2023,2180094.409,825725.1,825725.1,,MYS
,730449,,2023,457440.514,103873.3,103873.3,,MYS
,730451,,2023,170185.499,51456.29,51456.29,,MYS
,730459,,2023,3182034.803,1930670.26,1930670.26,,MYS
,730490,,2023,20228483.254,13409804.35,13409804.35,,MYS
,7305,,2023,170387750.701,191361702.99,191361702.99,,MYS
,730611,,2023,5346285.107,1589036.9,1589036.9,,MYS
,730619,,2023,138422857.307,55749139.0,55749139.0,,MYS
,730621,,2023,174090.228,101437.7,101437.7,,MYS
,730629,,2023,447605.455,133947.1,133947.1,,MYS
,730630,,2023,15342149.063,14006912.81,14006912.81,,MYS
,730300,,2023,824.542,150.0,150.0,,MLI
,730419,,2023,11390.38,7244.0,7244.0,,MLI
,730423,,2023,33711.746,11057.6,11057.6,,MLI
,730429,,2023,39508.287,9589.0,9589.0,,MLI
,730439,,2023,45314.046,39083.0,39083.0,,MLI
,730441,,2023,556.566,2185.0,2185.0,,MLI
,730490,,2023,7750.692,1000.0,1000.0,,MLI
,730619,,2023,3957.8,6400.0,6400.0,,MLI
,730629,,2023,1586.875,168.0,168.0,,MLI
,730630,,2023,67950.663,12638.0,12638.0,,MLI
,730419,,2023,70588115.106,24225671.0,24225671.0,,MRT
,730424,,2023,1382485.475,36728.0,36728.0,,MRT
,730429,,2023,2390591.101,831996.0,831996.0,,MRT
,7305,,2023,2879198.748,631135.1,631135.1,,MRT
,730300,,2023,2718.633,548.0,568.0,,MUS
,730411,,2023,2752.454,3440.0,3440.0,,MUS
,730419,,2023,11372.573,1571.0,1571.0,,MUS
,730429,,2023,1074.265,268.0,268.0,,MUS
,730441,,2023,738.879,150.0,150.0,,MUS
,730449,,2023,125.676,1.0,4.0,,MUS
,730490,,2023,9716.187,1310.0,1366.0,,MUS
,7305,,2023,87.458,22.0,22.0,,MUS
,730629,,2023,267.589,17.0,17.0,,MUS
,730630,,2023,1267.252,458.0,458.0,,MUS
,730300,,2023,432526.0,123857.0,123857.0,,MEX
,730411,,2023,48779.0,10263.0,10263.0,,MEX
,730419,,2023,65840287.0,25356168.0,25356168.0,,MEX
,730423,,2023,28433065.0,7053990.0,7053990.0,,MEX
,730429,,2023,331831810.0,131434120.0,131434120.0,,MEX
,730431,,2023,11088419.0,2443885.0,2443885.0,,MEX
,730439,,2023,11464881.0,5215430.0,5215430.0,,MEX
,730441,,2023,1599103.0,65391.0,65391.0,,MEX
,730449,,2023,879843.0,36119.0,36119.0,,MEX
,730451,,2023,1162070.0,194999.0,194999.0,,MEX
,730459,,2023,45885292.0,16773975.0,16773975.0,,MEX
,730490,,2023,243427.0,65077.0,65077.0,,MEX
,7305,,2023,33933935.0,0.0,0.0,,MEX
,730619,,2023,37876065.0,26084686.0,26084686.0,,MEX
,730629,,2023,97124.0,66471.0,66471.0,,MEX
,730630,,2023,212188831.0,101865307.0,101865307.0,,MEX
,730423,,2023,3085.807,984.0,984.0,,MNG
,730439,,2023,1764.662,39.04,39.04,,MNG
,730449,,2023,401.623,1.18,1.18,,MNG
,730451,,2023,144.198,3.6,3.6,,MNG
,730490,,2023,43540.592,3292.484,3292.484,,MNG
,730630,,2023,26.7,38.6,38.6,,MNG
,730490,,2023,15408.0,5801.0,5801.0,,MDA
,7305,,2023,295138.0,372180.0,372180.0,,MDA
,730630,,2023,5383.0,2639.0,2639.0,,MDA
,730300,,2023,5718.336,7979.2,7979.2,,MNE
,730429,,2023,1261288.83,516219.0,516219.0,,MNE
,730439,,2023,8517.809,4070.0,4070.0,,MNE
,730441,,2023,1469.272,158.0,158.0,,MNE
,730451,,2023,5244.89,9905.0,9905.0,,MNE
,730490,,2023,11529.263,39754.1,39754.1,,MNE
,7305,,2023,195288.04,147073.0,147073.0,,MNE
,730630,,2023,5839.671,453.0,453.0,,MNE
,730300,,2023,17845.463,8311.0,8311.0,,MAR
,730411,,2023,24733.463,2642.0,2642.0,,MAR
,730419,,2023,10641.245,1147.4,1147.4,,MAR
,730422,,2023,71093.145,21047.0,21047.0,,MAR
,730423,,2023,163323.806,50544.2,50544.2,,MAR
,730424,,2023,3129.569,7.0,7.0,,MAR
,730429,,2023,2000.014,602.0,602.0,,MAR
,730431,,2023,30990.687,1512.3,1512.3,,MAR
,730439,,2023,102401.101,39074.51,39074.51,,MAR
,730441,,2023,6521.49,291.38,291.38,,MAR
,730449,,2023,19520.449,24501.0,24501.0,,MAR
,730451,,2023,14907.081,200.0,200.0,,MAR
,730459,,2023,101352.788,13399.76,13399.76,,MAR
,730490,,2023,105032.043,4949.0,4949.0,,MAR
,7305,,2023,1220835.439,1025305.3,1025305.3,,MAR
,730611,,2023,19452.837,7471.8,7471.8,,MAR
,730619,,2023,4584.053,873.0,873.0,,MAR
,730621,,2023,592.217,400.0,400.0,,MAR
,730629,,2023,6312.24,2752.0,2752.0,,MAR
,730630,,2023,652332.224,255079.0,255079.0,,MAR
,730423,,2023,17000.0,2220.0,0.0,,MOZ
,730424,,2023,3000.0,400.0,2.0,,MOZ
,730429,,2023,651000.0,202660.0,698.0,,MOZ
,730431,,2023,33000.0,31702.0,30005.0,,MOZ
,730441,,2023,31000.0,30082.0,30082.0,,MOZ
,730490,,2023,163000.0,123705.0,120159.0,,MOZ
,7305,,2023,2320000.0,2994111.0,4391.0,,MOZ
,730619,,2023,3982000.0,5210646.0,45082.0,,MOZ
,730630,,2023,976000.0,1016843.0,1016843.0,,MOZ
,730300,,2023,29115732.074,17593587.853,17593587.853,,OMN
,730411,,2023,2973321.192,203470.006,203470.006,,OMN
,730419,,2023,10615713.898,5687692.783,5687692.783,,OMN
,730422,,2023,6888356.296,,0.0,,OMN
,730423,,2023,457310.793,105704.244,105704.244,,OMN
,730424,,2023,16949.285,1469.177,1469.177,,OMN
,730429,,2023,9033838.737,4091266.465,4091266.465,,OMN
,730431,,2023,78931.079,23633.02,23633.02,,OMN
,730439,,2023,189417.425,95390.07,95390.07,,OMN
,730441,,2023,59823.147,2731.975,2731.975,,OMN
,730449,,2023,811178.152,62023.173,62023.173,,OMN
,730451,,2023,33882.965,8783.623,8783.623,,OMN
,730459,,2023,366028.608,108355.391,108355.391,,OMN
,730490,,2023,802743.822,149373.59,149373.59,,OMN
,7305,,2023,167508.452,58013.815,58013.815,,OMN
,730611,,2023,520.156,85.015,85.015,,OMN
,730619,,2023,136746.424,86575.201,86575.201,,OMN
,730621,,2023,1071427.827,,0.0,,OMN
,730629,,2023,24777.633,11087.052,11087.052,,OMN
,730630,,2023,112901352.229,68280957.417,68280957.417,,OMN
,730300,,2023,7946.051,4180.0,4180.0,,NAM
,730411,,2023,157956.708,16400.33,16400.33,,NAM
,730419,,2023,18256.937,21437.5,21437.5,,NAM
,730422,,2023,88405.745,93389.0,93389.0,,NAM
,730423,,2023,65847.803,25264.0,25264.0,,NAM
,730424,,2023,4020.126,1049.68,1049.68,,NAM
,730429,,2023,28519.127,2852.1,2852.1,,NAM
,730431,,2023,114.698,10.0,10.0,,NAM
,730439,,2023,1868.043,600.0,600.0,,NAM
,730449,,2023,32188.608,14871.8,14871.8,,NAM
,730451,,2023,13336.208,2601.88,2601.88,,NAM
,730459,,2023,652.916,156.2,156.2,,NAM
,730490,,2023,59895.247,39995.75,39995.75,,NAM
,7305,,2023,2101.84,1273.0,1273.0,,NAM
,730611,,2023,344583.671,56748.0,56748.0,,NAM
,730619,,2023,262.504,31.0,31.0,,NAM
,730621,,2023,31.205,3.0,3.0,,NAM
,730629,,2023,12627.033,2495.0,2495.0,,NAM
,730630,,2023,2318.201,641.4,641.4,,NAM
,730300,,2023,135179.618,122376.0,122376.0,,NZL
,730411,,2023,2866.559,905.0,905.0,,NZL
,730419,,2023,7290.443,1181.0,1181.0,,NZL
,730423,,2023,125165.699,54476.0,54476.0,,NZL
,730424,,2023,38969.971,931.0,931.0,,NZL
,730429,,2023,27587.865,11617.0,11617.0,,NZL
,730431,,2023,34380.897,1902.0,1902.0,,NZL
,730439,,2023,9141.301,1229.0,1229.0,,NZL
,730441,,2023,31874.194,2148.416,2148.416,,NZL
,730449,,2023,77764.312,8747.0,8747.0,,NZL
,730451,,2023,20729.126,1622.0,1622.0,,NZL
,730459,,2023,16841.34,2547.223,2547.223,,NZL
,730490,,2023,164178.042,8289.0,8289.0,,NZL
,7305,,2023,74883.015,11220.0,11220.0,,NZL
,730611,,2023,11218.144,1368.0,1368.0,,NZL
,730619,,2023,19538.411,8284.29,8284.29,,NZL
,730621,,2023,4649.868,432.0,432.0,,NZL
,730629,,2023,66676.355,23729.0,23729.0,,NZL
,730630,,2023,994114.369,372282.0,372282.0,,NZL
,730419,,2023,907.0,829.0,829.0,,NIC
,730422,,2023,24829.1,3383.82,3383.82,,NIC
,730429,,2023,2326.06,109.6,109.6,,NIC
,730439,,2023,4347.0,8023.0,8023.0,,NIC
,730459,,2023,1410.0,203.0,203.0,,NIC
,730490,,2023,1813.1,208.0,208.0,,NIC
,7305,,2023,4199.72,840.0,840.0,,NIC
,730619,,2023,48.0,7.0,7.0,,NIC
,730630,,2023,337825.76,351253.0,351253.0,,NIC
,730490,,2023,9317.704,9054.0,9054.0,,NER
,730424,,2023,6940209.049,366682.0,366682.0,,NGA
,730429,,2023,318366.12,24157435.0,24157435.0,,NGA
,730451,,2023,22207.172,1500.0,1500.0,,NGA
,730490,,2023,857072.664,100153.0,100153.0,,NGA
,7305,,2023,32135.888,41000.0,41000.0,,NGA
,730619,,2023,495069.48,166347000.0,166347000.0,,NGA
,730300,,2023,4559.388,5000.0,5000.0,,PAK
,730411,,2023,13611.848,4000.0,4000.0,,PAK
,730419,,2023,43521.54,111000.0,111000.0,,PAK
,730424,,2023,2405.771,3000.0,3000.0,,PAK
,730429,,2023,901699.352,196000.0,196000.0,,PAK
,730431,,2023,10096.528,5000.0,5000.0,,PAK
,730439,,2023,28702.728,12000.0,12000.0,,PAK
,730441,,2023,44409.254,7000.0,7000.0,,PAK
,730490,,2023,945.893,3000.0,3000.0,,PAK
,730619,,2023,187.519,1000.0,1000.0,,PAK
,730629,,2023,74739.322,37000.0,37000.0,,PAK
,730630,,2023,218756.361,256000.0,256000.0,,PAK
,730429,,2023,1293.0,261.0,261.0,,PAN
,730439,,2023,1233.0,866.0,866.0,,PAN
,730419,,2023,312.838,7000.0,7000.0,,PNG
,730422,,2023,13769.388,45880.0,45880.0,,PNG
,730423,,2023,10412.83,,0.0,,PNG
,730424,,2023,503.809,432.0,432.0,,PNG
,730429,,2023,174993.132,1140506.0,1140506.0,,PNG
,730439,,2023,4296.909,4000.0,4000.0,,PNG
,730441,,2023,769.001,1000.0,1000.0,,PNG
,730449,,2023,194.28,1000.0,1000.0,,PNG
,730619,,2023,411254.251,8000.0,8000.0,,PNG
,730629,,2023,35847.61,33892.0,33892.0,,PRY
,730630,,2023,197730.07,195806.0,195806.0,,PRY
,730300,,2023,100724.4,128075.65,128075.65,,PER
,730411,,2023,221927.97,127980.32,127980.32,,PER
,730419,,2023,1317513.22,872780.32,872780.32,,PER
,730422,,2023,580862.53,74972.75,74972.75,,PER
,730423,,2023,441693.76,266352.08,266352.08,,PER
,730424,,2023,7181.93,2462.04,2462.04,,PER
,730429,,2023,453123.67,228112.01,228112.01,,PER
,730439,,2023,201600.77,12150.08,12150.08,,PER
,730441,,2023,15834.88,3536.35,3536.35,,PER
,730449,,2023,19246.91,4755.55,4755.55,,PER
,730451,,2023,193308.41,31765.03,31765.03,,PER
,730459,,2023,320690.14,46268.03,46268.03,,PER
,730490,,2023,742573.35,146975.83,146975.83,,PER
,7305,,2023,117771.25,37556.9,37556.9,,PER
,730611,,2023,2828.0,640.24,640.24,,PER
,730630,,2023,3637765.78,3359057.14,3359057.14,,PER
,730300,,2023,20132489.0,670900.446,670900.446,,PHL
,730411,,2023,73404.0,13724.74,13724.74,,PHL
,730419,,2023,841539.0,451635.2,451635.2,,PHL
,730422,,2023,40717.0,69107.8,69107.8,,PHL
,730423,,2023,17900.0,14400.0,14400.0,,PHL
,730424,,2023,16450.0,945.26,945.26,,PHL
,730429,,2023,290790.0,113133.1,113133.1,,PHL
,730431,,2023,24460.0,2855.19,2855.19,,PHL
,730439,,2023,8989.0,64.0,64.0,,PHL
,730449,,2023,7592.0,1955.37,1955.37,,PHL
,730459,,2023,12240.0,5976.0,5976.0,,PHL
,730490,,2023,1228233.0,112296.7,112296.7,,PHL
,7305,,2023,3485935.0,2220648.66,2220648.66,,PHL
,730611,,2023,200.0,213.57,213.57,,PHL
,730619,,2023,401552.0,238623.26,238623.26,,PHL
,730629,,2023,50401894.0,32490254.53,32490254.53,,PHL
,730630,,2023,2085359.0,1299865.09,1299865.09,,PHL
,730300,,2023,63272.032,38233.009,38233.009,,QAT
,7305,,2023,1100181.701,0.0,0.0,,QAT
,730300,,2023,30408253.106,18568839.997,18568839.997,,SAU
,730411,,2023,79953692.668,6367878.915,6367878.915,,SAU
,730419,,2023,34795428.73,20215784.037,20215784.037,,SAU
,730422,,2023,32021105.333,,0.0,,SAU
,730423,,2023,1184282.637,301492.42,301492.42,,SAU
,730424,,2023,223389.061,22835.721,22835.721,,SAU
,730429,,2023,6542839.036,3155599.558,3155599.558,,SAU
,730431,,2023,4283529.226,1345709.364,1345709.364,,SAU
,730439,,2023,861165.845,461779.407,461779.407,,SAU
,730441,,2023,584054.652,28827.257,28827.257,,SAU
,730449,,2023,248806.927,19733.741,19733.741,,SAU
,730451,,2023,973549.842,299700.154,299700.154,,SAU
,730459,,2023,1400352.498,442466.78,442466.78,,SAU
,730490,,2023,4281472.16,,0.0,,SAU
,7305,,2023,241443581.164,191001282.448,191001282.448,,SAU
,730611,,2023,41917811.485,7382673.712,7382673.712,,SAU
,730619,,2023,491047.188,366131.349,366131.349,,SAU
,730621,,2023,44442.666,,0.0,,SAU
,730629,,2023,43698872.241,20721414.044,20721414.044,,SAU
,730630,,2023,21101985.872,13662385.434,13662385.434,,SAU
,730411,,2023,7569.138,190.0,190.0,,SEN
,730419,,2023,37806.173,13439.0,13439.0,,SEN
,730423,,2023,45313.705,14183.0,14183.0,,SEN
,730429,,2023,8768.638,1493.0,1493.0,,SEN
,730431,,2023,2244.658,43.0,43.0,,SEN
,730451,,2023,15348.385,356.0,356.0,,SEN
,730459,,2023,2085.826,64.0,64.0,,SEN
,730490,,2023,250.11,351.0,351.0,,SEN
,7305,,2023,7111.58,151.0,151.0,,SEN
,730619,,2023,2871.42,1089.0,1089.0,,SEN
,730630,,2023,2753565.877,2153754.0,2153754.0,,SEN
,730300,,2023,875606.0,358806.388,358806.388,,SRB
,730411,,2023,30508.0,4543.331,4543.331,,SRB
,730419,,2023,303612.0,126632.0,126632.0,,SRB
,730423,,2023,75297.0,11051.0,11051.0,,SRB
,730429,,2023,820958.0,208067.0,208067.0,,SRB
,730431,,2023,398700.0,77541.097,77541.097,,SRB
,730439,,2023,2288727.0,1095138.951,1095138.951,,SRB
,730441,,2023,127084.0,17261.913,17261.913,,SRB
,730449,,2023,246981.0,24841.0,24841.0,,SRB
,730451,,2023,82247.0,12691.888,12691.888,,SRB
,730459,,2023,150283.0,60211.0,60211.0,,SRB
,730490,,2023,410200.0,246229.008,246229.008,,SRB
,7305,,2023,463977.0,282419.0,282419.0,,SRB
,730611,,2023,3952.0,680.0,680.0,,SRB
,730619,,2023,47439.0,119524.0,119524.0,,SRB
,730621,,2023,72199.0,720600.0,720600.0,,SRB
,730629,,2023,3544.0,999.0,999.0,,SRB
,730630,,2023,28399878.0,17637790.0,17637790.0,,SRB
,730300,,2023,192797668.166,219768154.242,219768154.242,,IND
,730411,,2023,25308874.548,3601882.779,3601882.779,,IND
,730419,,2023,98356216.017,55486239.235,55486239.235,,IND
,730422,,2023,2251935.173,79071.0,79071.0,,IND
,730423,,2023,12457159.297,4962675.505,4962675.505,,IND
,730424,,2023,3900965.888,75595.0,75595.0,,IND
,730429,,2023,60555397.027,28801353.602,28801353.602,,IND
,730431,,2023,36723620.435,18250999.097,18250999.097,,IND
,730439,,2023,17282881.737,,0.0,,IND
,730441,,2023,256878678.948,31114204.042,31114204.042,,IND
,730449,,2023,14856192.253,1947305.682,1947305.682,,IND
,730451,,2023,8216895.134,2913906.0,2913906.0,,IND
,730459,,2023,5496286.024,2305277.0,2305277.0,,IND
,730490,,2023,64137558.35,13678854.155,13678854.155,,IND
,7305,,2023,771221242.038,586334517.0,586334517.0,,IND
,730611,,2023,20030380.18,4140729.251,4140729.251,,IND
,730619,,2023,87364379.663,59284679.461,59284679.461,,IND
,730621,,2023,951752.336,110200.796,110200.796,,IND
,730629,,2023,1689724.3,1350623.471,1350623.471,,IND
,730630,,2023,337418453.023,302660988.596,302660988.596,,IND
,730300,,2023,1860954.796,290095.454,290095.454,,SGP
,730411,,2023,19856850.802,6539665.803,6539665.803,,SGP
,730419,,2023,78790374.119,22055687.061,22055687.061,,SGP
,730422,,2023,6695458.329,1668799.556,1668799.556,,SGP
,730423,,2023,7007815.117,2893611.845,2893611.845,,SGP
,730424,,2023,60470125.243,8765411.706,8765411.706,,SGP
,730429,,2023,131725692.829,54700657.11,54700657.11,,SGP
,730431,,2023,4303187.54,,0.0,,SGP
,730439,,2023,12986865.904,4899393.337,4899393.337,,SGP
,730441,,2023,11591916.176,637576.124,637576.124,,SGP
,730449,,2023,9479020.584,1390204.15,1390204.15,,SGP
,730451,,2023,2502158.053,532981.313,532981.313,,SGP
,730459,,2023,22394221.981,8640870.268,8640870.268,,SGP
,730490,,2023,71274935.848,20278758.829,20278758.829,,SGP
,7305,,2023,207353572.667,77813705.04,77813705.04,,SGP
,730611,,2023,1517548.625,470830.0,470830.0,,SGP
,730619,,2023,9272668.77,,0.0,,SGP
,730621,,2023,669936.966,648739.571,648739.571,,SGP
,730629,,2023,2112437.669,652788.952,652788.952,,SGP
,730630,,2023,4247761.042,,0.0,,SGP
,730300,,2023,721998.397,440889.276,440889.276,,VNM
,730411,,2023,646392.848,51481.692,51481.692,,VNM
,730419,,2023,3560599.45,2068671.436,2068671.436,,VNM
,730422,,2023,2626.75,,0.0,,VNM
,730423,,2023,242700.0,61786.104,61786.104,,VNM
,730424,,2023,115655.0,11822.716,11822.716,,VNM
,730429,,2023,188942.62,91126.687,91126.687,,VNM
,730431,,2023,300745.685,94481.971,94481.971,,VNM
,730439,,2023,1275998.945,684223.648,684223.648,,VNM
,730441,,2023,10283863.658,507581.911,507581.911,,VNM
,730449,,2023,866295.717,68708.919,68708.919,,VNM
,730451,,2023,212026.57,65270.819,65270.819,,VNM
,730459,,2023,677331.188,214015.078,214015.078,,VNM
,730490,,2023,1673606.936,,0.0,,VNM
,7305,,2023,10185151.747,7889455.994,7889455.994,,VNM
,730611,,2023,944830.187,166405.944,166405.944,,VNM
,730619,,2023,4238082.508,3159970.987,3159970.987,,VNM
,730621,,2023,20454.0,,0.0,,VNM
,730629,,2023,57659487.897,27341349.124,27341349.124,,VNM
,730630,,2023,154159904.001,99810133.492,99810133.492,,VNM
,730300,,2023,2049929.456,1017285.97,1017285.97,,ZAF
,730411,,2023,7213498.409,1969137.24,1969137.24,,ZAF
,730419,,2023,44660023.908,,0.0,,ZAF
,730422,,2023,1947987.986,392449.14,392449.14,,ZAF
,730423,,2023,6538367.344,3752457.47,3752457.47,,ZAF
,730424,,2023,1403606.302,322425.46,322425.46,,ZAF
,730429,,2023,1858308.631,1015589.44,1015589.44,,ZAF
,730431,,2023,1043555.62,232155.55,232155.55,,ZAF
,730439,,2023,5589598.87,2461731.37,2461731.37,,ZAF
,730441,,2023,1215690.632,610065.76,610065.76,,ZAF
,730449,,2023,4704139.152,3216460.19,3216460.19,,ZAF
,730451,,2023,215059.918,57613.85,57613.85,,ZAF
,730459,,2023,3832584.454,1324656.52,1324656.52,,ZAF
,730490,,2023,11612351.899,4706183.58,4706183.58,,ZAF
,7305,,2023,1109871.057,597027.79,597027.79,,ZAF
,730611,,2023,1047418.279,372524.25,372524.25,,ZAF
,730619,,2023,3484552.42,2252357.23,2252357.23,,ZAF
,730621,,2023,1945716.092,1551090.31,1551090.31,,ZAF
,730629,,2023,5997297.54,3930270.05,3930270.05,,ZAF
,730630,,2023,9539298.414,6940258.096,6940258.096,,ZAF
,730423,,2023,280815.04,114.78,114.78,,ZWE
,730429,,2023,2384.33,102.0,102.0,,ZWE
,730439,,2023,387.43,50.0,50.0,,ZWE
,730449,,2023,3850.51,15.0,15.0,,ZWE
,730429,,2023,73514.2,98376.1,98376.1,,SUR
,730490,,2023,24856.293,15550.0,15550.0,,SUR
,730419,,2023,2684.71,497.1,497.1,,SWZ
,730422,,2023,424.48,120.0,120.0,,SWZ
,730424,,2023,87.92,1000.0,1000.0,,SWZ
,730429,,2023,6503.33,5985.0,5985.0,,SWZ
,730439,,2023,1005.16,3100.0,3100.0,,SWZ
,730449,,2023,3265.35,1905.0,1905.0,,SWZ
,730490,,2023,174.85,52.0,52.0,,SWZ
,7305,,2023,11.3,6.6,6.6,,SWZ
,730621,,2023,6851.54,1000.0,1000.0,,SWZ
,730630,,2023,28215.56,1000.0,1000.0,,SWZ
,730300,,2023,100.0,20.0,20.0,,TJK
,730429,,2023,6465.0,660.0,660.0,,TJK
,730630,,2023,23055.0,26399.0,26399.0,,TJK
,730300,,2023,2189059.235,822899.148,822899.148,,THA
,730411,,2023,4293051.08,1254881.185,1254881.185,,THA
,730419,,2023,20934718.563,13906477.793,13906477.793,,THA
,730422,,2023,112572.384,40471.874,40471.874,,THA
,730423,,2023,2363881.82,1651719.514,1651719.514,,THA
,730424,,2023,750810.491,272850.818,272850.818,,THA
,730429,,2023,291668046.709,192509684.925,192509684.925,,THA
,730431,,2023,6226901.337,3322341.0,3322341.0,,THA
,730439,,2023,141862535.741,,0.0,,THA
,730441,,2023,10986036.568,768270.297,768270.297,,THA
,730449,,2023,2850995.339,607510.788,607510.788,,THA
,730451,,2023,641728.478,232362.0,232362.0,,THA
,730459,,2023,3362014.497,729749.923,729749.923,,THA
,730490,,2023,3244550.446,1359204.222,1359204.222,,THA
,7305,,2023,6870174.834,2415779.476,2415779.476,,THA
,730611,,2023,274589.509,117512.327,117512.327,,THA
,730619,,2023,1472377.429,211953.491,211953.491,,THA
,730621,,2023,480441.216,352294.0,352294.0,,THA
,730629,,2023,34628.318,12095.0,12095.0,,THA
,730630,,2023,185434748.162,,0.0,,THA
,730423,,2023,38451.693,36604.0,36604.0,,TGO
,730429,,2023,5908.768,185.0,185.0,,TGO
,730630,,2023,16073.948,15000.0,15000.0,,TGO
,730300,,2023,100343.211,24254.0,24254.0,,TTO
,730411,,2023,21291.617,8688.511,8688.511,,TTO
,730419,,2023,938549.89,232927.0,232927.0,,TTO
,730422,,2023,437820.019,683361.0,683361.0,,TTO
,730423,,2023,2746926.711,848032.0,848032.0,,TTO
,730424,,2023,6654.26,1861.0,1861.0,,TTO
,730429,,2023,7064091.5,3731868.0,3731868.0,,TTO
,730439,,2023,56597.8,17254.0,17254.0,,TTO
,730441,,2023,291.248,4.0,4.0,,TTO
,730449,,2023,8789.881,2875.0,2875.0,,TTO
,730459,,2023,4458.049,7047.0,7047.0,,TTO
,730490,,2023,566257.546,599779.0,599779.0,,TTO
,7305,,2023,5260.536,2374.0,2374.0,,TTO
,730611,,2023,372.282,1.0,1.0,,TTO
,730619,,2023,366.801,61.0,61.0,,TTO
,730629,,2023,3204.912,1088.0,1088.0,,TTO
,730630,,2023,173367.484,64232.0,64232.0,,TTO
,730300,,2023,289491096.477,263132864.32,263132864.32,,ARE
,730411,,2023,20815403.536,7329585.62,7329585.62,,ARE
,730419,,2023,105625984.47,54115835.66,54115835.66,,ARE
,730422,,2023,3836281.968,1986032.12,1986032.12,,ARE
,730423,,2023,24347272.935,8839873.3,8839873.3,,ARE
,730424,,2023,51126369.766,7681891.45,7681891.45,,ARE
,730429,,2023,136514124.033,63735521.01,63735521.01,,ARE
,730431,,2023,28159348.559,22532427.32,22532427.32,,ARE
,730439,,2023,27245452.552,10090507.38,10090507.38,,ARE
,730441,,2023,40461687.905,4873992.08,4873992.08,,ARE
,730449,,2023,15013166.459,2969924.373,2969924.373,,ARE
,730451,,2023,2991096.948,194845.49,194845.49,,ARE
,730459,,2023,101450632.372,23707781.01,23707781.01,,ARE
,730490,,2023,130518222.506,73522043.53,73522043.53,,ARE
,7305,,2023,43144123.751,29458788.67,29458788.67,,ARE
,730611,,2023,1872192.917,370725.75,370725.75,,ARE
,730619,,2023,20112021.246,9070547.99,9070547.99,,ARE
,730621,,2023,471343.758,165735.25,165735.25,,ARE
,730629,,2023,55781128.928,27559329.85,27559329.85,,ARE
,730630,,2023,145054218.561,136896229.71,136896229.71,,ARE
,730300,,2023,19977.415,1611.0,1611.0,,TUN
,730419,,2023,6055835.234,1449074.0,1449074.0,,TUN
,730422,,2023,496971.946,6319.0,6319.0,,TUN
,730423,,2023,325977.079,44696.0,44696.0,,TUN
,730424,,2023,44681.628,29800.0,29800.0,,TUN
,730429,,2023,4715950.798,1722093.0,1722093.0,,TUN
,730431,,2023,500959.44,30412.0,30412.0,,TUN
,730439,,2023,130992.642,69585.0,69585.0,,TUN
,730441,,2023,280173.285,134342.0,134342.0,,TUN
,730449,,2023,28166.875,48000.0,48000.0,,TUN
,730451,,2023,34172.614,2609.0,2609.0,,TUN
,730459,,2023,11577.668,411.0,411.0,,TUN
,730490,,2023,36053.287,5547.0,5547.0,,TUN
,7305,,2023,5072.842,170.0,170.0,,TUN
,730630,,2023,19491410.366,15701826.0,15701826.0,,TUN
,730300,,2023,92035638.0,67929271.0,67929271.0,,TUR
,730411,,2023,713515.0,93706.0,93706.0,,TUR
,730419,,2023,19450098.0,8741579.0,8741579.0,,TUR
,730422,,2023,469554.0,244045.0,244045.0,,TUR
,730423,,2023,1884754.0,574180.0,574180.0,,TUR
,730424,,2023,1040716.0,614657.0,614657.0,,TUR
,730429,,2023,4763974.0,2181266.0,2181266.0,,TUR
,730431,,2023,12721190.0,5171025.0,5171025.0,,TUR
,730439,,2023,17739680.0,10161334.0,10161334.0,,TUR
,730441,,2023,11310263.0,755886.0,755886.0,,TUR
,730449,,2023,3317229.0,464632.0,464632.0,,TUR
,730451,,2023,5154724.0,726242.0,726242.0,,TUR
,730459,,2023,2757398.0,1106398.0,1106398.0,,TUR
,730490,,2023,17407811.0,5672640.0,5672640.0,,TUR
,7305,,2023,634519481.0,520801386.0,520801386.0,,TUR
,730611,,2023,1533985.0,163519.0,163519.0,,TUR
,730619,,2023,63992572.0,42290680.0,42290680.0,,TUR
,730621,,2023,34410.0,29315.0,29315.0,,TUR
,730629,,2023,82233839.0,66663903.0,66663903.0,,TUR
,730630,,2023,518357610.0,508470833.0,508470833.0,,TUR
,730300,,2023,69642.78,69139.0,69139.0,,UGA
,730411,,2023,74080.59,20660.0,20660.0,,UGA
,730419,,2023,81566.88,30828.0,30828.0,,UGA
,730422,,2023,494.7,150.0,150.0,,UGA
,730423,,2023,1599.22,1200.0,1200.0,,UGA
,730424,,2023,231.47,3500.0,3500.0,,UGA
,730429,,2023,12.04,4.0,4.0,,UGA
,730431,,2023,30826.91,14500.0,14500.0,,UGA
,730439,,2023,22062.0,41211.0,41211.0,,UGA
,730449,,2023,83335.8,165000.0,165000.0,,UGA
,730451,,2023,284.93,60.0,60.0,,UGA
,730490,,2023,116812.89,19348.92,19348.92,,UGA
,7305,,2023,4501.39,2550.0,2550.0,,UGA
,730619,,2023,1745.82,150.0,150.0,,UGA
,730630,,2023,128411.35,164739.0,164739.0,,UGA
,730300,,2023,2087.33,1641.5,1641.5,,UKR
,730411,,2023,83131.16,3736.8,3736.8,,UKR
,730419,,2023,99979889.43,84795723.0,84795723.0,,UKR
,730422,,2023,4019.02,568.0,568.0,,UKR
,730423,,2023,318015.75,146704.7,146704.7,,UKR
,730429,,2023,77029885.05,41908640.937,41908640.937,,UKR
,730431,,2023,11130902.27,5953449.368,5953449.368,,UKR
,730439,,2023,159042415.47,123354216.674,123354216.674,,UKR
,730441,,2023,104595046.04,7485260.844,7485260.844,,UKR
,730449,,2023,56208287.01,6432561.06,6432561.06,,UKR
,730451,,2023,584798.84,306477.1,306477.1,,UKR
,730459,,2023,15585815.46,10849353.0,10849353.0,,UKR
,730490,,2023,21294.17,10444.38,10444.38,,UKR
,7305,,2023,1498706.22,1836962.24,1836962.24,,UKR
,730611,,2023,409574.83,154611.0,154611.0,,UKR
,730619,,2023,111968.64,130027.0,130027.0,,UKR
,730630,,2023,9948610.43,11222407.919,11222407.919,,UKR
,730411,,2023,1395.228,87.141,87.141,,MKD
,730419,,2023,21515.052,23720.0,23720.0,,MKD
,730422,,2023,14619.748,17050.0,17050.0,,MKD
,730423,,2023,16784.438,3717.0,3717.0,,MKD
,730431,,2023,315742.693,130818.648,130818.648,,MKD
,730439,,2023,7019.063,4188.0,4188.0,,MKD
,730441,,2023,2798.681,25.0,25.0,,MKD
,730449,,2023,2573.774,409.0,409.0,,MKD
,730490,,2023,67514.503,37062.0,37062.0,,MKD
,7305,,2023,755258.457,602318.0,602318.0,,MKD
,730619,,2023,370.177,98.0,98.0,,MKD
,730630,,2023,34783151.153,38175337.0,38175337.0,,MKD
,730300,,2023,2108795.131,1287738.537,1287738.537,,EGY
,730411,,2023,84412.37,6722.988,6722.988,,EGY
,730419,,2023,574939.767,334034.055,334034.055,,EGY
,730423,,2023,466555.55,118774.824,118774.824,,EGY
,730424,,2023,5990.1,612.332,612.332,,EGY
,730431,,2023,10000.0,3141.59,3141.59,,EGY
,730439,,2023,68944.78,36969.975,36969.975,,EGY
,730441,,2023,85270.0,4208.682,4208.682,,EGY
,730449,,2023,1206139.76,95663.13,95663.13,,EGY
,730459,,2023,1500.0,473.952,473.952,,EGY
,730490,,2023,212130.7,,0.0,,EGY
,7305,,2023,176540.889,69024.366,69024.366,,EGY
,730611,,2023,657940.17,115878.13,115878.13,,EGY
,730619,,2023,16564.69,12350.854,12350.854,,EGY
,730630,,2023,35532.25,23005.195,23005.195,,EGY
,730300,,2023,19932298.8,4459948.831,4459948.831,,GBR
,730411,,2023,17973365.583,931632.15,931632.15,,GBR
,730419,,2023,67142689.014,,0.0,,GBR
,730422,,2023,5674394.276,305741.0,305741.0,,GBR
,730423,,2023,13096986.158,3398921.0,3398921.0,,GBR
,730424,,2023,77788773.209,4584369.166,4584369.166,,GBR
,730429,,2023,55981956.002,19377497.684,19377497.684,,GBR
,730431,,2023,17671227.307,2754304.283,2754304.283,,GBR
,730439,,2023,3947367.804,,0.0,,GBR
,730441,,2023,59314607.734,3209864.897,3209864.897,,GBR
,730449,,2023,29481183.113,1114579.652,1114579.652,,GBR
,730451,,2023,3993959.708,,0.0,,GBR
,730459,,2023,16854800.669,1920934.0,1920934.0,,GBR
,730490,,2023,32322133.332,1271208.607,1271208.607,,GBR
,7305,,2023,151764640.724,,0.0,,GBR
,730611,,2023,1370280.521,102579.0,102579.0,,GBR
,730619,,2023,23807980.824,,0.0,,GBR
,730621,,2023,71913.24,4257.0,4257.0,,GBR
,730629,,2023,274230.365,36208.0,36208.0,,GBR
,730630,,2023,77597858.888,,0.0,,GBR
,730300,,2023,49534.06,24736.7,23106.7,,TZA
,730419,,2023,628342.91,409830.8,409830.8,,TZA
,730423,,2023,1842.28,800.0,800.0,,TZA
,730424,,2023,18317.32,44050.0,44050.0,,TZA
,730429,,2023,38452.19,31000.0,31000.0,,TZA
,730439,,2023,13224.82,6273.0,6273.0,,TZA
,730449,,2023,18212.3,20765.7,20765.7,,TZA
,730459,,2023,404.0,20.0,20.0,,TZA
,730490,,2023,174905.07,96604.33,96604.33,,TZA
,7305,,2023,148278.04,,0.0,,TZA
,730611,,2023,66499.32,41037.0,41037.0,,TZA
,730619,,2023,159940.75,120766.46,120766.46,,TZA
,730630,,2023,635818.8,684938.7,684937.2,,TZA
,730300,,2023,64311184.0,27438720.866,27438720.866,,USA
,730411,,2023,32797175.0,1565959.0,1565959.0,,USA
,730419,,2023,99970305.0,30453040.0,30453040.0,,USA
,730422,,2023,7123206.0,574398.0,574398.0,,USA
,730423,,2023,66818679.0,24837917.0,24837917.0,,USA
,730424,,2023,47805196.0,3315623.0,3315623.0,,USA
,730429,,2023,164415622.0,55867913.0,55867913.0,,USA
,730431,,2023,35725519.0,9222072.0,9222072.0,,USA
,730439,,2023,50042184.0,14680434.0,14680434.0,,USA
,730441,,2023,130676743.0,5513864.0,5513864.0,,USA
,730449,,2023,56744878.0,2992661.0,2992661.0,,USA
,730451,,2023,30711550.0,4114547.0,4114547.0,,USA
,730459,,2023,80234413.0,17091659.0,17091659.0,,USA
,730490,,2023,26660257.0,5622217.0,5622217.0,,USA
,7305,,2023,284186086.0,109202757.0,109202757.0,,USA
,730611,,2023,17247862.0,6705993.0,6705993.0,,USA
,730619,,2023,39849193.0,12688792.0,12688792.0,,USA
,730621,,2023,2942790.0,958065.0,958065.0,,USA
,730629,,2023,241175939.0,143823751.0,143823751.0,,USA
,730630,,2023,564730737.0,204542081.0,204542081.0,,USA
,730431,,2023,102.0,5.96,5.96,,URY
,730439,,2023,7296.0,1662.51,1662.51,,URY
,730441,,2023,10036.0,174.923,174.923,,URY
,730449,,2023,19652.0,1050.824,1050.824,,URY
,730459,,2023,179.0,10.408,10.408,,URY
,730490,,2023,6454.0,1678.041,1678.041,,URY
,7305,,2023,14217.0,6853.26,6853.26,,URY
,730630,,2023,846.0,528.427,528.427,,URY
,730300,,2023,7439.0,9380.0,9380.0,,UZB
,730411,,2023,18873.99,188490.0,188490.0,,UZB
,730423,,2023,2185.0,6560.0,6560.0,,UZB
,730429,,2023,36703.0,100610.0,100610.0,,UZB
,730431,,2023,100954.0,38701.1,38701.1,,UZB
,730439,,2023,4806.0,5470.0,5470.0,,UZB
,730449,,2023,19735.0,4787.0,4787.0,,UZB
,730451,,2023,22.0,4.016,4.016,,UZB
,730490,,2023,54320.97,31659.868,31659.868,,UZB
,7305,,2023,49690.0,42900.0,42900.0,,UZB
,730630,,2023,721638.99,849580.0,849580.0,,UZB
,730300,,2023,5263.149,796.0,796.0,,ZMB
,730411,,2023,837230.902,457456.0,457456.0,,ZMB
,730419,,2023,6757.71,10920.0,10920.0,,ZMB
,730422,,2023,17718.231,6045.0,6045.0,,ZMB
,730423,,2023,20522.059,12993.5,12993.5,,ZMB
,730424,,2023,64182.653,2952.0,2952.0,,ZMB
,730429,,2023,12019.432,5000.0,5000.0,,ZMB
,730431,,2023,7586.842,26080.0,26080.0,,ZMB
,730439,,2023,19654.366,13965.0,13965.0,,ZMB
,730441,,2023,22992.433,11921.66,11921.66,,ZMB
,730449,,2023,31294.289,35587.0,35587.0,,ZMB
,730459,,2023,4831.876,4045.0,4045.0,,ZMB
,730490,,2023,93912.793,173863.0,173863.0,,ZMB
,7305,,2023,26776.229,2106.0,2106.0,,ZMB
,730611,,2023,21349.555,18000.0,18000.0,,ZMB
,730619,,2023,7793.296,36200.0,36200.0,,ZMB
,730629,,2023,67903.95,15670.0,15670.0,,ZMB
,730630,,2023,1618499.505,1135008.84,1135008.84,,ZMB
,730422,,2024,69851.842,,0.0,,DZA
,730629,,2024,120310.916,,0.0,,DZA
,730630,,2024,35954311.226,25664435.546,25664435.546,,DZA
,730300,,2024,335276.92,572078.17,572078.17,,AGO
,730411,,2024,12924.19,3921.0,3921.0,,AGO
,730419,,2024,799451.36,2132688.5,2132688.5,,AGO
,730422,,2024,80482.81,67907.0,67907.0,,AGO
,730423,,2024,888068.0,170527.0,170527.0,,AGO
,730429,,2024,84513.14,5033200.0,5033200.0,,AGO
,730431,,2024,110564.69,10464.0,10464.0,,AGO
,730439,,2024,13691.54,11787.69,11787.69,,AGO
,730441,,2024,13765.3,2684.66,2684.66,,AGO
,730449,,2024,24592.13,1151.0,1151.0,,AGO
,730451,,2024,242985.0,133197.0,133197.0,,AGO
,730459,,2024,26401.75,21431.0,21431.0,,AGO
,730490,,2024,1431173.27,1041365.0,1041365.0,,AGO
,7305,,2024,15000.0,13797.2,13797.2,,AGO
,730619,,2024,945131.0,6800.0,6800.0,,AGO
,730629,,2024,6412.48,658.61,658.61,,AGO
,730630,,2024,281629.84,428.8,428.8,,AGO
,730419,,2024,575354.19,713402.0,713402.0,,AZE
,730423,,2024,91721.15,83409.0,83409.0,,AZE
,730424,,2024,51805.59,1781.0,1781.0,,AZE
,730429,,2024,22967349.95,18685578.5,18685578.5,,AZE
,730439,,2024,216188.23,209683.14,209683.14,,AZE
,730441,,2024,721174.98,1421868.51,1421868.51,,AZE
,730449,,2024,35.01,60.0,60.0,,AZE
,730459,,2024,594.14,19.86,19.86,,AZE
,730490,,2024,208009.37,53927.257,53927.257,,AZE
,7305,,2024,499176.85,813300.2,813300.2,,AZE
,730629,,2024,255091.56,40994.87,40994.87,,AZE
,730630,,2024,100.0,0.28,0.28,,AZE
,730431,,2024,444049.43,88384.94,88384.94,,ARG
,730439,,2024,58671.15,2424.65,2424.65,,ARG
,730451,,2024,671306.79,334858.0,334858.0,,ARG
,730459,,2024,873400.43,452745.4,452745.4,,ARG
,730490,,2024,790.99,26.63,26.63,,ARG
,730630,,2024,253854.63,97826.85,97826.85,,ARG
,730300,,2024,1367360.02,223285.0,223285.0,,AUS
,730411,,2024,925640.649,112550.0,112550.0,,AUS
,730419,,2024,1784766.985,296464.0,296464.0,,AUS
,730422,,2024,1082732.897,298920.0,298920.0,,AUS
,730423,,2024,1715480.389,528200.0,528200.0,,AUS
,730424,,2024,70840.024,4530.0,4530.0,,AUS
,730429,,2024,1488723.417,424480.0,424480.0,,AUS
,730431,,2024,288634.757,105687.0,105687.0,,AUS
,730439,,2024,1248074.019,167280.0,167280.0,,AUS
,730441,,2024,205754.674,23482.0,23482.0,,AUS
,730449,,2024,2265634.199,592585.0,592585.0,,AUS
,730451,,2024,43479.493,9590.0,9590.0,,AUS
,730459,,2024,3384773.673,623709.0,623709.0,,AUS
,730490,,2024,6878938.656,526956.0,526956.0,,AUS
,7305,,2024,3349678.337,3430806.0,3430806.0,,AUS
,730611,,2024,303847.004,78090.0,78090.0,,AUS
,730619,,2024,871635.59,64941.0,64941.0,,AUS
,730621,,2024,34232.174,5070.0,5070.0,,AUS
,730629,,2024,217456.859,19840.0,19840.0,,AUS
,730630,,2024,1473175.937,174780.0,174780.0,,AUS
,730300,,2024,12583204.297,16962975.74,16962975.74,,BHR
,730411,,2024,162342.978,26910.5,26910.5,,BHR
,730419,,2024,590300.504,124757.76,124757.76,,BHR
,730422,,2024,122040.159,186312.5,186312.5,,BHR
,730423,,2024,326511.063,318009.1,318009.1,,BHR
,730424,,2024,6460.851,1421.3,1421.3,,BHR
,730429,,2024,581306.727,248750.2,248750.2,,BHR
,730431,,2024,29487.5,49545.6,49545.6,,BHR
,730439,,2024,298676.382,204447.87,204447.87,,BHR
,730441,,2024,22621.117,1513.4,1513.4,,BHR
,730449,,2024,617064.998,129422.66,129422.66,,BHR
,730451,,2024,44204.441,12914.0,12914.0,,BHR
,730459,,2024,11644928.129,4056040.93,4056040.93,,BHR
,730490,,2024,64820.931,16079.85,16079.85,,BHR
,7305,,2024,938148.002,427315.8,427315.8,,BHR
,730619,,2024,689252.604,115342.37,115342.37,,BHR
,730621,,2024,4793.138,1250.0,1250.0,,BHR
,730629,,2024,1510677.123,193954.01,193954.01,,BHR
,730630,,2024,1617726.458,374688.38,374688.38,,BHR
,730411,,2024,555.87,210.0,210.0,,ARM
,730423,,2024,2535.8,14.0,14.0,,ARM
,730431,,2024,9470.63,336.148,336.148,,ARM
,730439,,2024,1566.16,46.8,46.8,,ARM
,730441,,2024,78.06,1.5,1.5,,ARM
,730449,,2024,33.05,2.4,2.4,,ARM
,730490,,2024,663.95,10.91,10.91,,ARM
,730630,,2024,157835.97,149334.9,149334.9,,ARM
,730419,,2024,500.0,82.0,82.0,,BOL
,730423,,2024,494951.2,115648.0,115648.0,,BOL
,730451,,2024,3142.92,3.0,3.0,,BOL
,730629,,2024,880.68,4.46,4.46,,BOL
,730300,,2024,6751.125,4548.5,4548.5,,BIH
,730411,,2024,371.81,112.0,112.0,,BIH
,730419,,2024,947.346,446.0,446.0,,BIH
,730422,,2024,1138.404,92.49,92.49,,BIH
,730424,,2024,45.28,30.0,30.0,,BIH
,730429,,2024,62074.695,10426.0,10426.0,,BIH
,730431,,2024,234440.268,60273.5,60273.5,,BIH
,730439,,2024,120225.657,37594.23,37594.23,,BIH
,730441,,2024,4709.549,304.76,304.76,,BIH
,730449,,2024,11522.328,3389.94,3389.94,,BIH
,730451,,2024,74092.022,13341.04,13341.04,,BIH
,730459,,2024,42707.429,8849.0,8849.0,,BIH
,730490,,2024,17153.641,2749.28,2749.28,,BIH
,7305,,2024,265688.636,239053.08,239053.08,,BIH
,730619,,2024,3946.114,1368.0,1368.0,,BIH
,730629,,2024,23850.315,2699.36,2699.36,,BIH
,730630,,2024,2229466.711,2078911.3,2078911.3,,BIH
,730300,,2024,7384121.0,7125190.231,7197402.231,,BRA
,730411,,2024,2639302.0,204323.25,28396.25,,BRA
,730419,,2024,244966266.0,108342478.895,108333518.895,,BRA
,730422,,2024,9.0,1.0,1.0,,BRA
,730423,,2024,659523.0,211760.0,0.0,,BRA
,730424,,2024,43939144.0,4595844.0,4595844.0,,BRA
,730429,,2024,599764610.0,235376369.406,235376503.406,,BRA
,730431,,2024,5774719.0,506882.228,0.0,,BRA
,730439,,2024,6208681.0,5414376.137,5414881.137,,BRA
,730441,,2024,479433.0,21391.269,21361.269,,BRA
,730449,,2024,1193277.0,253560.162,253569.162,,BRA
,730451,,2024,1087986.0,,0.0,,BRA
,730459,,2024,2614716.0,970939.841,974879.841,,BRA
,730490,,2024,1296954.0,78549.653,79040.653,,BRA
,7305,,2024,291398299.0,151093753.827,151081661.827,,BRA
,730611,,2024,1189640.0,97334.0,912.0,,BRA
,730619,,2024,2133530.0,327889.231,0.0,,BRA
,730621,,2024,5873.0,177.0,177.0,,BRA
,730629,,2024,7792.0,2444.0,2444.0,,BRA
,730630,,2024,34808603.0,28766104.317,28764852.317,,BRA
,730300,,2024,106758.996,575214.0,575214.0,,BRN
,730411,,2024,558208.639,675811.0,675811.0,,BRN
,730419,,2024,91910.989,56293.0,56293.0,,BRN
,730422,,2024,463455.619,517591.0,517591.0,,BRN
,730423,,2024,128960.706,129551.0,129551.0,,BRN
,730429,,2024,283081.174,55551.0,55551.0,,BRN
,730431,,2024,67192.147,10404.0,10404.0,,BRN
,730439,,2024,32512.035,1920.0,1920.0,,BRN
,730441,,2024,63014.68,14.0,14.0,,BRN
,730449,,2024,49529.063,62982.45,62982.45,,BRN
,730451,,2024,34482.231,202.0,202.0,,BRN
,730459,,2024,14410.821,500.0,500.0,,BRN
,730490,,2024,1815355.428,4034766.9,4034766.9,,BRN
,7305,,2024,1633470.899,3879342.0,3879342.0,,BRN
,730611,,2024,2245.588,10000.0,10000.0,,BRN
,730619,,2024,23204.409,132000.0,132000.0,,BRN
,730629,,2024,106635.519,102.0,102.0,,BRN
,730630,,2024,14930088.273,2252767.0,2252767.0,,BRN
,730419,,2024,606.01,136.0,136.0,,MMR
,730300,,2024,974773.85,862377.0,862377.0,,KHM
,730490,,2024,22022.06,6543.0,6543.0,,KHM
,730619,,2024,4080.0,6000.0,6000.0,,KHM
,730630,,2024,55042724.0,50281470.0,50281470.0,,KHM
,730300,,2024,1356261.055,591432.0,591432.0,,CAN
,730411,,2024,1098833.42,158700.0,158700.0,,CAN
,730419,,2024,35557936.534,9647210.0,9647210.0,,CAN
,730422,,2024,343553.32,273441.0,273441.0,,CAN
,730423,,2024,1112684.658,370954.0,370954.0,,CAN
,730424,,2024,898227.11,526278.0,526278.0,,CAN
,730429,,2024,195320535.168,94111287.0,94111287.0,,CAN
,730431,,2024,2628655.001,573127.0,573127.0,,CAN
,730439,,2024,8218760.107,4022335.0,4022335.0,,CAN
,730441,,2024,2150781.275,128557.0,128557.0,,CAN
,730449,,2024,2000652.245,149570.0,149570.0,,CAN
,730451,,2024,10062279.76,2013367.0,2013367.0,,CAN
,730459,,2024,3586792.227,700713.0,700713.0,,CAN
,730490,,2024,1463586.464,642066.0,642066.0,,CAN
,7305,,2024,16279856.483,16515028.0,16515028.0,,CAN
,730611,,2024,340822.855,53980.0,53980.0,,CAN
,730619,,2024,28268000.829,14190112.0,14190112.0,,CAN
,730621,,2024,15410.094,1348.0,1348.0,,CAN
,730629,,2024,188365764.591,103221059.0,103221059.0,,CAN
,730630,,2024,246122857.639,171891588.0,171891588.0,,CAN
,730300,,2024,1210.274,743.985,743.985,,LKA
,730411,,2024,441098.964,355110.0,355110.0,,LKA
,730419,,2024,25217.055,5538.0,5538.0,,LKA
,730424,,2024,11091.468,5787.627,5787.627,,LKA
,730429,,2024,291.369,129.0,129.0,,LKA
,730431,,2024,3356.219,8801.0,8801.0,,LKA
,730439,,2024,2921.706,628.0,628.0,,LKA
,730441,,2024,59.435,509.0,509.0,,LKA
,730459,,2024,40.79,12.135,12.135,,LKA
,730490,,2024,249241.212,374134.0,374134.0,,LKA
,7305,,2024,107511.534,59283.0,59283.0,,LKA
,730611,,2024,58.098,3.0,3.0,,LKA
,730619,,2024,11395.251,1680.0,1680.0,,LKA
,730630,,2024,393277.48,392381.923,392381.923,,LKA
,730300,,2024,4810.486,7988.0,7988.0,,CHL
,730411,,2024,4381.269,705.0,705.0,,CHL
,730419,,2024,786515.32,654196.52,654196.52,,CHL
,730422,,2024,678617.64,150952.42,150952.42,,CHL
,730423,,2024,169103.633,42954.43,42954.43,,CHL
,730424,,2024,77682.276,43660.64,43660.64,,CHL
,730429,,2024,14021.15,1332.57,1332.57,,CHL
,730431,,2024,93300.34,8413.383,8413.383,,CHL
,730439,,2024,262727.25,123493.133,123493.133,,CHL
,730441,,2024,430654.309,105142.06,105142.06,,CHL
,730449,,2024,186165.34,23161.032,23161.032,,CHL
,730451,,2024,270132.7,56915.195,56915.195,,CHL
,730459,,2024,1041464.67,289527.79,289527.79,,CHL
,730490,,2024,229979.194,64800.316,64800.316,,CHL
,7305,,2024,49756.42,33123.0,33123.0,,CHL
,730611,,2024,232615.08,69989.9,69989.9,,CHL
,730619,,2024,541732.4,79936.27,79936.27,,CHL
,730629,,2024,25037.291,18702.15,18702.15,,CHL
,730630,,2024,702036.198,235520.247,235520.247,,CHL
,730300,,2024,419811226.0,551270410.335,551270410.335,,CHN
,730411,,2024,52391897.0,16663334.897,16663334.897,,CHN
,730419,,2024,1696385974.0,1856894178.0,1856894178.0,,CHN
,730422,,2024,2038185.0,676337.362,676337.362,,CHN
,730423,,2024,311213568.0,104065308.0,104065308.0,,CHN
,730424,,2024,74547580.0,8486119.0,8486119.0,,CHN
,730429,,2024,1962462317.0,1586718034.0,1586718034.0,,CHN
,730431,,2024,298004421.0,242329802.07,242329802.07,,CHN
,730439,,2024,1106908679.0,1224543886.342,1224543886.342,,CHN
,730441,,2024,968728646.0,218934973.484,218934973.484,,CHN
,730449,,2024,86595056.0,26049501.588,26049501.588,,CHN
,730451,,2024,154402923.0,83869860.889,83869860.889,,CHN
,730459,,2024,378974838.0,228932417.576,228932417.576,,CHN
,730490,,2024,86738580.0,81189696.0,81189696.0,,CHN
,7305,,2024,1336396315.0,1251650891.124,1251650891.124,,CHN
,730611,,2024,134880677.0,33743820.0,33743820.0,,CHN
,730619,,2024,228997351.0,286606679.0,286606679.0,,CHN
,730621,,2024,3211916.0,718463.0,718463.0,,CHN
,730629,,2024,40237744.0,25959454.548,25959454.548,,CHN
,730630,,2024,1225155229.0,1588808808.594,1588808808.594,,CHN
,730300,,2024,63537.93,21289.26,21289.26,,COL
,730411,,2024,385759.43,63867.39,63867.39,,COL
,730419,,2024,4571218.17,2238883.62,2238883.62,,COL
,730422,,2024,156817.58,7879.23,7879.23,,COL
,730423,,2024,812718.79,277163.06,277163.06,,COL
,730424,,2024,138600.86,88806.47,88806.47,,COL
,730429,,2024,70860026.95,33446653.8,33446653.8,,COL
,730431,,2024,53574.2,7825.1,7825.1,,COL
,730439,,2024,610612.97,,0.0,,COL
,730441,,2024,87409.62,9023.45,9023.45,,COL
,730449,,2024,195407.95,43771.424,43771.424,,COL
,730451,,2024,338182.88,30041.42,30041.42,,COL
,730459,,2024,435265.67,88147.98,88147.98,,COL
,730490,,2024,4096549.38,115441.89,115441.89,,COL
,7305,,2024,635112.88,190313.47,190313.47,,COL
,730611,,2024,263.6,23.04,23.04,,COL
,730619,,2024,10585.53,2254.5,2254.5,,COL
,730621,,2024,25060.19,248.0,248.0,,COL
,730630,,2024,1780520.93,1685947.06,1685947.06,,COL
,730300,,2024,312.95,92.76,92.76,,CRI
,730411,,2024,229243.32,4278.561,4278.561,,CRI
,730419,,2024,119292.14,40311.566,40311.566,,CRI
,730422,,2024,3107.68,200.0,200.0,,CRI
,730424,,2024,70878.88,25559.3,25559.3,,CRI
,730429,,2024,44124.48,2044.887,2044.887,,CRI
,730431,,2024,7849.55,7085.68,7085.68,,CRI
,730439,,2024,24710.14,19016.15,19016.15,,CRI
,730441,,2024,839184.88,2165.38,2165.38,,CRI
,730449,,2024,253623.04,5750.837,5750.837,,CRI
,730459,,2024,5001.0,771.19,771.19,,CRI
,730490,,2024,355623.36,60222.216,60222.216,,CRI
,7305,,2024,1200.78,87.4,87.4,,CRI
,730611,,2024,3884.65,1410.48,1410.48,,CRI
,730619,,2024,116919.92,81492.25,81492.25,,CRI
,730629,,2024,15888.0,14143.52,14143.52,,CRI
,730630,,2024,16149663.38,15376723.4,15376723.4,,CRI
,730422,,2024,0.002,,0.0,,BEN
,7305,,2024,75453.933,62400.0,62400.0,,BEN
,730630,,2024,969604.396,941799.0,941799.0,,BEN
,730300,,2024,5907.626,2799.8,87.0,,DOM
,730419,,2024,12733.522,2080.0,0.0,,DOM
,730424,,2024,295.14,1.0,1.0,,DOM
,730431,,2024,3712.15,1300.0,1300.0,,DOM
,730490,,2024,61874.469,42179.0,42179.0,,DOM
,730619,,2024,1200.0,2.0,2.0,,DOM
,730630,,2024,1699583.095,1597183.13,1469290.63,,DOM
,730300,,2024,9950.0,4906.36,20.0,,ECU
,730411,,2024,36555.52,1832.93,1641.13,,ECU
,730419,,2024,33070.36,16314.05,17022.98,,ECU
,730423,,2024,335629.54,277671.0,134809.0,,ECU
,730424,,2024,9366.0,2458.16,223.0,,ECU
,730429,,2024,2072628.4,869668.45,0.0,,ECU
,730439,,2024,11259.87,101.627,78.754,,ECU
,730441,,2024,2771.4,9.0,360.0,,ECU
,730449,,2024,53300.98,11732.513,12665.791,,ECU
,730451,,2024,3642.45,58.449,63.699,,ECU
,730459,,2024,19376.05,4786.19,4786.09,,ECU
,730490,,2024,122776.83,8819.068,2693.948,,ECU
,7305,,2024,1468.04,8.83,6.91,,ECU
,730611,,2024,14.0,25.0,20.0,,ECU
,730629,,2024,140514.5,71383.562,71386.252,,ECU
,730630,,2024,8084928.6,7974775.36,5496740.28,,ECU
,730300,,2024,19919.44,40241.71,40241.71,,SLV
,730411,,2024,6678.52,1230.0,1230.0,,SLV
,730419,,2024,78791.91,76854.24,76854.24,,SLV
,730422,,2024,60.0,10.0,10.0,,SLV
,730423,,2024,6846.48,8598.0,8598.0,,SLV
,730424,,2024,3707.76,534.42,534.42,,SLV
,730429,,2024,838.39,100.0,100.0,,SLV
,730439,,2024,2.52,1.64,1.64,,SLV
,730449,,2024,1403.01,2020.15,2020.15,,SLV
,730459,,2024,32063.29,2381.1,2381.1,,SLV
,730490,,2024,33370.84,9765.15,9765.15,,SLV
,7305,,2024,11841.47,8704.77,8704.77,,SLV
,730611,,2024,23583.8,1694.49,1694.49,,SLV
,730619,,2024,49578.31,40357.38,40357.38,,SLV
,730630,,2024,3442514.56,3504636.99,3504636.99,,SLV
,730300,,2024,18925.68,9530.1,9530.1,,GEO
,730419,,2024,29388821.759,29435510.09,29435510.09,,GEO
,730423,,2024,31500.0,45500.0,45500.0,,GEO
,730431,,2024,890.909,34.13,34.13,,GEO
,730439,,2024,291.885,31.37,31.37,,GEO
,730441,,2024,45275.873,20062.38,20062.38,,GEO
,730451,,2024,15582.27,1950.0,1950.0,,GEO
,730490,,2024,2399.654,15.76,15.76,,GEO
,730619,,2024,121.024,0.36,0.36,,GEO
,730630,,2024,45163.115,36325.41,36325.41,,GEO
,730300,,2024,23036.0,6341.0,6341.0,,GTM
,730411,,2024,15771.0,6568.0,6568.0,,GTM
,730419,,2024,2011645.0,1552605.0,1552605.0,,GTM
,730422,,2024,56857.0,20775.0,20775.0,,GTM
,730423,,2024,154790.0,149570.0,149570.0,,GTM
,730424,,2024,5930.0,1591.0,1591.0,,GTM
,730429,,2024,270.0,82.0,82.0,,GTM
,730439,,2024,25764.0,12981.0,12981.0,,GTM
,730449,,2024,772.0,123.0,123.0,,GTM
,730459,,2024,28810.0,6601.0,6601.0,,GTM
,730490,,2024,33540.0,21768.0,21768.0,,GTM
,7305,,2024,51454.0,98562.0,98562.0,,GTM
,730611,,2024,25110.0,1121.0,1121.0,,GTM
,730619,,2024,522267.0,455717.0,455717.0,,GTM
,730621,,2024,6658.0,770.0,770.0,,GTM
,730629,,2024,14308.0,8689.0,8689.0,,GTM
,730630,,2024,24200888.0,20820571.0,20820571.0,,GTM
,730300,,2024,2594.5,745.04,745.04,,HND
,730419,,2024,41629.57,52668.07,52668.07,,HND
,730422,,2024,28438.5,8082.79,8082.79,,HND
,730423,,2024,20599.31,6989.0,6989.0,,HND
,730439,,2024,11307.61,7182.07,7182.07,,HND
,730449,,2024,131.5,30.23,30.23,,HND
,730490,,2024,54301.93,6679.97,6679.97,,HND
,7305,,2024,455151.95,110739.0,110739.0,,HND
,730619,,2024,3800.0,4885.51,4885.51,,HND
,730630,,2024,250821.84,216195.43,216195.43,,HND
,730300,,2024,1635764.274,988244.0,988244.0,,HKG
,730411,,2024,843500.828,157655.0,157655.0,,HKG
,730419,,2024,13310.766,7120.0,7120.0,,HKG
,730422,,2024,696383.132,2743.0,2743.0,,HKG
,730424,,2024,85511.307,3587.0,3587.0,,HKG
,730431,,2024,120260.767,90203.0,90203.0,,HKG
,730439,,2024,102464.642,30795.0,30795.0,,HKG
,730441,,2024,1437840.266,82006.0,82006.0,,HKG
,730449,,2024,57026.717,1553.0,1553.0,,HKG
,730451,,2024,8899.729,141.0,141.0,,HKG
,730459,,2024,82403.732,87172.0,87172.0,,HKG
,730490,,2024,137665.803,172854.0,172854.0,,HKG
,7305,,2024,952388.723,754465.0,754465.0,,HKG
,730630,,2024,2649052.041,2140839.0,2140839.0,,HKG
,730300,,2024,1002490.513,2718117.161,2718117.161,,IDN
,730411,,2024,684141.984,526700.975,526700.975,,IDN
,730419,,2024,103622341.82,20210013.678,20210013.678,,IDN
,730422,,2024,87880.673,18730.563,18730.563,,IDN
,730423,,2024,317479.037,63740.976,63740.976,,IDN
,730424,,2024,159420668.983,21520208.469,21520208.469,,IDN
,730429,,2024,166299564.599,59066523.204,59066523.204,,IDN
,730431,,2024,2307869.917,374752.666,374752.666,,IDN
,730439,,2024,1056138.691,575774.733,575774.733,,IDN
,730441,,2024,181326.591,34603.2,34603.2,,IDN
,730449,,2024,8061053.643,668950.365,668950.365,,IDN
,730451,,2024,488609.568,8738.65,8738.65,,IDN
,730459,,2024,645236.979,310172.44,310172.44,,IDN
,730490,,2024,5094444.395,3617765.419,3617765.419,,IDN
,7305,,2024,709889094.93,463144952.741,463144952.741,,IDN
,730611,,2024,65907.838,44879.147,44879.147,,IDN
,730619,,2024,15001868.64,9042805.101,9042805.101,,IDN
,730621,,2024,2927.367,128.96,128.96,,IDN
,730629,,2024,826635.31,228952.62,228952.62,,IDN
,730630,,2024,15093050.349,13777018.946,13777018.946,,IDN
,730300,,2024,131000.0,86113.619,86113.619,,ISR
,730411,,2024,73000.0,,0.0,,ISR
,730419,,2024,437000.0,293205.801,293205.801,,ISR
,730424,,2024,19000.0,1475.869,1475.869,,ISR
,730429,,2024,413000.0,172750.0,172750.0,,ISR
,730431,,2024,1000.0,355.179,355.179,,ISR
,730439,,2024,176000.0,110800.676,110800.676,,ISR
,730441,,2024,2000.0,114.585,114.585,,ISR
,730449,,2024,471000.0,42230.915,42230.915,,ISR
,730459,,2024,19000.0,6819.363,6819.363,,ISR
,730490,,2024,401000.0,,0.0,,ISR
,7305,,2024,9000.0,6615.981,6615.981,,ISR
,730621,,2024,43000.0,,0.0,,ISR
,730630,,2024,1000.0,100.0,100.0,,ISR
,730300,,2024,5278.667,40000.0,40000.0,,CIV
,730411,,2024,327.391,300.0,300.0,,CIV
,730419,,2024,6751.99,2022.0,2022.0,,CIV
,730422,,2024,2292.055,68.0,68.0,,CIV
,730423,,2024,96597.789,136739.0,136739.0,,CIV
,730424,,2024,10285.192,225.0,225.0,,CIV
,730429,,2024,350612.79,39935.0,39935.0,,CIV
,730431,,2024,7586.487,1489.0,1489.0,,CIV
,730439,,2024,2426.103,,0.0,,CIV
,730441,,2024,2458.43,246.0,246.0,,CIV
,730490,,2024,18698.39,12733.0,12733.0,,CIV
,7305,,2024,407691.121,96040.0,96040.0,,CIV
,730619,,2024,264016.189,31187.0,31187.0,,CIV
,730630,,2024,599906.341,797658.0,797658.0,,CIV
,730439,,2024,4492.0,26.6,26.6,,JAM
,730619,,2024,6019.0,618.57,618.57,,JAM
,730629,,2024,2589.0,2240.0,2240.0,,JAM
,730300,,2024,7971186.033,,0.0,,JPN
,730411,,2024,34911751.965,2807234.709,2807234.709,,JPN
,730419,,2024,98544036.643,64801939.0,64801939.0,,JPN
,730422,,2024,40682.765,5021.0,5021.0,,JPN
,730423,,2024,15829.15,5134.0,5134.0,,JPN
,730424,,2024,1419407395.666,165615347.0,165615347.0,,JPN
,730429,,2024,546174013.913,268721970.0,268721970.0,,JPN
,730431,,2024,22327049.164,4228544.0,4228544.0,,JPN
,730439,,2024,70369338.74,42225243.561,42225243.561,,JPN
,730441,,2024,310817199.865,20155448.966,20155448.966,,JPN
,730449,,2024,112253137.616,13101994.823,13101994.823,,JPN
,730451,,2024,41331291.511,16976211.0,16976211.0,,JPN
,730459,,2024,114413605.189,26557627.0,26557627.0,,JPN
,730490,,2024,3301144.136,678061.541,678061.541,,JPN
,7305,,2024,285886480.141,194922422.328,194922422.328,,JPN
,730611,,2024,76622.071,295.729,295.729,,JPN
,730619,,2024,15840440.531,7259875.0,7259875.0,,JPN
,730621,,2024,2946.495,46.0,46.0,,JPN
,730630,,2024,196858299.564,64288665.0,64288665.0,,JPN
,730300,,2024,24984.08,12469.63,12469.63,,KAZ
,730411,,2024,4744329.54,4978420.0,4978420.0,,KAZ
,730419,,2024,25116569.36,26815410.0,26815410.0,,KAZ
,730422,,2024,17760.0,44400.0,44400.0,,KAZ
,730423,,2024,835738.06,142161.1,142161.1,,KAZ
,730424,,2024,6828567.6,932606.8,932606.8,,KAZ
,730429,,2024,17199078.65,16506700.0,16506700.0,,KAZ
,730431,,2024,247289.08,137497.9,137497.9,,KAZ
,730439,,2024,998855.68,484765.59,484765.59,,KAZ
,730441,,2024,2874271.85,572223.0,572223.0,,KAZ
,730449,,2024,286612.73,96168.65,96168.65,,KAZ
,730451,,2024,9807.68,25518.17,25518.17,,KAZ
,730459,,2024,1506120.47,357174.872,357174.872,,KAZ
,730490,,2024,953777.89,799117.42,799117.42,,KAZ
,7305,,2024,50295616.76,32093314.8,32093314.8,,KAZ
,730619,,2024,166269.37,194115.0,194115.0,,KAZ
,730630,,2024,12032169.72,18674849.53,18674849.53,,KAZ
,730300,,2024,6083099.728,6919693.0,6919693.0,,JOR
,730411,,2024,3539.437,286.0,286.0,,JOR
,730419,,2024,45329.07,6500.0,6500.0,,JOR
,730422,,2024,170619.718,121805.0,121805.0,,JOR
,730423,,2024,304123.055,10250.0,10250.0,,JOR
,730429,,2024,925604.716,303257.423,303257.423,,JOR
,730431,,2024,451793.309,360438.0,360438.0,,JOR
,730439,,2024,13386.859,7500.0,7500.0,,JOR
,730441,,2024,96106.253,12075.7,12075.7,,JOR
,730449,,2024,799025.434,744928.5,744928.5,,JOR
,730459,,2024,6516.056,1000.0,1000.0,,JOR
,730490,,2024,19679.535,6696.75,6696.75,,JOR
,730611,,2024,564.789,34.0,34.0,,JOR
,730619,,2024,120759.211,135590.0,135590.0,,JOR
,730621,,2024,108568.31,32000.0,32000.0,,JOR
,730629,,2024,1083332.039,22793.0,22793.0,,JOR
,730630,,2024,122638.605,89447.0,89447.0,,JOR
,730300,,2024,13936.855,30152.5,30152.5,,KEN
,730411,,2024,113328.576,46532.6,46532.6,,KEN
,730419,,2024,155959.291,111288.6,111288.6,,KEN
,730422,,2024,774.177,157.0,157.0,,KEN
,730423,,2024,43674.638,26119.0,26119.0,,KEN
,730424,,2024,2059.727,6380.0,6380.0,,KEN
,730429,,2024,35545.404,68424.0,68424.0,,KEN
,730431,,2024,7894.665,814.0,814.0,,KEN
,730439,,2024,288201.596,202587.4,202587.4,,KEN
,730441,,2024,67.086,15.0,15.0,,KEN
,730449,,2024,20580.644,4752.0,4752.0,,KEN
,730459,,2024,54350.854,6619.0,6619.0,,KEN
,730490,,2024,112783.246,73069.5,73069.5,,KEN
,7305,,2024,45425.973,40533.64,40533.64,,KEN
,730611,,2024,15937.437,4676.5,4676.5,,KEN
,730619,,2024,79544.49,23549.5,23549.5,,KEN
,730629,,2024,10631.019,3631.4,3631.4,,KEN
,730630,,2024,1645516.851,1751260.0,1751260.0,,KEN
,730300,,2024,5982235.0,1088391.106,1088391.106,,KOR
,730411,,2024,46295996.0,2118086.31,2118086.31,,KOR
,730419,,2024,35940937.0,21694298.99,21694298.99,,KOR
,730422,,2024,41410.0,577.071,577.071,,KOR
,730423,,2024,126062.0,40612.44,40612.44,,KOR
,730424,,2024,8137671.0,735335.183,735335.183,,KOR
,730429,,2024,60872287.0,42480662.465,42480662.465,,KOR
,730431,,2024,28331834.0,12766253.96,12766253.96,,KOR
,730439,,2024,14919404.0,,0.0,,KOR
,730441,,2024,66348192.0,4201052.598,4201052.598,,KOR
,730449,,2024,51375216.0,6630048.364,6630048.364,,KOR
,730451,,2024,25443062.0,11497198.583,11497198.583,,KOR
,730459,,2024,15340088.0,,0.0,,KOR
,730490,,2024,23367285.0,8367820.877,8367820.877,,KOR
,7305,,2024,633728045.0,502946672.18,502946672.18,,KOR
,730611,,2024,8975313.0,748788.814,748788.814,,KOR
,730619,,2024,359316332.0,,0.0,,KOR
,730621,,2024,143744.0,32514.5,32514.5,,KOR
,730629,,2024,473397095.0,448685296.426,448685296.426,,KOR
,730630,,2024,277619165.0,257348058.403,257348058.403,,KOR
,730300,,2024,8436027.0,5623287.541,5623287.541,,KWT
,730411,,2024,49231.0,,0.0,,KWT
,730419,,2024,201575.0,133994.803,133994.803,,KWT
,730422,,2024,17348.0,,0.0,,KWT
,730423,,2024,328265.0,94681.427,94681.427,,KWT
,730424,,2024,49770.0,4346.394,4346.394,,KWT
,730429,,2024,196220.0,104546.828,104546.828,,KWT
,730431,,2024,943380.0,341788.197,341788.197,,KWT
,730439,,2024,133413.0,85170.552,85170.552,,KWT
,730441,,2024,22897.0,1317.19,1317.19,,KWT
,730449,,2024,23855883.0,2141125.478,2141125.478,,KWT
,730451,,2024,12080.0,4094.852,4094.852,,KWT
,730459,,2024,7316.0,2637.842,2637.842,,KWT
,730490,,2024,258352.0,,0.0,,KWT
,7305,,2024,6424812.0,3692318.836,3692318.836,,KWT
,730611,,2024,6788.0,1321.713,1321.713,,KWT
,730621,,2024,147713.0,,0.0,,KWT
,730629,,2024,1554.0,,0.0,,KWT
,730630,,2024,25393.0,18125.699,18125.699,,KWT
,730423,,2024,18583.0,26672.0,26672.0,,KGZ
,730424,,2024,10479.0,6001.0,6001.0,,KGZ
,730431,,2024,173931.0,3131.0,3131.0,,KGZ
,730439,,2024,2.0,8.0,8.0,,KGZ
,730441,,2024,3078.0,8.0,8.0,,KGZ
,730451,,2024,885.0,46.0,46.0,,KGZ
,730490,,2024,2053.0,27.0,27.0,,KGZ
,7305,,2024,69934.0,154286.0,154286.0,,KGZ
,730630,,2024,9585.0,12754.0,12754.0,,KGZ
,730300,,2024,88804.0,58375.831,58375.831,,LBN
,730411,,2024,300378.0,,0.0,,LBN
,730419,,2024,104400.0,70047.336,70047.336,,LBN
,730429,,2024,1122217.0,604421.634,604421.634,,LBN
,730431,,2024,715.0,253.953,253.953,,LBN
,730439,,2024,19891.0,12522.365,12522.365,,LBN
,730449,,2024,37236.0,3338.663,3338.663,,LBN
,730459,,2024,24949.0,8954.542,8954.542,,LBN
,730490,,2024,17530.0,,0.0,,LBN
,7305,,2024,1417087.0,401105.798,401105.798,,LBN
,730611,,2024,4500.0,864.946,864.946,,LBN
,730619,,2024,482.0,349.6,349.6,,LBN
,730629,,2024,17609.0,,0.0,,LBN
,730630,,2024,2325857.0,1638948.506,1638948.506,,LBN
,730300,,2024,175.45,100.0,100.0,,MDG
,730490,,2024,2889.008,155.3,155.3,,MDG
,730611,,2024,785174.372,10006.8,10006.8,,MDG
,730619,,2024,1546.836,4065.0,4065.0,,MDG
,730630,,2024,15151.196,17881.0,17881.0,,MDG
,730300,,2024,2746782.414,3089925.35,3089925.35,,MYS
,730411,,2024,2041689.93,648173.225,648173.225,,MYS
,730419,,2024,20119382.547,11431850.604,11431850.604,,MYS
,730422,,2024,6326768.581,3131004.0,3131004.0,,MYS
,730423,,2024,2964125.284,1975305.015,1975305.015,,MYS
,730424,,2024,711369.213,1341270.9,1341270.9,,MYS
,730429,,2024,1988147.735,,0.0,,MYS
,730431,,2024,1444343.924,449156.91,449156.91,,MYS
,730439,,2024,1370770.167,,0.0,,MYS
,730441,,2024,2377625.947,609542.816,609542.816,,MYS
,730449,,2024,1404425.673,455626.516,455626.516,,MYS
,730451,,2024,315869.93,132709.35,132709.35,,MYS
,730459,,2024,427422.652,245725.892,245725.892,,MYS
,730490,,2024,4800573.048,3717313.594,3717313.594,,MYS
,7305,,2024,201515504.518,216915387.84,216915387.84,,MYS
,730611,,2024,1873488.879,594025.763,594025.763,,MYS
,730619,,2024,14332446.34,14567830.826,14567830.826,,MYS
,730621,,2024,1296200.001,240237.35,240237.35,,MYS
,730629,,2024,1781888.4,236476.84,236476.84,,MYS
,730630,,2024,16719645.692,14686165.812,14686165.812,,MYS
,730419,,2024,19330.349,1544.0,1544.0,,MRT
,730429,,2024,107834.811,51844.0,51844.0,,MRT
,7305,,2024,789109.702,56378.0,56378.0,,MRT
,730411,,2024,3774.244,2.0,1000.0,,MUS
,730419,,2024,299.505,7.0,20.0,,MUS
,730429,,2024,3392.199,136.0,265.0,,MUS
,730439,,2024,3419.308,252.0,265.0,,MUS
,730449,,2024,162.149,8.0,11.0,,MUS
,730490,,2024,5587.462,1253.0,1253.0,,MUS
,730619,,2024,3048.226,243.0,468.0,,MUS
,730629,,2024,1459.43,307.0,307.0,,MUS
,730630,,2024,3436.156,978.0,2057.0,,MUS
,730300,,2024,154822.0,14794.0,14794.0,,MEX
,730419,,2024,98623944.0,45051041.0,45051041.0,,MEX
,730423,,2024,11332414.0,3708406.0,3708406.0,,MEX
,730429,,2024,133285373.0,66218500.0,66218500.0,,MEX
,730431,,2024,7746045.0,1605684.0,1605684.0,,MEX
,730439,,2024,19361322.0,9149247.0,9149247.0,,MEX
,730441,,2024,1299353.0,72826.0,72826.0,,MEX
,730449,,2024,532425.0,20068.0,20068.0,,MEX
,730451,,2024,20383.0,5403.0,5403.0,,MEX
,730459,,2024,22847384.0,9750016.0,9750016.0,,MEX
,730490,,2024,337500.0,114098.0,114098.0,,MEX
,7305,,2024,28387734.0,0.0,0.0,,MEX
,730619,,2024,28961509.0,21505400.0,21505400.0,,MEX
,730630,,2024,271743288.0,197926329.0,197926329.0,,MEX
,730449,,2024,8304.0,702.0,702.0,,MDA
,730490,,2024,8609.0,1574.0,1574.0,,MDA
,730630,,2024,5320.0,344.0,344.0,,MDA
,730300,,2024,73686.649,60347.58,60347.58,,MNE
,730423,,2024,29658.119,19235.0,19235.0,,MNE
,730439,,2024,2383.9,2452.0,2452.0,,MNE
,730449,,2024,54198.144,71570.0,71570.0,,MNE
,730451,,2024,20.555,8.0,8.0,,MNE
,730490,,2024,1547.144,416.86,416.86,,MNE
,730300,,2024,23920.777,2483.0,2483.0,,MAR
,730411,,2024,91159.226,31593.5,31593.5,,MAR
,730419,,2024,75115.464,24528.0,24528.0,,MAR
,730422,,2024,2187.106,180.0,180.0,,MAR
,730423,,2024,48693.971,41408.46,41408.46,,MAR
,730429,,2024,30707.9,13675.0,13675.0,,MAR
,730431,,2024,5797.919,4208.0,4208.0,,MAR
,730439,,2024,369096.324,113511.46,113511.46,,MAR
,730441,,2024,511151.123,25636.8,25636.8,,MAR
,730449,,2024,4255.328,1616.07,1616.07,,MAR
,730451,,2024,5735.88,270.0,270.0,,MAR
,730459,,2024,98413.353,1130.42,1130.42,,MAR
,730490,,2024,230745.043,97799.05,97799.05,,MAR
,7305,,2024,20119.871,9969.92,9969.92,,MAR
,730611,,2024,109138.875,24484.0,24484.0,,MAR
,730619,,2024,247654.376,112093.84,112093.84,,MAR
,730629,,2024,40225.258,21000.0,21000.0,,MAR
,730630,,2024,1195053.972,533415.77,533415.77,,MAR
,730300,,2024,1672.2,3.0,3.0,,MOZ
,730419,,2024,509.0,1147.0,1147.0,,MOZ
,730429,,2024,78108.6,,0.0,,MOZ
,730449,,2024,8263.3,27020.0,27020.0,,MOZ
,730490,,2024,5375.3,1.0,1.0,,MOZ
,7305,,2024,4429818.3,,0.0,,MOZ
,730619,,2024,8650696.7,88404.0,88404.0,,MOZ
,730630,,2024,1327605.1,,0.0,,MOZ
,730300,,2024,15632483.721,20814277.0,20814277.0,,OMN
,730411,,2024,205323.797,305962.0,305962.0,,OMN
,730419,,2024,5136756.819,6507377.0,6507377.0,,OMN
,730422,,2024,1199139.14,2249560.0,2249560.0,,OMN
,730423,,2024,649204.16,1273961.0,1273961.0,,OMN
,730424,,2024,803469.44,120984.0,120984.0,,OMN
,730429,,2024,2898166.445,2272716.0,2272716.0,,OMN
,730431,,2024,23466.84,67491.392,67491.392,,OMN
,730439,,2024,545128.738,582856.0,582856.0,,OMN
,730441,,2024,133729.519,7465.0,7465.0,,OMN
,730449,,2024,503674.902,287945.0,287945.0,,OMN
,730451,,2024,13401.821,643.0,643.0,,OMN
,730459,,2024,36148546.107,40171772.0,40171772.0,,OMN
,730490,,2024,3192374.507,3426819.0,3426819.0,,OMN
,7305,,2024,2582650.191,784643.0,784643.0,,OMN
,730611,,2024,545014.303,45005.0,45005.0,,OMN
,730619,,2024,1061950.584,323557.0,323557.0,,OMN
,730621,,2024,72894.668,50180.0,50180.0,,OMN
,730629,,2024,229495.448,287008.0,287008.0,,OMN
,730630,,2024,112217622.711,118121978.0,118121978.0,,OMN
,730300,,2024,13145.152,3351.18,3351.18,,NAM
,730411,,2024,823589.054,18284.68,18284.68,,NAM
,730419,,2024,105065.282,7045.69,7045.69,,NAM
,730422,,2024,51653.6,82385.0,82385.0,,NAM
,730423,,2024,76770.075,23661.2,23661.2,,NAM
,730424,,2024,4865.76,126.0,126.0,,NAM
,730429,,2024,4163491.048,152626.43,152626.43,,NAM
,730431,,2024,100382.424,51028.14,51028.14,,NAM
,730439,,2024,38952.443,8491.0,8491.0,,NAM
,730449,,2024,44543.403,6254.1,6254.1,,NAM
,730451,,2024,8412.135,2365.22,2365.22,,NAM
,730459,,2024,11179.768,133.0,133.0,,NAM
,730490,,2024,663647.716,82732.13,82732.13,,NAM
,7305,,2024,1693231.584,124469.0,124469.0,,NAM
,730629,,2024,17816.844,1993.35,1993.35,,NAM
,730630,,2024,441.76,7.65,7.65,,NAM
,730300,,2024,427478.925,7915.0,7915.0,,NZL
,730411,,2024,25934.021,3474.0,3474.0,,NZL
,730419,,2024,47678.147,6030.0,6030.0,,NZL
,730423,,2024,110332.917,20336.0,20336.0,,NZL
,730424,,2024,14798.691,1436.0,1436.0,,NZL
,730429,,2024,8068.107,1931.0,1931.0,,NZL
,730431,,2024,56104.54,32242.0,32242.0,,NZL
,730439,,2024,1471.88,101.0,101.0,,NZL
,730441,,2024,75622.688,6616.0,6616.0,,NZL
,730449,,2024,242222.948,14630.575,14630.575,,NZL
,730451,,2024,14171.689,1167.0,1167.0,,NZL
,730459,,2024,32612.557,5157.0,5157.0,,NZL
,730490,,2024,690230.124,380303.0,380303.0,,NZL
,7305,,2024,59366.038,2470.126,2470.126,,NZL
,730611,,2024,51697.977,9223.0,9223.0,,NZL
,730619,,2024,33226.244,14353.0,14353.0,,NZL
,730630,,2024,884750.111,368875.0,368875.0,,NZL
,730419,,2024,617.5,443.4,443.4,,NIC
,730422,,2024,11494.2,1780.6,1780.6,,NIC
,730439,,2024,12055.7,6987.4,6987.4,,NIC
,730459,,2024,14588.0,9312.3,9312.3,,NIC
,730490,,2024,4289.5,46.4,46.4,,NIC
,7305,,2024,55.3,1.1,1.1,,NIC
,730630,,2024,25077.5,26883.6,26883.6,,NIC
,730419,,2024,220.048,46.0,46.0,,NER
,7305,,2024,2687.801,237.0,237.0,,NER
,730411,,2024,3178.364,3133.83,3133.83,,NGA
,730419,,2024,7814.975,7705.48,7705.48,,NGA
,730424,,2024,1648902.361,283335.4,283335.4,,NGA
,730439,,2024,1182.677,1166.11,1166.11,,NGA
,730411,,2024,399.599,1000.0,1000.0,,PAK
,730419,,2024,9.994,1000.0,1000.0,,PAK
,730423,,2024,39508.091,9000.0,9000.0,,PAK
,730429,,2024,593860.145,2000.0,2000.0,,PAK
,730459,,2024,8000.592,8000.0,8000.0,,PAK
,730490,,2024,2206.847,2022.063,2022.063,,PAK
,730619,,2024,2446.875,5000.0,5000.0,,PAK
,730630,,2024,122.838,2000.0,2000.0,,PAK
,730300,,2024,97752.0,9588.0,9588.0,,PAN
,730411,,2024,22164.0,67.0,67.0,,PAN
,730419,,2024,16800.0,11573.0,11573.0,,PAN
,730423,,2024,3175.0,1645.0,1645.0,,PAN
,730439,,2024,24211.0,713.0,713.0,,PAN
,730449,,2024,251.0,75.0,75.0,,PAN
,730490,,2024,12129.0,16415.0,16415.0,,PAN
,730630,,2024,39637.0,17943.0,17943.0,,PAN
,730411,,2024,30.3,0.37,0.37,,PRY
,730630,,2024,126831.96,134111.0,134111.0,,PRY
,730300,,2024,52222.463,,0.0,,PER
,730411,,2024,486822.418,276001.03,276001.03,,PER
,730419,,2024,1175560.682,825943.9,825943.9,,PER
,730422,,2024,6646.076,438.56,438.56,,PER
,730423,,2024,139009.336,22891.455,22891.455,,PER
,730424,,2024,20370.0,9745.0,9745.0,,PER
,730429,,2024,517598.9,88398.308,88398.308,,PER
,730431,,2024,34732.36,8397.17,8397.17,,PER
,730439,,2024,441257.7,335104.966,335104.966,,PER
,730441,,2024,989.675,1328.501,1328.501,,PER
,730449,,2024,116624.945,64296.222,64296.222,,PER
,730451,,2024,5910.04,2342.01,2342.01,,PER
,730459,,2024,77162.288,13930.941,13930.941,,PER
,730490,,2024,363305.952,,0.0,,PER
,7305,,2024,259252.992,227752.328,227752.328,,PER
,730611,,2024,3571.92,929.32,929.32,,PER
,730619,,2024,1050.0,3272.629,3272.629,,PER
,730630,,2024,928726.577,,0.0,,PER
,730300,,2024,37104515.0,1184398.44,1184398.44,,PHL
,730411,,2024,68546.0,15697.23,15697.23,,PHL
,730419,,2024,141734.0,814813.4,814813.4,,PHL
,730422,,2024,3214.0,5.66,5.66,,PHL
,730423,,2024,94600.0,108300.0,108300.0,,PHL
,730424,,2024,47068.0,2555.0,2555.0,,PHL
,730431,,2024,15896.0,4501.56,4501.56,,PHL
,730441,,2024,218208.0,42924.2,42924.2,,PHL
,730449,,2024,5554.0,714.32,714.32,,PHL
,730451,,2024,6836.0,512.0,512.0,,PHL
,730459,,2024,348.0,12.0,12.0,,PHL
,730490,,2024,2018503.0,145964.86,145964.86,,PHL
,7305,,2024,799624.0,1068159.68,1068159.68,,PHL
,730611,,2024,667325.0,829053.0,829053.0,,PHL
,730619,,2024,183634.0,103748.0,103748.0,,PHL
,730629,,2024,53548403.0,36555675.0,36555675.0,,PHL
,730630,,2024,186103.0,100177.4,100177.4,,PHL
,730300,,2024,225620.601,61651.0,61651.0,,QAT
,7305,,2024,2192985.402,0.0,0.0,,QAT
,730300,,2024,31522812.012,38700291.0,38700291.0,,SAU
,730411,,2024,83386110.715,48816305.0,48816305.0,,SAU
,730419,,2024,14010201.516,6130758.0,6130758.0,,SAU
,730422,,2024,645391.984,222472.0,222472.0,,SAU
,730423,,2024,5523718.529,4232697.0,4232697.0,,SAU
,730424,,2024,11649885.309,9706395.0,9706395.0,,SAU
,730429,,2024,13540303.128,9898326.0,9898326.0,,SAU
,730431,,2024,2338225.542,2327232.0,2327232.0,,SAU
,730439,,2024,2157304.479,364011.0,364011.0,,SAU
,730441,,2024,1005377.842,521429.0,521429.0,,SAU
,730449,,2024,788585.314,396575.0,396575.0,,SAU
,730451,,2024,116093.064,30553.0,30553.0,,SAU
,730459,,2024,2284857.81,1731372.0,1731372.0,,SAU
,730490,,2024,4927096.41,6179988.0,6179988.0,,SAU
,7305,,2024,54612327.701,29909623.0,29909623.0,,SAU
,730611,,2024,25765084.156,20230668.0,20230668.0,,SAU
,730619,,2024,1886402.62,1454289.0,1454289.0,,SAU
,730621,,2024,309807.726,48218.0,48218.0,,SAU
,730629,,2024,5621381.993,1673751.0,1673751.0,,SAU
,730630,,2024,11152229.855,8891589.0,8891589.0,,SAU
,730300,,2024,55353.806,2011.0,2011.0,,SEN
,730411,,2024,10112.393,4350.0,4350.0,,SEN
,730419,,2024,305197.897,10321.0,10321.0,,SEN
,730422,,2024,6734.741,3500.0,3500.0,,SEN
,730423,,2024,4744842.825,1010322.0,1010322.0,,SEN
,730424,,2024,1420254.238,63779.0,63779.0,,SEN
,730429,,2024,4727969.415,2900247.0,2900247.0,,SEN
,730439,,2024,482173.305,167486.0,167486.0,,SEN
,730449,,2024,19168.577,1674.0,1674.0,,SEN
,730451,,2024,45628.3,951.0,951.0,,SEN
,730459,,2024,2388311.582,329691.0,329691.0,,SEN
,730490,,2024,27213.144,9663.0,9663.0,,SEN
,7305,,2024,861.674,900.0,900.0,,SEN
,730611,,2024,178364.254,84102.0,84102.0,,SEN
,730629,,2024,336266.064,5008.0,5008.0,,SEN
,730630,,2024,1832751.509,1712578.0,1712578.0,,SEN
,730300,,2024,5705031.0,3081152.985,3081152.985,,SRB
,730411,,2024,32937.0,8756.0,8756.0,,SRB
,730419,,2024,433756.0,223034.0,223034.0,,SRB
,730423,,2024,109978.0,21597.0,21597.0,,SRB
,730429,,2024,3958211.0,1452586.0,1452586.0,,SRB
,730431,,2024,2403005.0,134449.071,134449.071,,SRB
,730439,,2024,1205574.0,782608.13,782608.13,,SRB
,730441,,2024,38209.0,5228.0,5228.0,,SRB
,730449,,2024,37743.0,6316.0,6316.0,,SRB
,730451,,2024,1436986.0,85349.72,85349.72,,SRB
,730459,,2024,300293.0,134512.731,134512.731,,SRB
,730490,,2024,1147185.0,274615.668,274615.668,,SRB
,7305,,2024,503908.0,131052.0,131052.0,,SRB
,730611,,2024,5891.0,1103.0,1103.0,,SRB
,730619,,2024,33878.0,38746.0,38746.0,,SRB
,730621,,2024,60991.0,602800.0,602800.0,,SRB
,730629,,2024,4368.0,140.289,140.289,,SRB
,730630,,2024,23705946.0,15272593.503,15272593.503,,SRB
,730300,,2024,142151643.085,184990546.549,184990546.549,,IND
,730411,,2024,16892108.875,3233720.113,3233720.113,,IND
,730419,,2024,69420007.539,57699639.272,57699639.272,,IND
,730422,,2024,642905.614,171895.616,171895.616,,IND
,730423,,2024,10146773.072,,0.0,,IND
,730424,,2024,4982698.755,77066.433,77066.433,,IND
,730429,,2024,14724793.716,6018967.486,6018967.486,,IND
,730431,,2024,21452779.276,14097337.561,14097337.561,,IND
,730439,,2024,14095856.504,9495921.335,9495921.335,,IND
,730441,,2024,239420691.933,34310800.0,34310800.0,,IND
,730449,,2024,25491390.679,3999208.779,3999208.779,,IND
,730451,,2024,8118994.6,2726884.0,2726884.0,,IND
,730459,,2024,5163212.142,3534168.8,3534168.8,,IND
,730490,,2024,31758022.804,4827001.276,4827001.276,,IND
,7305,,2024,890446063.197,698652635.346,698652635.346,,IND
,730611,,2024,12426051.796,3653941.02,3653941.02,,IND
,730619,,2024,54241210.096,37239913.549,37239913.549,,IND
,730621,,2024,936226.904,159282.0,159282.0,,IND
,730629,,2024,381364.655,117002.166,117002.166,,IND
,730630,,2024,349930903.493,337833320.928,337833320.928,,IND
,730300,,2024,3586514.33,,0.0,,SGP
,730411,,2024,20230575.242,2748821.449,2748821.449,,SGP
,730419,,2024,72936256.366,18856658.244,18856658.244,,SGP
,730422,,2024,3191792.101,1099101.007,1099101.007,,SGP
,730423,,2024,14353219.243,4765610.0,4765610.0,,SGP
,730424,,2024,125923322.478,11455226.87,11455226.87,,SGP
,730429,,2024,162482011.566,54807091.36,54807091.36,,SGP
,730431,,2024,3520807.243,589994.696,589994.696,,SGP
,730439,,2024,10917540.845,5707397.836,5707397.836,,SGP
,730441,,2024,17926455.952,1939209.926,1939209.926,,SGP
,730449,,2024,8492453.161,513136.967,513136.967,,SGP
,730451,,2024,2022052.535,237850.424,237850.424,,SGP
,730459,,2024,21748646.187,7365540.067,7365540.067,,SGP
,730490,,2024,48247288.38,18123430.596,18123430.596,,SGP
,7305,,2024,151760741.084,52636220.633,52636220.633,,SGP
,730611,,2024,233410.582,39290.0,39290.0,,SGP
,730619,,2024,7011241.048,1094350.0,1094350.0,,SGP
,730621,,2024,1752279.292,308366.64,308366.64,,SGP
,730629,,2024,1516374.385,270180.0,270180.0,,SGP
,730630,,2024,8683912.986,,0.0,,SGP
,730300,,2024,2195575.658,1213002.4,1213002.4,,ZAF
,730411,,2024,4582598.617,1597037.48,1597037.48,,ZAF
,730419,,2024,32325528.132,,0.0,,ZAF
,730422,,2024,1760648.22,402132.19,402132.19,,ZAF
,730423,,2024,2769725.514,627079.76,627079.76,,ZAF
,730424,,2024,2057042.87,612863.84,612863.84,,ZAF
,730429,,2024,3494067.44,1607685.23,1607685.23,,ZAF
,730431,,2024,941546.052,254197.19,254197.19,,ZAF
,730439,,2024,4571333.308,2651399.485,2651399.485,,ZAF
,730441,,2024,1092222.118,144725.58,144725.58,,ZAF
,730449,,2024,7315680.094,5666775.88,5666775.88,,ZAF
,730451,,2024,349119.189,76070.156,76070.156,,ZAF
,730459,,2024,3280035.778,1341774.01,1341774.01,,ZAF
,730490,,2024,20317290.03,9398936.44,9398936.44,,ZAF
,7305,,2024,3640814.195,831900.04,831900.04,,ZAF
,730611,,2024,832961.994,545431.19,545431.19,,ZAF
,730619,,2024,3516477.21,2326933.94,2326933.94,,ZAF
,730621,,2024,172615.208,62884.48,62884.48,,ZAF
,730629,,2024,164565.846,81664.23,81664.23,,ZAF
,730630,,2024,9437289.505,5295231.892,5295231.892,,ZAF
,730423,,2024,128379.521,44324.74,44324.74,,ZWE
,730424,,2024,1335.371,290.0,290.0,,ZWE
,730429,,2024,50894.441,29855.0,29855.0,,ZWE
,730439,,2024,620.834,1000.0,1000.0,,ZWE
,730490,,2024,1329.506,3800.0,3800.0,,ZWE
,730619,,2024,501.74,812.0,812.0,,ZWE
,730419,,2024,28463.18,6200.0,6200.0,,SUR
,730422,,2024,104555.59,117500.0,117500.0,,SUR
,730423,,2024,6661.02,1968.0,1968.0,,SUR
,730429,,2024,1266085.416,474190.8,474190.8,,SUR
,730431,,2024,15096.18,1449.0,1449.0,,SUR
,730439,,2024,2833.0,800.0,800.0,,SUR
,730451,,2024,76447.0,4541.0,4541.0,,SUR
,730459,,2024,89802.55,8859.0,8859.0,,SUR
,730300,,2024,2839056.82,,0.0,,THA
,730411,,2024,4124794.04,1392947.837,1392947.837,,THA
,730419,,2024,28694677.97,15883491.544,15883491.544,,THA
,730422,,2024,105133.5,6154.944,6154.944,,THA
,730423,,2024,3783919.24,2012339.878,2012339.878,,THA
,730424,,2024,191954.17,20414.029,20414.029,,THA
,730429,,2024,39120286.44,,0.0,,THA
,730431,,2024,8172417.06,4819800.846,4819800.846,,THA
,730439,,2024,65774081.38,,0.0,,THA
,730441,,2024,17654733.01,1608708.407,1608708.407,,THA
,730449,,2024,3128701.32,692733.529,692733.529,,THA
,730451,,2024,423370.56,139217.0,139217.0,,THA
,730459,,2024,2638869.12,400760.0,400760.0,,THA
,730490,,2024,2424870.98,749010.299,749010.299,,THA
,7305,,2024,10624240.29,3158664.471,3158664.471,,THA
,730611,,2024,496321.01,237884.908,237884.908,,THA
,730619,,2024,1609321.5,390412.813,390412.813,,THA
,730621,,2024,347666.03,367444.0,367444.0,,THA
,730629,,2024,56506.98,35021.0,35021.0,,THA
,730630,,2024,163967834.14,157192358.216,157192358.216,,THA
,730300,,2024,56465.636,9048.0,9048.0,,TTO
,730411,,2024,12111.779,1194.0,1194.0,,TTO
,730419,,2024,32736.884,3675.0,3675.0,,TTO
,730422,,2024,32845.326,2853.0,2853.0,,TTO
,730423,,2024,2006573.88,229589.0,229589.0,,TTO
,730424,,2024,41352.578,1137.0,1137.0,,TTO
,730429,,2024,1411387.266,486126.0,486126.0,,TTO
,730431,,2024,374.808,50.0,50.0,,TTO
,730439,,2024,39506.686,6884.0,6884.0,,TTO
,730441,,2024,7522.233,7.0,7.0,,TTO
,730449,,2024,7439.568,3034.533,3034.533,,TTO
,730451,,2024,1205.904,42.0,42.0,,TTO
,730459,,2024,2640.544,224.0,224.0,,TTO
,730490,,2024,56452.599,19772.0,19772.0,,TTO
,7305,,2024,74872.411,13669.0,13669.0,,TTO
,730611,,2024,1474.195,59.0,59.0,,TTO
,730619,,2024,402756.942,1248380.0,1248380.0,,TTO
,730629,,2024,1802.634,731.0,731.0,,TTO
,730630,,2024,52169.714,41370.0,41370.0,,TTO
,730300,,2024,81227.37,53395.289,53395.289,,TUN
,730411,,2024,4024.2,,0.0,,TUN
,730419,,2024,2997754.661,2011347.955,2011347.955,,TUN
,730422,,2024,959101.485,,0.0,,TUN
,730423,,2024,2969668.611,856077.301,856077.301,,TUN
,730424,,2024,19926.627,1547.847,1547.847,,TUN
,730429,,2024,3465743.834,1866635.911,1866635.911,,TUN
,730431,,2024,281993.909,100158.379,100158.379,,TUN
,730439,,2024,207491.989,130626.435,130626.435,,TUN
,730441,,2024,249296.683,14282.771,14282.771,,TUN
,730449,,2024,12517.981,1122.39,1122.39,,TUN
,730451,,2024,2248.789,764.801,764.801,,TUN
,730459,,2024,152.537,54.748,54.748,,TUN
,730490,,2024,121545.315,,0.0,,TUN
,730611,,2024,5081.337,976.685,976.685,,TUN
,730621,,2024,3647.042,,0.0,,TUN
,730630,,2024,18190522.875,12818212.937,12818212.937,,TUN
,730300,,2024,66480996.0,56138812.0,56138812.0,,TUR
,730411,,2024,783730.0,63903.0,63903.0,,TUR
,730419,,2024,10194050.0,5045856.0,5045856.0,,TUR
,730422,,2024,529359.0,166116.0,166116.0,,TUR
,730423,,2024,778523.0,519909.0,519909.0,,TUR
,730424,,2024,1934475.0,811966.0,811966.0,,TUR
,730429,,2024,2682093.0,2104624.0,2104624.0,,TUR
,730431,,2024,8447876.0,3145681.0,3145681.0,,TUR
,730439,,2024,11011937.0,6981756.0,6981756.0,,TUR
,730441,,2024,10431078.0,927652.0,927652.0,,TUR
,730449,,2024,1533510.0,256620.0,256620.0,,TUR
,730451,,2024,5707924.0,894377.0,894377.0,,TUR
,730459,,2024,2295193.0,987545.0,987545.0,,TUR
,730490,,2024,31566164.0,11048327.0,11048327.0,,TUR
,7305,,2024,471169525.0,424360753.0,424360753.0,,TUR
,730611,,2024,1060624.0,661007.0,661007.0,,TUR
,730619,,2024,64527929.0,51158861.0,51158861.0,,TUR
,730621,,2024,34075.0,31715.0,31715.0,,TUR
,730629,,2024,60686065.0,56084072.0,56084072.0,,TUR
,730630,,2024,566049542.0,,0.0,,TUR
,730300,,2024,41846.28,73502.83,73502.83,,UGA
,730411,,2024,10527.2,15273.0,15273.0,,UGA
,730419,,2024,68059.27,33407.0,33407.0,,UGA
,730422,,2024,1979.2,185.0,185.0,,UGA
,730423,,2024,6294.23,3146.0,3146.0,,UGA
,730424,,2024,4232.21,570.0,570.0,,UGA
,730429,,2024,121810.71,21567.0,21567.0,,UGA
,730439,,2024,172.03,100.0,100.0,,UGA
,730441,,2024,17658.91,17678.0,17678.0,,UGA
,730449,,2024,1537.92,843.0,843.0,,UGA
,730459,,2024,12251.1,13862.0,13862.0,,UGA
,730490,,2024,50080.27,59840.8,59840.8,,UGA
,7305,,2024,632.89,1038.76,1038.76,,UGA
,730611,,2024,9851.21,4806.0,4806.0,,UGA
,730619,,2024,13816.98,6100.0,6100.0,,UGA
,730621,,2024,800.8,200.0,200.0,,UGA
,730629,,2024,5600.0,5460.0,5460.0,,UGA
,730630,,2024,122093.88,136199.0,136199.0,,UGA
,730300,,2024,1803.27,970.848,970.848,,UKR
,730419,,2024,118915320.72,124092937.0,124092937.0,,UKR
,730429,,2024,104681493.88,78402386.0,78402386.0,,UKR
,730431,,2024,9204511.7,6337380.3,6337380.3,,UKR
,730439,,2024,193648928.79,191818418.5,191818418.5,,UKR
,730441,,2024,84451945.26,7203669.217,7203669.217,,UKR
,730449,,2024,56613811.19,7691022.6,7691022.6,,UKR
,730451,,2024,215716.99,130094.8,130094.8,,UKR
,730459,,2024,22194343.27,17905448.0,17905448.0,,UKR
,730490,,2024,114336.93,2821.584,2821.584,,UKR
,7305,,2024,2824414.67,3044069.41,3044069.41,,UKR
,730611,,2024,296457.1,176308.0,176308.0,,UKR
,730619,,2024,26495.48,34151.0,34151.0,,UKR
,730630,,2024,10149093.86,12698152.207,12698152.207,,UKR
,730300,,2024,1560.22,600.0,600.0,,MKD
,730411,,2024,5049.27,31.0,31.0,,MKD
,730419,,2024,3512.56,1537.0,1537.0,,MKD
,730431,,2024,335524.81,135375.0,135375.0,,MKD
,730439,,2024,8874.94,5745.0,5745.0,,MKD
,730441,,2024,7435.85,39.417,39.417,,MKD
,730449,,2024,2671.14,70.0,70.0,,MKD
,730451,,2024,903.88,180.0,180.0,,MKD
,730490,,2024,1257.04,84.0,84.0,,MKD
,7305,,2024,844430.55,539547.0,539547.0,,MKD
,730621,,2024,440.58,40.0,40.0,,MKD
,730629,,2024,541.94,550.0,550.0,,MKD
,730630,,2024,35200459.9,43385136.0,43385136.0,,MKD
,730300,,2024,7661931.269,4210697.2,4210697.2,,EGY
,730411,,2024,557478.38,30083.451,30083.451,,EGY
,730419,,2024,1591111.838,720638.568,720638.568,,EGY
,730422,,2024,10150.0,,0.0,,EGY
,730423,,2024,34037.975,6918.694,6918.694,,EGY
,730429,,2024,60000.0,25450.105,25450.105,,EGY
,730431,,2024,201127.0,61024.817,61024.817,,EGY
,730441,,2024,5250.0,236.947,236.947,,EGY
,730449,,2024,635.512,50.978,50.978,,EGY
,730459,,2024,18630.0,5542.343,5542.343,,EGY
,730490,,2024,911887.13,,0.0,,EGY
,7305,,2024,2620190.5,1605716.591,1605716.591,,EGY
,730611,,2024,1480194.58,,0.0,,EGY
,730619,,2024,964991.597,571958.971,571958.971,,EGY
,730630,,2024,374447.822,254911.264,254911.264,,EGY
,730300,,2024,16605831.607,,0.0,,GBR
,730411,,2024,14935868.607,804247.413,804247.413,,GBR
,730419,,2024,57511956.383,,0.0,,GBR
,730422,,2024,3511955.676,1122321.262,1122321.262,,GBR
,730423,,2024,10972942.232,3994953.0,3994953.0,,GBR
,730424,,2024,95355145.537,6154688.235,6154688.235,,GBR
,730429,,2024,49822428.509,15028721.0,15028721.0,,GBR
,730431,,2024,16675175.91,3483661.413,3483661.413,,GBR
,730439,,2024,3369642.269,,0.0,,GBR
,730441,,2024,42923104.803,922781.183,922781.183,,GBR
,730449,,2024,19369568.918,810958.581,810958.581,,GBR
,730451,,2024,2624663.142,161832.152,161832.152,,GBR
,730459,,2024,10815177.127,1886783.0,1886783.0,,GBR
,730490,,2024,24412324.644,1878712.992,1878712.992,,GBR
,7305,,2024,102281221.495,,0.0,,GBR
,730611,,2024,2441637.306,87175.0,87175.0,,GBR
,730619,,2024,45216943.304,,0.0,,GBR
,730621,,2024,102766.544,9540.0,9540.0,,GBR
,730629,,2024,4663603.783,1677735.0,1677735.0,,GBR
,730630,,2024,91763179.156,,0.0,,GBR
,730300,,2024,51949.589,47086.0,47086.0,,TZA
,730411,,2024,5011.493,180000.0,180000.0,,TZA
,730419,,2024,538531.538,246990.0,246990.0,,TZA
,730422,,2024,6235.866,7000.0,7000.0,,TZA
,730423,,2024,3080.422,4444.42,4444.42,,TZA
,730424,,2024,46521.272,13318.0,13318.0,,TZA
,730429,,2024,12130.442,10528.0,10528.0,,TZA
,730439,,2024,10598.704,333.0,333.0,,TZA
,730449,,2024,112264.399,159286.2,159286.2,,TZA
,730459,,2024,4377.207,6005.0,6005.0,,TZA
,730490,,2024,630765.267,223206.54,223206.54,,TZA
,7305,,2024,2673.4,3200.0,3200.0,,TZA
,730619,,2024,2475.904,4560.0,4560.0,,TZA
,730630,,2024,633958.453,755278.0,755278.0,,TZA
,730300,,2024,40113751.0,17365635.967,17365635.967,,USA
,730411,,2024,28987138.0,1331695.0,1331695.0,,USA
,730419,,2024,73332985.0,14892901.0,14892901.0,,USA
,730422,,2024,14565586.0,989890.0,989890.0,,USA
,730423,,2024,37662469.0,12541378.0,12541378.0,,USA
,730424,,2024,92205670.0,8189129.0,8189129.0,,USA
,730429,,2024,136871402.0,46461806.0,46461806.0,,USA
,730431,,2024,40101374.0,10122678.0,10122678.0,,USA
,730439,,2024,65918626.0,17509789.0,17509789.0,,USA
,730441,,2024,130964039.0,3134244.0,3134244.0,,USA
,730449,,2024,51420365.0,2679582.0,2679582.0,,USA
,730451,,2024,26960488.0,3368072.0,3368072.0,,USA
,730459,,2024,94390473.0,22597114.0,22597114.0,,USA
,730490,,2024,27849629.0,7907113.0,7907113.0,,USA
,7305,,2024,107966596.0,40180636.0,40180636.0,,USA
,730611,,2024,21882158.0,7290011.0,7290011.0,,USA
,730619,,2024,22838544.0,9733951.0,9733951.0,,USA
,730621,,2024,2014256.0,623271.0,623271.0,,USA
,730629,,2024,278801867.0,157371257.0,157371257.0,,USA
,730630,,2024,506323342.0,189442904.0,189442904.0,,USA
,730411,,2024,629.0,40.0,40.0,,URY
,730429,,2024,1210.0,60.0,60.0,,URY
,730431,,2024,21.0,7.459,7.459,,URY
,730439,,2024,42.0,5.0,5.0,,URY
,730441,,2024,260519.0,7844.0,7844.0,,URY
,730490,,2024,31.0,1.55,1.55,,URY
,730630,,2024,456.0,43.0,43.0,,URY
,730300,,2024,79.0,51.931,51.931,,UZB
,730411,,2024,189.0,940.0,940.0,,UZB
,730423,,2024,325369.0,40258.6,40258.6,,UZB
,730431,,2024,7732.0,2746.246,2746.246,,UZB
,730439,,2024,60103.0,18730.0,18730.0,,UZB
,730449,,2024,380.0,33.0,33.0,,UZB
,730451,,2024,13188.0,204.465,204.465,,UZB
,730490,,2024,70355.99,2817.798,2817.798,,UZB
,7305,,2024,60200.0,57000.0,57000.0,,UZB
,730629,,2024,99721.0,21260.0,21260.0,,UZB
,730630,,2024,1922320.98,1980938.965,1980938.965,,UZB
,730621,,2024,3570.0,612.0,612.0,,YEM
,730300,,2024,43090.91,154610.0,154610.0,,ZMB
,730411,,2024,235702.793,80401.68,80401.68,,ZMB
,730419,,2024,109050.084,46613.83,46613.83,,ZMB
,730422,,2024,11392.625,4054.0,4054.0,,ZMB
,730423,,2024,190776.045,20461.2,20461.2,,ZMB
,730429,,2024,1134163.32,,0.0,,ZMB
,730431,,2024,8589.686,1619.0,1619.0,,ZMB
,730439,,2024,72948.339,104440.0,104440.0,,ZMB
,730441,,2024,1459.861,135.0,135.0,,ZMB
,730449,,2024,386113.879,273116.0,273116.0,,ZMB
,730451,,2024,26053.895,85.4,85.4,,ZMB
,730490,,2024,318731.94,251500.3,251500.3,,ZMB
,7305,,2024,44049.006,51046.0,51046.0,,ZMB
,730611,,2024,205.167,20.0,20.0,,ZMB
,730629,,2024,12855.248,2450.0,2450.0,,ZMB
,730630,,2024,2561761.581,2907082.64,2907082.64,,ZMB
,730640,,2023,38996.996,7339.0,7339.0,,ALB
,730661,,2023,326591.185,348406.0,348406.0,,ALB
,730690,,2023,38416.817,,0.0,,ALB
,7308,,2023,53181712.718,0.0,0.0,,ALB
,7309,,2023,41003.552,26721.4,26721.4,,ALB
,7310,,2023,1285643.454,0.0,0.0,,ALB
,731100,,2023,1813.997,900.0,900.0,,ALB
,730640,,2023,85914.151,902.0,902.0,,AGO
,730650,,2023,1382.12,7500.0,7500.0,,AGO
,730661,,2023,205397.619,234863.0,234863.0,,AGO
,730669,,2023,84105.609,,0.0,,AGO
,730690,,2023,1243056.397,325081.39,325081.39,,AGO
,730711,,2023,23977.229,12548.7,12548.7,,AGO
,730719,,2023,22966.143,7282.61,7282.61,,AGO
,730721,,2023,3998.694,1270.0,1270.0,,AGO
,730722,,2023,5893.346,1811.43,1811.43,,AGO
,730729,,2023,69814.659,5880.185,5880.185,,AGO
,730791,,2023,9783.893,3703.58,3703.58,,AGO
,730792,,2023,70026.328,8394.66,8394.66,,AGO
,730793,,2023,732.956,667.0,667.0,,AGO
,730799,,2023,21793282.888,,0.0,,AGO
,7308,,2023,1733441.487,,0.0,,AGO
,7309,,2023,732940.339,117749.275,117749.275,,AGO
,7310,,2023,139158.679,,0.0,,AGO
,731100,,2023,732366.802,464543.735,464543.735,,AGO
,730650,,2023,11.75,0.7,0.7,,AZE
,730661,,2023,171787.86,206815.0,206815.0,,AZE
,730669,,2023,611.44,280.0,280.0,,AZE
,730690,,2023,702.76,183.1,183.1,,AZE
,730711,,2023,43203.27,16870.37,16870.37,,AZE
,730719,,2023,778.89,11.8,11.8,,AZE
,730721,,2023,18723.11,9262.051,9262.051,,AZE
,730722,,2023,39436.02,4459.789,4459.789,,AZE
,730723,,2023,44456.42,5743.56,5743.56,,AZE
,730729,,2023,306856.27,3581.171,3581.171,,AZE
,730791,,2023,254298.83,20373.1,20373.1,,AZE
,730792,,2023,9267.45,306.919,306.919,,AZE
,730793,,2023,280.77,53.4,53.4,,AZE
,730799,,2023,212623.02,14206.082,14206.082,,AZE
,7308,,2023,4671378.28,2395410.2,2395410.2,,AZE
,7309,,2023,142739.24,48882.0,48882.0,,AZE
,7310,,2023,329425.34,93614.66,93614.66,,AZE
,731100,,2023,493314.15,147174.565,147174.565,,AZE
,731811,,2023,36.3,7.0,7.0,,AZE
,730640,,2023,303227.11,25623.08,25623.08,,ARG
,730650,,2023,19890.63,3762.36,3762.36,,ARG
,730690,,2023,37176.48,7752.64,7752.64,,ARG
,730711,,2023,5471.64,209.76,209.76,,ARG
,730719,,2023,126661.96,2244.88,2244.88,,ARG
,730721,,2023,116146.02,9217.61,9217.61,,ARG
,730722,,2023,56523.25,1282.84,1282.84,,ARG
,730729,,2023,684829.87,20638.9,20638.9,,ARG
,730791,,2023,127376.03,6412.0,6412.0,,ARG
,730792,,2023,5015334.43,1527734.06,1527734.06,,ARG
,730793,,2023,6267.91,146.0,146.0,,ARG
,730799,,2023,1072313.35,64452.74,64452.74,,ARG
,7308,,2023,5578967.51,1881076.12,1881076.12,,ARG
,7309,,2023,3052465.89,639451.9,639451.9,,ARG
,7310,,2023,1588348.05,396974.43,396974.43,,ARG
,731100,,2023,4688929.87,1214742.4,1214742.4,,ARG
,731811,,2023,103662.58,6845.75,6845.75,,ARG
,730640,,2023,438331.727,153200.0,153200.0,,AUS
,730650,,2023,337577.741,29060.972,29060.972,,AUS
,730661,,2023,11654640.66,7977230.0,7977230.0,,AUS
,730669,,2023,80464.868,99780.0,99780.0,,AUS
,730690,,2023,3257482.13,941152.0,941152.0,,AUS
,730711,,2023,1372394.54,342520.0,342520.0,,AUS
,730719,,2023,3014321.638,595365.0,595365.0,,AUS
,730721,,2023,1008460.012,483050.182,483050.182,,AUS
,730722,,2023,1986486.678,216157.0,216157.0,,AUS
,730723,,2023,347440.941,1094372.0,1094372.0,,AUS
,730729,,2023,5829786.13,9242078.048,9242078.048,,AUS
,730791,,2023,2115632.408,1749136.0,1749136.0,,AUS
,730792,,2023,1796444.359,2860669.749,2860669.749,,AUS
,730793,,2023,846442.042,60039.0,60039.0,,AUS
,730799,,2023,30193035.306,20800881.035,20800881.035,,AUS
,7308,,2023,90697155.383,59953950.628,59953950.628,,AUS
,7309,,2023,19230274.251,2883429.013,2883429.013,,AUS
,7310,,2023,30576025.886,6292723.197,6292723.197,,AUS
,731100,,2023,6640897.11,1364951.613,1364951.613,,AUS
,731811,,2023,1979395.219,149251.79,149251.79,,AUS
,730640,,2023,849.378,119.79,119.79,,BHR
,730661,,2023,527280.485,430864.971,430864.971,,BHR
,730669,,2023,9644.556,4407.529,4407.529,,BHR
,730690,,2023,343206.347,110881.894,110881.894,,BHR
,730711,,2023,1010481.609,135793.996,135793.996,,BHR
,730719,,2023,449654.467,57411.603,57411.603,,BHR
,730721,,2023,334414.874,19153.5,19153.5,,BHR
,730722,,2023,145238.654,1665.374,1665.374,,BHR
,730723,,2023,64458.737,2512.129,2512.129,,BHR
,730729,,2023,77158.619,,0.0,,BHR
,730791,,2023,30367.832,4671.611,4671.611,,BHR
,730792,,2023,33641.468,2279.747,2279.747,,BHR
,730793,,2023,3144798.586,439321.189,439321.189,,BHR
,730799,,2023,2780912.284,169828.2,169828.2,,BHR
,7308,,2023,404510786.177,86953511.241,86953511.241,,BHR
,7309,,2023,336100.055,50395.571,50395.571,,BHR
,7310,,2023,2257455.15,480745.73,480745.73,,BHR
,731100,,2023,562435.671,115601.471,115601.471,,BHR
,731811,,2023,18752.933,6701.919,6701.919,,BHR
,730640,,2023,1168.04,1.1,1.1,,ARM
,730650,,2023,3056.01,66.093,66.093,,ARM
,730661,,2023,43409.52,40120.698,40120.698,,ARM
,730690,,2023,1545.65,33.03,33.03,,ARM
,730711,,2023,83.65,0.984,0.984,,ARM
,730719,,2023,24954.18,73.377,73.377,,ARM
,730721,,2023,18856.2,86.913,209.023,,ARM
,730722,,2023,4752.59,14.506,14.506,,ARM
,730723,,2023,4280.24,4.49,4.49,,ARM
,730729,,2023,76973.29,1748.457,1748.457,,ARM
,730791,,2023,3690.84,15.55,15.55,,ARM
,730792,,2023,5011.84,100.837,100.837,,ARM
,730799,,2023,104882.69,1427.968,1427.968,,ARM
,7308,,2023,238074.2,19738.104,19738.104,,ARM
,7309,,2023,235918.55,28500.0,28500.0,,ARM
,7310,,2023,256328.82,51145.637,51145.637,,ARM
,731100,,2023,53510.12,73754.4,73754.4,,ARM
,731811,,2023,127.98,0.05,0.05,,ARM
,730690,,2023,1394.54,10.48,10.48,,BOL
,730719,,2023,1192.95,96.88,96.88,,BOL
,730721,,2023,1253.67,1500.0,1500.0,,BOL
,730722,,2023,1190.35,11.82,11.82,,BOL
,730729,,2023,66.46,2.39,2.39,,BOL
,730791,,2023,76.0,2.08,2.08,,BOL
,730792,,2023,3318.4,21.23,21.23,,BOL
,730799,,2023,73043.69,798.78,798.78,,BOL
,7308,,2023,522289.51,463478.53,463478.53,,BOL
,7309,,2023,661362.26,179159.67,179159.67,,BOL
,7310,,2023,115821.32,22278.0,22278.0,,BOL
,731100,,2023,9400.0,9692.0,9692.0,,BOL
,730640,,2023,104785.343,19582.36,19582.36,,BIH
,730650,,2023,5723.213,518.84,518.84,,BIH
,730661,,2023,1019966.581,807768.58,807768.58,,BIH
,730669,,2023,36985.837,7338.94,7338.94,,BIH
,730690,,2023,1228287.33,409532.28,409532.28,,BIH
,730711,,2023,8111.584,765.34,765.34,,BIH
,730719,,2023,98818.102,14433.67,14433.67,,BIH
,730721,,2023,114616.08,1912.02,1912.02,,BIH
,730722,,2023,27532.397,1315.72,1315.72,,BIH
,730723,,2023,599641.729,67558.15,67558.15,,BIH
,730729,,2023,926387.786,55198.49,55198.49,,BIH
,730791,,2023,1377258.224,119722.17,119722.17,,BIH
,730792,,2023,164209.075,31192.48,31192.48,,BIH
,730793,,2023,55799.854,2422.94,2422.94,,BIH
,730799,,2023,5217910.197,1871262.63,1871262.63,,BIH
,7308,,2023,335874261.015,121542744.388,121542744.388,,BIH
,7309,,2023,20385280.932,5803530.86,5803530.86,,BIH
,7310,,2023,10524616.016,2909228.63,2909228.63,,BIH
,731100,,2023,1065553.91,194378.37,194378.37,,BIH
,731811,,2023,2957.073,1123.38,1123.38,,BIH
,730640,,2023,8700143.0,2029056.93,2031225.93,,BRA
,730650,,2023,528573.0,127556.649,127556.649,,BRA
,730661,,2023,34045872.0,32907450.365,32905231.365,,BRA
,730669,,2023,282334.0,98011.36,99291.36,,BRA
,730690,,2023,2291298.0,416761.574,518878.574,,BRA
,730711,,2023,12140565.0,3096274.94,3095979.94,,BRA
,730719,,2023,21449019.0,3607089.648,3623843.648,,BRA
,730721,,2023,2115135.0,139917.872,154107.872,,BRA
,730722,,2023,1302733.0,13374.648,13958.648,,BRA
,730723,,2023,862824.0,30963.754,31011.754,,BRA
,730729,,2023,6996170.0,32324.742,32319.742,,BRA
,730791,,2023,4107799.0,343057.448,342904.448,,BRA
,730792,,2023,7251794.0,328890.086,368199.086,,BRA
,730793,,2023,3246191.0,150102.921,152510.921,,BRA
,730799,,2023,12160025.0,455438.132,463641.132,,BRA
,7308,,2023,100617760.0,27844727.084,27836818.084,,BRA
,7309,,2023,24169168.0,7690507.436,0.0,,BRA
,7310,,2023,19671947.0,4639353.473,4551927.473,,BRA
,731100,,2023,23516074.0,5397978.842,5562415.842,,BRA
,731811,,2023,786813.0,352002.715,351960.715,,BRA
,730640,,2023,366707.941,97866.0,97866.0,,BRN
,730690,,2023,21022227.802,13596548.465,13596548.465,,BRN
,730711,,2023,731.945,340.33,340.33,,BRN
,730719,,2023,12882.349,303.5,303.5,,BRN
,730721,,2023,2793.215,274.12,274.12,,BRN
,730722,,2023,30469.839,709.94,709.94,,BRN
,730729,,2023,30275.056,1095.35,1095.35,,BRN
,730791,,2023,98019.342,48267.0,48267.0,,BRN
,730792,,2023,22596.948,728.21,728.21,,BRN
,730799,,2023,583690.156,375202.035,375202.035,,BRN
,7308,,2023,15048166.865,8917798.918,8917798.918,,BRN
,7309,,2023,364285.188,166081.4,166081.4,,BRN
,7310,,2023,3285163.621,9218775.44,9218775.44,,BRN
,731100,,2023,1127354.606,1505471.0,1505471.0,,BRN
,730799,,2023,1635765.04,104400.0,104400.0,,MMR
,7308,,2023,5626296.02,5546072.59,5546072.59,,MMR
,7309,,2023,389500.0,21000.0,21000.0,,MMR
,7310,,2023,39.16,196.4,196.4,,MMR
,731100,,2023,10472.54,14540.0,14540.0,,MMR
,730669,,2023,737280.0,499670.0,499670.0,,KHM
,730690,,2023,625.93,235.0,235.0,,KHM
,730711,,2023,163357.29,141232.05,141232.05,,KHM
,730719,,2023,374710.01,170860.847,170860.847,,KHM
,730791,,2023,3586245.75,514843.91,514843.91,,KHM
,730792,,2023,3201891.14,1374715.0,1374715.0,,KHM
,730793,,2023,11080230.24,5626114.472,5626114.472,,KHM
,730799,,2023,289888.34,93178.0,93178.0,,KHM
,7308,,2023,2961311.36,778950.0,778950.0,,KHM
,7309,,2023,546291.4,316045.0,316045.0,,KHM
,7310,,2023,4831662.14,2569682.992,2569682.992,,KHM
,731100,,2023,1007804.0,1410164.472,1410164.472,,KHM
,731811,,2023,377.78,119.5,119.5,,KHM
,730661,,2023,822.769,70.0,70.0,,CMR
,730669,,2023,110325.87,48534.0,48534.0,,CMR
,730690,,2023,26756.125,8171.303,8171.303,,CMR
,730719,,2023,7089.985,861.53,861.53,,CMR
,730722,,2023,21936.47,1826.86,1826.86,,CMR
,730729,,2023,16254.643,1999.0,1999.0,,CMR
,730791,,2023,56357.998,8448.0,8448.0,,CMR
,730792,,2023,29852.874,3016.15,3016.15,,CMR
,730793,,2023,12841.738,2009.0,2009.0,,CMR
,730799,,2023,95916.901,7841.59,7841.59,,CMR
,7308,,2023,365218.999,67299.0,67299.0,,CMR
,7309,,2023,460460.529,108391.3,108391.3,,CMR
,7310,,2023,157371.201,45141.6,45141.6,,CMR
,731100,,2023,3624081.963,1416395.8,1416395.8,,CMR
,731811,,2023,5605.783,2333.0,2333.0,,CMR
,730640,,2023,125745103.235,14314080.0,14314080.0,,CAN
,730650,,2023,25655765.753,13571096.0,13571096.0,,CAN
,730661,,2023,481524915.864,314140974.0,314140974.0,,CAN
,730669,,2023,1364681.237,545391.0,545391.0,,CAN
,730690,,2023,33747910.385,8208087.0,8208087.0,,CAN
,730711,,2023,1478735.621,223564.234,223564.234,,CAN
,730719,,2023,17247917.536,2453635.046,2453635.046,,CAN
,730721,,2023,3903739.721,234431.434,234431.434,,CAN
,730722,,2023,7073906.839,,0.0,,CAN
,730723,,2023,12604297.376,555055.531,555055.531,,CAN
,730729,,2023,34699384.401,748477.301,748477.301,,CAN
,730791,,2023,15102647.18,2471394.653,2471394.653,,CAN
,730792,,2023,14564588.548,1076661.099,1076661.099,,CAN
,730793,,2023,24153719.665,3906056.58,3906056.58,,CAN
,730799,,2023,52934447.255,3469445.193,3469445.193,,CAN
,7308,,2023,1775206161.393,504824711.977,504824711.977,,CAN
,7309,,2023,190789185.504,29229961.911,29229961.911,,CAN
,7310,,2023,70018830.021,14928325.674,14928325.674,,CAN
,731100,,2023,38086442.492,8606474.85,8606474.85,,CAN
,731811,,2023,341459.403,121213.468,121213.468,,CAN
,730640,,2023,22044.517,689.0,689.0,,LKA
,730650,,2023,90156.68,89756.9,89756.9,,LKA
,730661,,2023,12912.37,11041.32,11041.32,,LKA
,730669,,2023,37101.941,36519.27,36519.27,,LKA
,730690,,2023,286134.329,402481.64,402481.64,,LKA
,730711,,2023,6035.64,492.46,492.46,,LKA
,730719,,2023,2200.028,941.42,941.42,,LKA
,730721,,2023,147455.042,45825.74,45825.74,,LKA
,730722,,2023,2665.381,634.68,634.68,,LKA
,730729,,2023,43222.462,5733.02,5733.02,,LKA
,730791,,2023,5709.926,699.81,699.81,,LKA
,730792,,2023,68366.226,8107.31,8107.31,,LKA
,730793,,2023,465.695,7.85,7.85,,LKA
,730799,,2023,170442.366,234376.74,234376.74,,LKA
,7308,,2023,3664510.584,,0.0,,LKA
,7309,,2023,233954.361,218425.27,218425.27,,LKA
,7310,,2023,1408184.037,830064.13,830064.13,,LKA
,731100,,2023,196448.535,206770.35,206770.35,,LKA
,731811,,2023,814.338,575.33,575.33,,LKA
,730640,,2023,387468.8,67411.982,67411.982,,CHL
,730650,,2023,4685073.49,1490072.37,1490072.37,,CHL
,730661,,2023,34159.57,23189.982,23189.982,,CHL
,730669,,2023,10306.0,10148.5,10148.5,,CHL
,730690,,2023,63725.877,46051.63,46051.63,,CHL
,730711,,2023,11480.18,3279.71,3279.71,,CHL
,730719,,2023,300868.25,34504.95,34504.95,,CHL
,730721,,2023,148657.11,17062.206,17062.206,,CHL
,730722,,2023,150672.829,23504.545,23504.545,,CHL
,730723,,2023,102464.084,58852.5,58852.5,,CHL
,730729,,2023,1206652.77,112427.862,112427.862,,CHL
,730791,,2023,482625.24,40756.803,40756.803,,CHL
,730792,,2023,415174.95,40328.14,40328.14,,CHL
,730793,,2023,266207.283,77561.53,77561.53,,CHL
,730799,,2023,684886.255,76886.895,76886.895,,CHL
,7308,,2023,29540667.263,13357347.79,13357347.79,,CHL
,7309,,2023,740595.661,393304.21,393304.21,,CHL
,7310,,2023,55889786.632,29957481.303,29957481.303,,CHL
,731100,,2023,613879.5,452369.58,452369.58,,CHL
,731811,,2023,165186.13,40178.03,40178.03,,CHL
,730640,,2023,566271601.0,193457031.0,193457031.0,,CHN
,730650,,2023,65930234.0,42577560.117,42577560.117,,CHN
,730661,,2023,1560035801.0,1511251125.0,1511251125.0,,CHN
,730669,,2023,34336627.0,20853894.251,20853894.251,,CHN
,730690,,2023,87028224.0,74869231.051,74869231.051,,CHN
,730711,,2023,571615212.0,264511326.011,264511326.011,,CHN
,730719,,2023,508816807.0,173182470.986,173182470.986,,CHN
,730721,,2023,414398425.0,69245829.257,69245829.257,,CHN
,730722,,2023,103446531.0,9498151.767,9498151.767,,CHN
,730723,,2023,243473033.0,24370628.991,24370628.991,,CHN
,730729,,2023,410410885.0,,0.0,,CHN
,730791,,2023,777069643.0,428914684.677,428914684.677,,CHN
,730792,,2023,263095315.0,60491890.417,60491890.417,,CHN
,730793,,2023,593044691.0,255954034.316,255954034.316,,CHN
,730799,,2023,722317407.0,183736764.057,183736764.057,,CHN
,7308,,2023,19782502730.0,10507981628.533,10507981628.533,,CHN
,7309,,2023,870236574.0,234734302.539,234734302.539,,CHN
,7310,,2023,1243811235.0,274960703.41,274960703.41,,CHN
,731100,,2023,1168618965.0,460289286.0,460289286.0,,CHN
,731811,,2023,31962856.0,20271255.396,20271255.396,,CHN
,730640,,2023,129836.8,30391.89,30391.89,,COL
,730650,,2023,419229.01,174760.34,174760.34,,COL
,730661,,2023,2263392.04,1972106.51,1972106.51,,COL
,730669,,2023,48584.02,68462.08,68462.08,,COL
,730690,,2023,121500.47,21872.74,21872.74,,COL
,730711,,2023,468344.05,86837.74,86837.74,,COL
,730719,,2023,475055.59,21431.9,21431.9,,COL
,730721,,2023,35624.98,1883.12,1883.12,,COL
,730722,,2023,79223.84,11170.4,11170.4,,COL
,730723,,2023,34466.43,5226.9,5226.9,,COL
,730729,,2023,108253.21,4676.67,4676.67,,COL
,730791,,2023,613137.39,212439.106,212439.106,,COL
,730792,,2023,61823587.47,10279852.95,10279852.95,,COL
,730793,,2023,68236.66,7378.64,7378.64,,COL
,730799,,2023,1570159.48,126297.59,126297.59,,COL
,7308,,2023,40889122.73,15940800.291,15940800.291,,COL
,7309,,2023,1436564.55,563396.064,563396.064,,COL
,7310,,2023,3145027.92,609302.04,609302.04,,COL
,731100,,2023,828307.54,174073.28,174073.28,,COL
,731811,,2023,3551.55,378.97,378.97,,COL
,730640,,2023,489.728,1500.0,1500.0,,COG
,730661,,2023,5658.752,25067.0,25067.0,,COG
,730690,,2023,71626.63,315558.8,315558.8,,COG
,730711,,2023,723.876,604.0,604.0,,COG
,730719,,2023,96.091,1.28,1.28,,COG
,730721,,2023,210.237,968.84,968.84,,COG
,730722,,2023,221639.432,2438.65,2438.65,,COG
,730729,,2023,40637.832,1123.8,1123.8,,COG
,730791,,2023,27601.998,16782.0,16782.0,,COG
,730792,,2023,24658.955,17116.11,17116.11,,COG
,730793,,2023,478.897,16.0,16.0,,COG
,730799,,2023,172678.88,158998.17,158998.17,,COG
,7308,,2023,618627.059,222543.0,222543.0,,COG
,7309,,2023,364145.642,51907.0,51907.0,,COG
,7310,,2023,135759.329,26829.08,26829.08,,COG
,731100,,2023,343563.003,172567.61,172567.61,,COG
,731811,,2023,706.121,12.04,12.04,,COG
,730650,,2023,969.461,602.0,602.0,,COD
,730661,,2023,3781.172,1142.0,1142.0,,COD
,730721,,2023,403.783,148.0,148.0,,COD
,730722,,2023,3493.136,61.0,61.0,,COD
,730791,,2023,6300.597,121.0,121.0,,COD
,730792,,2023,1991.218,23.0,23.0,,COD
,730799,,2023,71846.347,5328.0,5328.0,,COD
,7308,,2023,50308.841,47880.0,47880.0,,COD
,7309,,2023,656946.024,16950.0,16950.0,,COD
,7310,,2023,3615.308,28816.0,28816.0,,COD
,731100,,2023,10282.855,7163.0,7163.0,,COD
,730640,,2023,3357376.63,35390.383,35390.383,,CRI
,730650,,2023,110480.73,284.098,284.098,,CRI
,730661,,2023,41849558.85,37622146.85,37622146.85,,CRI
,730669,,2023,27350.89,9397.36,9397.36,,CRI
,730690,,2023,1552102.51,49444.634,49444.634,,CRI
,730711,,2023,128.57,11.453,11.453,,CRI
,730719,,2023,45734.72,10722.62,10722.62,,CRI
,730721,,2023,2089.5,329.801,329.801,,CRI
,730722,,2023,47968.96,6476.174,6476.174,,CRI
,730723,,2023,1027.39,128.0,128.0,,CRI
,730729,,2023,6251.04,638.033,638.033,,CRI
,730791,,2023,2479.24,892.791,892.791,,CRI
,730792,,2023,322121.05,61476.348,61476.348,,CRI
,730793,,2023,1456.17,1305.37,1305.37,,CRI
,730799,,2023,335867.55,70018.276,70018.276,,CRI
,7308,,2023,6135135.53,2078216.425,2078216.425,,CRI
,7309,,2023,1435012.41,,0.0,,CRI
,7310,,2023,17803767.06,6803559.596,6803559.596,,CRI
,731100,,2023,1480171.96,3276826.685,3276826.685,,CRI
,731811,,2023,3943.19,425.238,425.238,,CRI
,730661,,2023,339338.926,286006.0,286006.0,,BEN
,730690,,2023,234.635,18000.0,18000.0,,BEN
,730719,,2023,11080.125,4108.0,4108.0,,BEN
,730722,,2023,1489.723,4725.0,4725.0,,BEN
,730799,,2023,991.41,14107.0,14107.0,,BEN
,7308,,2023,1011239.324,108628.0,108628.0,,BEN
,7309,,2023,147351.662,50377.0,50377.0,,BEN
,7310,,2023,932282.154,1438291.0,1438291.0,,BEN
,731100,,2023,5120.879,24780.0,24780.0,,BEN
,730640,,2023,11498.003,2154.8,2154.8,,DOM
,730650,,2023,116705.379,95897.87,95897.87,,DOM
,730661,,2023,12558847.653,,0.0,,DOM
,730669,,2023,22390.308,15492.15,15492.15,,DOM
,730690,,2023,385951.274,88621.816,88621.816,,DOM
,730711,,2023,7792.614,372.91,372.91,,DOM
,730719,,2023,5512.305,339.67,339.67,,DOM
,730721,,2023,70407.043,167.6,167.6,,DOM
,730722,,2023,30460.917,4189.203,4189.203,,DOM
,730723,,2023,52.0,10.0,10.0,,DOM
,730729,,2023,81121.56,1455.6,1455.6,,DOM
,730792,,2023,2485.273,2183.564,2183.564,,DOM
,730799,,2023,26930.981,2202.891,2202.891,,DOM
,7308,,2023,12783144.668,,0.0,,DOM
,7309,,2023,185631.792,150652.5,150652.5,,DOM
,7310,,2023,216577.176,,0.0,,DOM
,731100,,2023,2049785.363,2040323.242,2040323.242,,DOM
,731811,,2023,31151.702,9808.095,9808.095,,DOM
,730661,,2023,8330773.5,,0.0,,ECU
,730669,,2023,237395.3,307.775,307.775,,ECU
,730690,,2023,6714.1,,0.0,,ECU
,730711,,2023,1976.7,,0.0,,ECU
,730719,,2023,17087.9,,0.0,,ECU
,730721,,2023,2078.9,66.131,66.131,,ECU
,730722,,2023,4885.6,0.371,0.371,,ECU
,730729,,2023,15828.5,234.538,234.538,,ECU
,730791,,2023,5837.0,,0.0,,ECU
,730792,,2023,44152.5,,0.0,,ECU
,730793,,2023,2.0,0.002,0.002,,ECU
,730799,,2023,628027.4,,0.0,,ECU
,7308,,2023,4271145.1,,0.0,,ECU
,7309,,2023,2570572.2,,0.0,,ECU
,7310,,2023,14994562.2,,0.0,,ECU
,731100,,2023,391272.9,,0.0,,ECU
,731811,,2023,700.0,,0.0,,ECU
,730640,,2023,151201.0,24258.47,24258.47,,SLV
,730650,,2023,40743.0,21930.9,21930.9,,SLV
,730661,,2023,33775950.0,22513843.18,22513843.18,,SLV
,730669,,2023,28762.0,8572.86,8572.86,,SLV
,730690,,2023,2208188.0,1298040.29,1298040.29,,SLV
,730711,,2023,206.0,1135.79,1135.79,,SLV
,730719,,2023,3917.0,218.75,218.75,,SLV
,730721,,2023,26140.0,3119.75,3119.75,,SLV
,730722,,2023,60297.0,3201.4,3201.4,,SLV
,730723,,2023,21230.0,1844.46,1844.46,,SLV
,730729,,2023,55069.0,2651.65,2651.65,,SLV
,730791,,2023,55560.0,20314.04,20314.04,,SLV
,730792,,2023,59904.0,5610.52,5610.52,,SLV
,730793,,2023,18737.0,9692.8,9692.8,,SLV
,730799,,2023,17632.0,2494.63,2494.63,,SLV
,7308,,2023,28855465.0,10313514.76,10313514.76,,SLV
,7309,,2023,2233966.0,516582.02,516582.02,,SLV
,7310,,2023,534180.0,161390.51,161390.51,,SLV
,731100,,2023,4389204.0,3537229.09,3537229.09,,SLV
,730690,,2023,20.827,100.0,100.0,,ETH
,730719,,2023,66.971,8.0,8.0,,ETH
,730722,,2023,324.029,9.49,9.49,,ETH
,730729,,2023,472.134,150.0,150.0,,ETH
,730791,,2023,26934.753,2417.83,2417.83,,ETH
,730792,,2023,758.27,18.0,18.0,,ETH
,730799,,2023,66912.836,22387.39,22387.39,,ETH
,7308,,2023,118102.532,41512.24,41512.24,,ETH
,7309,,2023,694264.67,45820.0,45820.0,,ETH
,7310,,2023,540.036,51.41,51.41,,ETH
,731100,,2023,84097.445,45963.84,45963.84,,ETH
,730650,,2023,595516.645,24190.0,40000.0,,GAB
,730690,,2023,46992.134,1035.0,1100.0,,GAB
,730721,,2023,8910.508,16.0,1000.0,,GAB
,730722,,2023,6281.564,875.0,1890.0,,GAB
,730729,,2023,23306.962,223.0,12040.0,,GAB
,730791,,2023,183164.401,25185.0,1114880.0,,GAB
,730792,,2023,61647.821,2361.0,291310.0,,GAB
,730793,,2023,782.38,27.0,20.0,,GAB
,730799,,2023,783583.184,44727.0,0.0,,GAB
,7308,,2023,868235.336,124125.0,0.0,,GAB
,7309,,2023,596842.974,91839.0,91839.0,,GAB
,7310,,2023,82917.406,21595.0,21595.0,,GAB
,731100,,2023,1895105.434,157732.0,157732.0,,GAB
,730640,,2023,25517.795,12089.88,12089.88,,GEO
,730650,,2023,437.485,1.91,1.91,,GEO
,730661,,2023,13956.894,10057.4,10057.4,,GEO
,730669,,2023,1500.4,535.99,535.99,,GEO
,730690,,2023,115487.685,81389.46,81389.46,,GEO
,730711,,2023,45086.41,6869.64,6869.64,,GEO
,730719,,2023,7807.014,940.7,940.7,,GEO
,730721,,2023,6146.912,294.81,294.81,,GEO
,730722,,2023,5981.433,1755.51,1755.51,,GEO
,730729,,2023,12376.562,1891.73,1891.73,,GEO
,730791,,2023,35166.576,13389.82,13389.82,,GEO
,730792,,2023,9507.413,4137.99,4137.99,,GEO
,730799,,2023,37860.447,3557.24,3557.24,,GEO
,7308,,2023,6244986.281,2831530.03,2831530.03,,GEO
,7309,,2023,994717.394,96395.0,96395.0,,GEO
,7310,,2023,118689.437,21487.52,21487.52,,GEO
,731100,,2023,104518.706,31539.3,26553.1,,GEO
,731811,,2023,1061.087,18.43,18.43,,GEO
,730650,,2023,1995932.73,1861462.2,1709965.2,,GHA
,730661,,2023,38271525.216,39858754.68,39842193.59,,GHA
,730669,,2023,514566.439,522180.3,522180.3,,GHA
,730690,,2023,9388388.858,9104276.23,8812352.4,,GHA
,730719,,2023,59003.56,4515.52,914.0,,GHA
,730721,,2023,976.173,18.56,9.0,,GHA
,730722,,2023,3453.929,349.43,31.0,,GHA
,730729,,2023,15816.81,,12970.0,,GHA
,730791,,2023,166899.25,36571.077,928.0,,GHA
,730792,,2023,9581.195,4502.43,595.0,,GHA
,730793,,2023,48600.888,21300.0,4104.0,,GHA
,730799,,2023,969287.009,702482.496,701471.012,,GHA
,7308,,2023,6157394.698,2997759.91,0.0,,GHA
,7309,,2023,241938.333,80402.79,0.0,,GHA
,7310,,2023,115479.879,84261.15,0.0,,GHA
,731100,,2023,104714.368,27580.67,1863.0,,GHA
,731811,,2023,1092.38,464.14,36.0,,GHA
,730640,,2023,776728.0,138088.0,138088.0,,GTM
,730650,,2023,1918345.0,1276226.0,1276226.0,,GTM
,730661,,2023,82870085.0,71294040.0,71294040.0,,GTM
,730669,,2023,5059.0,2175.0,2175.0,,GTM
,730690,,2023,156598.0,104282.0,104282.0,,GTM
,730711,,2023,91302.0,35667.0,35667.0,,GTM
,730719,,2023,1740.0,445.0,445.0,,GTM
,730721,,2023,28415.0,7579.0,7579.0,,GTM
,730722,,2023,46993.0,5298.0,5298.0,,GTM
,730723,,2023,36855.0,12656.0,12656.0,,GTM
,730729,,2023,71035.0,4951.0,4951.0,,GTM
,730791,,2023,108483.0,44832.0,44832.0,,GTM
,730792,,2023,38973.0,8033.0,8033.0,,GTM
,730793,,2023,74193.0,32489.0,32489.0,,GTM
,730799,,2023,112594.0,15941.0,15941.0,,GTM
,7308,,2023,54279211.0,22850925.0,22850925.0,,GTM
,7309,,2023,1378293.0,368612.0,368612.0,,GTM
,7310,,2023,21077461.0,5513980.0,5513980.0,,GTM
,731100,,2023,8848138.0,3351858.0,3351858.0,,GTM
,730640,,2023,2818.55,2223.78,2223.78,,HND
,730650,,2023,41387.15,37574.56,37574.56,,HND
,730661,,2023,47681807.06,45146204.08,45146204.08,,HND
,730690,,2023,3113475.68,2685269.14,2685269.14,,HND
,730719,,2023,429.38,25.12,25.12,,HND
,730722,,2023,452.09,111.93,111.93,,HND
,730723,,2023,285.49,23.11,23.11,,HND
,730729,,2023,24411.29,8296.72,8296.72,,HND
,730791,,2023,600.2,325.11,325.11,,HND
,730792,,2023,7900.36,2041.79,2041.79,,HND
,730799,,2023,73719.53,61674.23,61674.23,,HND
,7308,,2023,22881072.46,19185497.77,19185497.77,,HND
,7309,,2023,304551.63,227877.0,227877.0,,HND
,7310,,2023,129991.0,49892.86,49892.86,,HND
,731100,,2023,15290.79,43205.59,43205.59,,HND
,730640,,2023,2460022.848,405225.0,405225.0,,HKG
,730650,,2023,84832.99,48784.0,48784.0,,HKG
,730661,,2023,4559203.015,3651453.0,3651453.0,,HKG
,730669,,2023,136852.102,56994.0,56994.0,,HKG
,730690,,2023,91268.708,80239.0,80239.0,,HKG
,730711,,2023,68793.567,14347.0,14347.0,,HKG
,730719,,2023,1844172.487,195624.0,195624.0,,HKG
,730721,,2023,621751.441,6022.0,6022.0,,HKG
,730722,,2023,984274.926,14838.0,14838.0,,HKG
,730723,,2023,238430.682,16380.0,16380.0,,HKG
,730729,,2023,15450975.598,223055.0,223055.0,,HKG
,730791,,2023,300387.104,51342.0,51342.0,,HKG
,730792,,2023,1095255.921,115878.0,115878.0,,HKG
,730793,,2023,26874.481,19450.0,19450.0,,HKG
,730799,,2023,7415433.131,577411.0,577411.0,,HKG
,7308,,2023,26947984.056,27401385.0,27401385.0,,HKG
,7309,,2023,961057.344,268565.0,268565.0,,HKG
,7310,,2023,13778691.43,3768746.0,3768746.0,,HKG
,731100,,2023,2223828.173,9551417.0,9551417.0,,HKG
,731811,,2023,8857618.86,653326.0,653326.0,,HKG
,730640,,2023,2899570.887,740976.686,740976.686,,IDN
,730650,,2023,1978695.34,819421.14,819421.14,,IDN
,730661,,2023,1290941.581,558939.917,558939.917,,IDN
,730669,,2023,2004.4,1882.25,1882.25,,IDN
,730690,,2023,6291720.68,863103.102,863103.102,,IDN
,730711,,2023,898136.926,131903.065,131903.065,,IDN
,730719,,2023,33437412.657,13608490.881,13608490.881,,IDN
,730721,,2023,3781770.612,925354.849,925354.849,,IDN
,730722,,2023,1956116.81,213106.271,213106.271,,IDN
,730723,,2023,1251299.926,80546.706,80546.706,,IDN
,730729,,2023,1012587.17,325817.05,325817.05,,IDN
,730791,,2023,6349314.141,1040954.855,1040954.855,,IDN
,730792,,2023,11092829.772,5713948.591,5713948.591,,IDN
,730793,,2023,5555874.028,543007.705,543007.705,,IDN
,730799,,2023,55464592.466,7273855.215,7273855.215,,IDN
,7308,,2023,125113448.467,67397759.596,67397759.596,,IDN
,7309,,2023,19728145.867,2815936.176,2815936.176,,IDN
,7310,,2023,8854269.449,10458336.278,10458336.278,,IDN
,731100,,2023,1495126.425,1619174.01,1619174.01,,IDN
,731811,,2023,2580.003,1693.568,1693.568,,IDN
,730640,,2023,1409000.0,214223.184,214223.184,,ISR
,730650,,2023,10000.0,3597.024,3597.024,,ISR
,730661,,2023,6000.0,5240.829,5240.829,,ISR
,730669,,2023,1000.0,452.195,452.195,,ISR
,730690,,2023,552000.0,190434.385,190434.385,,ISR
,730711,,2023,1487000.0,224813.693,224813.693,,ISR
,730719,,2023,11677000.0,1661133.663,1661133.663,,ISR
,730721,,2023,4263000.0,256006.105,256006.105,,ISR
,730722,,2023,14116000.0,,0.0,,ISR
,730723,,2023,15000.0,660.555,660.555,,ISR
,730729,,2023,57804000.0,1246851.569,1246851.569,,ISR
,730791,,2023,634000.0,103747.654,103747.654,,ISR
,730792,,2023,54600000.0,4036207.119,4036207.119,,ISR
,730793,,2023,27000.0,4366.347,4366.347,,ISR
,730799,,2023,15750000.0,1032291.157,1032291.157,,ISR
,7308,,2023,10069000.0,2524713.014,2524713.014,,ISR
,7309,,2023,2077000.0,318207.925,318207.925,,ISR
,7310,,2023,6787000.0,1378710.389,1378710.389,,ISR
,731100,,2023,2501000.0,565156.318,565156.318,,ISR
,731811,,2023,1301000.0,461837.398,461837.398,,ISR
,730640,,2023,1317.119,1189.0,1189.0,,CIV
,730661,,2023,2897558.283,2846061.0,2846061.0,,CIV
,730690,,2023,138867.963,141678.0,141678.0,,CIV
,730711,,2023,208570.57,13546.0,13546.0,,CIV
,730719,,2023,13775.589,12899.0,12899.0,,CIV
,730721,,2023,2732.406,528.0,528.0,,CIV
,730722,,2023,5627.337,789.0,789.0,,CIV
,730729,,2023,5558.979,595.0,595.0,,CIV
,730791,,2023,299971.775,17386.0,17386.0,,CIV
,730792,,2023,2345.244,528.0,528.0,,CIV
,730793,,2023,11761.011,1283.0,1283.0,,CIV
,730799,,2023,4279208.0,1130554.0,1130554.0,,CIV
,7308,,2023,2511719.713,1587731.0,1587731.0,,CIV
,7309,,2023,2556539.778,834972.0,834972.0,,CIV
,7310,,2023,5599914.295,1896176.0,1896176.0,,CIV
,731100,,2023,6481394.973,2146852.0,2146852.0,,CIV
,731811,,2023,5243.024,544.0,544.0,,CIV
,730640,,2023,1365.87,121.45,121.45,,JAM
,730719,,2023,7328.91,1790.0,1790.0,,JAM
,730729,,2023,15799.72,3756.1,3756.1,,JAM
,730791,,2023,9249.11,1496.0,1496.0,,JAM
,730792,,2023,5455.49,130.0,130.0,,JAM
,730799,,2023,123314.67,144585.22,144585.22,,JAM
,7308,,2023,59196.66,14975.46,14975.46,,JAM
,7309,,2023,4526.72,66301.1,66301.1,,JAM
,7310,,2023,1641032.75,1033340.0,1033340.0,,JAM
,730640,,2023,41751839.85,2980794.927,2980794.927,,JPN
,730650,,2023,43161258.386,,0.0,,JPN
,730661,,2023,38594953.302,33642668.0,33642668.0,,JPN
,730669,,2023,1191184.336,,0.0,,JPN
,730690,,2023,11480556.774,1546488.0,1546488.0,,JPN
,730711,,2023,3187365.31,242204.421,242204.421,,JPN
,730719,,2023,13274461.834,670859.0,670859.0,,JPN
,730721,,2023,13831371.884,557025.707,557025.707,,JPN
,730722,,2023,8896040.31,238699.0,238699.0,,JPN
,730723,,2023,24248545.857,285153.0,285153.0,,JPN
,730729,,2023,96421279.502,1101006.969,1101006.969,,JPN
,730791,,2023,38854029.898,2797431.0,2797431.0,,JPN
,730792,,2023,19685073.688,794131.584,794131.584,,JPN
,730793,,2023,22076204.47,4250439.0,4250439.0,,JPN
,730799,,2023,149957211.001,10987257.0,10987257.0,,JPN
,7308,,2023,121438962.118,37071167.0,37071167.0,,JPN
,7309,,2023,30724677.796,1623844.0,1623844.0,,JPN
,7310,,2023,39872242.632,5371415.0,5371415.0,,JPN
,731100,,2023,13861387.984,4393223.0,4393223.0,,JPN
,731811,,2023,172480.468,17280.0,17280.0,,JPN
,730640,,2023,676862.47,12093.42,12093.42,,KAZ
,730650,,2023,39019.98,4170.83,4170.83,,KAZ
,730661,,2023,632417.06,888206.6,888206.6,,KAZ
,730669,,2023,3556.51,108.02,108.02,,KAZ
,730690,,2023,751802.01,493541.33,493541.33,,KAZ
,730711,,2023,37604.08,2091.26,2091.26,,KAZ
,730719,,2023,774610.18,54583.71,54583.71,,KAZ
,730721,,2023,273378.51,5413.17,5413.17,,KAZ
,730722,,2023,967165.36,10241.8,10241.8,,KAZ
,730723,,2023,429912.76,80741.92,80741.92,,KAZ
,730729,,2023,2152276.23,56764.32,56764.32,,KAZ
,730791,,2023,626466.18,44943.88,44943.88,,KAZ
,730792,,2023,122342.47,4917.14,4917.14,,KAZ
,730793,,2023,405019.56,97360.1,97360.1,,KAZ
,730799,,2023,3809947.77,194735.55,194735.55,,KAZ
,7308,,2023,37833877.81,17598219.46,17598219.46,,KAZ
,7309,,2023,1381866.79,414772.5,414772.5,,KAZ
,7310,,2023,2241098.33,412922.23,412922.23,,KAZ
,731100,,2023,1802472.65,272279.57,272279.57,,KAZ
,731811,,2023,31151.77,1274.69,1274.69,,KAZ
,730640,,2023,260468.38,36734.683,36734.683,,JOR
,730650,,2023,1174730.912,406864.593,406864.593,,JOR
,730661,,2023,44806.803,36613.685,36613.685,,JOR
,730669,,2023,5082.958,2322.894,2322.894,,JOR
,730690,,2023,30401427.275,9821985.677,9821985.677,,JOR
,730719,,2023,47285.718,6037.411,6037.411,,JOR
,730723,,2023,21642.901,843.482,843.482,,JOR
,730729,,2023,9078.803,,0.0,,JOR
,730791,,2023,2234.366,343.722,343.722,,JOR
,730793,,2023,137916.577,19266.631,19266.631,,JOR
,730799,,2023,179068.422,10935.572,10935.572,,JOR
,7308,,2023,31837488.299,8846092.599,8846092.599,,JOR
,7309,,2023,1023721.476,153499.018,153499.018,,JOR
,7310,,2023,24512703.349,5136134.794,5136134.794,,JOR
,731100,,2023,357052.576,73387.598,73387.598,,JOR
,730640,,2023,20265.47,27401.5,27401.0,,KEN
,730650,,2023,614015.993,658252.2,658252.1,,KEN
,730661,,2023,11600123.505,12864175.34,12864177.84,,KEN
,730669,,2023,87474.622,60873.9,60873.9,,KEN
,730690,,2023,7893180.328,8346988.3,8346988.6,,KEN
,730711,,2023,10094.537,1439.5,1439.5,,KEN
,730719,,2023,63644.466,23987.9,23987.9,,KEN
,730721,,2023,101208.087,10761.38,10761.38,,KEN
,730722,,2023,13560.79,2979.1,2979.5,,KEN
,730723,,2023,1555.815,378.0,378.0,,KEN
,730729,,2023,77772.806,12365.5,12365.5,,KEN
,730791,,2023,16990.796,4800.5,4800.5,,KEN
,730792,,2023,26890.901,8334.0,8334.0,,KEN
,730793,,2023,5077.828,1469.0,1469.0,,KEN
,730799,,2023,623646.022,79848.07,79848.07,,KEN
,7308,,2023,10174670.371,5594465.08,5594464.94,,KEN
,7309,,2023,4726624.518,1607366.97,1607366.87,,KEN
,7310,,2023,2977317.664,,0.0,,KEN
,731100,,2023,8817174.151,4559603.6,4559603.6,,KEN
,731811,,2023,2866.522,,0.0,,KEN
,730640,,2023,199562099.0,33408603.612,33408603.612,,KOR
,730650,,2023,46718443.0,21488575.632,21488575.632,,KOR
,730661,,2023,76424027.0,82317140.661,82317140.661,,KOR
,730669,,2023,1520703.0,467173.379,467173.379,,KOR
,730690,,2023,14692993.0,4284150.296,4284150.296,,KOR
,730711,,2023,2513766.0,209708.395,209708.395,,KOR
,730719,,2023,25212073.0,,0.0,,KOR
,730721,,2023,63243893.0,5757781.692,5757781.692,,KOR
,730722,,2023,38217902.0,1340633.129,1340633.129,,KOR
,730723,,2023,182617054.0,9458892.09,9458892.09,,KOR
,730729,,2023,185130606.0,4228385.037,4228385.037,,KOR
,730791,,2023,126221396.0,24303443.244,24303443.244,,KOR
,730792,,2023,71669776.0,13535297.956,13535297.956,,KOR
,730793,,2023,223606115.0,44913759.1,44913759.1,,KOR
,730799,,2023,205156758.0,23043686.381,23043686.381,,KOR
,7308,,2023,2077128428.0,566189908.581,566189908.581,,KOR
,7309,,2023,326032743.0,47389785.192,47389785.192,,KOR
,7310,,2023,184195983.0,23795012.761,23795012.761,,KOR
,731100,,2023,232251453.0,45445437.176,45445437.176,,KOR
,731811,,2023,809966.0,81162.351,81162.351,,KOR
,730640,,2023,64537.37,48110.0,48110.0,,KWT
,730650,,2023,983.117,550.0,550.0,,KWT
,730661,,2023,467136.619,558147.3,558147.3,,KWT
,730669,,2023,253.918,179.0,179.0,,KWT
,730690,,2023,341535.341,1572505.0,1572505.0,,KWT
,730711,,2023,2278.747,300.0,300.0,,KWT
,730719,,2023,64374.602,21320.339,21320.339,,KWT
,730721,,2023,531436.348,763512.91,763512.91,,KWT
,730722,,2023,65924.15,65342.69,65342.69,,KWT
,730723,,2023,1367.248,3000.0,3000.0,,KWT
,730729,,2023,109617.496,261995.84,261995.84,,KWT
,730791,,2023,229128.008,392301.42,392301.42,,KWT
,730792,,2023,35926.074,17050.7,17050.7,,KWT
,730793,,2023,19440.967,7268.75,7268.75,,KWT
,730799,,2023,210246.962,99442.76,99442.76,,KWT
,7308,,2023,33733798.684,52866475.35,52866475.35,,KWT
,7309,,2023,4791527.773,655520.6,655520.6,,KWT
,7310,,2023,198420.265,335673.4,335673.4,,KWT
,731100,,2023,2316964.816,1411805.22,1411805.22,,KWT
,730640,,2023,531.0,64.0,64.0,,KGZ
,730661,,2023,193898.0,254876.0,254876.0,,KGZ
,730690,,2023,145.0,5.0,5.0,,KGZ
,730722,,2023,274.0,4.0,4.0,,KGZ
,730729,,2023,1553898.0,3711.554,3711.554,,KGZ
,730791,,2023,56.0,1.0,1.0,,KGZ
,730792,,2023,286.0,3.0,3.0,,KGZ
,730793,,2023,142.0,8.0,8.0,,KGZ
,730799,,2023,113691.0,11983.0,11983.0,,KGZ
,7308,,2023,323639.0,149324.0,149324.0,,KGZ
,7309,,2023,5245.0,2328.0,2328.0,,KGZ
,7310,,2023,115307.0,33799.0,33799.0,,KGZ
,731100,,2023,271627.0,606266.0,606266.0,,KGZ
,730661,,2023,22658805.22,36811490.0,36918810.0,,LAO
,730719,,2023,391.0,150.0,150.0,,LAO
,730791,,2023,2200.0,500.0,500.0,,LAO
,730799,,2023,91.92,5.2,5.2,,LAO
,7308,,2023,337216.78,273822.9,273822.9,,LAO
,7309,,2023,17219.16,10300.0,10300.0,,LAO
,7310,,2023,91078.37,26253.7,26253.7,,LAO
,731100,,2023,237363.75,680697.0,675877.0,,LAO
,730640,,2023,27308.0,3851.334,3851.334,,LBN
,730650,,2023,488058.0,169037.451,169037.451,,LBN
,730661,,2023,76007.0,62108.792,62108.792,,LBN
,730669,,2023,22062.0,10082.259,10082.259,,LBN
,730690,,2023,874369.0,282488.046,282488.046,,LBN
,730711,,2023,16376.0,2200.696,2200.696,,LBN
,730719,,2023,178757.0,22823.583,22823.583,,LBN
,730721,,2023,36706.0,2102.324,2102.324,,LBN
,730722,,2023,80740.0,925.802,925.802,,LBN
,730723,,2023,10810.0,421.295,421.295,,LBN
,730729,,2023,93878.0,,0.0,,LBN
,730791,,2023,4224.0,649.796,649.796,,LBN
,730792,,2023,108052.0,7322.249,7322.249,,LBN
,730793,,2023,41048.0,5734.312,5734.312,,LBN
,730799,,2023,797006.0,48672.551,48672.551,,LBN
,7308,,2023,29878768.0,8759931.092,8759931.092,,LBN
,7309,,2023,1624226.0,243539.968,243539.968,,LBN
,7310,,2023,2393138.0,506283.613,506283.613,,LBN
,731100,,2023,10654032.0,2189800.252,2189800.252,,LBN
,731811,,2023,1564.0,558.942,558.942,,LBN
,730661,,2023,3519.513,1148.0,1148.0,,MDG
,730690,,2023,12485.45,4017.0,4017.0,,MDG
,730721,,2023,108.185,0.39,0.39,,MDG
,730722,,2023,133.686,0.62,0.62,,MDG
,730729,,2023,1350.427,175.9,175.9,,MDG
,730791,,2023,66.815,1.32,1.32,,MDG
,730792,,2023,915.479,10.0,10.0,,MDG
,730793,,2023,697.124,17.24,15.24,,MDG
,730799,,2023,340.079,3.2,3.2,,MDG
,7308,,2023,331412.685,255891.93,255841.93,,MDG
,7310,,2023,584013.538,142977.49,530181.08,,MDG
,731100,,2023,521865.894,621336.88,505876.3,,MDG
,731811,,2023,538.426,1.94,1.94,,MDG
,730640,,2023,17982261.046,6110399.42,6110399.42,,MYS
,730650,,2023,293601.077,222704.3,222704.3,,MYS
,730661,,2023,45258409.895,59507591.8,59507591.8,,MYS
,730669,,2023,525400.08,,0.0,,MYS
,730690,,2023,35159313.127,26292959.27,26292959.27,,MYS
,730711,,2023,16640413.626,7996064.16,7996064.16,,MYS
,730719,,2023,21148081.18,20452320.56,20452320.56,,MYS
,730721,,2023,4498810.212,1122741.51,1122741.51,,MYS
,730722,,2023,4152343.996,1204516.85,1204516.85,,MYS
,730723,,2023,42547524.038,6779240.99,6779240.99,,MYS
,730729,,2023,1429332.605,,0.0,,MYS
,730791,,2023,6419683.053,1979586.44,1979586.44,,MYS
,730792,,2023,1305000.485,479741.14,479741.14,,MYS
,730793,,2023,42689026.398,20037691.96,20037691.96,,MYS
,730799,,2023,19529856.863,4542243.62,4542243.62,,MYS
,7308,,2023,471772116.377,257976992.34,257976992.34,,MYS
,7309,,2023,26065264.88,12254531.13,12254531.13,,MYS
,7310,,2023,76300950.477,37888689.11,37888689.11,,MYS
,731100,,2023,44733119.011,24825851.53,24825851.53,,MYS
,731811,,2023,2238273.295,,0.0,,MYS
,730650,,2023,9690.52,8171.0,8171.0,,MLI
,730690,,2023,1360.489,200.0,200.0,,MLI
,730721,,2023,7823.283,35.0,35.0,,MLI
,730791,,2023,648.715,2.0,2.0,,MLI
,730792,,2023,7062.927,161.0,161.0,,MLI
,730799,,2023,4614.18,374.0,374.0,,MLI
,7308,,2023,2290729.412,639772.0,639772.0,,MLI
,7309,,2023,57679.981,41623.0,41623.0,,MLI
,7310,,2023,400492.486,156625.0,156625.0,,MLI
,731100,,2023,6579.842,19270.0,19270.0,,MLI
,730711,,2023,16120.41,4084.0,4084.0,,MRT
,730729,,2023,8288.411,6.0,6.0,,MRT
,730793,,2023,152420.611,33441.4,33441.4,,MRT
,730799,,2023,253205.048,12745.0,12745.0,,MRT
,7308,,2023,4409669.226,603607.1,603607.1,,MRT
,731100,,2023,4258492.059,3786.72,3786.72,,MRT
,730640,,2023,303.752,75.0,75.0,,MUS
,730650,,2023,22245.822,12183.0,12183.0,,MUS
,730661,,2023,24451.567,25645.0,27281.0,,MUS
,730690,,2023,808.797,354.0,354.0,,MUS
,730711,,2023,274.79,51.0,51.0,,MUS
,730719,,2023,3068.069,541.0,603.0,,MUS
,730721,,2023,12112.865,3112.0,3302.0,,MUS
,730722,,2023,3660.705,52.0,52.0,,MUS
,730723,,2023,303.774,125.0,125.0,,MUS
,730729,,2023,8754.366,951.0,951.0,,MUS
,730791,,2023,1083.079,198.0,198.0,,MUS
,730792,,2023,704.748,26.0,49.0,,MUS
,730799,,2023,104017.581,9857.0,12427.0,,MUS
,7308,,2023,2027961.878,391289.0,1113089.0,,MUS
,7309,,2023,63886.044,28273.0,30712.0,,MUS
,7310,,2023,53212.409,7356.0,7267.0,,MUS
,731100,,2023,153033.004,134247.0,260958.0,,MUS
,731811,,2023,488.941,14.0,63.0,,MUS
,730640,,2023,21537373.0,1610425.0,1610425.0,,MEX
,730650,,2023,1912112.0,376311.0,376311.0,,MEX
,730661,,2023,281999156.0,200351911.0,200351911.0,,MEX
,730669,,2023,1948955.0,1064727.0,1064727.0,,MEX
,730690,,2023,4226127.0,835510.0,835510.0,,MEX
,730711,,2023,1045052.0,198116.0,198116.0,,MEX
,730719,,2023,36026654.0,4704447.701,4704447.701,,MEX
,730721,,2023,7972496.0,465948.0,465948.0,,MEX
,730722,,2023,19684174.0,665673.314,665673.314,,MEX
,730723,,2023,2316154.0,230367.25,230367.25,,MEX
,730729,,2023,34588532.0,1456146.881,1456146.881,,MEX
,730791,,2023,5034269.0,759466.0,759466.0,,MEX
,730792,,2023,127974392.0,17030026.0,17030026.0,,MEX
,730793,,2023,11087465.0,3878427.0,3878427.0,,MEX
,730799,,2023,64757869.0,10509864.0,10509864.0,,MEX
,7308,,2023,2022532124.0,0.0,0.0,,MEX
,7309,,2023,119714413.0,47118528.0,47118528.0,,MEX
,7310,,2023,165860957.0,0.0,0.0,,MEX
,731100,,2023,133581881.0,37286928.0,37286928.0,,MEX
,731811,,2023,90418.0,24045.0,24045.0,,MEX
,730690,,2023,4025.027,749.935,749.935,,MNG
,730721,,2023,869.122,143.99,143.99,,MNG
,730722,,2023,346.0,4.0,4.0,,MNG
,730729,,2023,4378.04,7.361,7.361,,MNG
,730791,,2023,14888.831,86.207,86.207,,MNG
,730792,,2023,131315.685,8995.323,8995.323,,MNG
,730799,,2023,172484.349,2755.521,2755.521,,MNG
,7308,,2023,2567.771,249.0,249.0,,MNG
,7309,,2023,36936.062,18510.0,18510.0,,MNG
,7310,,2023,1277.234,224.3,224.3,,MNG
,731100,,2023,18252.5,197.5,197.5,,MNG
,730640,,2023,3821.0,576.0,576.0,,MDA
,730650,,2023,4891.0,280.0,280.0,,MDA
,730661,,2023,9537883.0,11061361.0,11061361.0,,MDA
,730690,,2023,74872.0,13827.234,13827.234,,MDA
,730711,,2023,1443.0,13.0,13.0,,MDA
,730719,,2023,1222.0,119.0,119.0,,MDA
,730721,,2023,966.0,111.0,111.0,,MDA
,730722,,2023,1066.0,32.0,32.0,,MDA
,730729,,2023,18196.0,851.451,851.451,,MDA
,730791,,2023,13196.0,277.223,277.223,,MDA
,730792,,2023,2927.0,51.721,51.721,,MDA
,730793,,2023,191.0,5.0,5.0,,MDA
,730799,,2023,52682.0,2449.648,2449.648,,MDA
,7308,,2023,4600888.0,1051278.0,1051278.0,,MDA
,7309,,2023,4968378.0,706833.0,706833.0,,MDA
,7310,,2023,857702.0,119048.0,119048.0,,MDA
,731100,,2023,86249.0,52214.0,52214.0,,MDA
,730640,,2023,90694.352,34627.31,34627.31,,MNE
,730661,,2023,6664.795,7443.0,7443.0,,MNE
,730690,,2023,87755.116,584910.0,584910.0,,MNE
,730711,,2023,1081.421,2.3,2.3,,MNE
,730719,,2023,3397.64,730.0,730.0,,MNE
,730721,,2023,736.512,142.4,142.4,,MNE
,730729,,2023,30135.871,5487.76,5487.76,,MNE
,730792,,2023,4.499,2.0,2.0,,MNE
,730799,,2023,223134.922,6394.64,6394.64,,MNE
,7308,,2023,1646616.17,2202590.1,2202590.1,,MNE
,7309,,2023,581500.555,236177.0,236177.0,,MNE
,7310,,2023,4228717.704,579161.1,579161.1,,MNE
,731100,,2023,453498.351,474337.3,474337.3,,MNE
,730640,,2023,8038.661,885.72,885.72,,MAR
,730650,,2023,85325.197,5666.0,5666.0,,MAR
,730661,,2023,374693.847,228566.58,228566.58,,MAR
,730669,,2023,11519.799,1024.91,1024.91,,MAR
,730690,,2023,1190797.456,266096.312,266096.312,,MAR
,730711,,2023,22707.137,1864.26,1864.26,,MAR
,730719,,2023,79762.21,22182.89,22182.89,,MAR
,730721,,2023,31056.62,3294.65,3294.65,,MAR
,730722,,2023,55332.976,5722.17,5722.17,,MAR
,730723,,2023,22457.493,840.44,840.44,,MAR
,730729,,2023,735023.942,8004.51,8004.51,,MAR
,730791,,2023,40062.106,9318.12,9318.12,,MAR
,730792,,2023,50387.244,3074.27,3074.27,,MAR
,730793,,2023,16645.039,2639.5,2639.5,,MAR
,730799,,2023,319926.737,41628.85,41628.85,,MAR
,7308,,2023,70398750.179,25068300.05,25068300.05,,MAR
,7309,,2023,2495891.227,983188.7,983188.7,,MAR
,7310,,2023,4538524.572,550529.05,550529.05,,MAR
,731100,,2023,5462676.834,2372830.49,2372830.49,,MAR
,731811,,2023,17681.32,498.8,498.8,,MAR
,730640,,2023,60000.0,61216.0,61216.0,,MOZ
,730650,,2023,2878000.0,2611950.0,2611950.0,,MOZ
,730661,,2023,5902000.0,5571431.0,0.0,,MOZ
,730690,,2023,31000.0,30015.0,30015.0,,MOZ
,730711,,2023,1000.0,50.0,8.0,,MOZ
,730719,,2023,1000.0,80.0,6.0,,MOZ
,730722,,2023,6000.0,39.0,24.0,,MOZ
,730729,,2023,6000.0,220.0,1.0,,MOZ
,730791,,2023,12000.0,801.0,418.0,,MOZ
,730792,,2023,1000.0,116.0,2.0,,MOZ
,730799,,2023,49000.0,9582.0,5333.0,,MOZ
,7308,,2023,1034000.0,879498.0,673758.0,,MOZ
,7310,,2023,2000.0,13104.0,1102.0,,MOZ
,731100,,2023,14000.0,97841.0,90057.0,,MOZ
,731811,,2023,99000.0,7000.0,7000.0,,MOZ
,730640,,2023,70429.129,9932.844,9932.844,,OMN
,730650,,2023,4908010.395,1699874.95,1699874.95,,OMN
,730661,,2023,17700647.567,14464007.713,14464007.713,,OMN
,730669,,2023,4223.667,1930.201,1930.201,,OMN
,730690,,2023,582936.28,188332.993,188332.993,,OMN
,730711,,2023,23797.139,3197.989,3197.989,,OMN
,730719,,2023,503942.782,64343.101,64343.101,,OMN
,730721,,2023,409167.75,23434.946,23434.946,,OMN
,730722,,2023,453053.315,5194.92,5194.92,,OMN
,730723,,2023,20364.109,793.644,793.644,,OMN
,730729,,2023,8515921.963,,0.0,,OMN
,730791,,2023,823323.796,126655.35,126655.35,,OMN
,730792,,2023,87950.585,5960.057,5960.057,,OMN
,730793,,2023,235412.223,32886.551,32886.551,,OMN
,730799,,2023,2666702.206,162853.477,162853.477,,OMN
,7308,,2023,40194605.919,12512020.946,12512020.946,,OMN
,7309,,2023,26490020.765,3971971.145,3971971.145,,OMN
,7310,,2023,6231622.877,1267233.957,1267233.957,,OMN
,731100,,2023,10932132.623,2246960.285,2246960.285,,OMN
,731811,,2023,967.49,345.761,345.761,,OMN
,730640,,2023,10212.675,3923.62,3923.62,,NAM
,730650,,2023,184.947,600.0,600.0,,NAM
,730661,,2023,1565.731,818.0,818.0,,NAM
,730690,,2023,46354.453,7941.0,7941.0,,NAM
,730711,,2023,1685.505,1342.3,1342.3,,NAM
,730719,,2023,3280.938,1035.72,1035.72,,NAM
,730721,,2023,48866.847,3661.91,3661.91,,NAM
,730722,,2023,24660.806,7692.363,7692.363,,NAM
,730723,,2023,793.657,57.16,57.16,,NAM
,730729,,2023,18637.522,1548.21,1548.21,,NAM
,730791,,2023,23278.819,12308.62,12308.62,,NAM
,730792,,2023,27110.907,5871.23,5871.23,,NAM
,730793,,2023,6671.901,2246.01,2246.01,,NAM
,730799,,2023,90690.356,19674.98,19674.98,,NAM
,7308,,2023,2434919.44,1173984.62,1173984.62,,NAM
,7309,,2023,2036818.758,189939.0,189939.0,,NAM
,7310,,2023,77180.443,70394.25,70394.25,,NAM
,731100,,2023,394797.205,690327.8,690327.8,,NAM
,731811,,2023,4758.658,2450.33,2450.33,,NAM
,730640,,2023,490156.38,34426.113,34426.113,,NZL
,730650,,2023,3667066.859,1622541.0,1622541.0,,NZL
,730661,,2023,218817.674,96943.0,96943.0,,NZL
,730669,,2023,139244.875,1251.0,1251.0,,NZL
,730690,,2023,637614.057,215906.0,215906.0,,NZL
,730711,,2023,110972.303,17355.0,17355.0,,NZL
,730719,,2023,186625.998,37010.0,37010.0,,NZL
,730721,,2023,225541.314,12919.367,12919.367,,NZL
,730722,,2023,94837.163,6413.0,6413.0,,NZL
,730723,,2023,1785855.703,80712.0,80712.0,,NZL
,730729,,2023,4500855.354,184845.083,184845.083,,NZL
,730791,,2023,542645.479,53719.049,53719.049,,NZL
,730792,,2023,431607.469,13433.0,13433.0,,NZL
,730793,,2023,18735.185,2073.0,2073.0,,NZL
,730799,,2023,1119723.439,77487.174,77487.174,,NZL
,7308,,2023,45145453.219,12128554.052,12128554.052,,NZL
,7309,,2023,4666295.345,222790.0,222790.0,,NZL
,7310,,2023,7379173.325,1090502.324,1090502.324,,NZL
,731100,,2023,3365304.433,1450178.0,1450178.0,,NZL
,731811,,2023,226275.763,24767.464,24767.464,,NZL
,730661,,2023,9558999.28,10094660.3,10094660.3,,NIC
,730669,,2023,10660.0,9840.0,9840.0,,NIC
,730721,,2023,9612.05,3087.6,3087.6,,NIC
,730722,,2023,7182.92,2958.93,2958.93,,NIC
,730729,,2023,6376.5,990.56,990.56,,NIC
,730792,,2023,8667.92,267.34,267.34,,NIC
,730793,,2023,115.0,37.68,37.68,,NIC
,730799,,2023,21827.34,1110.37,1110.37,,NIC
,7308,,2023,1082552.14,394119.91,394119.91,,NIC
,7309,,2023,61000.4,17393.87,17393.87,,NIC
,7310,,2023,15280.9,21878.5,21878.5,,NIC
,731100,,2023,796205.81,399628.39,399628.39,,NIC
,7308,,2023,70347.334,11000.0,11000.0,,NER
,7309,,2023,232956.023,31166.0,31166.0,,NER
,731100,,2023,128.821,148.0,148.0,,NER
,730661,,2023,2201691.588,1922210.0,1922210.0,,NGA
,730669,,2023,271551.939,299180.0,299180.0,,NGA
,730690,,2023,19088.846,20000.0,20000.0,,NGA
,730719,,2023,4447.631,1268.16,1268.16,,NGA
,730729,,2023,411765.2,161041.4,161041.4,,NGA
,730791,,2023,10706.918,3941.37,3941.37,,NGA
,730792,,2023,4.054,1.49,1.49,,NGA
,730799,,2023,12567.28,536.58,536.58,,NGA
,7308,,2023,74912.063,48436.0,48436.0,,NGA
,7309,,2023,231070.297,388354.98,388354.98,,NGA
,7310,,2023,36001.212,9000.0,9000.0,,NGA
,731100,,2023,84712.431,240456.26,240456.26,,NGA
,730640,,2023,178544.11,83000.0,83000.0,,PAK
,730650,,2023,29705.798,36000.0,36000.0,,PAK
,730661,,2023,537751.549,563000.0,563000.0,,PAK
,730690,,2023,17909837.947,19242000.0,19242000.0,,PAK
,730711,,2023,2325.873,14000.0,14000.0,,PAK
,730719,,2023,23191.676,37000.0,37000.0,,PAK
,730721,,2023,12376.431,23000.0,23000.0,,PAK
,730722,,2023,43168.169,49000.0,49000.0,,PAK
,730723,,2023,2257.167,2000.0,2000.0,,PAK
,730729,,2023,87899.216,,0.0,,PAK
,730791,,2023,31226.984,27000.0,27000.0,,PAK
,730792,,2023,11252.85,10000.0,10000.0,,PAK
,730793,,2023,641.833,1000.0,1000.0,,PAK
,730799,,2023,162683.292,78000.0,78000.0,,PAK
,7308,,2023,2790919.123,3532101.235,3532101.235,,PAK
,7309,,2023,150482.277,301180.0,301180.0,,PAK
,7310,,2023,13089988.009,5877454.136,5877454.136,,PAK
,731100,,2023,801962.223,139148.635,139148.635,,PAK
,730690,,2023,4318.0,1075.0,1075.0,,PAN
,7308,,2023,9398321.0,4726981.0,4726981.0,,PAN
,7309,,2023,378285.0,126104.0,126104.0,,PAN
,7310,,2023,119973.0,36207.0,36207.0,,PAN
,731100,,2023,10650.0,3500.0,3500.0,,PAN
,730640,,2023,13.955,1000.0,1000.0,,PNG
,730650,,2023,27.71,11.0,11.0,,PNG
,730690,,2023,1264.91,773000.0,773000.0,,PNG
,730719,,2023,35.005,7.0,7.0,,PNG
,730722,,2023,496.907,,0.0,,PNG
,730729,,2023,4214.038,172.0,172.0,,PNG
,730792,,2023,1302.194,20365.0,20365.0,,PNG
,730793,,2023,22.137,1000.0,1000.0,,PNG
,730799,,2023,13600.939,,0.0,,PNG
,7308,,2023,526075.727,9922179.449,9922179.449,,PNG
,7309,,2023,46360.438,,0.0,,PNG
,7310,,2023,20553.744,4189.348,4189.348,,PNG
,731100,,2023,3439749.008,777287.439,777287.439,,PNG
,730650,,2023,63.78,1.9,1.9,,PRY
,730661,,2023,2481269.57,2391387.3,2391387.3,,PRY
,730690,,2023,41611.25,38241.0,38241.0,,PRY
,730711,,2023,4150.0,2055.0,2055.0,,PRY
,730719,,2023,17126.96,13849.234,13849.234,,PRY
,730721,,2023,22709.6,579.8,579.8,,PRY
,730722,,2023,559.01,8.2,8.2,,PRY
,730791,,2023,884.0,145.47,145.47,,PRY
,730792,,2023,588.23,146.73,146.73,,PRY
,730799,,2023,5054.36,622.73,622.73,,PRY
,7308,,2023,1738372.06,591029.04,591029.04,,PRY
,7309,,2023,2851422.0,987552.0,987552.0,,PRY
,731100,,2023,39345.0,17865.0,17865.0,,PRY
,730640,,2023,148328.92,63030.24,63030.24,,PER
,730650,,2023,464887.59,98416.91,98416.91,,PER
,730661,,2023,8337255.28,7773405.46,7773405.46,,PER
,730690,,2023,1617472.18,245359.88,245359.88,,PER
,730711,,2023,378530.38,25628.03,25628.03,,PER
,730719,,2023,240806.97,50493.62,50493.62,,PER
,730721,,2023,57269.07,14428.48,14428.48,,PER
,730722,,2023,73545.12,19443.77,19443.77,,PER
,730723,,2023,2739.99,2242.82,2242.82,,PER
,730729,,2023,47718.35,3847.64,3847.64,,PER
,730791,,2023,417891.71,92365.67,92365.67,,PER
,730792,,2023,1718827.87,208438.26,208438.26,,PER
,730793,,2023,31099.15,13374.43,13374.43,,PER
,730799,,2023,6295283.66,589465.19,589465.19,,PER
,7308,,2023,22086649.32,,0.0,,PER
,7309,,2023,385689.09,332764.59,332764.59,,PER
,7310,,2023,20060193.65,5195559.83,5195559.83,,PER
,731100,,2023,804972.26,,0.0,,PER
,731811,,2023,79.47,11.76,11.76,,PER
,730640,,2023,469726.0,202962.98,202962.98,,PHL
,730650,,2023,325.0,10.75,10.75,,PHL
,730661,,2023,236738.0,155686.0,155686.0,,PHL
,730690,,2023,491520.0,34794.68,34794.68,,PHL
,730711,,2023,2481.0,146.42,146.42,,PHL
,730719,,2023,74868.0,,0.0,,PHL
,730721,,2023,1679289.0,,0.0,,PHL
,730722,,2023,1724130.0,276778.99,276778.99,,PHL
,730723,,2023,1392613.0,101862.28,101862.28,,PHL
,730729,,2023,588790.0,56700.91,56700.91,,PHL
,730791,,2023,215485.0,47225.72,47225.72,,PHL
,730792,,2023,22661.0,4999.78,4999.78,,PHL
,730793,,2023,78751.0,14661.8,14661.8,,PHL
,730799,,2023,16700676.0,,0.0,,PHL
,7308,,2023,32356700.0,9789703.651,9789703.651,,PHL
,7309,,2023,5130698.0,786051.404,786051.404,,PHL
,7310,,2023,10737147.0,2364440.976,2364440.976,,PHL
,731100,,2023,9670359.0,2185231.701,2185231.701,,PHL
,731811,,2023,5982982.0,2347023.33,2347023.33,,PHL
,7308,,2023,49493340.451,0.0,0.0,,QAT
,7309,,2023,426332.416,63925.207,63925.207,,QAT
,7310,,2023,1531765.295,0.0,0.0,,QAT
,731100,,2023,23855724.822,4903239.66,4903239.66,,QAT
,730640,,2023,660043.983,100352.536,100352.536,,SAU
,730650,,2023,4533882.287,1630848.32,1630848.32,,SAU
,730661,,2023,5210198.536,4550959.876,4550959.876,,SAU
,730690,,2023,3068338.59,1058545.6,1058545.6,,SAU
,730711,,2023,3668222.042,554584.09,554584.09,,SAU
,730719,,2023,4178202.296,594378.049,594378.049,,SAU
,730721,,2023,2155749.546,129459.311,129459.311,,SAU
,730722,,2023,268842.927,,0.0,,SAU
,730723,,2023,622585.584,27416.806,27416.806,,SAU
,730729,,2023,8040554.732,173437.449,173437.449,,SAU
,730791,,2023,7000715.025,1145595.833,1145595.833,,SAU
,730792,,2023,2593737.268,191737.378,191737.378,,SAU
,730793,,2023,9953842.684,1609701.249,1609701.249,,SAU
,730799,,2023,7523721.145,493121.956,493121.956,,SAU
,7308,,2023,84812201.346,24900693.99,24900693.99,,SAU
,7309,,2023,19082833.39,2923595.966,2923595.966,,SAU
,7310,,2023,40935888.31,9782209.41,9782209.41,,SAU
,731100,,2023,4999502.275,1129748.22,1129748.22,,SAU
,730650,,2023,244758.919,167278.0,167278.0,,SEN
,730661,,2023,11682314.403,9046679.0,9046679.0,,SEN
,730669,,2023,1759.821,1542.0,1542.0,,SEN
,730690,,2023,178288.829,158918.0,158918.0,,SEN
,730711,,2023,68624.024,14999.0,14999.0,,SEN
,730719,,2023,3009.842,439.0,439.0,,SEN
,730722,,2023,11720.428,167.0,167.0,,SEN
,730729,,2023,16472.011,3723.0,3723.0,,SEN
,730791,,2023,3925.624,578.0,578.0,,SEN
,730792,,2023,23861.258,896.0,896.0,,SEN
,730799,,2023,126436.408,13097.0,13097.0,,SEN
,7308,,2023,1066329.141,610650.0,610650.0,,SEN
,7309,,2023,1069078.531,454982.0,454982.0,,SEN
,7310,,2023,493090.569,109606.0,109606.0,,SEN
,731100,,2023,30472.075,9293.0,9293.0,,SEN
,730640,,2023,9918513.0,1519778.0,1519778.0,,SRB
,730650,,2023,66467.0,17128.258,17128.258,,SRB
,730661,,2023,47120431.0,45287023.0,45287023.0,,SRB
,730669,,2023,3999620.0,2035033.0,2035033.0,,SRB
,730690,,2023,582848.0,281548.485,281548.485,,SRB
,730711,,2023,265376.0,49744.0,49744.0,,SRB
,730719,,2023,611901.0,102701.891,102701.891,,SRB
,730721,,2023,490706.0,27816.422,27816.422,,SRB
,730722,,2023,162156.0,19395.232,19395.232,,SRB
,730723,,2023,1551841.0,171493.0,171493.0,,SRB
,730729,,2023,3343927.0,176173.611,176173.611,,SRB
,730791,,2023,420549.0,59610.19,59610.19,,SRB
,730792,,2023,548315.0,144363.752,144363.752,,SRB
,730793,,2023,3861118.0,647818.0,647818.0,,SRB
,730799,,2023,14274896.0,1063100.618,1063100.618,,SRB
,7308,,2023,238566012.0,85330155.206,85330155.206,,SRB
,7309,,2023,20555615.0,6800712.0,6800712.0,,SRB
,7310,,2023,6119488.0,1797637.412,1797637.412,,SRB
,731100,,2023,767071.0,139677.0,139677.0,,SRB
,731811,,2023,2419377.0,962471.398,962471.398,,SRB
,730640,,2023,106011241.255,26519898.0,26519898.0,,IND
,730650,,2023,564339.2,221098.0,221098.0,,IND
,730661,,2023,84428906.73,89252274.0,89252274.0,,IND
,730669,,2023,140162.783,44095.868,44095.868,,IND
,730690,,2023,94056716.789,63291706.676,63291706.676,,IND
,730711,,2023,93642818.431,40874993.925,40874993.925,,IND
,730719,,2023,63516122.799,18049674.334,18049674.334,,IND
,730721,,2023,253380648.053,44226059.542,44226059.542,,IND
,730722,,2023,12875514.259,928067.113,928067.113,,IND
,730723,,2023,14079529.212,1008564.0,1008564.0,,IND
,730729,,2023,51376030.97,3063897.494,3063897.494,,IND
,730791,,2023,205749087.275,98646655.393,98646655.393,,IND
,730792,,2023,68169617.326,19617798.633,19617798.633,,IND
,730793,,2023,23287746.914,5901827.0,5901827.0,,IND
,730799,,2023,127564380.312,30021073.611,30021073.611,,IND
,7308,,2023,1735433719.568,488984882.044,488984882.044,,IND
,7309,,2023,61881745.803,17120129.301,17120129.301,,IND
,7310,,2023,94283300.299,44004147.14,44004147.14,,IND
,731100,,2023,170165764.676,45215964.344,45215964.344,,IND
,731811,,2023,11577995.047,2983075.9,2983075.9,,IND
,730640,,2023,16507160.761,2671227.192,2671227.192,,SGP
,730650,,2023,1307135.82,275775.156,275775.156,,SGP
,730661,,2023,8955276.323,8231971.923,8231971.923,,SGP
,730669,,2023,931972.161,355759.44,355759.44,,SGP
,730690,,2023,31017674.223,12094796.458,12094796.458,,SGP
,730711,,2023,2924556.236,316797.384,316797.384,,SGP
,730719,,2023,16994564.587,2333580.362,2333580.362,,SGP
,730721,,2023,19114578.454,2975513.817,2975513.817,,SGP
,730722,,2023,17389358.603,460739.715,460739.715,,SGP
,730723,,2023,12558493.135,791590.0,791590.0,,SGP
,730729,,2023,47503882.235,1743687.206,1743687.206,,SGP
,730791,,2023,32657306.488,4122311.983,4122311.983,,SGP
,730792,,2023,15787146.428,686550.445,686550.445,,SGP
,730793,,2023,31693869.463,2992902.253,2992902.253,,SGP
,730799,,2023,116210841.296,17292874.885,17292874.885,,SGP
,7308,,2023,196503955.644,,0.0,,SGP
,7309,,2023,18537686.883,,0.0,,SGP
,7310,,2023,96320349.196,,0.0,,SGP
,731100,,2023,27778913.872,18439397.151,18439397.151,,SGP
,731811,,2023,3942410.096,480323.29,480323.29,,SGP
,730640,,2023,128423941.988,19525468.941,19525468.941,,VNM
,730650,,2023,31081278.777,11180010.432,11180010.432,,VNM
,730661,,2023,228356362.908,199462772.444,199462772.444,,VNM
,730669,,2023,4395280.112,1987524.569,1987524.569,,VNM
,730690,,2023,8827376.316,3045355.03,3045355.03,,VNM
,730711,,2023,6776507.514,1024513.569,1024513.569,,VNM
,730719,,2023,55941477.345,7958060.39,7958060.39,,VNM
,730721,,2023,30625120.019,1839131.526,1839131.526,,VNM
,730722,,2023,16933661.049,,0.0,,VNM
,730723,,2023,5943287.855,261724.609,261724.609,,VNM
,730729,,2023,42729556.32,921690.789,921690.789,,VNM
,730791,,2023,24911941.199,4076585.883,4076585.883,,VNM
,730792,,2023,10382037.359,767473.5,767473.5,,VNM
,730793,,2023,33989113.976,5496602.765,5496602.765,,VNM
,730799,,2023,47576278.159,3118258.49,3118258.49,,VNM
,7308,,2023,850137052.63,262982428.921,262982428.921,,VNM
,7309,,2023,57293974.353,8777754.796,8777754.796,,VNM
,7310,,2023,15805954.095,3510063.097,3510063.097,,VNM
,731100,,2023,18891067.326,4268854.878,4268854.878,,VNM
,731811,,2023,47254.856,16774.835,16774.835,,VNM
,730640,,2023,5672744.22,2130742.74,2130742.74,,ZAF
,730650,,2023,1123904.042,469009.8,469009.8,,ZAF
,730661,,2023,15287949.596,14596068.95,14596068.95,,ZAF
,730669,,2023,518800.939,309564.13,309564.13,,ZAF
,730690,,2023,28430798.097,16117937.97,16117937.97,,ZAF
,730711,,2023,4576569.892,1301603.67,1301603.67,,ZAF
,730719,,2023,6708927.363,1360395.775,1360395.775,,ZAF
,730721,,2023,10867671.782,1894092.73,1894092.73,,ZAF
,730722,,2023,3211318.584,349220.49,349220.49,,ZAF
,730723,,2023,602996.518,114597.45,114597.45,,ZAF
,730729,,2023,9849123.636,1324113.78,1324113.78,,ZAF
,730791,,2023,10840630.676,2192692.16,2192692.16,,ZAF
,730792,,2023,2621966.33,427050.93,427050.93,,ZAF
,730793,,2023,584919.142,158534.27,158534.27,,ZAF
,730799,,2023,36177200.889,7708793.76,7708793.76,,ZAF
,7308,,2023,312450565.265,116730239.278,116730239.278,,ZAF
,7309,,2023,28175075.14,9045622.81,9045622.81,,ZAF
,7310,,2023,25149557.566,15161366.731,15161366.731,,ZAF
,731100,,2023,8167942.471,2144790.742,2144790.742,,ZAF
,731811,,2023,1229957.814,,0.0,,ZAF
,730661,,2023,4811.85,4029.0,4029.0,,ZWE
,730690,,2023,65284.26,1031.56,1031.56,,ZWE
,730721,,2023,345.36,38.15,38.15,,ZWE
,730729,,2023,6415.96,21.05,21.05,,ZWE
,730791,,2023,8927.82,110.0,110.0,,ZWE
,730799,,2023,194000.38,6147.25,6147.25,,ZWE
,7308,,2023,2163774.74,1343242.15,1343242.15,,ZWE
,7309,,2023,31978.87,4348.76,4348.76,,ZWE
,7310,,2023,49281.86,15799.8,15799.8,,ZWE
,731100,,2023,42861.64,39993.0,39993.0,,ZWE
,730690,,2023,57277.251,12967.4,12967.4,,SUR
,730792,,2023,8754.22,1124.0,1124.0,,SUR
,730799,,2023,98304.183,10954.75,10954.75,,SUR
,7309,,2023,292047.667,229808.87,229808.87,,SUR
,731100,,2023,106372.61,131643.0,131643.0,,SUR
,730669,,2023,3402.76,500.0,500.0,,SWZ
,730690,,2023,1513.89,463.28,463.28,,SWZ
,730711,,2023,1271.54,88.0,88.0,,SWZ
,730719,,2023,1857.94,110.0,110.0,,SWZ
,730721,,2023,956.0,316.0,316.0,,SWZ
,730729,,2023,578.56,270.84,270.84,,SWZ
,730791,,2023,188.39,1.0,1.0,,SWZ
,730799,,2023,12458.72,365.3,365.3,,SWZ
,7308,,2023,1572742.87,1162246.8,1162246.8,,SWZ
,7309,,2023,30914.49,42908.73,42908.73,,SWZ
,7310,,2023,57597.41,100382.8,100382.8,,SWZ
,731100,,2023,173571.73,398062.4,398062.4,,SWZ
,731811,,2023,63.79,714.0,714.0,,SWZ
,730661,,2023,68167.0,77541.0,77541.0,,TJK
,730791,,2023,52.0,8.509,8.509,,TJK
,730799,,2023,727.0,42.0,42.0,,TJK
,7308,,2023,26443.0,37703.0,37703.0,,TJK
,7310,,2023,1500.0,3600.0,3600.0,,TJK
,731100,,2023,26069.0,13017.872,13017.872,,TJK
,730640,,2023,72625610.235,23808783.23,23806383.23,,THA
,730650,,2023,6379405.019,2008688.0,2008688.0,,THA
,730661,,2023,21501162.188,24726563.0,24726563.0,,THA
,730669,,2023,335286.875,361614.0,361614.0,,THA
,730690,,2023,11015729.239,2098473.04,2098473.04,,THA
,730711,,2023,14618643.832,4682726.733,4682726.733,,THA
,730719,,2023,67637624.572,16957842.347,16957842.347,,THA
,730721,,2023,1736927.459,120268.792,120268.792,,THA
,730722,,2023,4263481.997,169090.336,169090.336,,THA
,730723,,2023,19873677.518,962349.582,981370.582,,THA
,730729,,2023,44212517.484,1532132.346,1532132.346,,THA
,730791,,2023,2896508.727,230251.223,230251.223,,THA
,730792,,2023,19677900.638,4355145.976,4355145.976,,THA
,730793,,2023,61761085.368,16566411.484,16566411.484,,THA
,730799,,2023,38049458.114,,0.0,,THA
,7308,,2023,1030789132.169,277953322.142,277953322.142,,THA
,7309,,2023,30157715.824,10161082.542,10161082.542,,THA
,7310,,2023,90427820.157,39820030.265,39820031.265,,THA
,731100,,2023,179600897.352,92919585.068,92919285.068,,THA
,731811,,2023,749307.277,230308.185,230308.185,,THA
,730661,,2023,410462.675,397500.0,397500.0,,TGO
,730721,,2023,503.103,30.0,30.0,,TGO
,730722,,2023,659.108,6.0,6.0,,TGO
,730729,,2023,1815.756,52.0,52.0,,TGO
,730799,,2023,9243.873,267.0,267.0,,TGO
,7308,,2023,77326.199,96850.0,96850.0,,TGO
,7309,,2023,4945.83,3000.0,3000.0,,TGO
,731100,,2023,208813.122,31879.0,31879.0,,TGO
,730640,,2023,133.032,11.0,11.0,,TTO
,730650,,2023,4197.615,1449.0,1449.0,,TTO
,730661,,2023,387240.948,90953.338,90953.338,,TTO
,730690,,2023,1690171.045,593005.0,593005.0,,TTO
,730711,,2023,1226.915,130.0,130.0,,TTO
,730719,,2023,383272.806,,0.0,,TTO
,730721,,2023,11205.342,1805.0,1805.0,,TTO
,730722,,2023,13755.317,1157.0,1157.0,,TTO
,730723,,2023,226.362,594.0,594.0,,TTO
,730729,,2023,36969.674,4429.0,4429.0,,TTO
,730791,,2023,24536.972,5644.231,5644.231,,TTO
,730792,,2023,78982.708,4652.269,4652.269,,TTO
,730793,,2023,1227.656,460.0,460.0,,TTO
,730799,,2023,867809.825,,0.0,,TTO
,7308,,2023,10388037.264,5016160.107,5016160.107,,TTO
,7309,,2023,627518.128,178780.412,178780.412,,TTO
,7310,,2023,222006.038,52157.0,52157.0,,TTO
,731100,,2023,2534655.703,1098224.675,1098224.675,,TTO
,731811,,2023,690.788,67.699,67.699,,TTO
,730640,,2023,30279731.925,7909064.07,7909064.07,,ARE
,730650,,2023,56127684.001,41051564.77,41051564.77,,ARE
,730661,,2023,42875940.088,47671437.88,47671437.88,,ARE
,730669,,2023,829116.012,144605.29,144605.29,,ARE
,730690,,2023,286528674.008,265448199.02,265448199.02,,ARE
,730711,,2023,12249176.377,2823427.49,2823427.49,,ARE
,730719,,2023,33306952.382,6614766.92,6614766.92,,ARE
,730721,,2023,20806858.131,3507773.7,3507773.7,,ARE
,730722,,2023,10254190.608,627905.83,627905.83,,ARE
,730723,,2023,12803537.614,961583.65,961583.65,,ARE
,730729,,2023,45008954.926,9248651.883,9248651.883,,ARE
,730791,,2023,38718214.818,8827508.67,8827508.67,,ARE
,730792,,2023,12450237.213,1333443.07,1333443.07,,ARE
,730793,,2023,28475155.681,5887901.36,5887901.36,,ARE
,730799,,2023,86126167.011,15840157.44,15840157.44,,ARE
,7308,,2023,1424566245.224,665341753.73,665341753.73,,ARE
,7309,,2023,86205382.513,18347567.67,18347567.67,,ARE
,7310,,2023,74708914.27,30299116.062,30299116.062,,ARE
,731100,,2023,70839688.344,27047323.183,27047323.183,,ARE
,731811,,2023,1519591.658,276929.14,276929.14,,ARE
,730640,,2023,731161.274,103271.0,103271.0,,TUN
,730650,,2023,490407.256,272961.0,272961.0,,TUN
,730661,,2023,545775.252,631833.0,631833.0,,TUN
,730669,,2023,11733.258,4674.0,4674.0,,TUN
,730690,,2023,8515375.039,2468904.0,2468904.0,,TUN
,730711,,2023,3597761.499,239966.0,239966.0,,TUN
,730719,,2023,75947.107,11912.0,11912.0,,TUN
,730721,,2023,127300.287,4796.0,4796.0,,TUN
,730722,,2023,4516.983,59.0,59.0,,TUN
,730723,,2023,51279.018,1006.0,1006.0,,TUN
,730729,,2023,1184375.478,176058.0,176058.0,,TUN
,730791,,2023,289587.15,27407.0,27407.0,,TUN
,730792,,2023,588126.143,73484.0,73484.0,,TUN
,730793,,2023,741067.244,243150.0,243150.0,,TUN
,730799,,2023,1413807.741,131258.0,131258.0,,TUN
,7308,,2023,125028840.519,59541346.0,59541346.0,,TUN
,7309,,2023,6360440.28,1601976.0,1601976.0,,TUN
,7310,,2023,12083120.285,4650357.0,4650357.0,,TUN
,731100,,2023,9805331.857,2855246.0,2855246.0,,TUN
,731811,,2023,7890.667,1502.0,1502.0,,TUN
,730640,,2023,24141186.0,4667497.0,4667497.0,,TUR
,730650,,2023,4043048.0,2613188.0,2613188.0,,TUR
,730661,,2023,599250046.0,775056433.0,775056433.0,,TUR
,730669,,2023,17042096.0,19990493.0,19990493.0,,TUR
,730690,,2023,23418927.0,11915041.0,11915041.0,,TUR
,730711,,2023,8087191.0,1452429.0,1452429.0,,TUR
,730719,,2023,19829264.0,4606795.0,4606795.0,,TUR
,730721,,2023,13207195.0,1339752.0,1339752.0,,TUR
,730722,,2023,5043449.0,688693.0,688693.0,,TUR
,730723,,2023,5235393.0,562238.0,562238.0,,TUR
,730729,,2023,23447687.0,2285206.0,2285206.0,,TUR
,730791,,2023,33000011.0,4766300.0,4766300.0,,TUR
,730792,,2023,9539256.0,1944403.0,1944403.0,,TUR
,730793,,2023,28738205.0,8795781.0,8795781.0,,TUR
,730799,,2023,56012867.0,9359940.0,9359940.0,,TUR
,7308,,2023,2638465761.0,1207513904.0,1207513904.0,,TUR
,7309,,2023,101859208.0,19845072.0,19845072.0,,TUR
,7310,,2023,247179860.0,77942566.0,77942566.0,,TUR
,731100,,2023,275055960.0,85627329.0,85627329.0,,TUR
,731811,,2023,13535122.0,6930926.0,6930926.0,,TUR
,730640,,2023,8096.95,5081.0,5081.0,,UGA
,730650,,2023,33655.2,24440.0,24440.0,,UGA
,730661,,2023,304573.28,325318.0,325318.0,,UGA
,730669,,2023,306.71,1500.0,1500.0,,UGA
,730690,,2023,29066373.07,28731122.0,28731122.0,,UGA
,730711,,2023,1611.6,57.0,57.0,,UGA
,730719,,2023,140295.8,2121.5,2121.5,,UGA
,730721,,2023,882.78,49.0,49.0,,UGA
,730722,,2023,11307.33,20152.0,20152.0,,UGA
,730729,,2023,5478.05,4268.63,4268.63,,UGA
,730791,,2023,13125.49,6508.21,6508.21,,UGA
,730792,,2023,44.76,40.0,40.0,,UGA
,730799,,2023,85576.92,65804.7,65804.7,,UGA
,7308,,2023,3036767.19,1788851.0,1788851.0,,UGA
,7309,,2023,189782.09,57151.4,57151.4,,UGA
,7310,,2023,269787.76,132605.5,132605.5,,UGA
,731100,,2023,132525.29,132628.0,132628.0,,UGA
,731811,,2023,55.39,4.0,4.0,,UGA
,730640,,2023,1166765.82,277543.2,277543.2,,UKR
,730650,,2023,4157.94,1331.5,1331.5,,UKR
,730661,,2023,48933126.74,61286536.67,61286536.67,,UKR
,730669,,2023,283025.48,148634.66,148634.66,,UKR
,730690,,2023,177905.22,47506.148,47506.148,,UKR
,730711,,2023,79087.63,14509.23,14509.23,,UKR
,730719,,2023,297240.02,73280.412,73280.412,,UKR
,730721,,2023,40229.63,2203.33,2203.33,,UKR
,730722,,2023,69730.18,7605.439,7605.439,,UKR
,730723,,2023,221017.99,14151.043,14151.043,,UKR
,730729,,2023,802970.79,64910.025,64910.025,,UKR
,730791,,2023,393662.56,61859.111,61859.111,,UKR
,730792,,2023,24874.89,1557.012,1557.012,,UKR
,730793,,2023,365367.95,102349.608,102349.608,,UKR
,730799,,2023,1229757.45,211198.893,211198.893,,UKR
,7308,,2023,79356709.48,25986308.064,25986308.064,,UKR
,7309,,2023,11331772.51,4975047.007,4975047.007,,UKR
,7310,,2023,4626667.1,1126001.007,1126001.007,,UKR
,731100,,2023,430593.13,271854.516,271854.516,,UKR
,731811,,2023,5400.52,1511.37,1511.37,,UKR
,730640,,2023,6172.955,3219.0,3219.0,,MKD
,730650,,2023,3839.794,33.0,33.0,,MKD
,730661,,2023,92177139.096,104342217.0,104342217.0,,MKD
,730669,,2023,33818.713,18886.0,18886.0,,MKD
,730690,,2023,1021284.932,1057225.0,1057225.0,,MKD
,730711,,2023,345740.429,71856.0,71856.0,,MKD
,730719,,2023,409757.874,98046.746,98046.746,,MKD
,730721,,2023,135239.01,39623.0,39623.0,,MKD
,730722,,2023,18224.092,1325.0,1325.0,,MKD
,730723,,2023,880.406,2.0,2.0,,MKD
,730729,,2023,53818.508,5210.424,5210.424,,MKD
,730791,,2023,35981.125,9393.867,9393.867,,MKD
,730792,,2023,12552.778,2882.704,2882.704,,MKD
,730793,,2023,471.208,28.0,28.0,,MKD
,730799,,2023,118740.715,4606.441,4606.441,,MKD
,7308,,2023,31814290.875,13143074.0,13143074.0,,MKD
,7309,,2023,692804.343,130797.0,130797.0,,MKD
,7310,,2023,1015067.177,309355.0,309355.0,,MKD
,731100,,2023,393268.662,75787.0,75787.0,,MKD
,731811,,2023,1022.673,93.0,93.0,,MKD
,730640,,2023,193073.27,29354.699,29354.699,,EGY
,730650,,2023,17006.0,6117.099,6117.099,,EGY
,730690,,2023,582170.991,200843.069,200843.069,,EGY
,730711,,2023,170220.0,25734.894,25734.894,,EGY
,730719,,2023,200708.61,28552.182,28552.182,,EGY
,730721,,2023,2739.0,164.485,164.485,,EGY
,730722,,2023,2400.0,,0.0,,EGY
,730723,,2023,8000.0,352.296,352.296,,EGY
,730729,,2023,220738.67,4761.407,4761.407,,EGY
,730791,,2023,1445824.321,236594.45,236594.45,,EGY
,730792,,2023,1138821.98,84185.373,84185.373,,EGY
,730793,,2023,716556.2,115879.007,115879.007,,EGY
,730799,,2023,5730643.019,375599.499,375599.499,,EGY
,7308,,2023,215146549.602,69804758.587,69804758.587,,EGY
,7309,,2023,6556288.785,1004459.823,1004459.823,,EGY
,7310,,2023,17280675.107,3642932.42,3642932.42,,EGY
,731100,,2023,544475.656,123036.328,123036.328,,EGY
,730640,,2023,19972126.582,1066794.175,1066794.175,,GBR
,730650,,2023,6659257.765,577818.462,577818.462,,GBR
,730661,,2023,247234005.61,,0.0,,GBR
,730669,,2023,8706236.444,3445288.057,3445288.057,,GBR
,730690,,2023,20085366.599,2392723.98,2392723.98,,GBR
,730711,,2023,57250165.636,6213200.145,6213200.145,,GBR
,730719,,2023,27511405.175,1949778.332,1949778.332,,GBR
,730721,,2023,29434101.487,769438.418,769438.418,,GBR
,730722,,2023,41625721.865,750835.239,750835.239,,GBR
,730723,,2023,26755172.02,702938.918,702938.918,,GBR
,730729,,2023,165483210.241,3684187.358,3684187.358,,GBR
,730791,,2023,42101395.563,2623806.01,2623806.01,,GBR
,730792,,2023,18706790.643,854547.611,854547.611,,GBR
,730793,,2023,16525221.831,1628091.318,1628091.318,,GBR
,730799,,2023,154629977.582,4585045.843,4585045.843,,GBR
,7308,,2023,872054342.086,219314536.229,219314536.229,,GBR
,7309,,2023,136932727.916,24688507.977,24688507.977,,GBR
,7310,,2023,243676247.302,73373604.916,73373604.916,,GBR
,731100,,2023,85847137.943,,0.0,,GBR
,731811,,2023,11083856.681,,0.0,,GBR
,730640,,2023,79850.9,58394.0,58394.0,,TZA
,730661,,2023,13831554.22,15626343.5,14665899.0,,TZA
,730669,,2023,165.3,200.0,200.0,,TZA
,730690,,2023,1158823.09,1187663.0,1147410.0,,TZA
,730711,,2023,860.03,88.83,88.83,,TZA
,730719,,2023,2928.05,5147.73,5147.73,,TZA
,730721,,2023,6441.96,11101.0,11101.0,,TZA
,730722,,2023,722.45,77.0,77.0,,TZA
,730723,,2023,2.43,2.0,2.0,,TZA
,730729,,2023,52349.86,21518.5,21518.5,,TZA
,730791,,2023,14438.4,2980.0,2980.0,,TZA
,730792,,2023,11029.76,697.33,697.33,,TZA
,730799,,2023,195978.27,46062.74,46062.74,,TZA
,7308,,2023,1710169.27,1697217.906,1697217.906,,TZA
,7309,,2023,168669.61,239391.0,239391.0,,TZA
,7310,,2023,3191753.01,831274.007,817336.007,,TZA
,731100,,2023,207663.17,155079.0,155079.0,,TZA
,731811,,2023,5774.96,534.8,534.8,,TZA
,730640,,2023,265799098.0,26390551.0,26390551.0,,USA
,730650,,2023,107677133.0,26572486.0,26572486.0,,USA
,730661,,2023,175530984.0,91409490.0,91409490.0,,USA
,730669,,2023,11930484.0,11591246.0,11591246.0,,USA
,730690,,2023,45876564.0,14072778.0,14072778.0,,USA
,730711,,2023,29741564.0,3755654.0,3755654.0,,USA
,730719,,2023,191867410.0,23723844.0,23723844.0,,USA
,730721,,2023,97761284.0,4441551.0,4441551.0,,USA
,730722,,2023,349045982.0,2654682.0,2654682.0,,USA
,730723,,2023,75120001.0,896176.0,896176.0,,USA
,730729,,2023,413039673.0,6546010.0,6546010.0,,USA
,730791,,2023,102512270.0,9086960.0,9086960.0,,USA
,730792,,2023,204141153.0,20996169.0,20996169.0,,USA
,730793,,2023,63190688.0,5092529.0,5092529.0,,USA
,730799,,2023,442266138.0,26116796.0,26116796.0,,USA
,7308,,2023,1446900339.0,337376961.592,337376961.592,,USA
,7309,,2023,361104573.0,54144802.569,54144802.569,,USA
,7310,,2023,823546708.0,116459842.723,116459842.723,,USA
,731100,,2023,370389365.0,76128805.034,76128805.034,,USA
,731811,,2023,20834708.0,3057325.0,3057325.0,,USA
,730640,,2023,20445334.0,5221222.01,5221222.01,,URY
,730661,,2023,70837.0,10074.46,10074.46,,URY
,730690,,2023,7357.0,,0.0,,URY
,730711,,2023,237.0,7.031,7.031,,URY
,730719,,2023,5215.0,328.337,328.337,,URY
,730721,,2023,11734.0,583.061,583.061,,URY
,730722,,2023,18458.0,1240.962,1240.962,,URY
,730723,,2023,28814.0,2215.358,2215.358,,URY
,730729,,2023,9675.0,333.373,333.373,,URY
,730792,,2023,586.0,36.085,36.085,,URY
,730793,,2023,267.0,61.6,61.6,,URY
,730799,,2023,10687.0,318.037,318.037,,URY
,7308,,2023,1716540.0,407877.691,407877.691,,URY
,7309,,2023,620522.0,22015.349,22015.349,,URY
,7310,,2023,79362.0,30933.79,30933.79,,URY
,731100,,2023,155422.0,20478.981,20478.981,,URY
,730640,,2023,5186.0,3713.5,3713.5,,UZB
,730650,,2023,32260.99,35830.0,35830.0,,UZB
,730661,,2023,727707.97,1023380.0,1023380.0,,UZB
,730690,,2023,2328.0,5870.927,5870.927,,UZB
,730711,,2023,51380.99,5272.965,5272.965,,UZB
,730719,,2023,10345.0,2730.78,2730.78,,UZB
,730721,,2023,489.0,1.63,1.63,,UZB
,730722,,2023,143.0,7.106,7.106,,UZB
,730723,,2023,1828.0,1040.0,1040.0,,UZB
,730729,,2023,6506.0,508.344,508.344,,UZB
,730791,,2023,86922.99,75059.056,75059.056,,UZB
,730792,,2023,14738.99,297.083,297.083,,UZB
,730793,,2023,2081.0,1150.0,1150.0,,UZB
,730799,,2023,93017.99,7108.589,7108.589,,UZB
,7308,,2023,6988759.98,4150990.0,4150990.0,,UZB
,7309,,2023,677990.99,231170.0,231170.0,,UZB
,7310,,2023,68257.0,76024.92,76024.92,,UZB
,731100,,2023,415498.0,100911.446,100911.446,,UZB
,7308,,2023,711.788,1080.0,1080.0,,YEM
,7309,,2023,4071.755,2400.0,2400.0,,YEM
,731100,,2023,49322.393,139750.0,139750.0,,YEM
,730640,,2023,38358.195,30669.14,30669.14,,ZMB
,730661,,2023,1781946.65,1756812.2,1756812.2,,ZMB
,730669,,2023,38865.812,28460.0,28460.0,,ZMB
,730690,,2023,804143.418,395945.0,395945.0,,ZMB
,730711,,2023,2305.924,1255.9,1255.9,,ZMB
,730719,,2023,210411.974,4741.54,4741.54,,ZMB
,730721,,2023,62090.731,9320.52,9320.52,,ZMB
,730722,,2023,18511.84,3908.0,3908.0,,ZMB
,730723,,2023,15476.087,3960.0,3960.0,,ZMB
,730729,,2023,39029.326,15878.66,15878.66,,ZMB
,730791,,2023,150736.261,7945.05,7945.05,,ZMB
,730792,,2023,22087.482,2055.65,2055.65,,ZMB
,730793,,2023,1744.642,1363.5,1363.5,,ZMB
,730799,,2023,118887.555,12650.59,12650.59,,ZMB
,7308,,2023,8709604.231,4997116.628,4997116.628,,ZMB
,7309,,2023,351281.053,281961.74,281961.74,,ZMB
,7310,,2023,728477.692,268495.17,268495.17,,ZMB
,731100,,2023,119164.918,567995.0,567995.0,,ZMB
,731811,,2023,34.534,10.0,10.0,,ZMB
,730661,,2024,3670196.827,4441030.0,4441030.0,,ALB
,730719,,2024,35068.344,6541.83,6541.83,,ALB
,730723,,2024,27254.875,3612.57,3612.57,,ALB
,7308,,2024,62718901.883,0.0,0.0,,ALB
,7309,,2024,57481.825,47605.0,47605.0,,ALB
,7310,,2024,139645.469,0.0,0.0,,ALB
,731100,,2024,4268.901,3430.0,3430.0,,ALB
,730650,,2024,67.143,,0.0,,DZA
,730661,,2024,3644.482,3632.34,3632.34,,DZA
,730690,,2024,120979.492,42380.926,42380.926,,DZA
,730721,,2024,7440.573,471.071,471.071,,DZA
,730722,,2024,5071.83,,0.0,,DZA
,730723,,2024,317.625,15.157,15.157,,DZA
,730729,,2024,283.703,5.817,5.817,,DZA
,730791,,2024,5282.257,902.79,902.79,,DZA
,730792,,2024,709.056,53.99,53.99,,DZA
,730799,,2024,125736.434,8260.999,8260.999,,DZA
,7308,,2024,545596.151,173680.43,173680.43,,DZA
,7309,,2024,23529.598,3682.285,3682.285,,DZA
,7310,,2024,3896.224,1037.995,1037.995,,DZA
,730640,,2024,1716.11,123.0,123.0,,AGO
,730650,,2024,2573.78,543.0,543.0,,AGO
,730661,,2024,2770.99,349.0,349.0,,AGO
,730690,,2024,150647.37,83547.0,83547.0,,AGO
,730711,,2024,4879.49,3.0,3.0,,AGO
,730719,,2024,81918.19,1232.7,1232.7,,AGO
,730721,,2024,27417.33,,0.0,,AGO
,730722,,2024,11475.21,,0.0,,AGO
,730723,,2024,5563.83,2.0,2.0,,AGO
,730729,,2024,173686.19,1028879.41,1028879.41,,AGO
,730791,,2024,127411.55,6418.35,6418.35,,AGO
,730792,,2024,114403.05,27525.921,27525.921,,AGO
,730793,,2024,40020.0,1006685.355,1006685.355,,AGO
,730799,,2024,715158.95,1071601.1,1071601.1,,AGO
,7308,,2024,9024465.1,1831443.4,1831443.4,,AGO
,7309,,2024,811873.15,538645.3,538645.3,,AGO
,7310,,2024,406743.0,2003736.306,2003736.306,,AGO
,731100,,2024,3215139.65,546479.8,546479.8,,AGO
,730640,,2024,13.54,1.2,1.2,,AZE
,730650,,2024,29317.38,44295.4,44295.4,,AZE
,730661,,2024,14461.0,3489.0,3489.0,,AZE
,730690,,2024,729.0,78.74,78.74,,AZE
,730711,,2024,98313.08,28166.382,28166.382,,AZE
,730719,,2024,1151.31,207.93,207.93,,AZE
,730721,,2024,31216.57,626.69,626.69,,AZE
,730722,,2024,59622.07,417.422,417.422,,AZE
,730723,,2024,241.7,1.514,1.514,,AZE
,730729,,2024,95989.72,708.687,708.687,,AZE
,730791,,2024,66674.38,7926.205,7926.205,,AZE
,730792,,2024,28510.24,1215.383,1215.383,,AZE
,730793,,2024,7135.07,144.067,144.067,,AZE
,730799,,2024,523284.67,12585.791,12585.791,,AZE
,7308,,2024,1845301.07,1355531.33,1355531.33,,AZE
,7309,,2024,126251.0,23381.59,23381.59,,AZE
,7310,,2024,135828.34,40543.04,40543.04,,AZE
,731100,,2024,220679.59,21118.2,21118.2,,AZE
,731811,,2024,5264.23,20.66,20.66,,AZE
,730650,,2024,362.94,69.02,69.02,,ARG
,730661,,2024,58144.19,57264.98,57264.98,,ARG
,730690,,2024,21573.05,6569.18,6569.18,,ARG
,730711,,2024,2093.7,160.31,160.31,,ARG
,730719,,2024,18535.39,828.49,828.49,,ARG
,730729,,2024,244389.38,2083.12,2083.12,,ARG
,730791,,2024,31634.4,1859.83,1859.83,,ARG
,730792,,2024,1907095.02,528210.12,528210.12,,ARG
,730799,,2024,724712.74,31544.6,31544.6,,ARG
,7308,,2024,1871616.16,729794.31,729794.31,,ARG
,7309,,2024,36940.0,4549.06,4549.06,,ARG
,7310,,2024,766280.88,229757.45,229757.45,,ARG
,731100,,2024,320637.3,101475.22,101475.22,,ARG
,731811,,2024,33669.63,5359.63,5359.63,,ARG
,730640,,2024,655005.599,193877.0,193877.0,,AUS
,730650,,2024,232962.106,36055.0,36055.0,,AUS
,730661,,2024,9374947.454,6336860.0,6336860.0,,AUS
,730669,,2024,75601.935,29470.0,29470.0,,AUS
,730690,,2024,2019883.697,420308.0,420308.0,,AUS
,730711,,2024,1031184.683,316847.0,316847.0,,AUS
,730719,,2024,2700099.179,8895439.0,8895439.0,,AUS
,730721,,2024,3587433.37,420423.425,420423.425,,AUS
,730722,,2024,1658590.203,,0.0,,AUS
,730723,,2024,236631.866,1161800.0,1161800.0,,AUS
,730729,,2024,5881732.082,524514.751,524514.751,,AUS
,730791,,2024,2517216.327,1782206.0,1782206.0,,AUS
,730792,,2024,1957815.857,,0.0,,AUS
,730793,,2024,684497.639,37818.0,37818.0,,AUS
,730799,,2024,25536902.815,14704610.367,14704610.367,,AUS
,7308,,2024,84571457.444,30497669.705,30497669.705,,AUS
,7309,,2024,19644539.582,2854251.244,2854251.244,,AUS
,7310,,2024,25474288.57,5381243.229,5381243.229,,AUS
,731100,,2024,7864162.584,1607003.996,1607003.996,,AUS
,731811,,2024,919587.294,121796.31,121796.31,,AUS
,730640,,2024,89764.734,89873.11,89873.11,,BHR
,730650,,2024,183131.622,134959.68,134959.68,,BHR
,730661,,2024,202739.122,181400.43,181400.43,,BHR
,730690,,2024,140421.808,13142.01,13142.01,,BHR
,730711,,2024,1671391.724,473824.4,473824.4,,BHR
,730719,,2024,85098.191,4365.48,4365.48,,BHR
,730721,,2024,130312.18,12928.94,12928.94,,BHR
,730722,,2024,46515.824,3140.84,3140.84,,BHR
,730723,,2024,26215.425,3798.0,3798.0,,BHR
,730729,,2024,145345.345,17235.66,17235.66,,BHR
,730791,,2024,204813.191,73026.47,73026.47,,BHR
,730792,,2024,35181.436,1105.28,1105.28,,BHR
,730793,,2024,43541.011,36239.92,36239.92,,BHR
,730799,,2024,1174158.8,104477.39,104477.39,,BHR
,7308,,2024,388809317.063,501625916.28,501625916.28,,BHR
,7309,,2024,546204.067,324040.2,324040.2,,BHR
,7310,,2024,2331479.195,1010422.53,1010422.53,,BHR
,731100,,2024,522768.057,951906.06,951906.06,,BHR
,731811,,2024,29226.702,468.57,468.57,,BHR
,730640,,2024,685.01,,0.0,,ARM
,730650,,2024,508.0,53.04,53.04,,ARM
,730661,,2024,95005.5,90903.1,90903.1,,ARM
,730711,,2024,15831.18,780.685,780.685,,ARM
,730719,,2024,891.21,18.89,18.89,,ARM
,730721,,2024,13148.89,43.909,43.909,,ARM
,730722,,2024,4232.1,10.244,10.244,,ARM
,730729,,2024,108094.67,1430.03,1430.03,,ARM
,730791,,2024,10955.83,21.56,21.56,,ARM
,730792,,2024,5887.85,69.69,69.69,,ARM
,730793,,2024,177.78,0.444,0.444,,ARM
,730799,,2024,98033.76,264.05,264.05,,ARM
,7308,,2024,77427.16,6597.784,6597.784,,ARM
,7309,,2024,269302.01,62981.6,62981.6,,ARM
,7310,,2024,240458.79,75627.07,75627.07,,ARM
,731100,,2024,17042.87,20548.036,20548.036,,ARM
,731811,,2024,5098.94,80000.0,80000.0,,ARM
,730661,,2024,286.39,262.8,262.8,,BOL
,730690,,2024,7643.69,415.26,415.26,,BOL
,730721,,2024,3260.92,287.0,287.0,,BOL
,730722,,2024,2093.64,8.69,8.69,,BOL
,730729,,2024,58.0,0.86,0.86,,BOL
,730791,,2024,7190.25,541.53,541.53,,BOL
,730792,,2024,34749.62,614.25,614.25,,BOL
,730793,,2024,12.6,1.5,1.5,,BOL
,730799,,2024,9584.39,148.26,148.26,,BOL
,7308,,2024,293449.1,228513.44,228513.44,,BOL
,7309,,2024,397119.85,119920.0,119920.0,,BOL
,7310,,2024,149361.18,35986.11,35986.11,,BOL
,731100,,2024,78964.5,73297.47,73297.47,,BOL
,730640,,2024,168604.165,30743.65,30743.65,,BIH
,730650,,2024,1747.902,854.44,854.44,,BIH
,730661,,2024,3851096.921,3893591.0,3893591.0,,BIH
,730669,,2024,37219.28,18520.46,18520.46,,BIH
,730690,,2024,681578.087,472033.16,472033.16,,BIH
,730711,,2024,31196.968,3765.09,3765.09,,BIH
,730719,,2024,450998.255,92521.5,92521.5,,BIH
,730721,,2024,115665.524,5863.07,5863.07,,BIH
,730722,,2024,53379.741,20449.95,20449.95,,BIH
,730723,,2024,285767.823,27780.97,27780.97,,BIH
,730729,,2024,439793.646,18717.26,18717.26,,BIH
,730791,,2024,1277593.519,118913.35,118913.35,,BIH
,730792,,2024,66285.297,13875.74,13875.74,,BIH
,730793,,2024,14213.695,3333.78,3333.78,,BIH
,730799,,2024,4804603.66,1585969.31,1585969.31,,BIH
,7308,,2024,306733907.126,114291220.63,114291220.63,,BIH
,7309,,2024,18391303.945,5064561.29,5064561.29,,BIH
,7310,,2024,7380272.847,1652651.92,1652651.92,,BIH
,731100,,2024,542113.428,109299.64,109299.64,,BIH
,731811,,2024,6501.414,2564.38,2564.38,,BIH
,730640,,2024,8964606.0,1612846.032,1612637.032,,BRA
,730650,,2024,801383.0,254702.597,254734.597,,BRA
,730661,,2024,28458919.0,29301619.757,0.0,,BRA
,730669,,2024,264910.0,130286.23,131665.23,,BRA
,730690,,2024,5955068.0,864856.866,541135.866,,BRA
,730711,,2024,12170512.0,3202309.693,3229833.693,,BRA
,730719,,2024,15658670.0,2581064.033,2583464.033,,BRA
,730721,,2024,4673687.0,270940.178,99182.178,,BRA
,730722,,2024,3149517.0,28495.929,29819.929,,BRA
,730723,,2024,1222243.0,54329.551,24337.551,,BRA
,730729,,2024,5688791.0,148722.135,148607.135,,BRA
,730791,,2024,3679818.0,331419.713,316973.713,,BRA
,730792,,2024,6289625.0,,0.0,,BRA
,730793,,2024,3175017.0,225870.897,224916.897,,BRA
,730799,,2024,10766243.0,483551.993,482941.993,,BRA
,7308,,2024,126219144.0,43889523.775,43823981.775,,BRA
,7309,,2024,23335060.0,,0.0,,BRA
,7310,,2024,18329554.0,,0.0,,BRA
,731100,,2024,13362856.0,3250666.492,3226723.492,,BRA
,731811,,2024,558084.0,262470.709,262470.709,,BRA
,730640,,2024,106416.544,599395.0,599395.0,,BRN
,730650,,2024,71355.131,23753.0,23753.0,,BRN
,730690,,2024,715459.0,786186.0,786186.0,,BRN
,730711,,2024,748.529,200.0,200.0,,BRN
,730719,,2024,3164.947,674.0,674.0,,BRN
,730721,,2024,755.423,60.0,60.0,,BRN
,730722,,2024,45464.377,855.0,855.0,,BRN
,730729,,2024,44665.898,362.7,362.7,,BRN
,730791,,2024,92136.872,5321.54,5321.54,,BRN
,730792,,2024,13230.219,60.0,60.0,,BRN
,730793,,2024,9879.629,242.31,242.31,,BRN
,730799,,2024,395123.103,57667.56,57667.56,,BRN
,7308,,2024,3417826.292,3907706.0,3907706.0,,BRN
,7309,,2024,284038.094,270030.9,270030.9,,BRN
,7310,,2024,4738962.586,14388998.3,14388998.3,,BRN
,731100,,2024,2091165.066,1024968.99,1024968.99,,BRN
,730690,,2024,26507.52,84960.0,84960.0,,MMR
,730792,,2024,1200.0,400.0,400.0,,MMR
,730799,,2024,55514.02,52679.5,52679.5,,MMR
,7308,,2024,10878072.32,10820164.07,10820164.07,,MMR
,731100,,2024,7046.25,9200.0,9200.0,,MMR
,730661,,2024,1335255.47,2000118.48,2000118.48,,KHM
,730669,,2024,2972244.0,2668930.0,2668930.0,,KHM
,730690,,2024,306.0,0.33,0.33,,KHM
,730711,,2024,268043.56,207781.8,207781.8,,KHM
,730719,,2024,634753.23,185147.17,185147.17,,KHM
,730791,,2024,6152741.16,1093405.11,1093405.11,,KHM
,730792,,2024,2505853.63,1271080.0,1271080.0,,KHM
,730793,,2024,14558873.82,7539014.26,7539014.26,,KHM
,730799,,2024,12329.52,5000.0,5000.0,,KHM
,7308,,2024,7497868.97,4873440.38,4873440.38,,KHM
,7309,,2024,1287191.32,2435856.88,2435856.88,,KHM
,7310,,2024,7278241.77,3961599.35,3961599.35,,KHM
,731100,,2024,484669.74,381793.24,381793.24,,KHM
,731811,,2024,119.37,13.58,13.58,,KHM
,730640,,2024,113143044.785,13553259.0,13553259.0,,CAN
,730650,,2024,34790075.557,17258127.0,17258127.0,,CAN
,730661,,2024,438631055.302,334559103.0,334559103.0,,CAN
,730669,,2024,223282.361,130684.0,130684.0,,CAN
,730690,,2024,26943571.454,7601536.0,7601536.0,,CAN
,730711,,2024,2585303.312,443177.997,443177.997,,CAN
,730719,,2024,13119908.402,1861627.799,1861627.799,,CAN
,730721,,2024,4940407.461,312782.882,312782.882,,CAN
,730722,,2024,5806950.312,,0.0,,CAN
,730723,,2024,11710196.252,558817.616,558817.616,,CAN
,730729,,2024,29581906.874,606548.293,606548.293,,CAN
,730791,,2024,15470022.804,2643978.66,2643978.66,,CAN
,730792,,2024,17115534.71,1303240.42,1303240.42,,CAN
,730793,,2024,27956860.408,4556749.068,4556749.068,,CAN
,730799,,2024,47741840.631,3136682.65,3136682.65,,CAN
,7308,,2024,1720013311.907,517121009.785,517121009.785,,CAN
,7309,,2024,195936102.351,30663188.068,30663188.068,,CAN
,7310,,2024,70400017.895,16118925.376,16118925.376,,CAN
,731100,,2024,39871651.1,9884276.588,9884276.588,,CAN
,731811,,2024,132972.454,53738.8,53738.8,,CAN
,730640,,2024,770.382,95.654,95.654,,LKA
,730650,,2024,42704.656,43254.0,43254.0,,LKA
,730661,,2024,86745.775,122333.0,122333.0,,LKA
,730690,,2024,58528.861,46209.0,46209.0,,LKA
,730711,,2024,537.433,18.0,18.0,,LKA
,730719,,2024,5266.796,2473.644,2473.644,,LKA
,730721,,2024,212144.163,84173.0,84173.0,,LKA
,730722,,2024,5810.971,1428.118,1428.118,,LKA
,730723,,2024,556.789,15.0,15.0,,LKA
,730729,,2024,20736.571,3046.0,3046.0,,LKA
,730791,,2024,18765.229,4007.875,4007.875,,LKA
,730792,,2024,45386.441,1439.449,1439.449,,LKA
,730799,,2024,124449.36,34600.802,34600.802,,LKA
,7308,,2024,5932603.027,4353048.0,4353048.0,,LKA
,7309,,2024,76157.372,24558.0,24558.0,,LKA
,7310,,2024,1316615.186,1445625.0,1445625.0,,LKA
,731100,,2024,173923.008,205485.471,205485.471,,LKA
,731811,,2024,17297.712,2711.286,2711.286,,LKA
,730640,,2024,504910.85,82452.64,82452.64,,CHL
,730650,,2024,6724818.62,2862807.13,2862807.13,,CHL
,730661,,2024,171162.2,73056.14,73056.14,,CHL
,730669,,2024,84343.88,32579.42,32579.42,,CHL
,730690,,2024,420089.69,387292.7,387292.7,,CHL
,730711,,2024,7328.43,2668.99,2668.99,,CHL
,730719,,2024,734605.91,66324.083,66324.083,,CHL
,730721,,2024,136858.07,9120.736,9120.736,,CHL
,730722,,2024,37679.441,5746.834,5746.834,,CHL
,730723,,2024,224924.174,79129.67,79129.67,,CHL
,730729,,2024,1254193.19,102626.27,102626.27,,CHL
,730791,,2024,335998.57,71038.049,71038.049,,CHL
,730792,,2024,331435.54,42302.849,42302.849,,CHL
,730793,,2024,594255.305,113068.048,113068.048,,CHL
,730799,,2024,1624765.53,100358.344,100358.344,,CHL
,7308,,2024,22241904.282,11728282.786,11728282.786,,CHL
,7309,,2024,1033841.44,289588.407,289588.407,,CHL
,7310,,2024,43448602.782,26652455.398,26652455.398,,CHL
,731100,,2024,936963.77,464533.63,464533.63,,CHL
,731811,,2024,14762.56,6981.809,6981.809,,CHL
,730640,,2024,445717652.0,235031449.533,235031449.533,,CHN
,730650,,2024,79895604.0,57205128.676,57205128.676,,CHN
,730661,,2024,1152365106.0,1760549744.0,1760549744.0,,CHN
,730669,,2024,23955546.0,17866559.0,17866559.0,,CHN
,730690,,2024,78727290.0,72336418.924,72336418.924,,CHN
,730711,,2024,637360383.0,317712189.423,317712189.423,,CHN
,730719,,2024,514812610.0,191910447.325,191910447.325,,CHN
,730721,,2024,433215142.0,83723051.844,83723051.844,,CHN
,730722,,2024,108695154.0,11179349.762,11179349.762,,CHN
,730723,,2024,267666140.0,32066223.593,32066223.593,,CHN
,730729,,2024,407926452.0,42227406.241,42227406.241,,CHN
,730791,,2024,717246458.0,483680006.369,483680006.369,,CHN
,730792,,2024,223013084.0,62566328.069,62566328.069,,CHN
,730793,,2024,403819315.0,273435336.0,273435336.0,,CHN
,730799,,2024,714737781.0,224184425.791,224184425.791,,CHN
,7308,,2024,21117318297.0,12941952423.373,12941952423.373,,CHN
,7309,,2024,1047800121.0,355536529.375,355536529.375,,CHN
,7310,,2024,1258708409.0,325697013.016,325697013.016,,CHN
,731100,,2024,1255543899.0,522107718.0,522107718.0,,CHN
,731811,,2024,41337355.0,28731533.495,28731533.495,,CHN
,730640,,2024,588640.16,60853.13,60853.13,,COL
,730650,,2024,213471.64,94534.15,94534.15,,COL
,730661,,2024,3069416.78,3056320.82,3056320.82,,COL
,730669,,2024,163637.26,157635.01,157635.01,,COL
,730690,,2024,165367.73,10454.61,10454.61,,COL
,730711,,2024,266051.72,51657.1,51657.1,,COL
,730719,,2024,555646.26,45706.21,45706.21,,COL
,730721,,2024,69115.73,6029.43,6029.43,,COL
,730722,,2024,74829.85,6418.79,6418.79,,COL
,730723,,2024,39463.14,3870.98,3870.98,,COL
,730729,,2024,190123.63,6817.04,6817.04,,COL
,730791,,2024,477891.87,168850.32,168850.32,,COL
,730792,,2024,61969689.5,11463781.23,11463781.23,,COL
,730793,,2024,80433.96,7606.89,7606.89,,COL
,730799,,2024,1763580.57,124220.89,124220.89,,COL
,7308,,2024,41645020.01,15787020.001,15787020.001,,COL
,7309,,2024,1979369.59,,0.0,,COL
,7310,,2024,4557128.03,1092212.756,1092212.756,,COL
,731100,,2024,1384479.78,350306.34,350306.34,,COL
,731811,,2024,20041.67,1410.02,1410.02,,COL
,730640,,2024,707734.17,37383.377,37383.377,,CRI
,730650,,2024,53408.56,11473.541,11473.541,,CRI
,730661,,2024,44786031.59,45445194.48,45445194.48,,CRI
,730669,,2024,37134.68,26527.1,26527.1,,CRI
,730690,,2024,1592097.17,21736.935,21736.935,,CRI
,730711,,2024,3982.5,402.316,402.316,,CRI
,730719,,2024,68834.32,13857.096,13857.096,,CRI
,730721,,2024,1410.5,210.0,210.0,,CRI
,730722,,2024,8937.74,1209.514,1209.514,,CRI
,730723,,2024,2.4,0.2,0.2,,CRI
,730729,,2024,48868.51,4745.543,4745.543,,CRI
,730791,,2024,651.42,147.338,147.338,,CRI
,730792,,2024,246756.15,67601.924,67601.924,,CRI
,730793,,2024,1133.0,173.4,173.4,,CRI
,730799,,2024,412019.12,79914.12,79914.12,,CRI
,7308,,2024,5598467.99,1652381.948,1652381.948,,CRI
,7309,,2024,491464.98,,0.0,,CRI
,7310,,2024,14694151.04,6266384.776,6266384.776,,CRI
,731100,,2024,1443244.23,3403730.49,3403730.49,,CRI
,731811,,2024,8144.98,4263.55,4263.55,,CRI
,730661,,2024,81776.197,61035.0,61035.0,,BEN
,730799,,2024,5350.148,43.0,43.0,,BEN
,7308,,2024,2540555.246,1286121.5,1286121.5,,BEN
,7309,,2024,25724.219,4792.0,4792.0,,BEN
,7310,,2024,1114599.99,2021272.0,2021272.0,,BEN
,731100,,2024,197.95,9540.0,9540.0,,BEN
,730640,,2024,41278.574,6757.79,8302.87,,DOM
,730650,,2024,16496.549,3879.121,3346.121,,DOM
,730661,,2024,12832879.551,11940638.37,11609283.47,,DOM
,730690,,2024,211295.387,75401.79,36359.43,,DOM
,730711,,2024,68.845,11.3,14.0,,DOM
,730719,,2024,22062.415,23072.967,10111.627,,DOM
,730721,,2024,740.0,2.8,8.0,,DOM
,730722,,2024,79390.724,3856.233,0.0,,DOM
,730729,,2024,98586.931,22083.398,21892.168,,DOM
,730791,,2024,186.36,33.5,24.5,,DOM
,730792,,2024,74929.326,4616.823,1952.903,,DOM
,730799,,2024,22696.903,3935.98,71390.54,,DOM
,7308,,2024,8372159.635,4905991.7,4251543.06,,DOM
,7309,,2024,491834.263,186399.4,186399.4,,DOM
,7310,,2024,45843.138,,0.0,,DOM
,731100,,2024,2833583.926,,0.0,,DOM
,731811,,2024,25566.155,12675.769,54486.294,,DOM
,730650,,2024,39877.82,4000.0,4630.0,,ECU
,730661,,2024,12664867.1,13594187.4,9273844.8,,ECU
,730669,,2024,148476.55,317277.0,97755.4,,ECU
,730690,,2024,138209.16,8156.07,8156.07,,ECU
,730711,,2024,9473.45,469.21,470.31,,ECU
,730719,,2024,49442.537,3033.165,2923.056,,ECU
,730721,,2024,2715.84,258.19,836.05,,ECU
,730722,,2024,33688.77,1553.308,2486.71,,ECU
,730723,,2024,10.4,5.6,3.0,,ECU
,730729,,2024,387430.91,25935.669,15320.541,,ECU
,730791,,2024,13445.64,2892.293,2840.863,,ECU
,730792,,2024,133997.17,25133.831,25818.151,,ECU
,730793,,2024,4608.14,1491.19,1491.19,,ECU
,730799,,2024,986694.95,23306.222,24315.751,,ECU
,7308,,2024,5452465.52,3274298.264,0.0,,ECU
,7309,,2024,1293547.68,833627.915,833627.915,,ECU
,7310,,2024,9728704.57,3281563.42,3281563.42,,ECU
,731100,,2024,415277.12,791481.54,791481.54,,ECU
,730640,,2024,126962.85,21823.61,21823.61,,SLV
,730650,,2024,37881.13,25363.4,25363.4,,SLV
,730661,,2024,35705016.33,30563867.34,30563867.34,,SLV
,730669,,2024,39039.6,10698.42,10698.42,,SLV
,730690,,2024,1516527.58,1148964.0,1148964.0,,SLV
,730711,,2024,112.0,8.43,8.43,,SLV
,730719,,2024,7841.02,3429.57,3429.57,,SLV
,730721,,2024,24544.99,4884.67,4884.67,,SLV
,730722,,2024,51280.52,6071.99,6071.99,,SLV
,730723,,2024,23871.23,2331.41,2331.41,,SLV
,730729,,2024,54743.49,2159.35,2159.35,,SLV
,730791,,2024,42353.14,20056.85,20056.85,,SLV
,730792,,2024,41091.12,8349.16,8349.16,,SLV
,730793,,2024,13005.06,7410.48,7410.48,,SLV
,730799,,2024,72643.9,9938.47,9938.47,,SLV
,7308,,2024,28253169.31,14401082.89,14401082.89,,SLV
,7309,,2024,3284125.32,807569.11,807569.11,,SLV
,7310,,2024,348575.28,130048.16,130048.16,,SLV
,731100,,2024,3424488.13,3166137.93,3166137.93,,SLV
,730640,,2024,17673.834,11981.39,11981.39,,GEO
,730650,,2024,1506.2,656.0,656.0,,GEO
,730661,,2024,59224.91,66781.12,66781.12,,GEO
,730669,,2024,2248.059,866.32,866.32,,GEO
,730690,,2024,110784.023,62768.29,62768.29,,GEO
,730711,,2024,17356.81,2164.12,2164.12,,GEO
,730719,,2024,25204.669,3395.67,3395.67,,GEO
,730721,,2024,21467.218,6727.94,6727.94,,GEO
,730722,,2024,2371.567,444.87,444.87,,GEO
,730723,,2024,8685.3,2071.75,2071.75,,GEO
,730729,,2024,26312.063,10521.29,10521.29,,GEO
,730791,,2024,18253.314,5868.17,5868.17,,GEO
,730792,,2024,5578.162,2307.28,2307.28,,GEO
,730793,,2024,688.94,34.18,34.18,,GEO
,730799,,2024,149999.322,7140.81,7140.81,,GEO
,7308,,2024,4081001.008,2168267.15,2168267.15,,GEO
,7309,,2024,100099.905,10135.43,10135.43,,GEO
,7310,,2024,252355.759,77848.45,77848.45,,GEO
,731100,,2024,132849.431,52265.38,48940.27,,GEO
,731811,,2024,1228.481,21.93,21.93,,GEO
,730640,,2024,425283.0,109470.0,109470.0,,GTM
,730650,,2024,2107327.0,1449310.0,1449310.0,,GTM
,730661,,2024,79847134.0,79016248.0,79016248.0,,GTM
,730669,,2024,9104.0,3272.0,3272.0,,GTM
,730690,,2024,57363.0,15051.0,15051.0,,GTM
,730711,,2024,63859.0,27886.0,27886.0,,GTM
,730719,,2024,9711.0,886.0,886.0,,GTM
,730721,,2024,42448.0,4986.0,4986.0,,GTM
,730722,,2024,37678.0,6287.0,6287.0,,GTM
,730723,,2024,33973.0,11421.0,11421.0,,GTM
,730729,,2024,42920.0,5831.0,5831.0,,GTM
,730791,,2024,151933.0,58907.0,58907.0,,GTM
,730792,,2024,60697.0,9716.0,9716.0,,GTM
,730793,,2024,124323.0,53730.0,53730.0,,GTM
,730799,,2024,110498.0,16540.0,16540.0,,GTM
,7308,,2024,50909631.0,22792778.0,22792778.0,,GTM
,7309,,2024,278317.0,360085.0,360085.0,,GTM
,7310,,2024,22999301.0,5757741.0,5757741.0,,GTM
,731100,,2024,9626248.0,4307338.0,4307338.0,,GTM
,731811,,2024,4.0,2.0,2.0,,GTM
,730650,,2024,96831.29,48852.5,48852.5,,HND
,730661,,2024,48737895.93,49587800.0,49587800.0,,HND
,730669,,2024,7891.13,3398.99,3398.99,,HND
,730690,,2024,3651226.66,3554889.81,3554889.81,,HND
,730719,,2024,45.5,0.45,0.45,,HND
,730721,,2024,3125.87,591.16,591.16,,HND
,730722,,2024,9582.7,6032.91,6032.91,,HND
,730723,,2024,300.49,33.9,33.9,,HND
,730729,,2024,11458.15,2074.44,2074.44,,HND
,730791,,2024,3159.89,1567.61,1567.61,,HND
,730792,,2024,41404.87,10267.52,10267.52,,HND
,730793,,2024,31.38,20.49,20.49,,HND
,730799,,2024,83033.32,22294.35,22294.35,,HND
,7308,,2024,20407735.24,17536311.0,17536311.0,,HND
,7309,,2024,1115291.05,515728.25,515728.25,,HND
,7310,,2024,86810.22,26190.44,26190.44,,HND
,731100,,2024,362231.91,299913.14,299913.14,,HND
,731811,,2024,116.36,9.83,9.83,,HND
,730640,,2024,2197800.485,588229.0,588229.0,,HKG
,730650,,2024,145673.79,90707.0,90707.0,,HKG
,730661,,2024,2620676.5,2572534.0,2572534.0,,HKG
,730669,,2024,159008.262,72502.0,72502.0,,HKG
,730690,,2024,461711.8,197954.0,197954.0,,HKG
,730711,,2024,144584.197,34584.0,34584.0,,HKG
,730719,,2024,5904665.59,577958.0,577958.0,,HKG
,730721,,2024,909456.874,14374.0,14374.0,,HKG
,730722,,2024,1699376.856,35927.0,35927.0,,HKG
,730723,,2024,451715.303,5894.0,5894.0,,HKG
,730729,,2024,18790415.432,191189.0,191189.0,,HKG
,730791,,2024,343281.543,68747.0,68747.0,,HKG
,730792,,2024,2155492.945,71866.0,71866.0,,HKG
,730793,,2024,109195.949,116971.0,116971.0,,HKG
,730799,,2024,5712593.834,642442.0,642442.0,,HKG
,7308,,2024,39814798.831,38059489.0,38059489.0,,HKG
,7309,,2024,1991536.729,506404.0,506404.0,,HKG
,7310,,2024,15594409.511,4227650.0,4227650.0,,HKG
,731100,,2024,3427879.398,8857401.0,8857401.0,,HKG
,731811,,2024,10786042.43,583485.0,583485.0,,HKG
,730640,,2024,2952958.394,873478.167,873478.167,,IDN
,730650,,2024,2160614.06,,0.0,,IDN
,730661,,2024,1515989.633,603772.548,603772.548,,IDN
,730669,,2024,55631.453,24642.22,24642.22,,IDN
,730690,,2024,1932635.294,1183555.866,1183555.866,,IDN
,730711,,2024,457723.569,145681.115,145681.115,,IDN
,730719,,2024,32174255.799,10063785.342,10063785.342,,IDN
,730721,,2024,5655281.981,1032032.869,1032032.869,,IDN
,730722,,2024,1167010.623,99480.406,99480.406,,IDN
,730723,,2024,1203241.675,110674.837,110674.837,,IDN
,730729,,2024,3280909.283,2401676.814,2401676.814,,IDN
,730791,,2024,4819639.011,1105906.973,1105906.973,,IDN
,730792,,2024,7351408.625,4291402.916,4291402.916,,IDN
,730793,,2024,3289357.885,161629.7,161629.7,,IDN
,730799,,2024,55085076.514,5802703.982,5802703.982,,IDN
,7308,,2024,1347231894.484,183701937.111,183701937.111,,IDN
,7309,,2024,3695305.088,989500.1,989500.1,,IDN
,7310,,2024,4871725.948,6373524.464,6373524.464,,IDN
,731100,,2024,1850507.015,,0.0,,IDN
,731811,,2024,6221.5,396.827,396.827,,IDN
,730640,,2024,484000.0,79931.929,79931.929,,ISR
,730650,,2024,34000.0,,0.0,,ISR
,730661,,2024,93000.0,91612.041,91612.041,,ISR
,730669,,2024,3000.0,1449.268,1449.268,,ISR
,730690,,2024,639000.0,,0.0,,ISR
,730711,,2024,1199000.0,206022.285,206022.285,,ISR
,730719,,2024,15303000.0,2156828.053,2156828.053,,ISR
,730721,,2024,3066000.0,191739.352,191739.352,,ISR
,730722,,2024,44013000.0,,0.0,,ISR
,730723,,2024,17000.0,822.348,822.348,,ISR
,730729,,2024,47495000.0,973189.865,973189.865,,ISR
,730791,,2024,429000.0,65072.868,65072.868,,ISR
,730792,,2024,38572000.0,2973953.845,2973953.845,,ISR
,730793,,2024,8000.0,1287.877,1287.877,,ISR
,730799,,2024,2206000.0,144884.848,144884.848,,ISR
,7308,,2024,16368000.0,5948124.159,5948124.159,,ISR
,7309,,2024,3982000.0,610087.485,610087.485,,ISR
,7310,,2024,7396000.0,1866245.042,1866245.042,,ISR
,731100,,2024,2396000.0,578666.98,578666.98,,ISR
,731811,,2024,263000.0,104097.617,104097.617,,ISR
,730661,,2024,1734964.0,2276328.0,2276328.0,,CIV
,730690,,2024,39977.081,6900.0,6900.0,,CIV
,730711,,2024,58799.459,4112.0,4112.0,,CIV
,730719,,2024,3947.27,436.0,436.0,,CIV
,730721,,2024,369.815,46.0,46.0,,CIV
,730722,,2024,4665.39,2663.0,2663.0,,CIV
,730729,,2024,21884.291,23030.0,23030.0,,CIV
,730791,,2024,71241.515,6845.0,6845.0,,CIV
,730792,,2024,114436.845,19693.0,19693.0,,CIV
,730793,,2024,69.66,6.0,6.0,,CIV
,730799,,2024,142412.83,29042.0,29042.0,,CIV
,7308,,2024,2685551.004,1401811.0,1401811.0,,CIV
,7309,,2024,1699415.974,975537.0,975537.0,,CIV
,7310,,2024,4147177.124,1802470.0,1802470.0,,CIV
,731100,,2024,6626080.757,2274673.0,2274673.0,,CIV
,731811,,2024,38034.417,8923.0,8923.0,,CIV
,730669,,2024,1889.0,90.0,90.0,,JAM
,730690,,2024,42901.0,36050.8,36050.8,,JAM
,730719,,2024,70538.0,23160.01,23160.01,,JAM
,730721,,2024,1442.0,23.6,23.6,,JAM
,730722,,2024,3519.0,20.38,20.38,,JAM
,730729,,2024,127.0,1021.0,1021.0,,JAM
,730799,,2024,3820.0,1580.8,1580.8,,JAM
,7308,,2024,408694.0,,0.0,,JAM
,7309,,2024,2640.0,150.0,150.0,,JAM
,7310,,2024,1602311.0,1050570.0,1050570.0,,JAM
,730640,,2024,42737667.889,2924000.506,2924000.506,,JPN
,730650,,2024,46670702.974,23161713.0,23161713.0,,JPN
,730661,,2024,34927799.129,,0.0,,JPN
,730669,,2024,845386.28,404496.725,404496.725,,JPN
,730690,,2024,10129691.478,1464451.297,1464451.297,,JPN
,730711,,2024,5425038.18,424124.0,424124.0,,JPN
,730719,,2024,9885693.983,552854.095,552854.095,,JPN
,730721,,2024,12831633.578,505830.761,505830.761,,JPN
,730722,,2024,8283078.426,178924.577,178924.577,,JPN
,730723,,2024,33934909.747,288730.0,288730.0,,JPN
,730729,,2024,105116192.715,1113846.105,1113846.105,,JPN
,730791,,2024,31567090.879,2553937.885,2553937.885,,JPN
,730792,,2024,20557236.558,799596.085,799596.085,,JPN
,730793,,2024,16881557.291,2731328.12,2731328.12,,JPN
,730799,,2024,155488307.235,10482670.205,10482670.205,,JPN
,7308,,2024,141610232.067,41695137.0,41695137.0,,JPN
,7309,,2024,66191473.742,2854405.0,2854405.0,,JPN
,7310,,2024,43910874.809,6080807.395,6080807.395,,JPN
,731100,,2024,10050565.547,3864552.0,3864552.0,,JPN
,731811,,2024,133120.773,5931.0,5931.0,,JPN
,730640,,2024,693043.65,55083.04,55083.04,,KAZ
,730650,,2024,15997.15,3265.18,3265.18,,KAZ
,730661,,2024,2692802.9,4293766.18,4293766.18,,KAZ
,730669,,2024,8258.14,2257.28,2257.28,,KAZ
,730690,,2024,252795.18,54202.93,54202.93,,KAZ
,730711,,2024,12527.34,1048.69,1048.69,,KAZ
,730719,,2024,597651.99,43057.99,43057.99,,KAZ
,730721,,2024,180953.31,6151.39,6151.39,,KAZ
,730722,,2024,112374.71,1211.1,1211.1,,KAZ
,730723,,2024,216174.31,49113.55,49113.55,,KAZ
,730729,,2024,2592603.83,25504.56,25504.56,,KAZ
,730791,,2024,517952.76,19920.68,19920.68,,KAZ
,730792,,2024,53994.53,1807.07,1807.07,,KAZ
,730793,,2024,1240182.5,208781.6,208781.6,,KAZ
,730799,,2024,3507290.33,172469.45,172469.45,,KAZ
,7308,,2024,77992938.57,23054805.56,23054805.56,,KAZ
,7309,,2024,869572.63,521553.58,521553.58,,KAZ
,7310,,2024,1594860.67,312264.19,312264.19,,KAZ
,731100,,2024,1691779.91,632564.45,632564.45,,KAZ
,731811,,2024,38510.66,1202.73,1202.73,,KAZ
,730640,,2024,486546.393,1223250.0,1223250.0,,JOR
,730650,,2024,311875.323,174198.0,174198.0,,JOR
,730690,,2024,34009497.602,41846048.0,41846048.0,,JOR
,730711,,2024,1427.761,24.0,24.0,,JOR
,730719,,2024,3318.521,10.0,10.0,,JOR
,730721,,2024,798.873,150.0,150.0,,JOR
,730722,,2024,9254.704,3020.0,3020.0,,JOR
,730729,,2024,11864.521,752.0,752.0,,JOR
,730791,,2024,41765.775,4559.0,4559.0,,JOR
,730792,,2024,4156.141,3360.0,3360.0,,JOR
,730793,,2024,377107.816,227894.0,227894.0,,JOR
,730799,,2024,45349.718,10915.0,10915.0,,JOR
,7308,,2024,43778269.235,20764257.2,20764257.2,,JOR
,7309,,2024,1813077.262,1451001.0,1451001.0,,JOR
,7310,,2024,25849628.838,12791101.5,12791101.5,,JOR
,731100,,2024,505476.731,624554.2,624554.2,,JOR
,730640,,2024,62466.516,33838.7,33838.7,,KEN
,730650,,2024,544945.57,606991.3,606991.3,,KEN
,730661,,2024,12499073.515,15058166.0,15058166.0,,KEN
,730669,,2024,134304.283,59102.23,59102.23,,KEN
,730690,,2024,3720741.0,3707924.0,3707924.0,,KEN
,730711,,2024,18440.689,5944.22,5944.22,,KEN
,730719,,2024,112052.966,27295.37,27295.37,,KEN
,730721,,2024,53700.534,4378.04,4378.04,,KEN
,730722,,2024,25460.371,3105.77,3105.77,,KEN
,730723,,2024,3577.92,923.5,923.5,,KEN
,730729,,2024,55421.002,11234.34,11234.34,,KEN
,730791,,2024,33065.804,50545.85,50545.85,,KEN
,730792,,2024,25718.643,8947.5,8947.5,,KEN
,730793,,2024,24399.626,4457.46,4457.46,,KEN
,730799,,2024,616925.855,64332.57,64332.57,,KEN
,7308,,2024,7666459.162,4419020.67,4419020.67,,KEN
,7309,,2024,2998124.27,1217031.5,1217031.5,,KEN
,7310,,2024,4576411.524,1667011.07,1667011.07,,KEN
,731100,,2024,15329631.764,7866588.2,7866588.2,,KEN
,731811,,2024,1581.159,254.15,254.15,,KEN
,730640,,2024,171587478.0,31178833.86,31178833.86,,KOR
,730650,,2024,42989046.0,21505521.661,21505521.661,,KOR
,730661,,2024,81017220.0,93832451.701,93832451.701,,KOR
,730669,,2024,1508705.0,489546.511,489546.511,,KOR
,730690,,2024,21440817.0,2895355.741,2895355.741,,KOR
,730711,,2024,4687256.0,401648.17,401648.17,,KOR
,730719,,2024,17357704.0,1538449.736,1538449.736,,KOR
,730721,,2024,46458452.0,4767680.678,4767680.678,,KOR
,730722,,2024,34173467.0,875071.376,875071.376,,KOR
,730723,,2024,154852505.0,7550354.754,7550354.754,,KOR
,730729,,2024,175186270.0,4388568.348,4388568.348,,KOR
,730791,,2024,99149701.0,19195073.947,19195073.947,,KOR
,730792,,2024,70519886.0,15985960.68,15985960.68,,KOR
,730793,,2024,173920812.0,38943738.853,38943738.853,,KOR
,730799,,2024,169151837.0,17272510.384,17272510.384,,KOR
,7308,,2024,1909401385.0,575569479.783,575569479.783,,KOR
,7309,,2024,297458968.0,39186565.335,39186565.335,,KOR
,7310,,2024,207305500.0,26705002.566,26705002.566,,KOR
,731100,,2024,232474734.0,41599745.011,41599745.011,,KOR
,731811,,2024,644475.0,62318.519,62318.519,,KOR
,730640,,2024,715.0,117.656,117.656,,KWT
,730650,,2024,12986.0,,0.0,,KWT
,730661,,2024,466917.0,465361.515,465361.515,,KWT
,730669,,2024,57349.0,28279.438,28279.438,,KWT
,730690,,2024,29696.0,10402.953,10402.953,,KWT
,730711,,2024,53848.0,9230.735,9230.735,,KWT
,730719,,2024,122171.0,17335.253,17335.253,,KWT
,730721,,2024,64859.0,4106.298,4106.298,,KWT
,730722,,2024,24600.0,,0.0,,KWT
,730729,,2024,44967.0,922.005,922.005,,KWT
,730791,,2024,315327.0,53892.478,53892.478,,KWT
,730792,,2024,10558.0,803.925,803.925,,KWT
,730793,,2024,213506.0,34799.804,34799.804,,KWT
,730799,,2024,423766.0,27841.814,27841.814,,KWT
,7308,,2024,35927466.0,9927982.126,9927982.126,,KWT
,7309,,2024,9881982.0,1546489.233,1546489.233,,KWT
,7310,,2024,315629.0,72440.683,72440.683,,KWT
,731100,,2024,4266327.0,1057632.551,1057632.551,,KWT
,731811,,2024,6911.0,2792.976,2792.976,,KWT
,730640,,2024,616.0,78.0,78.0,,KGZ
,730711,,2024,6683.0,198.0,198.0,,KGZ
,730719,,2024,488.0,19.0,19.0,,KGZ
,730729,,2024,189531.0,782.342,782.342,,KGZ
,730791,,2024,3188.0,313.401,313.401,,KGZ
,730792,,2024,1084.0,13.817,13.817,,KGZ
,730799,,2024,118334.0,16885.0,16885.0,,KGZ
,7308,,2024,568728.0,238487.0,238487.0,,KGZ
,7310,,2024,86928.0,42392.0,42392.0,,KGZ
,731100,,2024,66549.0,159090.343,159090.343,,KGZ
,730640,,2024,23541.0,3887.763,3887.763,,LBN
,730650,,2024,80421.0,,0.0,,LBN
,730661,,2024,132802.0,130820.024,130820.024,,LBN
,730690,,2024,1012567.0,,0.0,,LBN
,730711,,2024,17560.0,3017.307,3017.307,,LBN
,730719,,2024,146843.0,20696.275,20696.275,,LBN
,730721,,2024,12710.0,794.849,794.849,,LBN
,730722,,2024,119635.0,,0.0,,LBN
,730723,,2024,66.0,3.193,3.193,,LBN
,730729,,2024,62248.0,1275.484,1275.484,,LBN
,730791,,2024,57466.0,9964.49,9964.49,,LBN
,730792,,2024,11176.0,861.685,861.685,,LBN
,730793,,2024,1114.0,179.337,179.337,,LBN
,730799,,2024,640142.0,42043.008,42043.008,,LBN
,7308,,2024,28416800.0,9058192.988,9058192.988,,LBN
,7309,,2024,878922.0,134660.802,134660.802,,LBN
,7310,,2024,1864546.0,430692.196,430692.196,,LBN
,731100,,2024,9431181.0,2277760.027,2277760.027,,LBN
,731811,,2024,205.0,81.141,81.141,,LBN
,730661,,2024,3598.97,2510.0,2510.0,,MDG
,730690,,2024,819.306,1349.0,1349.0,,MDG
,730723,,2024,73098.647,359.53,359.53,,MDG
,730729,,2024,109.401,1.0,1.0,,MDG
,730791,,2024,37.761,7.65,7.65,,MDG
,730792,,2024,1022.195,66.44,66.44,,MDG
,730799,,2024,608510.189,3595.65,3595.65,,MDG
,7308,,2024,873795.404,618532.87,618532.87,,MDG
,7309,,2024,51.563,68.77,68.77,,MDG
,7310,,2024,253646.566,158380.46,158380.46,,MDG
,731100,,2024,911804.363,963115.42,963115.42,,MDG
,731811,,2024,1.009,0.25,0.25,,MDG
,730640,,2024,29015785.558,10724740.753,10724740.753,,MYS
,730650,,2024,806985.051,559071.22,559071.22,,MYS
,730661,,2024,45237479.137,66700091.3,66700091.3,,MYS
,730669,,2024,71074.646,37344.82,37344.82,,MYS
,730690,,2024,27673525.18,21680275.895,21680275.895,,MYS
,730711,,2024,16888313.919,5923373.313,5923373.313,,MYS
,730719,,2024,20809438.85,16629575.866,16629575.866,,MYS
,730721,,2024,4494506.615,1283160.696,1283160.696,,MYS
,730722,,2024,766688.34,220463.386,220463.386,,MYS
,730723,,2024,45524640.433,8306854.654,8306854.654,,MYS
,730729,,2024,1608928.835,308959.549,308959.549,,MYS
,730791,,2024,6794831.225,1855949.068,1855949.068,,MYS
,730792,,2024,909023.584,277201.656,277201.656,,MYS
,730793,,2024,41250245.223,24048671.659,24048671.659,,MYS
,730799,,2024,27080058.4,5924250.45,5924250.45,,MYS
,7308,,2024,502520128.101,251371964.367,251371964.367,,MYS
,7309,,2024,27670453.571,12447381.202,12447381.202,,MYS
,7310,,2024,79387236.41,42553224.382,42553224.382,,MYS
,731100,,2024,33999790.749,16566813.588,16566813.588,,MYS
,731811,,2024,2567197.376,,0.0,,MYS
,730719,,2024,550.404,102.3,102.3,,MRT
,730721,,2024,21909.985,3359.0,3359.0,,MRT
,730729,,2024,46518.882,993.0,993.0,,MRT
,7308,,2024,285035.613,38365.0,38365.0,,MRT
,731100,,2024,340762.558,51410.0,51410.0,,MRT
,730640,,2024,192.871,19.0,19.0,,MUS
,730650,,2024,29529.802,15589.0,16829.0,,MUS
,730661,,2024,1185.059,110.0,1056.0,,MUS
,730690,,2024,3516.7,918.0,929.0,,MUS
,730711,,2024,276.41,2.0,57.0,,MUS
,730719,,2024,10442.319,588.0,590.0,,MUS
,730721,,2024,9184.641,323.0,323.0,,MUS
,730722,,2024,438.284,9.0,9.0,,MUS
,730723,,2024,1640.87,48.0,48.0,,MUS
,730729,,2024,11053.63,292.0,328.0,,MUS
,730791,,2024,59115.629,2000.0,2059.0,,MUS
,730792,,2024,545.618,7.0,6.0,,MUS
,730793,,2024,1959.666,636.0,643.0,,MUS
,730799,,2024,101754.249,6233.0,15940.0,,MUS
,7308,,2024,2408539.971,1168109.0,1468133.0,,MUS
,7309,,2024,16673.874,10781.0,5259.0,,MUS
,7310,,2024,6430.885,9501.0,9574.0,,MUS
,731100,,2024,223806.236,224326.0,288139.0,,MUS
,731811,,2024,6526.173,2.0,323.0,,MUS
,730640,,2024,27223620.0,3106890.0,3106890.0,,MEX
,730650,,2024,1914487.0,313271.0,313271.0,,MEX
,730661,,2024,205479157.0,173467518.0,173467518.0,,MEX
,730669,,2024,115197.0,31656.0,31656.0,,MEX
,730690,,2024,4801436.0,788714.0,788714.0,,MEX
,730711,,2024,1996126.0,211214.0,211214.0,,MEX
,730719,,2024,36439257.0,4488722.0,4488722.0,,MEX
,730721,,2024,7874218.0,273100.0,273100.0,,MEX
,730722,,2024,15076182.0,788568.0,788568.0,,MEX
,730723,,2024,2984418.0,303469.0,303469.0,,MEX
,730729,,2024,30281479.0,1076710.0,1076710.0,,MEX
,730791,,2024,5227205.0,820077.0,820077.0,,MEX
,730792,,2024,142020201.0,20126979.966,20126979.966,,MEX
,730793,,2024,5764607.0,2250165.0,2250165.0,,MEX
,730799,,2024,59177526.0,10333395.923,10333395.923,,MEX
,7308,,2024,1778875591.0,0.0,0.0,,MEX
,7309,,2024,108473663.0,43297691.0,43297691.0,,MEX
,7310,,2024,344494524.0,0.0,0.0,,MEX
,731100,,2024,119936532.0,32872325.0,32872325.0,,MEX
,731811,,2024,7323.0,913.0,913.0,,MEX
,730640,,2024,14566.0,7312.0,7312.0,,MDA
,730650,,2024,25.0,1.0,1.0,,MDA
,730661,,2024,9670387.0,12284847.0,12284847.0,,MDA
,730690,,2024,25144.0,2983.0,2983.0,,MDA
,730711,,2024,1448.0,13.0,13.0,,MDA
,730719,,2024,1761.0,19.0,19.0,,MDA
,730721,,2024,80.0,10.0,10.0,,MDA
,730722,,2024,665.0,3.0,3.0,,MDA
,730729,,2024,14390.0,960.0,960.0,,MDA
,730791,,2024,2849.0,27.972,27.972,,MDA
,730792,,2024,600.0,6.0,6.0,,MDA
,730793,,2024,2497.0,90.0,90.0,,MDA
,730799,,2024,16797.0,859.863,859.863,,MDA
,7308,,2024,5303082.0,1364591.0,1364591.0,,MDA
,7309,,2024,6929880.0,804711.0,804711.0,,MDA
,7310,,2024,1112482.0,157140.0,157140.0,,MDA
,731100,,2024,25440.0,44034.0,44034.0,,MDA
,730640,,2024,108194.42,34119.04,34119.04,,MNE
,730661,,2024,129.819,80.0,80.0,,MNE
,730690,,2024,860.913,69.0,69.0,,MNE
,730719,,2024,70923.527,24010.76,24010.76,,MNE
,730721,,2024,8176.683,1322.53,1322.53,,MNE
,730723,,2024,13192.048,125.0,125.0,,MNE
,730729,,2024,51358.515,11096.1,11096.1,,MNE
,730791,,2024,969.106,89.0,89.0,,MNE
,730792,,2024,81.137,100.0,100.0,,MNE
,730799,,2024,1817.859,870.41,870.41,,MNE
,7308,,2024,1207521.564,1038730.265,1038730.265,,MNE
,7309,,2024,38539.057,35764.0,35764.0,,MNE
,7310,,2024,4720009.002,643198.14,643198.14,,MNE
,731100,,2024,493165.785,483206.0,483206.0,,MNE
,730640,,2024,361848.087,27430.49,27430.49,,MAR
,730650,,2024,55583.281,7482.41,7482.41,,MAR
,730661,,2024,561909.483,380771.28,380771.28,,MAR
,730669,,2024,24099.107,52.0,52.0,,MAR
,730690,,2024,1310105.717,317719.427,317719.427,,MAR
,730711,,2024,29649.801,963.59,963.59,,MAR
,730719,,2024,42393.496,2908.15,2908.15,,MAR
,730721,,2024,32563.26,2415.64,2415.64,,MAR
,730722,,2024,49831.523,3509.67,3509.67,,MAR
,730723,,2024,3501.181,28.5,28.5,,MAR
,730729,,2024,177575.54,2927.68,2927.68,,MAR
,730791,,2024,76058.502,10042.05,10042.05,,MAR
,730792,,2024,269921.618,20883.1,20883.1,,MAR
,730793,,2024,5473.509,4674.86,4674.86,,MAR
,730799,,2024,302421.206,59651.48,59651.48,,MAR
,7308,,2024,90260129.205,26955537.62,26955537.62,,MAR
,7309,,2024,2985775.783,1580909.7,1580909.7,,MAR
,7310,,2024,14743878.536,1695531.11,1695531.11,,MAR
,731100,,2024,5964545.208,2580578.92,2580578.92,,MAR
,731811,,2024,3345.572,1116.69,1116.69,,MAR
,730650,,2024,3403019.7,3278905.0,3278905.0,,MOZ
,730661,,2024,9672529.7,7158258.0,7158258.0,,MOZ
,730690,,2024,147224.5,85394.0,85394.0,,MOZ
,730711,,2024,2135.9,20.0,20.0,,MOZ
,730719,,2024,94.4,165.0,165.0,,MOZ
,730721,,2024,3369.9,36.0,36.0,,MOZ
,730729,,2024,359.5,1.0,1.0,,MOZ
,730791,,2024,574.6,80.0,80.0,,MOZ
,730792,,2024,7160.2,38.0,38.0,,MOZ
,730799,,2024,3156.7,91.0,91.0,,MOZ
,7308,,2024,1397622.3,972059.0,972059.0,,MOZ
,7309,,2024,45189.6,87216.0,87216.0,,MOZ
,7310,,2024,15054.9,274.0,274.0,,MOZ
,731100,,2024,117566.8,5930.0,5930.0,,MOZ
,730640,,2024,145284.785,64127.0,64127.0,,OMN
,730650,,2024,2088033.807,2365400.0,2365400.0,,OMN
,730661,,2024,15263201.537,20069566.0,20069566.0,,OMN
,730690,,2024,351063.719,425814.72,425814.72,,OMN
,730711,,2024,14325.098,11395.0,11395.0,,OMN
,730719,,2024,104738.621,27872.0,27872.0,,OMN
,730721,,2024,320312.093,111402.0,111402.0,,OMN
,730722,,2024,21633.29,6981.0,6981.0,,OMN
,730723,,2024,240304.291,7196.0,7196.0,,OMN
,730729,,2024,5385604.673,6040360.505,6040360.505,,OMN
,730791,,2024,333058.517,139134.0,139134.0,,OMN
,730792,,2024,63560.468,20329.15,20329.15,,OMN
,730793,,2024,223274.382,113631.0,113631.0,,OMN
,730799,,2024,3758743.817,2811416.0,2811416.0,,OMN
,7308,,2024,38856535.7,45995172.0,45995172.0,,OMN
,7309,,2024,30643726.87,6785850.0,6785850.0,,OMN
,7310,,2024,4784743.816,2361962.0,2361962.0,,OMN
,731100,,2024,14637235.348,6940760.757,6940760.757,,OMN
,731811,,2024,759.428,302.0,302.0,,OMN
,730640,,2024,37592.713,4531.0,4531.0,,NAM
,730650,,2024,13.371,20.0,20.0,,NAM
,730661,,2024,1237.123,1248.0,1248.0,,NAM
,730690,,2024,38377.033,,0.0,,NAM
,730711,,2024,36503.516,,0.0,,NAM
,730719,,2024,118518.899,9074.4,9074.4,,NAM
,730721,,2024,26405.382,3028.05,3028.05,,NAM
,730722,,2024,43605.101,2928.82,2928.82,,NAM
,730723,,2024,5769.65,766.23,766.23,,NAM
,730729,,2024,736926.151,,0.0,,NAM
,730791,,2024,198030.38,10008.41,10008.41,,NAM
,730792,,2024,115274.574,30902.68,30902.68,,NAM
,730793,,2024,3303.932,391.24,391.24,,NAM
,730799,,2024,1416992.052,103437.52,103437.52,,NAM
,7308,,2024,6452108.345,2382837.196,2382837.196,,NAM
,7309,,2024,902579.832,124234.5,124234.5,,NAM
,7310,,2024,101515.879,64047.16,64047.16,,NAM
,731100,,2024,587735.733,1056697.85,1056697.85,,NAM
,731811,,2024,15663.162,,0.0,,NAM
,730640,,2024,413174.695,13446.751,13446.751,,NZL
,730650,,2024,2922021.175,1272305.0,1272305.0,,NZL
,730661,,2024,537215.706,110096.0,110096.0,,NZL
,730669,,2024,61172.601,6481.0,6481.0,,NZL
,730690,,2024,538949.039,64880.0,64880.0,,NZL
,730711,,2024,95319.375,7381.0,7381.0,,NZL
,730719,,2024,147286.673,18193.5,18193.5,,NZL
,730721,,2024,244479.185,7358.0,7358.0,,NZL
,730722,,2024,175160.405,13777.666,13777.666,,NZL
,730723,,2024,1352322.037,66532.0,66532.0,,NZL
,730729,,2024,3565668.589,107986.753,107986.753,,NZL
,730791,,2024,448272.865,50113.342,50113.342,,NZL
,730792,,2024,175824.929,5236.694,5236.694,,NZL
,730793,,2024,8946.877,400.916,400.916,,NZL
,730799,,2024,1486911.927,137677.002,137677.002,,NZL
,7308,,2024,45339305.328,13752753.554,13752753.554,,NZL
,7309,,2024,1332406.263,323976.0,323976.0,,NZL
,7310,,2024,6045482.352,1016677.686,1016677.686,,NZL
,731100,,2024,3107145.821,2259972.0,2259972.0,,NZL
,731811,,2024,147322.38,7535.121,7535.121,,NZL
,730650,,2024,86053.9,85867.1,85867.1,,NIC
,730661,,2024,7210098.8,7752963.9,7752963.9,,NIC
,730669,,2024,914.2,61.8,61.8,,NIC
,730690,,2024,7443.0,520.0,520.0,,NIC
,730721,,2024,193.1,4.3,4.3,,NIC
,730722,,2024,1981.6,287.9,287.9,,NIC
,730729,,2024,684.1,14.3,14.3,,NIC
,730791,,2024,2595.3,397.4,397.4,,NIC
,730792,,2024,1359.6,123.1,123.1,,NIC
,730799,,2024,19416.3,2459.7,2459.7,,NIC
,7308,,2024,1133509.4,524487.3,524487.3,,NIC
,7309,,2024,54000.0,11592.0,11592.0,,NIC
,7310,,2024,11307.6,16536.8,16536.8,,NIC
,731100,,2024,452431.6,386064.6,386064.6,,NIC
,730661,,2024,295.995,500.0,500.0,,NER
,730711,,2024,2677.38,1407.0,1407.0,,NER
,730721,,2024,328.883,12.0,12.0,,NER
,730799,,2024,4933.25,12500.0,12500.0,,NER
,7308,,2024,870445.979,961552.0,961552.0,,NER
,731100,,2024,802.475,12.0,12.0,,NER
,730661,,2024,53201.158,55540.0,55540.0,,NGA
,730721,,2024,10261.098,10117.35,10117.35,,NGA
,730723,,2024,546.52,1.6,1.6,,NGA
,730729,,2024,7539.132,7433.49,7433.49,,NGA
,730799,,2024,108565.439,26801.32,26801.32,,NGA
,7308,,2024,391382.295,133510.0,133510.0,,NGA
,7309,,2024,3801.167,17500.0,17500.0,,NGA
,7310,,2024,132482.167,28600.0,28600.0,,NGA
,731100,,2024,439177.542,435994.5,435994.5,,NGA
,730640,,2024,56396.455,31000.0,31000.0,,PAK
,730661,,2024,5836.211,5000.0,5000.0,,PAK
,730690,,2024,13754302.723,14752000.0,14752000.0,,PAK
,730711,,2024,5233.79,12000.0,12000.0,,PAK
,730721,,2024,3988.809,1000.0,1000.0,,PAK
,730729,,2024,11537.085,46000.0,46000.0,,PAK
,730791,,2024,4110.606,1000.0,1000.0,,PAK
,730792,,2024,4193.989,4000.0,4000.0,,PAK
,730799,,2024,84248.612,21002.236,21002.236,,PAK
,7308,,2024,5039818.474,5245671.346,5245671.346,,PAK
,7309,,2024,432659.48,358562.0,358562.0,,PAK
,7310,,2024,11171121.375,6633938.592,6633938.592,,PAK
,731100,,2024,612858.984,48671.17,48671.17,,PAK
,731811,,2024,10096.885,776.0,776.0,,PAK
,730640,,2024,201136.0,27670.0,27670.0,,PAN
,730661,,2024,73302.0,70902.0,70902.0,,PAN
,730669,,2024,1560.0,5.0,5.0,,PAN
,730690,,2024,151243.0,136998.0,136998.0,,PAN
,730721,,2024,13836.0,2155.0,2155.0,,PAN
,730722,,2024,77528.0,11702.0,11702.0,,PAN
,730729,,2024,12985.0,441.0,441.0,,PAN
,730792,,2024,201677.0,6331.0,6331.0,,PAN
,730799,,2024,121561.0,16314.0,16314.0,,PAN
,7308,,2024,8861286.0,4857184.0,4857184.0,,PAN
,7309,,2024,1005587.0,372607.0,372607.0,,PAN
,7310,,2024,171610.0,60414.0,60414.0,,PAN
,731100,,2024,3241.0,6240.0,6240.0,,PAN
,731811,,2024,1665.0,1020.0,1020.0,,PAN
,730640,,2024,7001.4,3556.1,3556.1,,PRY
,730661,,2024,3529228.19,3667216.0,3667216.0,,PRY
,730690,,2024,42482.5,33199.0,33199.0,,PRY
,730711,,2024,5030.0,1945.0,1945.0,,PRY
,730719,,2024,19076.74,12234.15,12234.15,,PRY
,730722,,2024,6498.16,170.4,170.4,,PRY
,730729,,2024,109.96,8.0,8.0,,PRY
,730791,,2024,1.19,2.595,2.595,,PRY
,730792,,2024,0.33,0.68,0.68,,PRY
,730799,,2024,384.3,29.08,29.08,,PRY
,7308,,2024,2452268.46,967918.15,967918.15,,PRY
,7309,,2024,244451.9,80488.0,80488.0,,PRY
,7310,,2024,14139.71,35465.97,35465.97,,PRY
,731100,,2024,60203.86,26985.0,26985.0,,PRY
,730640,,2024,248182.213,64259.717,64259.717,,PER
,730650,,2024,146209.613,29618.008,29618.008,,PER
,730661,,2024,4896660.887,5195517.855,5195517.855,,PER
,730669,,2024,26153.7,1829.598,1829.598,,PER
,730690,,2024,550402.824,,0.0,,PER
,730711,,2024,336999.625,18114.275,18114.275,,PER
,730719,,2024,435043.752,91035.55,91035.55,,PER
,730721,,2024,92531.349,,0.0,,PER
,730722,,2024,115645.094,25886.026,25886.222,,PER
,730723,,2024,17036.287,1982.528,1982.528,,PER
,730729,,2024,138793.921,,0.0,,PER
,730791,,2024,381036.951,,0.0,,PER
,730792,,2024,1459378.601,256782.769,256783.382,,PER
,730793,,2024,26412.122,15430.615,15430.615,,PER
,730799,,2024,6098464.61,,0.0,,PER
,7308,,2024,32390088.053,,0.0,,PER
,7309,,2024,10833637.346,2048495.055,2048495.055,,PER
,7310,,2024,26104677.413,7379046.957,7379046.957,,PER
,731100,,2024,763578.2,,0.0,,PER
,731811,,2024,0.9,0.897,0.897,,PER
,730640,,2024,686907.0,267583.27,267583.27,,PHL
,730650,,2024,663.0,7.4,7.4,,PHL
,730661,,2024,758.0,3800.0,3800.0,,PHL
,730690,,2024,414325.0,62648.19,62648.19,,PHL
,730711,,2024,13479.0,8490.0,8490.0,,PHL
,730719,,2024,37638.0,25810.07,25810.07,,PHL
,730721,,2024,1512085.0,169411.65,169411.65,,PHL
,730722,,2024,758477.0,159992.9,159992.9,,PHL
,730723,,2024,1532361.0,173127.82,173127.82,,PHL
,730729,,2024,41071.0,913.3,913.3,,PHL
,730791,,2024,1793.0,587.17,587.17,,PHL
,730792,,2024,225501.0,27791.78,27791.78,,PHL
,730793,,2024,23432.0,4243.76,4243.76,,PHL
,730799,,2024,11948770.0,1382224.24,1382224.24,,PHL
,7308,,2024,82218935.0,,0.0,,PHL
,7309,,2024,4758403.0,759470.46,759470.46,,PHL
,7310,,2024,13755844.0,3797620.76,3797620.76,,PHL
,731100,,2024,8083471.0,8422759.31,8422759.31,,PHL
,731811,,2024,5738467.0,2542312.65,2542312.65,,PHL
,7308,,2024,41177091.325,0.0,0.0,,QAT
,7309,,2024,556679.661,359846.0,359846.0,,QAT
,7310,,2024,2180907.105,0.0,0.0,,QAT
,731100,,2024,19128815.88,29907418.0,29907418.0,,QAT
,730640,,2024,1160419.171,335361.0,335361.0,,SAU
,730650,,2024,5001808.942,944026.0,944026.0,,SAU
,730661,,2024,4083280.965,4804555.0,4804555.0,,SAU
,730669,,2024,38112.799,49210.0,49210.0,,SAU
,730690,,2024,7340228.883,7312590.0,7312590.0,,SAU
,730711,,2024,1899757.286,379775.0,379775.0,,SAU
,730719,,2024,4091513.498,925341.0,925341.0,,SAU
,730721,,2024,1683729.025,176981.0,176981.0,,SAU
,730722,,2024,751500.248,45398.0,45398.0,,SAU
,730723,,2024,125605.864,8707.0,8707.0,,SAU
,730729,,2024,3491305.779,3721221.0,3721221.0,,SAU
,730791,,2024,16056395.865,2606176.0,2606176.0,,SAU
,730792,,2024,3715758.84,175205.0,175205.0,,SAU
,730793,,2024,10163685.079,1192750.0,1192750.0,,SAU
,730799,,2024,6841664.362,947576.0,947576.0,,SAU
,7308,,2024,79372321.749,57677447.293,57677447.293,,SAU
,7309,,2024,16611872.118,5545249.0,5545249.0,,SAU
,7310,,2024,35538743.645,15065019.341,15065019.341,,SAU
,731100,,2024,8082538.731,8940346.0,8940346.0,,SAU
,730650,,2024,683572.333,749089.0,749089.0,,SEN
,730661,,2024,9222592.033,9142116.0,9142116.0,,SEN
,730690,,2024,106563.681,43619.0,43619.0,,SEN
,730711,,2024,69216.768,23790.0,23790.0,,SEN
,730719,,2024,5375.97,98.0,98.0,,SEN
,730721,,2024,5744.891,403.0,403.0,,SEN
,730722,,2024,11084.766,1455.0,1455.0,,SEN
,730723,,2024,47716.997,4704.0,4704.0,,SEN
,730729,,2024,8945.556,572.0,572.0,,SEN
,730791,,2024,79279.814,6542.0,6542.0,,SEN
,730792,,2024,111523.357,3848.0,3848.0,,SEN
,730793,,2024,63777.163,6189.0,6189.0,,SEN
,730799,,2024,445495.633,22333.0,22333.0,,SEN
,7308,,2024,3432053.594,616477.0,616477.0,,SEN
,7309,,2024,483691.859,129020.0,129020.0,,SEN
,7310,,2024,571681.546,115264.0,115264.0,,SEN
,731100,,2024,235094.308,141115.0,141115.0,,SEN
,731811,,2024,1475.565,14.0,14.0,,SEN
,730640,,2024,7771809.0,1396593.156,1396593.156,,SRB
,730650,,2024,105381.0,28474.0,28474.0,,SRB
,730661,,2024,40318162.0,41119844.0,41119844.0,,SRB
,730669,,2024,2776442.0,1497170.367,1497170.367,,SRB
,730690,,2024,602369.0,236352.501,236352.501,,SRB
,730711,,2024,565701.0,105905.424,105905.424,,SRB
,730719,,2024,1076279.0,200985.897,200985.897,,SRB
,730721,,2024,226108.0,12968.003,12968.003,,SRB
,730722,,2024,125441.0,25335.079,25335.079,,SRB
,730723,,2024,679538.0,150212.453,150212.453,,SRB
,730729,,2024,1501040.0,86625.275,86625.275,,SRB
,730791,,2024,323802.0,55096.682,55096.682,,SRB
,730792,,2024,208086.0,54450.227,54450.227,,SRB
,730793,,2024,3798450.0,678920.715,678920.715,,SRB
,730799,,2024,10861504.0,823533.843,823533.843,,SRB
,7308,,2024,259472443.0,97033629.582,97033629.582,,SRB
,7309,,2024,29592335.0,7307606.0,7307606.0,,SRB
,7310,,2024,5686060.0,1601996.94,1601996.94,,SRB
,731100,,2024,830341.0,123297.0,123297.0,,SRB
,731811,,2024,1418777.0,,0.0,,SRB
,730640,,2024,136221815.486,42058170.433,42058170.433,,IND
,730650,,2024,2408467.665,2946326.821,2946326.821,,IND
,730661,,2024,59599334.285,64837260.0,64837260.0,,IND
,730669,,2024,302216.0,58560.6,58560.6,,IND
,730690,,2024,93583736.077,71748221.402,71748221.402,,IND
,730711,,2024,133038146.422,59976529.909,59976529.909,,IND
,730719,,2024,74447656.074,23179932.0,23179932.0,,IND
,730721,,2024,237498818.622,43907985.0,43907985.0,,IND
,730722,,2024,15771997.073,1368865.563,1368865.563,,IND
,730723,,2024,11758181.095,1079064.0,1079064.0,,IND
,730729,,2024,60233282.615,3775664.201,3775664.201,,IND
,730791,,2024,220450816.52,111636441.629,111636441.629,,IND
,730792,,2024,80372198.865,25574564.355,25574564.355,,IND
,730793,,2024,15858379.416,4892984.757,4892984.757,,IND
,730799,,2024,141918221.865,34600539.971,34600539.971,,IND
,7308,,2024,1765139298.082,564960854.619,564960854.619,,IND
,7309,,2024,63197553.845,19343098.567,19343098.567,,IND
,7310,,2024,88964269.608,42338538.255,42338538.255,,IND
,731100,,2024,149510573.547,47117826.985,47117826.985,,IND
,731811,,2024,12353354.843,3006310.267,3006310.267,,IND
,730640,,2024,11439953.347,2024451.457,2024451.457,,SGP
,730650,,2024,2258998.428,267977.453,267977.453,,SGP
,730661,,2024,12283657.79,12868832.929,12868832.929,,SGP
,730669,,2024,250260.184,88050.0,88050.0,,SGP
,730690,,2024,30795472.586,14329461.385,14329461.385,,SGP
,730711,,2024,3765071.468,516879.068,516879.068,,SGP
,730719,,2024,11560206.297,1631576.682,1631576.682,,SGP
,730721,,2024,22092928.123,3653915.728,3653915.728,,SGP
,730722,,2024,28357794.287,1330219.954,1330219.954,,SGP
,730723,,2024,20597303.857,489609.602,489609.602,,SGP
,730729,,2024,34771763.153,1362622.259,1362622.259,,SGP
,730791,,2024,40283659.775,3660228.801,3660228.801,,SGP
,730792,,2024,14975611.29,672062.929,672062.929,,SGP
,730793,,2024,19503488.905,3577427.443,3577427.443,,SGP
,730799,,2024,114828054.44,10866480.152,10866480.152,,SGP
,7308,,2024,184626805.631,97291016.003,97291016.003,,SGP
,7309,,2024,12162220.915,4200243.678,4200243.678,,SGP
,7310,,2024,95144629.147,,0.0,,SGP
,731100,,2024,32160362.201,15418975.688,15418975.688,,SGP
,731811,,2024,2231040.736,745647.908,745647.908,,SGP
,730640,,2024,3895422.97,2101542.53,2101542.53,,ZAF
,730650,,2024,803090.739,380234.46,380234.46,,ZAF
,730661,,2024,14474380.714,14175588.47,14175588.47,,ZAF
,730669,,2024,824385.424,423968.05,423968.05,,ZAF
,730690,,2024,38811004.318,21292143.76,21292143.76,,ZAF
,730711,,2024,4421137.473,1291052.86,1291052.86,,ZAF
,730719,,2024,7470205.979,988716.98,988716.98,,ZAF
,730721,,2024,10166350.38,2067530.47,2067530.47,,ZAF
,730722,,2024,3544518.544,440399.89,440399.89,,ZAF
,730723,,2024,990039.347,206284.96,206284.96,,ZAF
,730729,,2024,15298628.867,2672244.05,2672244.05,,ZAF
,730791,,2024,9785689.492,1940035.22,1940035.22,,ZAF
,730792,,2024,2830504.597,468242.84,468242.84,,ZAF
,730793,,2024,755083.294,194300.09,194300.09,,ZAF
,730799,,2024,33522932.914,6408154.47,6408154.47,,ZAF
,7308,,2024,318434318.437,114651554.929,114651554.929,,ZAF
,7309,,2024,23391940.716,7821115.344,7821115.344,,ZAF
,7310,,2024,21433668.419,13387564.95,13387564.95,,ZAF
,731100,,2024,8429304.544,2980264.69,2980264.69,,ZAF
,731811,,2024,1129956.143,293973.61,293973.61,,ZAF
,730690,,2024,78114.326,30629.79,30629.79,,ZWE
,730719,,2024,95.722,1.0,1.0,,ZWE
,730721,,2024,508.746,814.91,814.91,,ZWE
,730722,,2024,5338.471,101.0,101.0,,ZWE
,730729,,2024,426.959,115.0,115.0,,ZWE
,730791,,2024,9187.64,123.0,123.0,,ZWE
,730792,,2024,2196.569,5.0,5.0,,ZWE
,730799,,2024,441586.563,12686.41,12686.41,,ZWE
,7308,,2024,1643977.888,1588369.89,1588369.89,,ZWE
,7309,,2024,165230.566,43338.3,43338.3,,ZWE
,7310,,2024,2109.981,6985.0,6985.0,,ZWE
,731100,,2024,72289.02,85993.0,85993.0,,ZWE
,730690,,2024,62500.133,27260.6,27260.6,,SUR
,730729,,2024,20733.58,2248.0,2248.0,,SUR
,730791,,2024,3262.78,500.0,500.0,,SUR
,730792,,2024,27396.72,1232.0,1232.0,,SUR
,730799,,2024,115301.61,13952.0,13952.0,,SUR
,7308,,2024,4454148.833,1136771.1,1136771.1,,SUR
,7309,,2024,773420.958,325938.0,325938.0,,SUR
,7310,,2024,1500.0,3200.0,3200.0,,SUR
,731100,,2024,195441.462,66493.0,66493.0,,SUR
,730640,,2024,73862424.02,31152124.033,31152124.033,,THA
,730650,,2024,5471039.35,1697821.0,1697821.0,,THA
,730661,,2024,25449266.6,30246660.0,30246660.0,,THA
,730669,,2024,196420.47,182609.0,182609.0,,THA
,730690,,2024,10364809.31,3004587.007,3004587.007,,THA
,730711,,2024,22221121.54,8123579.92,8123579.92,,THA
,730719,,2024,87367738.86,22389814.4,22389814.4,,THA
,730721,,2024,3336439.45,190500.154,190500.154,,THA
,730722,,2024,3740583.67,148096.142,148096.142,,THA
,730723,,2024,29800796.57,1637980.311,1637980.311,,THA
,730729,,2024,35705774.73,2664309.074,2664309.074,,THA
,730791,,2024,3041140.14,314350.473,314350.473,,THA
,730792,,2024,32014009.68,7298990.818,7298990.818,,THA
,730793,,2024,52497678.99,16434060.135,16434060.135,,THA
,730799,,2024,51126616.47,5501873.301,5501873.301,,THA
,7308,,2024,1134574117.48,188614154.97,188614154.97,,THA
,7309,,2024,28995762.11,8019845.047,8019845.047,,THA
,7310,,2024,83767089.18,32544327.662,32544327.662,,THA
,731100,,2024,195955911.58,112429120.198,112429120.198,,THA
,731811,,2024,958038.01,219089.263,219089.263,,THA
,730640,,2024,33163.477,34600.0,34600.0,,TGO
,730690,,2024,848.257,3500.0,3500.0,,TGO
,730722,,2024,1153.38,2.0,2.0,,TGO
,730792,,2024,3221.42,10.0,10.0,,TGO
,730799,,2024,3197.815,89.0,89.0,,TGO
,7308,,2024,327406.588,95335.0,95335.0,,TGO
,7309,,2024,492.826,279.0,279.0,,TGO
,7310,,2024,13592.0,5120.0,5120.0,,TGO
,731100,,2024,355210.776,171537.0,171537.0,,TGO
,730661,,2024,169675.272,47006.368,47006.368,,TTO
,730690,,2024,126421702.324,681696.0,681696.0,,TTO
,730711,,2024,687.099,51.0,51.0,,TTO
,730719,,2024,501550.694,13155.0,13155.0,,TTO
,730721,,2024,17402.793,1349.0,1349.0,,TTO
,730722,,2024,7424.013,537.0,537.0,,TTO
,730723,,2024,331.846,70.0,70.0,,TTO
,730729,,2024,79934.096,2265.332,2265.332,,TTO
,730791,,2024,55424.766,2757.95,2757.95,,TTO
,730792,,2024,123441.894,7440.366,7440.366,,TTO
,730793,,2024,248.144,147.0,147.0,,TTO
,730799,,2024,531828.512,120032.655,120032.655,,TTO
,7308,,2024,12351972.242,4682623.747,4682623.747,,TTO
,7309,,2024,407491.226,127764.0,127764.0,,TTO
,7310,,2024,172316.113,33395.166,33395.166,,TTO
,731100,,2024,772668.707,333708.0,333708.0,,TTO
,731811,,2024,24089.042,6022.037,6022.037,,TTO
,730640,,2024,511552.222,84482.14,84482.14,,TUN
,730650,,2024,359437.47,,0.0,,TUN
,730661,,2024,334204.885,329217.113,329217.113,,TUN
,730669,,2024,60851.178,29396.548,29396.548,,TUN
,730690,,2024,1132607.088,,0.0,,TUN
,730711,,2024,2251104.858,386803.809,386803.809,,TUN
,730719,,2024,34311.09,4835.857,4835.857,,TUN
,730721,,2024,97164.875,6076.429,6076.429,,TUN
,730722,,2024,37107.917,,0.0,,TUN
,730723,,2024,44860.897,2170.073,2170.073,,TUN
,730729,,2024,1631504.561,33430.123,33430.123,,TUN
,730791,,2024,168660.472,29245.391,29245.391,,TUN
,730792,,2024,679213.805,52368.311,52368.311,,TUN
,730793,,2024,916717.217,147577.402,147577.402,,TUN
,730799,,2024,2008223.081,131895.329,131895.329,,TUN
,7308,,2024,121102360.052,42911669.089,42911669.089,,TUN
,7309,,2024,9252813.123,1417635.734,1417635.734,,TUN
,7310,,2024,18610745.875,4541168.494,4541168.494,,TUN
,731100,,2024,9488647.321,2291638.934,2291638.934,,TUN
,731811,,2024,455.679,180.362,180.362,,TUN
,730640,,2024,30179966.0,7004032.0,7004032.0,,TUR
,730650,,2024,4718690.0,2595507.092,2595507.092,,TUR
,730661,,2024,659011494.0,915978824.0,915978824.0,,TUR
,730669,,2024,14406742.0,19241158.0,19241158.0,,TUR
,730690,,2024,32323616.0,18967483.787,18967483.787,,TUR
,730711,,2024,7042484.0,1111919.0,1111919.0,,TUR
,730719,,2024,18287646.0,4069186.0,4069186.0,,TUR
,730721,,2024,12766083.0,1198214.0,1198214.0,,TUR
,730722,,2024,4519548.0,879722.0,879722.0,,TUR
,730723,,2024,7682949.0,899736.0,899736.0,,TUR
,730729,,2024,17862984.0,1958815.0,1958815.0,,TUR
,730791,,2024,26198032.0,3800219.0,3800219.0,,TUR
,730792,,2024,8628033.0,2046869.0,2046869.0,,TUR
,730793,,2024,23253710.0,7420936.0,7420936.0,,TUR
,730799,,2024,45989840.0,7144653.0,7144653.0,,TUR
,7308,,2024,2636552682.0,1277589149.665,1277589149.665,,TUR
,7309,,2024,98278888.0,19949369.419,19949369.419,,TUR
,7310,,2024,236205318.0,80144698.0,80144698.0,,TUR
,731100,,2024,247160832.0,78876103.006,78876103.006,,TUR
,731811,,2024,9500486.0,5125145.0,5125145.0,,TUR
,730640,,2024,16104.88,9075.0,9075.0,,UGA
,730650,,2024,889.88,22.0,22.0,,UGA
,730661,,2024,548803.28,669611.6,669611.6,,UGA
,730669,,2024,2871.03,3244.0,3244.0,,UGA
,730690,,2024,30658844.72,32409536.0,32409536.0,,UGA
,730711,,2024,14350.02,1490.0,1490.0,,UGA
,730719,,2024,2031.94,1300.0,1300.0,,UGA
,730721,,2024,219.0,106.0,106.0,,UGA
,730722,,2024,6484.37,2007.0,2007.0,,UGA
,730723,,2024,538.56,105.0,105.0,,UGA
,730729,,2024,47054.99,9088.0,9088.0,,UGA
,730791,,2024,2398.48,120.0,120.0,,UGA
,730792,,2024,2906.83,230.0,230.0,,UGA
,730799,,2024,64177.36,45811.77,45811.77,,UGA
,7308,,2024,2057383.8,1087519.6,1087519.6,,UGA
,7309,,2024,72298.92,71988.0,71988.0,,UGA
,7310,,2024,176082.51,182549.0,182549.0,,UGA
,731100,,2024,148495.22,117481.0,117481.0,,UGA
,730640,,2024,1541579.2,412790.305,412790.305,,UKR
,730650,,2024,6527.99,449.3,449.3,,UKR
,730661,,2024,43478338.94,59803373.832,59803373.832,,UKR
,730669,,2024,162925.48,110088.319,110088.319,,UKR
,730690,,2024,246778.39,182740.837,182740.837,,UKR
,730711,,2024,74786.95,14439.833,14439.833,,UKR
,730719,,2024,293319.01,79527.14,79527.14,,UKR
,730721,,2024,180397.01,2331.528,2331.528,,UKR
,730722,,2024,47395.48,4465.803,4465.803,,UKR
,730723,,2024,754142.31,7602.559,7602.559,,UKR
,730729,,2024,1238116.82,83796.157,83796.157,,UKR
,730791,,2024,367953.86,52119.134,52119.134,,UKR
,730792,,2024,89867.99,3131.357,3131.357,,UKR
,730793,,2024,639832.42,51791.035,51791.035,,UKR
,730799,,2024,1508180.43,320519.573,320519.573,,UKR
,7308,,2024,83463400.49,35905954.87,35905954.87,,UKR
,7309,,2024,10859320.34,4451808.9,4451808.9,,UKR
,7310,,2024,3872188.97,999906.427,999906.427,,UKR
,731100,,2024,1014046.32,383010.139,383010.139,,UKR
,731811,,2024,16327.61,4239.38,4239.38,,UKR
,730640,,2024,4144.58,752.583,752.583,,MKD
,730650,,2024,7272.01,97.0,97.0,,MKD
,730661,,2024,100958704.44,129922911.0,129922911.0,,MKD
,730669,,2024,24364.25,13038.0,13038.0,,MKD
,730690,,2024,911567.62,992699.127,992699.127,,MKD
,730711,,2024,272896.53,60306.307,60306.307,,MKD
,730719,,2024,591807.56,125535.857,125535.857,,MKD
,730721,,2024,21538.51,5186.0,5186.0,,MKD
,730722,,2024,10993.6,34.769,34.769,,MKD
,730723,,2024,2819.89,93.0,93.0,,MKD
,730729,,2024,8067.81,554.172,554.172,,MKD
,730791,,2024,206456.53,60338.0,60338.0,,MKD
,730792,,2024,1360.1,65.616,65.616,,MKD
,730793,,2024,6215.4,1239.64,1239.64,,MKD
,730799,,2024,207220.47,3828.902,3828.902,,MKD
,7308,,2024,29851033.72,13618102.799,13618102.799,,MKD
,7309,,2024,465093.01,114773.0,114773.0,,MKD
,7310,,2024,907469.54,295782.0,295782.0,,MKD
,731100,,2024,539428.72,89599.0,89599.0,,MKD
,731811,,2024,6089.75,3099.0,3099.0,,MKD
,730640,,2024,343639.81,52286.508,52286.508,,EGY
,730661,,2024,154106.899,139957.358,139957.358,,EGY
,730690,,2024,2412667.445,727057.911,727057.911,,EGY
,730711,,2024,49066.1,5489.077,5489.077,,EGY
,730719,,2024,931552.274,112157.47,112157.47,,EGY
,730721,,2024,26917.432,1403.053,1403.053,,EGY
,730722,,2024,70092.42,718.801,718.801,,EGY
,730723,,2024,150.0,6.003,6.003,,EGY
,730729,,2024,71251.876,1325.013,1325.013,,EGY
,730791,,2024,70200.0,10217.175,10217.175,,EGY
,730792,,2024,161654.196,10911.329,10911.329,,EGY
,730793,,2024,44694.581,5709.466,5709.466,,EGY
,730799,,2024,8773216.486,502173.633,502173.633,,EGY
,7308,,2024,247169321.375,78336128.359,78336128.359,,EGY
,7309,,2024,7487112.794,1087839.24,1087839.24,,EGY
,7310,,2024,20761441.402,4544406.78,4544406.78,,EGY
,731100,,2024,1014489.749,207306.126,207306.126,,EGY
,730640,,2024,15000832.201,1091005.253,1091005.253,,GBR
,730650,,2024,2468780.194,101419.208,101419.208,,GBR
,730661,,2024,233296279.201,199988433.422,199988433.422,,GBR
,730669,,2024,5108272.3,2356383.0,2356383.0,,GBR
,730690,,2024,34095705.095,2317660.86,2317660.86,,GBR
,730711,,2024,62369285.382,6242763.57,6242763.57,,GBR
,730719,,2024,41636042.841,2105990.482,2105990.482,,GBR
,730721,,2024,36585603.752,782478.813,782478.813,,GBR
,730722,,2024,35945192.155,522009.436,522009.436,,GBR
,730723,,2024,30514953.022,646537.027,646537.027,,GBR
,730729,,2024,187564172.729,2979438.01,2979438.01,,GBR
,730791,,2024,69900095.658,3277953.768,3277953.768,,GBR
,730792,,2024,17821752.086,459815.399,459815.399,,GBR
,730793,,2024,16332627.104,1093026.718,1093026.718,,GBR
,730799,,2024,180474647.145,5557807.71,5557807.71,,GBR
,7308,,2024,1118022207.359,281398372.974,281398372.974,,GBR
,7309,,2024,129235615.049,23206143.254,23206143.254,,GBR
,7310,,2024,255652979.986,,0.0,,GBR
,731100,,2024,81315650.492,9961628.618,9961628.618,,GBR
,731811,,2024,10178954.724,,0.0,,GBR
,730640,,2024,159307.878,103378.0,103378.0,,TZA
,730661,,2024,13429483.62,17426509.0,17426509.0,,TZA
,730669,,2024,36852.491,34700.0,34700.0,,TZA
,730690,,2024,1478114.978,1278691.03,1278691.03,,TZA
,730711,,2024,436.689,684.0,684.0,,TZA
,730719,,2024,15459.578,11359.88,11359.88,,TZA
,730721,,2024,15000.0,683.0,683.0,,TZA
,730722,,2024,3640.915,813.0,813.0,,TZA
,730723,,2024,35.29,10.0,10.0,,TZA
,730729,,2024,5916.23,5128.0,5128.0,,TZA
,730791,,2024,33976.653,211.0,211.0,,TZA
,730792,,2024,72586.248,9612.2,9612.2,,TZA
,730793,,2024,831.101,509.0,509.0,,TZA
,730799,,2024,228399.132,78447.45,78447.45,,TZA
,7308,,2024,1024096.093,1141295.53,1141295.53,,TZA
,7309,,2024,602248.247,180301.21,180301.21,,TZA
,7310,,2024,476576.717,,0.0,,TZA
,731100,,2024,779275.306,393434.6,393434.6,,TZA
,731811,,2024,4530.833,12423.0,12423.0,,TZA
,730640,,2024,218503248.0,22898525.0,22898525.0,,USA
,730650,,2024,87591746.0,22932087.0,22932087.0,,USA
,730661,,2024,160738812.0,92787910.0,92787910.0,,USA
,730669,,2024,18484472.0,15723027.0,15723027.0,,USA
,730690,,2024,44907021.0,13987262.0,13987262.0,,USA
,730711,,2024,30922746.0,3904147.0,3904147.0,,USA
,730719,,2024,219549072.0,22926600.0,22926600.0,,USA
,730721,,2024,93381208.0,3828621.0,3828621.0,,USA
,730722,,2024,369690028.0,2574780.0,2574780.0,,USA
,730723,,2024,73632770.0,852234.0,852234.0,,USA
,730729,,2024,406802108.0,5700131.0,5700131.0,,USA
,730791,,2024,107297914.0,8713980.0,8713980.0,,USA
,730792,,2024,196322828.0,20583813.0,20583813.0,,USA
,730793,,2024,59147816.0,4256896.0,4256896.0,,USA
,730799,,2024,419416706.0,24132871.0,24132871.0,,USA
,7308,,2024,1411361541.0,312252883.336,312252883.336,,USA
,7309,,2024,372380471.0,54104980.07,54104980.07,,USA
,7310,,2024,738084430.0,104906741.753,104906741.753,,USA
,731100,,2024,347118793.0,70932064.47,70932064.47,,USA
,731811,,2024,22284025.0,3463254.0,3463254.0,,USA
,730640,,2024,18180198.0,5122393.0,5122393.0,,URY
,730661,,2024,31783.0,6425.0,6425.0,,URY
,730690,,2024,4270.0,2817.0,2817.0,,URY
,730711,,2024,6280.0,7281.0,7281.0,,URY
,730719,,2024,11036.0,649.0,649.0,,URY
,730721,,2024,9859.0,110.156,110.156,,URY
,730722,,2024,3551.0,121.0,121.0,,URY
,730723,,2024,4866.0,1335.0,1335.0,,URY
,730729,,2024,21793.0,784.0,784.0,,URY
,730791,,2024,641.0,48.0,48.0,,URY
,730792,,2024,1661.0,8.0,8.0,,URY
,730799,,2024,12555.0,506.031,506.031,,URY
,7308,,2024,1126347.0,414360.221,414360.221,,URY
,7309,,2024,640615.0,62004.0,62004.0,,URY
,7310,,2024,219045.0,103003.399,103003.399,,URY
,731100,,2024,204613.0,40004.0,40004.0,,URY
,730640,,2024,284.0,0.12,0.12,,UZB
,730650,,2024,16936.0,18088.45,18088.45,,UZB
,730661,,2024,1051335.99,1378558.675,1378558.675,,UZB
,730669,,2024,400.0,1900.0,1900.0,,UZB
,730690,,2024,20409.0,,0.0,,UZB
,730721,,2024,20733.99,244.702,244.702,,UZB
,730722,,2024,351.0,31.2,31.2,,UZB
,730729,,2024,85756.0,,0.0,,UZB
,730791,,2024,4473.0,750.234,750.234,,UZB
,730792,,2024,81740.0,10320.0,10320.0,,UZB
,730793,,2024,3463.0,1040.0,1040.0,,UZB
,730799,,2024,27902.98,26063.259,26063.259,,UZB
,7308,,2024,9562966.95,5808097.439,5808097.439,,UZB
,7309,,2024,100962.0,108881.569,108881.569,,UZB
,7310,,2024,41134.99,41397.884,41397.884,,UZB
,731100,,2024,487115.96,123297.671,123297.671,,UZB
,731811,,2024,28.0,47.916,47.916,,UZB
,730650,,2024,16000.0,8000.0,8000.0,,YEM
,7308,,2024,3000.0,300.0,300.0,,YEM
,7309,,2024,28403.0,6435.0,6435.0,,YEM
,7310,,2024,1000.0,300.0,300.0,,YEM
,731100,,2024,65093.264,212400.0,212400.0,,YEM
,730640,,2024,23602.211,27324.82,27324.82,,ZMB
,730661,,2024,4463650.018,5543912.85,5543912.85,,ZMB
,730669,,2024,3.677,25.0,25.0,,ZMB
,730690,,2024,117977.976,84765.7,84765.7,,ZMB
,730711,,2024,638.689,542.0,542.0,,ZMB
,730719,,2024,146423.495,4525.3,4525.3,,ZMB
,730721,,2024,34182.45,4906.59,4906.59,,ZMB
,730722,,2024,11503.42,14180.5,14180.5,,ZMB
,730723,,2024,83.1,2.5,2.5,,ZMB
,730729,,2024,267964.055,29624.15,29624.15,,ZMB
,730791,,2024,66524.435,5438.31,5438.31,,ZMB
,730792,,2024,22669.353,13889.3,13889.3,,ZMB
,730793,,2024,2361.39,919.0,919.0,,ZMB
,730799,,2024,229672.473,145530.11,145530.11,,ZMB
,7308,,2024,8430976.206,4506187.15,4506187.15,,ZMB
,7309,,2024,132743.151,61612.3,61612.3,,ZMB
,7310,,2024,786758.817,223134.11,223134.11,,ZMB
,731100,,2024,212423.127,672593.0,672593.0,,ZMB
,731811,,2024,2252.915,2075.33,2075.33,,ZMB
,731815,,2023,298519.012,3341.37,3341.37,,ALB
,732690,,2023,6116231.063,1581959.49,1581959.49,,ALB
,7601,,2023,41628380.885,14686727.0,14686727.0,,ALB
,760410,,2023,31707043.943,6264077.92,6264077.92,,ALB
,760429,,2023,966611.328,173847.744,173847.744,,ALB
,731812,,2023,368.793,67.0,67.0,,AGO
,731813,,2023,250.689,1107.0,1107.0,,AGO
,731814,,2023,971.017,422.0,422.0,,AGO
,731815,,2023,104703.426,72614.325,72614.325,,AGO
,731816,,2023,42701.84,21931.06,21931.06,,AGO
,731819,,2023,16121.058,,0.0,,AGO
,731821,,2023,1748.962,,0.0,,AGO
,731822,,2023,24768.11,,0.0,,AGO
,731823,,2023,5952.565,452.0,452.0,,AGO
,731824,,2023,22844.974,3578.065,3578.065,,AGO
,731829,,2023,25504.784,8086.25,8086.25,,AGO
,732611,,2023,505.734,10.0,10.0,,AGO
,732619,,2023,1121456.66,860284.0,860284.0,,AGO
,732620,,2023,341.305,133.0,133.0,,AGO
,732690,,2023,5598735.751,1064372.863,1064372.863,,AGO
,7601,,2023,2235189.298,6624225.0,6624225.0,,AGO
,7603,,2023,3173.869,2669.0,2669.0,,AGO
,760410,,2023,408719.153,752943.0,752943.0,,AGO
,760429,,2023,956155.488,1997753.8,1997753.8,,AGO
,731812,,2023,985.56,272.5,272.5,,AZE
,731813,,2023,690.26,55.55,55.55,,AZE
,731814,,2023,10275.14,1435.854,1435.854,,AZE
,731815,,2023,128377.22,5578.463,5578.463,,AZE
,731816,,2023,90125.4,,0.0,,AZE
,731819,,2023,57112.03,4053.352,4053.352,,AZE
,731821,,2023,9750.66,250.361,250.361,,AZE
,731822,,2023,9001.8,471.588,471.588,,AZE
,731823,,2023,538.94,16.93,16.93,,AZE
,731824,,2023,44932.97,459.544,459.544,,AZE
,731829,,2023,30388.8,1167.314,1167.314,,AZE
,732619,,2023,85861.7,955.1,955.1,,AZE
,732620,,2023,3210.38,1042.94,1042.94,,AZE
,732690,,2023,3053756.64,,0.0,,AZE
,7601,,2023,82843778.88,34979811.0,34979811.0,,AZE
,760410,,2023,1466.63,745.8,745.8,,AZE
,760421,,2023,3630014.13,1077283.85,1077283.85,,AZE
,760429,,2023,2411414.86,692735.41,692735.41,,AZE
,731812,,2023,82874.65,21910.68,21910.68,,ARG
,731813,,2023,58995.3,6081.09,6081.09,,ARG
,731814,,2023,133928.0,19146.39,19146.39,,ARG
,731815,,2023,7050136.28,1009895.16,1009895.16,,ARG
,731816,,2023,708668.22,120939.82,120939.82,,ARG
,731819,,2023,130018.73,32094.57,32094.57,,ARG
,731821,,2023,103807.25,4413.92,4413.92,,ARG
,731822,,2023,522951.45,31947.73,31947.73,,ARG
,731823,,2023,10986.0,1544.06,1544.06,,ARG
,731824,,2023,157055.16,5007.72,5007.72,,ARG
,731829,,2023,164076.14,5809.62,5809.62,,ARG
,732619,,2023,6532.45,773.56,773.56,,ARG
,732620,,2023,483119.45,117970.13,117970.13,,ARG
,732690,,2023,16478639.8,2334500.93,2334500.93,,ARG
,760410,,2023,50890.73,5877.53,5877.53,,ARG
,760421,,2023,1696329.77,299774.82,299774.82,,ARG
,760429,,2023,584506.27,86354.34,86354.34,,ARG
,731812,,2023,567981.049,531791.49,531791.49,,AUS
,731813,,2023,689792.827,21111.75,21111.75,,AUS
,731814,,2023,1136054.444,92013.1,92013.1,,AUS
,731815,,2023,50966261.181,7688548.24,7688548.24,,AUS
,731816,,2023,7385864.991,612682.11,612682.11,,AUS
,731819,,2023,9876332.869,1342707.98,1342707.98,,AUS
,731821,,2023,6204692.023,,0.0,,AUS
,731822,,2023,4331161.104,1433121.35,1433121.35,,AUS
,731823,,2023,2017814.262,262633.23,262633.23,,AUS
,731824,,2023,1619710.65,99666.1,99666.1,,AUS
,731829,,2023,43603760.665,13629912.59,13629912.59,,AUS
,732611,,2023,20398858.784,,0.0,,AUS
,732619,,2023,1526028.191,143202.595,143202.595,,AUS
,732620,,2023,12234519.202,12324156.97,12324156.97,,AUS
,732690,,2023,118265753.108,,0.0,,AUS
,7601,,2023,3430814799.132,,0.0,,AUS
,7603,,2023,48594234.08,18980920.34,18980920.34,,AUS
,760410,,2023,1770623.717,,0.0,,AUS
,760421,,2023,1368919.233,284534.938,284534.938,,AUS
,760429,,2023,5798734.258,,0.0,,AUS
,731812,,2023,3433.689,566.687,566.687,,BHR
,731813,,2023,187186.837,23877.042,23877.042,,BHR
,731814,,2023,630277.559,80367.552,80367.552,,BHR
,731815,,2023,1905579.883,,0.0,,BHR
,731816,,2023,182533.135,,0.0,,BHR
,731819,,2023,127729.997,8659.797,8659.797,,BHR
,731821,,2023,29505.487,1175.78,1175.78,,BHR
,731822,,2023,85739.558,,0.0,,BHR
,731823,,2023,515.822,48.923,48.923,,BHR
,731824,,2023,32514.989,2316.515,2316.515,,BHR
,731829,,2023,176383.984,,0.0,,BHR
,732611,,2023,650.138,594.782,594.782,,BHR
,732619,,2023,81622.234,14421.017,14421.017,,BHR
,732620,,2023,1112773.443,331837.699,331837.699,,BHR
,732690,,2023,2865059.427,,0.0,,BHR
,7601,,2023,3322847715.282,1240890459.292,1240890459.292,,BHR
,7603,,2023,22672093.234,5412510.783,5412510.783,,BHR
,760410,,2023,104311.071,14942.643,14942.643,,BHR
,760421,,2023,1407105.349,237705.192,237705.192,,BHR
,760429,,2023,22744775.463,3699266.224,3699266.224,,BHR
,731812,,2023,20815.98,1975.838,1975.838,,ARM
,731813,,2023,11661.29,197.053,197.053,,ARM
,731814,,2023,32601.3,1363.786,1363.786,,ARM
,731815,,2023,441618.74,19824.644,23604.494,,ARM
,731816,,2023,133380.54,2633.608,2633.608,,ARM
,731819,,2023,125902.8,5594.709,5594.709,,ARM
,731821,,2023,43112.97,307.068,307.068,,ARM
,731822,,2023,170990.66,1537.374,1537.374,,ARM
,731823,,2023,4283.4,3658.584,3658.584,,ARM
,731824,,2023,78678.77,,0.0,,ARM
,731829,,2023,145372.78,4704.489,4704.489,,ARM
,732611,,2023,6.73,,0.0,,ARM
,732619,,2023,24830.14,116.176,116.176,,ARM
,732620,,2023,46700.83,5620.649,5620.649,,ARM
,732690,,2023,3501986.42,141311.505,142226.005,,ARM
,7601,,2023,10234919.05,4736428.0,4736428.0,,ARM
,760410,,2023,4596.98,675.53,675.53,,ARM
,760421,,2023,1228.27,41.35,41.35,,ARM
,760429,,2023,170482.64,28003.345,28003.345,,ARM
,731812,,2023,190.0,4.61,4.61,,BOL
,731815,,2023,239735.96,26108.37,26108.37,,BOL
,731816,,2023,5182.54,4914.72,4914.72,,BOL
,731821,,2023,0.12,0.01,0.01,,BOL
,731822,,2023,5485.75,61.01,61.01,,BOL
,731823,,2023,14541.06,2377.93,2377.93,,BOL
,731824,,2023,2272.68,201.75,201.75,,BOL
,731829,,2023,6856.51,13.98,13.98,,BOL
,732619,,2023,17.2,11.84,11.84,,BOL
,732620,,2023,48696.6,33527.0,33527.0,,BOL
,732690,,2023,2098897.46,715982.15,715982.15,,BOL
,760421,,2023,1187.54,420.2,420.2,,BOL
,760429,,2023,244.95,66.0,66.0,,BOL
,731812,,2023,105477.194,13464.36,13464.36,,BIH
,731813,,2023,112.052,19.9,19.9,,BIH
,731814,,2023,562176.092,61116.9,61116.9,,BIH
,731815,,2023,33057863.628,9066199.47,9066199.47,,BIH
,731816,,2023,189214.893,13996.37,13996.37,,BIH
,731819,,2023,2987606.049,503464.72,503464.72,,BIH
,731821,,2023,10984096.49,2564920.03,2564920.03,,BIH
,731822,,2023,17922359.091,3882098.82,3882098.82,,BIH
,731823,,2023,10240.217,2648.89,2648.89,,BIH
,731824,,2023,39173.21,3993.61,3993.61,,BIH
,731829,,2023,639357.498,75478.55,75478.55,,BIH
,732619,,2023,6536955.938,3320504.63,3320504.63,,BIH
,732620,,2023,894821.599,119210.4,119210.4,,BIH
,732690,,2023,75724937.348,19015016.83,19015016.83,,BIH
,7601,,2023,123574279.105,43093697.73,43093697.73,,BIH
,7603,,2023,0.081,0.06,0.06,,BIH
,760410,,2023,343696.672,60848.47,60848.47,,BIH
,760421,,2023,52050621.16,,0.0,,BIH
,760429,,2023,80179315.055,16143176.02,16143176.02,,BIH
,731812,,2023,2422332.0,739068.677,742593.677,,BRA
,731813,,2023,231802.0,32225.262,46959.262,,BRA
,731814,,2023,4435760.0,869957.903,1229788.903,,BRA
,731815,,2023,84913584.0,16228515.378,19409544.378,,BRA
,731816,,2023,33445593.0,4893630.066,5494292.066,,BRA
,731819,,2023,10737849.0,1330393.488,1706259.488,,BRA
,731821,,2023,3143570.0,181284.693,191820.693,,BRA
,731822,,2023,7993071.0,626169.947,805106.947,,BRA
,731823,,2023,2034114.0,261361.726,438687.726,,BRA
,731824,,2023,3012472.0,105317.32,108107.32,,BRA
,731829,,2023,17169974.0,981600.481,1083368.481,,BRA
,732611,,2023,29331.0,5653.0,5653.0,,BRA
,732619,,2023,6207492.0,936964.438,960637.438,,BRA
,732620,,2023,15341392.0,4797613.562,4798168.562,,BRA
,732690,,2023,158896721.0,37750906.338,45778576.338,,BRA
,7601,,2023,729698878.0,,0.0,,BRA
,7603,,2023,1468666.0,201594.0,201594.0,,BRA
,760410,,2023,908248.0,147180.126,148057.126,,BRA
,760421,,2023,9427122.0,1506204.228,1514016.228,,BRA
,760429,,2023,18980741.0,3338918.344,3585584.344,,BRA
,731812,,2023,478.088,82.66,82.66,,BRN
,731814,,2023,60314.786,21749.9,21749.9,,BRN
,731815,,2023,146992.388,120422.112,120422.112,,BRN
,731816,,2023,124032.536,458.05,458.05,,BRN
,731819,,2023,4223.614,135.52,135.52,,BRN
,731821,,2023,304.919,150.02,150.02,,BRN
,731822,,2023,3347.977,83.41,83.41,,BRN
,731823,,2023,147.11,3706.08,3706.08,,BRN
,731824,,2023,11054.363,57.927,57.927,,BRN
,731829,,2023,22265.776,8184.19,8184.19,,BRN
,732619,,2023,2064.353,1392.0,1392.0,,BRN
,732620,,2023,20238.733,16556.3,16556.3,,BRN
,732690,,2023,4293400.77,1685053.83,1685053.83,,BRN
,7601,,2023,691.962,10.0,10.0,,BRN
,7603,,2023,389551.739,779393.0,779393.0,,BRN
,760410,,2023,1633.358,68.42,68.42,,BRN
,760421,,2023,22724.312,12573.0,12573.0,,BRN
,760429,,2023,354140.57,219335.184,219335.184,,BRN
,731816,,2023,113.62,2.4,2.4,,MMR
,731819,,2023,98752.47,30949.33,30949.33,,MMR
,731822,,2023,609325.0,16000.0,16000.0,,MMR
,731824,,2023,60716.09,16400.0,16400.0,,MMR
,731829,,2023,1635920.06,351253.97,351253.97,,MMR
,732619,,2023,56.81,5.0,5.0,,MMR
,732620,,2023,269740.0,157235.0,157235.0,,MMR
,732690,,2023,10338413.59,220368.97,220368.97,,MMR
,7601,,2023,25702721.789,13191277.98,13191277.98,,MMR
,760429,,2023,861453.95,242793.5,242793.5,,MMR
,731812,,2023,6146.25,3107.3,3107.3,,KHM
,731815,,2023,10270.91,2342.23,2342.23,,KHM
,731816,,2023,1098.5,7.15,7.15,,KHM
,731819,,2023,603.8,15.62,15.62,,KHM
,731822,,2023,3107.51,71.81,71.81,,KHM
,731824,,2023,733.8,9.62,9.62,,KHM
,731829,,2023,3416.57,189.33,189.33,,KHM
,732619,,2023,641.04,32.36,32.36,,KHM
,732620,,2023,6880443.76,2906685.07,2906685.07,,KHM
,732690,,2023,10769999.23,5478451.308,5478451.308,,KHM
,7601,,2023,32644288.21,17979339.172,17979339.172,,KHM
,731813,,2023,6717.6,1643.0,1643.0,,CMR
,731814,,2023,634.199,44.0,44.0,,CMR
,731815,,2023,26216.161,1585.82,1585.82,,CMR
,731816,,2023,1637.028,126.4,126.4,,CMR
,731819,,2023,14.29,1.0,1.0,,CMR
,731821,,2023,583.91,20.0,20.0,,CMR
,731824,,2023,4485.435,158.0,158.0,,CMR
,731829,,2023,1088.753,134.25,134.25,,CMR
,732619,,2023,2576.767,700.0,700.0,,CMR
,732620,,2023,24527.631,7334.0,7334.0,,CMR
,732690,,2023,370900.619,124693.033,124693.033,,CMR
,7601,,2023,90187633.313,43916175.0,43916175.0,,CMR
,760410,,2023,146393.442,140015.0,140015.0,,CMR
,731812,,2023,3821455.635,718841.489,718841.489,,CAN
,731813,,2023,176526.02,25459.992,25459.992,,CAN
,731814,,2023,34296591.959,4784237.082,4784237.082,,CAN
,731815,,2023,266522977.07,,0.0,,CAN
,731816,,2023,187424054.082,,0.0,,CAN
,731819,,2023,13075215.91,,0.0,,CAN
,731821,,2023,9111186.183,375775.61,375775.61,,CAN
,731822,,2023,23975087.577,,0.0,,CAN
,731823,,2023,14411745.612,1503455.231,1503455.231,,CAN
,731824,,2023,5241562.844,375897.351,375897.351,,CAN
,731829,,2023,84632070.749,,0.0,,CAN
,732611,,2023,31812945.372,31248305.547,31248305.547,,CAN
,732619,,2023,148186849.274,28020956.354,28020956.354,,CAN
,732620,,2023,111470100.21,34826282.105,34826282.105,,CAN
,732690,,2023,957299414.449,,0.0,,CAN
,7601,,2023,8077541683.64,2863073022.303,2863073022.303,,CAN
,7603,,2023,19092085.293,7000604.0,7000604.0,,CAN
,760410,,2023,12883479.231,2652753.0,2652753.0,,CAN
,760421,,2023,230479489.862,42602675.0,42602675.0,,CAN
,760429,,2023,270409917.136,40509606.0,40509606.0,,CAN
,731812,,2023,1180.848,350.88,350.88,,LKA
,731813,,2023,2655.9,230.97,230.97,,LKA
,731814,,2023,34586.231,21513.99,21513.99,,LKA
,731815,,2023,902243.499,125220.13,125220.13,,LKA
,731816,,2023,209540.141,31855.49,31855.49,,LKA
,731819,,2023,9666464.592,8409624.88,8409624.88,,LKA
,731821,,2023,769.927,38.66,38.66,,LKA
,731822,,2023,68562.954,8949.99,8949.99,,LKA
,731823,,2023,25564.364,277.21,277.21,,LKA
,731824,,2023,4427.873,24.59,24.59,,LKA
,731829,,2023,99682.436,83066.42,83066.42,,LKA
,732619,,2023,1235.982,128.0,128.0,,LKA
,732620,,2023,92428.154,23858.28,23858.28,,LKA
,732690,,2023,3905574.902,2123772.0,2123772.0,,LKA
,7601,,2023,702.793,2030.19,2030.19,,LKA
,7603,,2023,1628.51,100.0,100.0,,LKA
,760410,,2023,4021.392,8761.25,8761.25,,LKA
,760421,,2023,2404751.775,425788.75,425788.75,,LKA
,760429,,2023,486978.181,112793.5,112793.5,,LKA
,731812,,2023,136842.373,44448.271,44448.271,,CHL
,731813,,2023,19694.308,20712.85,20712.85,,CHL
,731814,,2023,256751.98,66927.499,66927.499,,CHL
,731815,,2023,6879920.669,1090753.488,1090753.488,,CHL
,731816,,2023,1495923.214,279893.476,279893.476,,CHL
,731819,,2023,224420.534,110858.641,110858.641,,CHL
,731821,,2023,513717.018,13196.282,13196.282,,CHL
,731822,,2023,634739.522,69346.398,69346.398,,CHL
,731823,,2023,15864.254,12326.03,12326.03,,CHL
,731824,,2023,799388.04,28935.45,28935.45,,CHL
,731829,,2023,284596.402,26908.405,26908.405,,CHL
,732611,,2023,103287303.134,89517022.847,89517022.847,,CHL
,732619,,2023,2355395.869,357419.296,357419.296,,CHL
,732620,,2023,322144.184,185843.017,185843.017,,CHL
,732690,,2023,19905631.079,5636537.036,5636537.036,,CHL
,7601,,2023,1252403.61,629373.0,629373.0,,CHL
,7603,,2023,3281110.31,880000.0,880000.0,,CHL
,760410,,2023,44293.98,5647.1,5647.1,,CHL
,760421,,2023,89568.394,31869.11,31869.11,,CHL
,760429,,2023,657890.474,175408.2,175408.2,,CHL
,731812,,2023,148143362.0,92997161.256,92997161.256,,CHN
,731813,,2023,34762796.0,13356725.089,13356725.089,,CHN
,731814,,2023,912925477.0,442931519.302,442931519.302,,CHN
,731815,,2023,4112194390.0,1747818070.835,1747818070.835,,CHN
,731816,,2023,1582856526.0,637650206.473,637650206.473,,CHN
,731819,,2023,975239253.0,498103426.849,498103426.849,,CHN
,731821,,2023,79162656.0,24930822.883,24930822.883,,CHN
,731822,,2023,569683575.0,215621903.599,215621903.599,,CHN
,731823,,2023,140949528.0,34989415.857,34989415.857,,CHN
,731824,,2023,310472862.0,75598893.685,75598893.685,,CHN
,731829,,2023,241572667.0,67533394.493,67533394.493,,CHN
,732611,,2023,798114645.0,892522220.455,892522220.455,,CHN
,732619,,2023,748455911.0,234569893.128,234569893.128,,CHN
,732620,,2023,1674372757.0,950828659.34,950828659.34,,CHN
,732690,,2023,12767090354.0,3278601832.983,3278601832.983,,CHN
,7601,,2023,992808456.0,,0.0,,CHN
,7603,,2023,33481517.0,7122571.208,7122571.208,,CHN
,760410,,2023,9447934.0,3155006.531,3155006.531,,CHN
,760421,,2023,1856928206.0,538786589.29,538786589.29,,CHN
,760429,,2023,1583249292.0,447116413.897,447116413.897,,CHN
,731812,,2023,85403.16,26350.25,26350.25,,COL
,731813,,2023,12.44,6.64,6.64,,COL
,731814,,2023,63903.32,7589.57,7589.57,,COL
,731815,,2023,2796610.47,581767.732,581767.732,,COL
,731816,,2023,489149.25,92526.04,92526.04,,COL
,731819,,2023,205768.34,,0.0,,COL
,731821,,2023,34802.66,6143.43,6143.43,,COL
,731822,,2023,482173.88,39901.5,39901.5,,COL
,731823,,2023,387786.43,107599.49,107599.49,,COL
,731824,,2023,298272.52,22424.789,22424.789,,COL
,731829,,2023,553323.04,65871.31,65871.31,,COL
,732611,,2023,283255.94,141235.13,141235.13,,COL
,732619,,2023,2144411.69,628787.38,628787.38,,COL
,732620,,2023,1042972.18,317548.15,317548.15,,COL
,732690,,2023,16248472.37,3625190.421,3625190.421,,COL
,7601,,2023,3463780.09,1897676.1,1897676.1,,COL
,7603,,2023,283.03,4615.06,4615.06,,COL
,760410,,2023,120169.37,11274.93,11274.93,,COL
,760421,,2023,17916388.55,3289291.35,3289291.35,,COL
,760429,,2023,24235965.33,4417468.05,4417468.05,,COL
,731815,,2023,45368.501,11350.09,11350.09,,COG
,731816,,2023,5264.467,206.02,206.02,,COG
,731819,,2023,38.069,171.97,171.97,,COG
,731821,,2023,132.167,11.02,11.02,,COG
,731822,,2023,19835.322,670.94,670.94,,COG
,731824,,2023,872.826,25.69,25.69,,COG
,731829,,2023,9002.463,232.0,232.0,,COG
,732620,,2023,546.52,326.86,326.86,,COG
,732690,,2023,3316876.076,629062.69,629062.69,,COG
,7601,,2023,138604.637,839580.0,839580.0,,COG
,760429,,2023,57.638,5.0,5.0,,COG
,731815,,2023,94294.026,34164.0,34164.0,,COD
,731816,,2023,1520.379,130.0,130.0,,COD
,731819,,2023,1376.3,2725.0,2725.0,,COD
,731821,,2023,156.886,18.0,18.0,,COD
,731822,,2023,1098.012,86.0,86.0,,COD
,731824,,2023,1008.614,12.0,12.0,,COD
,731829,,2023,1544.191,73.0,73.0,,COD
,732611,,2023,14.732,100.0,100.0,,COD
,732619,,2023,12737.105,10000.0,10000.0,,COD
,732620,,2023,49.726,50.0,50.0,,COD
,732690,,2023,297659.842,46519.0,46519.0,,COD
,731812,,2023,9116.64,1341.517,1341.517,,CRI
,731813,,2023,565.0,77.84,77.84,,CRI
,731814,,2023,40444.01,28669.097,28669.097,,CRI
,731815,,2023,712035.49,101131.735,101131.735,,CRI
,731816,,2023,230149.89,12830.0,12830.0,,CRI
,731819,,2023,29540.17,2621.027,2621.027,,CRI
,731821,,2023,7759.14,351.649,351.649,,CRI
,731822,,2023,86676.19,4196.687,4196.687,,CRI
,731823,,2023,17694.26,185.274,185.274,,CRI
,731824,,2023,30801.35,701.464,701.464,,CRI
,731829,,2023,10539060.42,58599.393,58599.393,,CRI
,732619,,2023,306975.43,14847.281,14847.281,,CRI
,732620,,2023,12959308.65,2797720.836,2797720.836,,CRI
,732690,,2023,53887908.07,,0.0,,CRI
,7601,,2023,4250.19,3130.0,3130.0,,CRI
,760410,,2023,139637.29,32094.219,32094.219,,CRI
,760421,,2023,1691517.55,416608.471,416608.471,,CRI
,760429,,2023,11269375.88,2352114.72,2352114.72,,CRI
,731815,,2023,34740.517,37054.0,37054.0,,BEN
,731816,,2023,7511.743,4829.0,4829.0,,BEN
,731819,,2023,12537.209,15823.0,15823.0,,BEN
,731822,,2023,2251.049,40.0,40.0,,BEN
,731829,,2023,3861.605,3062.0,3062.0,,BEN
,732690,,2023,217018.237,115181.0,115181.0,,BEN
,760429,,2023,824.19,1000.0,1000.0,,BEN
,731814,,2023,37178.912,3714.713,3714.713,,DOM
,731815,,2023,1141506.942,146194.696,146194.696,,DOM
,731816,,2023,317638.065,,0.0,,DOM
,731819,,2023,13452.805,1226.168,1226.168,,DOM
,731821,,2023,5475.724,1745.483,1745.483,,DOM
,731822,,2023,38423.951,15019.929,15019.929,,DOM
,731823,,2023,1326.78,196.04,196.04,,DOM
,731824,,2023,119403.68,,0.0,,DOM
,731829,,2023,141828.645,8732.756,8732.756,,DOM
,732619,,2023,103756.783,41814.105,41814.105,,DOM
,732620,,2023,2468336.47,1315976.02,1315976.02,,DOM
,732690,,2023,7701878.943,,0.0,,DOM
,7601,,2023,1463066.748,776502.2,776502.2,,DOM
,760410,,2023,26126.736,41124.09,41124.09,,DOM
,760421,,2023,54102659.288,11631757.301,11631757.301,,DOM
,760429,,2023,32703282.53,6851616.625,6851616.625,,DOM
,731812,,2023,114.8,,0.0,,ECU
,731813,,2023,174.2,0.06,0.06,,ECU
,731814,,2023,47416.3,,0.0,,ECU
,731815,,2023,208999.3,,0.0,,ECU
,731816,,2023,54182.2,,0.0,,ECU
,731819,,2023,5259.3,,0.0,,ECU
,731821,,2023,9707.3,,0.0,,ECU
,731822,,2023,123518.3,,0.0,,ECU
,731823,,2023,1043.3,,0.0,,ECU
,731824,,2023,109720.2,,0.0,,ECU
,731829,,2023,37380.7,,0.0,,ECU
,732619,,2023,4730.8,,0.0,,ECU
,732620,,2023,47579.8,,0.0,,ECU
,732690,,2023,4388246.3,,0.0,,ECU
,7601,,2023,852341.2,,0.0,,ECU
,760410,,2023,2009.3,,0.0,,ECU
,760421,,2023,28885028.1,,0.0,,ECU
,760429,,2023,37532387.2,,0.0,,ECU
,731812,,2023,261624.0,45393.67,45393.67,,SLV
,731813,,2023,234.0,71.88,71.88,,SLV
,731814,,2023,1690951.0,266414.69,266414.69,,SLV
,731815,,2023,169141.0,46115.73,46115.73,,SLV
,731816,,2023,52576.0,18411.16,18411.16,,SLV
,731819,,2023,5135.0,647.68,647.68,,SLV
,731821,,2023,40757.0,9277.48,9277.48,,SLV
,731822,,2023,20767.0,5780.6,5780.6,,SLV
,731823,,2023,4959.0,675.12,675.12,,SLV
,731824,,2023,10282.0,1465.38,1465.38,,SLV
,731829,,2023,16927.0,2277.99,2277.99,,SLV
,732619,,2023,242624.0,32346.21,32346.21,,SLV
,732620,,2023,2166871.0,1199971.34,1199971.34,,SLV
,732690,,2023,1293272.0,265611.13,265611.13,,SLV
,760410,,2023,269979.0,44804.23,44804.23,,SLV
,760421,,2023,6888175.0,1238446.2,1238446.2,,SLV
,760429,,2023,10546087.0,1767413.8,1767413.8,,SLV
,731813,,2023,223.746,2.14,2.14,,ETH
,731815,,2023,25161.94,1289.48,1289.48,,ETH
,731816,,2023,333.32,4.28,4.28,,ETH
,731819,,2023,1111.686,353.6,353.6,,ETH
,731821,,2023,10929.768,6001.94,6001.94,,ETH
,731822,,2023,18.162,39.32,39.32,,ETH
,731823,,2023,12656.766,172.05,172.05,,ETH
,731829,,2023,546.625,23.54,23.54,,ETH
,732619,,2023,49.192,33.0,33.0,,ETH
,732620,,2023,10184.64,1323.36,1323.36,,ETH
,732690,,2023,365850.231,147653.87,147653.87,,ETH
,7601,,2023,49548.561,100000.0,100000.0,,ETH
,760429,,2023,2468.767,194.66,194.66,,ETH
,731813,,2023,46937.359,1198.0,1198.0,,GAB
,731815,,2023,68459.807,4399.0,4399.0,,GAB
,731816,,2023,22401.198,1108.0,1108.0,,GAB
,731819,,2023,5576.778,368.0,368.0,,GAB
,731821,,2023,2272.762,49.0,49.0,,GAB
,731822,,2023,2725.117,40.0,40.0,,GAB
,731824,,2023,5725.61,121.0,121.0,,GAB
,731829,,2023,35854.201,2824.0,2824.0,,GAB
,732619,,2023,5221361.992,396622.0,396622.0,,GAB
,732690,,2023,1367038.178,182419.0,182419.0,,GAB
,7601,,2023,1359343.916,1786311.0,1785500.0,,GAB
,760410,,2023,15915.805,36.0,0.0,,GAB
,731812,,2023,2191.247,440.45,440.45,,GEO
,731813,,2023,1590.3,251.24,251.24,,GEO
,731814,,2023,14910.197,3812.9,3812.9,,GEO
,731815,,2023,706146.047,31976.1,31976.1,,GEO
,731816,,2023,118136.915,25869.51,25869.51,,GEO
,731819,,2023,23766.207,16986.42,16986.42,,GEO
,731821,,2023,14491.637,143.82,143.82,,GEO
,731822,,2023,40985.273,1468.71,1468.71,,GEO
,731823,,2023,5853.777,1693.8,1693.8,,GEO
,731824,,2023,16368.642,8040.23,8040.23,,GEO
,731829,,2023,102550.764,10543.1,10543.1,,GEO
,732611,,2023,12948.171,386.0,386.0,,GEO
,732619,,2023,13284.056,11236.0,11236.0,,GEO
,732620,,2023,48787.004,6452.04,6452.04,,GEO
,732690,,2023,1617905.919,,0.0,,GEO
,7601,,2023,6750442.561,3118541.0,3118541.0,,GEO
,760410,,2023,195323.462,39505.5,39505.5,,GEO
,760421,,2023,2682542.744,572615.96,572615.96,,GEO
,760429,,2023,4380558.924,894409.39,894409.39,,GEO
,731812,,2023,6316.048,60.0,60.0,,GHA
,731813,,2023,89.389,10.0,8.0,,GHA
,731814,,2023,1859.118,1065.4,664.0,,GHA
,731815,,2023,2241109.08,1089676.651,14199440.411,,GHA
,731816,,2023,62695.394,19573.971,16122.111,,GHA
,731819,,2023,13951.751,1638.649,87.0,,GHA
,731821,,2023,426.998,156.467,171.0,,GHA
,731822,,2023,15983.452,34896.064,0.0,,GHA
,731823,,2023,88.158,217.89,87.0,,GHA
,731824,,2023,5796.653,5087.645,396.596,,GHA
,731829,,2023,50811.478,2497.621,677.222,,GHA
,732611,,2023,8648065.726,7899839.0,0.0,,GHA
,732619,,2023,1129.07,1094.8,428.0,,GHA
,732620,,2023,9580.228,22798.98,724.918,,GHA
,732690,,2023,1876152.051,705166.168,0.0,,GHA
,7601,,2023,109771750.588,48002541.0,0.0,,GHA
,760421,,2023,4969.559,9941.0,9941.0,,GHA
,760429,,2023,178178.262,166337.71,87518.0,,GHA
,731812,,2023,8416.0,1843.0,1843.0,,GTM
,731814,,2023,11969.0,21081.0,21081.0,,GTM
,731815,,2023,731854.0,153463.0,153463.0,,GTM
,731816,,2023,180644.0,32463.0,32463.0,,GTM
,731819,,2023,53761.0,16158.0,16158.0,,GTM
,731821,,2023,7200.0,318.0,318.0,,GTM
,731822,,2023,8895.0,1909.0,1909.0,,GTM
,731823,,2023,12923.0,4536.0,4536.0,,GTM
,731824,,2023,10663.0,381.0,381.0,,GTM
,731829,,2023,25403.0,3042.0,3042.0,,GTM
,732611,,2023,171023.0,136040.0,136040.0,,GTM
,732619,,2023,606082.0,216920.0,216920.0,,GTM
,732620,,2023,1228364.0,2045677.0,2045677.0,,GTM
,732690,,2023,3301884.0,3443361.214,3443361.214,,GTM
,7601,,2023,51142.0,45639.0,45639.0,,GTM
,7603,,2023,74292.0,11947.0,11947.0,,GTM
,760410,,2023,37108.0,8226.0,8226.0,,GTM
,760421,,2023,89703.0,18014.0,18014.0,,GTM
,760429,,2023,651661.0,92633.0,92633.0,,GTM
,731812,,2023,140.35,10.5,10.5,,HND
,731813,,2023,674.54,54.36,54.36,,HND
,731814,,2023,6090.48,2254.86,2254.86,,HND
,731815,,2023,69421.04,14006.24,14006.24,,HND
,731816,,2023,10030.4,2360.52,2360.52,,HND
,731819,,2023,28603.91,763.71,763.71,,HND
,731821,,2023,174.71,105.76,105.76,,HND
,731822,,2023,13158.53,346.79,346.79,,HND
,731823,,2023,27158.63,372.46,372.46,,HND
,731824,,2023,20594.76,1090.88,1090.88,,HND
,731829,,2023,20326.03,9987.63,9987.63,,HND
,732611,,2023,26703.0,93430.0,93430.0,,HND
,732619,,2023,57745.52,36327.29,36327.29,,HND
,732620,,2023,6539.66,582.34,582.34,,HND
,732690,,2023,1925434.35,675620.977,675620.977,,HND
,760410,,2023,5245.78,3231.36,3231.36,,HND
,760421,,2023,3841567.61,1554652.86,1554652.86,,HND
,760429,,2023,35313417.11,6329738.5,6329738.5,,HND
,731812,,2023,128399.418,10067.0,10067.0,,HKG
,731813,,2023,1291489.213,34131.0,34131.0,,HKG
,731814,,2023,11186347.884,428658.0,428658.0,,HKG
,731815,,2023,108999052.498,5130539.0,5130539.0,,HKG
,731816,,2023,15939327.611,475055.0,475055.0,,HKG
,731819,,2023,15476574.915,315231.0,315231.0,,HKG
,731821,,2023,3129530.978,51529.0,51529.0,,HKG
,731822,,2023,9925431.305,165079.0,165079.0,,HKG
,731823,,2023,13475429.972,339810.0,339810.0,,HKG
,731824,,2023,3417999.313,37802.0,37802.0,,HKG
,731829,,2023,8932352.335,336380.0,336380.0,,HKG
,732619,,2023,1762611.957,311418.299,311418.299,,HKG
,732620,,2023,14902448.739,4444026.163,4444026.163,,HKG
,732690,,2023,263465182.019,18479247.069,18479247.069,,HKG
,7601,,2023,30539416.343,15245240.0,15245240.0,,HKG
,7603,,2023,5821846.761,3235133.0,3235133.0,,HKG
,760410,,2023,57911.891,5955.0,5955.0,,HKG
,760421,,2023,4103335.871,713016.0,713016.0,,HKG
,760429,,2023,26225775.551,2555456.0,2555456.0,,HKG
,731812,,2023,204693.171,33962.936,33962.936,,IDN
,731813,,2023,18409.781,10475.598,10475.598,,IDN
,731814,,2023,1258372.03,385873.414,385873.414,,IDN
,731815,,2023,68455375.61,12532195.907,12532195.907,,IDN
,731816,,2023,20443429.259,2316569.909,2316569.909,,IDN
,731819,,2023,694032.507,3430645.334,3430645.334,,IDN
,731821,,2023,192304.106,18343.287,18343.287,,IDN
,731822,,2023,3219501.083,259939.519,259939.519,,IDN
,731823,,2023,367292.89,44758.131,44758.131,,IDN
,731824,,2023,928800.983,111783.796,111783.796,,IDN
,731829,,2023,6965109.896,823348.647,823348.647,,IDN
,732611,,2023,11800117.946,12057232.0,12057232.0,,IDN
,732619,,2023,95473851.801,10690772.996,10690772.996,,IDN
,732620,,2023,42755537.66,23119017.193,23119017.193,,IDN
,732690,,2023,80597066.487,14958691.792,14958691.792,,IDN
,7601,,2023,414239489.093,1161569939.671,1161569939.671,,IDN
,7603,,2023,124291.34,1410767.5,1410767.5,,IDN
,760410,,2023,3473829.346,,0.0,,IDN
,760421,,2023,38441270.628,10079883.768,10079883.768,,IDN
,760429,,2023,124933447.762,31886355.842,31886355.842,,IDN
,731812,,2023,67000.0,12603.15,12603.15,,ISR
,731813,,2023,10000.0,1442.28,1442.28,,ISR
,731814,,2023,55000.0,7672.28,7672.28,,ISR
,731815,,2023,10935000.0,,0.0,,ISR
,731816,,2023,6126000.0,,0.0,,ISR
,731819,,2023,9738000.0,,0.0,,ISR
,731821,,2023,153000.0,6310.229,6310.229,,ISR
,731822,,2023,2098000.0,,0.0,,ISR
,731823,,2023,782000.0,81579.43,81579.43,,ISR
,731824,,2023,556000.0,39873.399,39873.399,,ISR
,731829,,2023,8859000.0,,0.0,,ISR
,732611,,2023,90000.0,88402.613,88402.613,,ISR
,732619,,2023,13210000.0,2497906.091,2497906.091,,ISR
,732620,,2023,4498000.0,1405297.175,1405297.175,,ISR
,732690,,2023,185875000.0,,0.0,,ISR
,7601,,2023,1596000.0,607625.125,607625.125,,ISR
,7603,,2023,965000.0,171839.291,171839.291,,ISR
,760410,,2023,493000.0,71197.04,71197.04,,ISR
,760421,,2023,1041000.0,189508.533,189508.533,,ISR
,760429,,2023,15241000.0,2596373.995,2596373.995,,ISR
,731812,,2023,20.119,1.0,1.0,,CIV
,731813,,2023,5621.636,467.0,467.0,,CIV
,731814,,2023,54.069,183.0,183.0,,CIV
,731815,,2023,699753.696,653173.0,653173.0,,CIV
,731816,,2023,13033.454,1983.0,1983.0,,CIV
,731819,,2023,167018.175,1792.0,1792.0,,CIV
,731821,,2023,3084.137,82.0,82.0,,CIV
,731822,,2023,4181.62,319.0,319.0,,CIV
,731823,,2023,3058.122,180.0,180.0,,CIV
,731824,,2023,29346.194,529.0,529.0,,CIV
,731829,,2023,70947.179,7003.0,7003.0,,CIV
,732611,,2023,2828425.312,2220727.0,2220727.0,,CIV
,732619,,2023,191169.458,35043.0,35043.0,,CIV
,732620,,2023,336519.578,194410.0,194410.0,,CIV
,732690,,2023,7111036.75,1952120.0,1952120.0,,CIV
,7601,,2023,59.348,12.0,12.0,,CIV
,760410,,2023,3231.143,11500.0,11500.0,,CIV
,760421,,2023,10518.338,26605.0,26605.0,,CIV
,760429,,2023,62872.95,79799.0,79799.0,,CIV
,731812,,2023,187.05,28.0,28.0,,JAM
,731814,,2023,1222.98,56.4,56.4,,JAM
,731815,,2023,17773.52,2633.32,2633.32,,JAM
,731816,,2023,40.55,5.5,5.5,,JAM
,731819,,2023,772.91,23.0,23.0,,JAM
,731821,,2023,10.02,2.2,2.2,,JAM
,731822,,2023,16.23,2.25,2.25,,JAM
,731824,,2023,88.86,9.0,9.0,,JAM
,731829,,2023,3654.19,263.25,263.25,,JAM
,732620,,2023,1087.22,72.25,72.25,,JAM
,732690,,2023,199272.1,35057.03,35057.03,,JAM
,731812,,2023,871036.329,64126.0,64126.0,,JPN
,731813,,2023,45511.725,614.0,614.0,,JPN
,731814,,2023,82745120.11,9605515.0,9605515.0,,JPN
,731815,,2023,1284001811.385,182676849.21,182676849.21,,JPN
,731816,,2023,585746339.076,72704595.288,72704595.288,,JPN
,731819,,2023,17963593.057,1398338.884,1398338.884,,JPN
,731821,,2023,28079445.816,1602249.946,1602249.946,,JPN
,731822,,2023,196655749.678,15448422.202,15448422.202,,JPN
,731823,,2023,35484695.985,2990459.0,2990459.0,,JPN
,731824,,2023,27303148.47,1021529.641,1021529.641,,JPN
,731829,,2023,120494027.959,10414458.268,10414458.268,,JPN
,732611,,2023,1125664.25,1104048.0,1104048.0,,JPN
,732619,,2023,47388382.254,12588874.408,12588874.408,,JPN
,732620,,2023,6849486.099,1000999.972,1000999.972,,JPN
,732690,,2023,1041465025.783,65590537.901,65590537.901,,JPN
,7601,,2023,44008599.293,12122416.017,12122416.017,,JPN
,7603,,2023,7396388.409,1344472.0,1344472.0,,JPN
,760410,,2023,7301834.491,648221.658,648221.658,,JPN
,760421,,2023,22846779.041,4374006.0,4374006.0,,JPN
,760429,,2023,63173519.665,10441147.0,10441147.0,,JPN
,731812,,2023,591149.29,275541.62,275541.62,,KAZ
,731813,,2023,64992.57,3799.6,3799.6,,KAZ
,731814,,2023,889633.56,92398.386,92398.386,,KAZ
,731815,,2023,8501192.88,3520850.48,3520850.48,,KAZ
,731816,,2023,1910346.74,98771.75,98771.75,,KAZ
,731819,,2023,2840027.29,246474.94,246474.94,,KAZ
,731821,,2023,725977.99,,0.0,,KAZ
,731822,,2023,1327700.81,41458.17,41458.17,,KAZ
,731823,,2023,58300.84,5404.79,5404.79,,KAZ
,731824,,2023,645333.54,,0.0,,KAZ
,731829,,2023,2733348.88,76874.613,76874.613,,KAZ
,732619,,2023,5310128.93,2640575.56,2640575.56,,KAZ
,732620,,2023,219326.58,29937.73,29937.73,,KAZ
,732690,,2023,45853304.18,2617815.41,2617815.41,,KAZ
,7601,,2023,460827496.81,198534131.3,198534131.3,,KAZ
,7603,,2023,154724.24,59093.62,59093.62,,KAZ
,760410,,2023,72261.7,7693.12,7693.12,,KAZ
,760421,,2023,5710431.72,1558917.08,1558917.08,,KAZ
,760429,,2023,18189956.23,4233406.03,4233406.03,,KAZ
,731813,,2023,591.549,75.456,75.456,,JOR
,731814,,2023,39171.944,4994.868,4994.868,,JOR
,731815,,2023,136880.535,,0.0,,JOR
,731816,,2023,1897.324,,0.0,,JOR
,731819,,2023,8965.352,607.83,607.83,,JOR
,731822,,2023,998.592,,0.0,,JOR
,731823,,2023,91904.577,8716.683,8716.683,,JOR
,731824,,2023,58078.084,4137.745,4137.745,,JOR
,731829,,2023,419.408,,0.0,,JOR
,732611,,2023,209646.225,191795.952,191795.952,,JOR
,732619,,2023,166670.577,29447.359,29447.359,,JOR
,732620,,2023,1064143.377,317335.835,317335.835,,JOR
,732690,,2023,15432205.095,,0.0,,JOR
,7601,,2023,8199296.863,3029747.791,3029747.791,,JOR
,7603,,2023,83923.211,14341.393,14341.393,,JOR
,760410,,2023,569472.632,81577.4,81577.4,,JOR
,760421,,2023,473474.393,79985.0,79985.0,,JOR
,760429,,2023,1328722.545,216106.703,216106.703,,JOR
,731812,,2023,5229.983,145.65,145.65,,KEN
,731813,,2023,5288.7,1520.0,1520.0,,KEN
,731814,,2023,61805.973,5807.7,5807.7,,KEN
,731815,,2023,461834.301,154968.18,154968.08,,KEN
,731816,,2023,30373.086,5369.13,5369.13,,KEN
,731819,,2023,56132.244,27149.78,27149.78,,KEN
,731821,,2023,4087.369,3837.8,3837.8,,KEN
,731822,,2023,5954.047,3840.9,3840.9,,KEN
,731823,,2023,225746.603,24737.98,24737.98,,KEN
,731824,,2023,1191.428,728.0,728.0,,KEN
,731829,,2023,25638.934,2515.75,2515.75,,KEN
,732611,,2023,46434.003,98000.0,98000.0,,KEN
,732619,,2023,2240.078,1262.6,1262.6,,KEN
,732620,,2023,17180.564,18496.0,18496.0,,KEN
,732690,,2023,1164795.047,570929.06,570929.06,,KEN
,7601,,2023,621425.459,351460.5,351460.5,,KEN
,760410,,2023,529411.139,108666.6,108666.6,,KEN
,760421,,2023,148209.811,30684.15,30684.15,,KEN
,760429,,2023,871104.689,277553.4,277552.76,,KEN
,731812,,2023,52517.0,7268.434,7268.434,,KOR
,731813,,2023,856325.0,221809.987,221809.987,,KOR
,731814,,2023,29526245.0,6543011.069,6543011.069,,KOR
,731815,,2023,579371663.0,131861064.271,131861064.271,,KOR
,731816,,2023,219259344.0,39191147.567,39191147.567,,KOR
,731819,,2023,53183061.0,7627587.464,7627587.464,,KOR
,731821,,2023,5832194.0,,0.0,,KOR
,731822,,2023,48177026.0,5393713.48,5393713.48,,KOR
,731823,,2023,19816749.0,3979661.674,3979661.674,,KOR
,731824,,2023,10294921.0,1045005.95,1045005.95,,KOR
,731829,,2023,69170877.0,7132262.878,7132262.878,,KOR
,732611,,2023,93612.0,,0.0,,KOR
,732619,,2023,60957275.0,17570173.517,17570173.517,,KOR
,732620,,2023,69650019.0,11448398.85,11448398.85,,KOR
,732690,,2023,1603249756.0,377626332.952,377626332.952,,KOR
,7601,,2023,606775795.0,245058450.655,245058450.655,,KOR
,7603,,2023,2855589.0,1937391.755,1937391.755,,KOR
,760410,,2023,8818857.0,1850409.953,1850409.953,,KOR
,760421,,2023,127236799.0,26061602.395,26061602.395,,KOR
,760429,,2023,93405726.0,,0.0,,KOR
,731813,,2023,24695.106,2465.12,2465.12,,KWT
,731814,,2023,10850.091,1542.7,1542.7,,KWT
,731815,,2023,879049.433,1736606.7,1736606.7,,KWT
,731816,,2023,67047.247,25396.64,25396.64,,KWT
,731819,,2023,23773.842,8598.9,8598.9,,KWT
,731821,,2023,4681.197,1071.41,1071.41,,KWT
,731822,,2023,183094.064,14791.34,14791.34,,KWT
,731823,,2023,315.769,656.08,656.08,,KWT
,731824,,2023,1692.783,55.0,55.0,,KWT
,731829,,2023,52267.945,29236.9,29236.9,,KWT
,732611,,2023,120.448,3.0,3.0,,KWT
,732619,,2023,3092106.642,64270.53,64270.53,,KWT
,732620,,2023,107527.559,183577.13,183577.13,,KWT
,732690,,2023,3918663.511,3094191.81,3094191.81,,KWT
,7601,,2023,12109.912,68846.0,68846.0,,KWT
,760410,,2023,434348.705,113000.179,113000.179,,KWT
,760421,,2023,70585.815,13022.0,13022.0,,KWT
,760429,,2023,4348650.043,900139.8,900139.8,,KWT
,731812,,2023,321347.0,327029.0,327029.0,,KGZ
,731813,,2023,14705.0,62.0,62.0,,KGZ
,731814,,2023,124414.0,421363.282,421363.282,,KGZ
,731815,,2023,138444.0,2073.0,2073.0,,KGZ
,731816,,2023,143111.0,2257.694,2257.694,,KGZ
,731819,,2023,9767.0,70.0,70.0,,KGZ
,731821,,2023,18265.0,257.127,257.127,,KGZ
,731822,,2023,41818.0,328.0,328.0,,KGZ
,731823,,2023,2453.0,456.0,456.0,,KGZ
,731824,,2023,12162.0,147.0,147.0,,KGZ
,731829,,2023,48861.0,584.0,584.0,,KGZ
,732611,,2023,4500.0,5000.0,5000.0,,KGZ
,732619,,2023,53114.0,1635.893,1635.893,,KGZ
,732690,,2023,1119819.0,88088.753,88088.753,,KGZ
,7601,,2023,4294924.0,2306132.0,2306132.0,,KGZ
,7603,,2023,219591.0,35497.0,35497.0,,KGZ
,760410,,2023,33515.0,1049.0,1049.0,,KGZ
,760421,,2023,12820.0,1491.588,1491.588,,KGZ
,760429,,2023,293593.0,25313.0,25313.0,,KGZ
,731815,,2023,100.0,3.0,3.0,,LAO
,731821,,2023,578.34,0.62,0.62,,LAO
,731822,,2023,2253.38,852.7,852.7,,LAO
,731829,,2023,4357.74,6.0,6.0,,LAO
,732619,,2023,250.0,129.0,129.0,,LAO
,732620,,2023,3030.0,600.0,600.0,,LAO
,732690,,2023,46735.41,122317.6,122317.6,,LAO
,7601,,2023,980735.4,1040872.0,1040872.0,,LAO
,760410,,2023,380306.6,187863.13,187863.13,,LAO
,731812,,2023,56791.0,9372.637,9372.637,,LBN
,731814,,2023,65514.0,8353.78,8353.78,,LBN
,731815,,2023,454578.0,,0.0,,LBN
,731816,,2023,9716.0,,0.0,,LBN
,731819,,2023,314653.0,21332.742,21332.742,,LBN
,731821,,2023,399.0,15.9,15.9,,LBN
,731822,,2023,34989.0,,0.0,,LBN
,731823,,2023,2014.0,191.018,191.018,,LBN
,731824,,2023,20473.0,1458.589,1458.589,,LBN
,731829,,2023,58716.0,,0.0,,LBN
,732619,,2023,125325.0,22142.422,22142.422,,LBN
,732620,,2023,1500.0,447.312,447.312,,LBN
,732690,,2023,4330848.0,,0.0,,LBN
,7601,,2023,280078.0,105050.829,105050.829,,LBN
,7603,,2023,8275208.0,1414126.165,1414126.165,,LBN
,760410,,2023,928818.0,133053.904,133053.904,,LBN
,760421,,2023,3151723.0,532427.03,532427.03,,LBN
,760429,,2023,2565239.0,417216.78,417216.78,,LBN
,731814,,2023,325.8,15.52,15.52,,MDG
,731815,,2023,6030.921,276.46,456.46,,MDG
,731816,,2023,687.41,37.01,36.98,,MDG
,731819,,2023,200.095,11.43,11.43,,MDG
,731821,,2023,196.464,1.75,1.75,,MDG
,731822,,2023,2283.942,839.52,839.52,,MDG
,731823,,2023,186.825,12.0,12.0,,MDG
,731824,,2023,3316.407,1814.62,1814.62,,MDG
,731829,,2023,14030.052,4059.0,4134.0,,MDG
,732619,,2023,741.52,187.0,187.0,,MDG
,732620,,2023,8511.697,4141.5,4141.5,,MDG
,732690,,2023,184936.976,38939.32,80986.95,,MDG
,7601,,2023,2309.959,319.0,319.0,,MDG
,760429,,2023,3248.68,270.05,270.05,,MDG
,731812,,2023,3632209.205,,0.0,,MYS
,731813,,2023,502240.308,223058.62,223058.62,,MYS
,731814,,2023,6622214.567,3040806.34,3040806.34,,MYS
,731815,,2023,174162000.57,57124597.5,57124597.5,,MYS
,731816,,2023,33915207.604,13526882.81,13526882.81,,MYS
,731819,,2023,25719802.693,8243548.98,8243548.98,,MYS
,731821,,2023,6081037.697,,0.0,,MYS
,731822,,2023,4260391.063,1023266.45,1023266.45,,MYS
,731823,,2023,2429103.339,597382.68,597382.68,,MYS
,731824,,2023,9542426.623,654738.57,654738.57,,MYS
,731829,,2023,16641685.382,,0.0,,MYS
,732611,,2023,109144.723,46581.29,46581.29,,MYS
,732619,,2023,52169891.044,11334756.3,11334756.3,,MYS
,732620,,2023,39205818.527,13264909.53,13264909.53,,MYS
,732690,,2023,453409842.167,118850702.32,118850702.32,,MYS
,7601,,2023,4351114506.915,,0.0,,MYS
,7603,,2023,115492936.465,109814965.91,109814965.91,,MYS
,760410,,2023,132716601.032,47714463.47,47714463.47,,MYS
,760421,,2023,23549878.604,6411258.19,6411258.19,,MYS
,760429,,2023,189937152.699,50878568.43,50878568.43,,MYS
,731815,,2023,122148.574,9846.5,9846.5,,MLI
,731816,,2023,10565.232,170.06,170.06,,MLI
,731819,,2023,648.09,600.0,600.0,,MLI
,731821,,2023,171.91,1.0,1.0,,MLI
,731822,,2023,3021.066,511.0,511.0,,MLI
,731824,,2023,3900.14,139.0,139.0,,MLI
,731829,,2023,77737.802,1232.0,1232.0,,MLI
,732611,,2023,496636.532,394399.0,394399.0,,MLI
,732619,,2023,560.688,345.0,345.0,,MLI
,732690,,2023,202980.933,31670.04,31670.04,,MLI
,7601,,2023,104999.933,143495.0,143495.0,,MLI
,760429,,2023,202012.708,301500.0,301500.0,,MLI
,731815,,2023,103.211,50.0,50.0,,MRT
,731819,,2023,298.582,122.0,122.0,,MRT
,731821,,2023,13348.95,3700.0,3700.0,,MRT
,731829,,2023,6202.43,7.0,7.0,,MRT
,732690,,2023,393407.901,14326.04,14326.04,,MRT
,731812,,2023,6855.995,1562.0,1767.0,,MUS
,731813,,2023,307.109,21.0,21.0,,MUS
,731814,,2023,163.032,11.0,11.0,,MUS
,731815,,2023,132407.272,5820.0,9222.0,,MUS
,731816,,2023,1744.087,189.0,204.0,,MUS
,731819,,2023,25395.097,1298.0,2769.0,,MUS
,731821,,2023,6446.98,119.0,119.0,,MUS
,731822,,2023,6237.778,158.0,246.0,,MUS
,731823,,2023,237651.214,7382.0,22411.0,,MUS
,731824,,2023,17881.849,287.0,287.0,,MUS
,731829,,2023,13545.491,1422.0,1492.0,,MUS
,732619,,2023,1186311.352,15761.0,61433.0,,MUS
,732620,,2023,12990.542,258.0,529.0,,MUS
,732690,,2023,422563.054,20043.0,51559.0,,MUS
,7601,,2023,368748.024,114468.0,164338.0,,MUS
,7603,,2023,58072.347,40000.0,40000.0,,MUS
,760410,,2023,37445.511,2588.0,2642.0,,MUS
,760421,,2023,2226509.892,54928.0,601106.0,,MUS
,760429,,2023,1004246.582,127966.0,244656.0,,MUS
,731812,,2023,104917.0,71967.694,71967.694,,MEX
,731813,,2023,687877.0,197055.0,197055.0,,MEX
,731814,,2023,5747931.0,1493857.0,1493857.0,,MEX
,731815,,2023,180331710.0,429385011.028,429385011.028,,MEX
,731816,,2023,59633676.0,4242661.956,4242661.956,,MEX
,731819,,2023,8494551.0,1493359.173,1493359.173,,MEX
,731821,,2023,7172015.0,761359.892,761359.892,,MEX
,731822,,2023,21627222.0,3941035.967,3941035.967,,MEX
,731823,,2023,5100618.0,419795.0,419795.0,,MEX
,731824,,2023,12452566.0,2520138.307,2520138.307,,MEX
,731829,,2023,14842233.0,2969600.983,2969600.983,,MEX
,732611,,2023,7093939.0,5728270.0,5728270.0,,MEX
,732619,,2023,382966834.0,92690661.673,92690661.673,,MEX
,732620,,2023,84694693.0,214107672.663,214107672.663,,MEX
,732690,,2023,1544469364.0,953677161.0,953677161.0,,MEX
,7601,,2023,108013786.0,0.0,0.0,,MEX
,760410,,2023,4380545.0,704469.0,704469.0,,MEX
,760421,,2023,110884306.0,23296049.0,23296049.0,,MEX
,760429,,2023,181198907.0,36763866.0,36763866.0,,MEX
,731813,,2023,7172.659,155.12,155.12,,MNG
,731815,,2023,329039.022,17142.366,17142.366,,MNG
,731816,,2023,68272.724,2988.209,2988.209,,MNG
,731819,,2023,12349.971,107.016,107.016,,MNG
,731821,,2023,13226.311,44.044,44.044,,MNG
,731822,,2023,120028.817,2315.238,2315.238,,MNG
,731823,,2023,2975.524,331.24,331.24,,MNG
,731824,,2023,114469.904,3585.6,3585.6,,MNG
,731829,,2023,69525.983,1723.958,1723.958,,MNG
,732619,,2023,165019.164,27292.68,27292.68,,MNG
,732690,,2023,302955.521,4025.37,4025.37,,MNG
,731812,,2023,43.0,14.711,14.711,,MDA
,731813,,2023,762.0,6.0,6.0,,MDA
,731814,,2023,13282.0,5551.481,5551.481,,MDA
,731815,,2023,167929.0,49377.499,49377.499,,MDA
,731816,,2023,15937.0,2465.046,2465.046,,MDA
,731819,,2023,233377.0,20795.653,20795.653,,MDA
,731821,,2023,2554.0,32.535,32.535,,MDA
,731822,,2023,16640.0,398.013,398.013,,MDA
,731823,,2023,279.0,21.152,21.152,,MDA
,731824,,2023,30643.0,6990.428,6990.428,,MDA
,731829,,2023,38766.0,1540.999,1540.999,,MDA
,732619,,2023,22077.0,7528.0,7528.0,,MDA
,732620,,2023,28697.0,4363.0,4363.0,,MDA
,732690,,2023,7160330.0,2528345.262,2528345.262,,MDA
,760410,,2023,214619.0,17948.0,17948.0,,MDA
,760421,,2023,6248.0,843.0,843.0,,MDA
,760429,,2023,93617.0,6693.435,6693.435,,MDA
,731812,,2023,1326.319,102.68,102.68,,MNE
,731813,,2023,635.767,116.39,116.39,,MNE
,731814,,2023,13545.052,639.57,639.57,,MNE
,731815,,2023,4643.966,7057.54,7057.54,,MNE
,731816,,2023,1217.853,2599.65,2599.65,,MNE
,731819,,2023,919.878,57.65,57.65,,MNE
,731822,,2023,8449.734,30.0,30.0,,MNE
,731829,,2023,1370.614,46.06,46.06,,MNE
,732619,,2023,5041.583,8899.5,8899.5,,MNE
,732620,,2023,46738.997,7954.0,7954.0,,MNE
,732690,,2023,456662.75,275206.04,275206.04,,MNE
,7601,,2023,77017377.099,26259952.0,26259952.0,,MNE
,760410,,2023,55014.081,10177.7,10177.7,,MNE
,760421,,2023,56729.636,9443.0,9443.0,,MNE
,760429,,2023,424559.526,45375.9,45375.9,,MNE
,731812,,2023,11442.712,1103.6,1103.6,,MAR
,731813,,2023,7079.33,324.13,324.13,,MAR
,731814,,2023,30801.645,2641.93,2641.93,,MAR
,731815,,2023,18270953.339,313509.47,313509.47,,MAR
,731816,,2023,4290990.14,32152.98,32152.98,,MAR
,731819,,2023,498078.008,113886.72,113886.72,,MAR
,731821,,2023,9047.917,281.27,281.27,,MAR
,731822,,2023,829152.522,14630.95,14630.95,,MAR
,731823,,2023,11593.213,968.3,968.3,,MAR
,731824,,2023,8319.688,240.02,240.02,,MAR
,731829,,2023,1151631.443,101492.522,101492.522,,MAR
,732619,,2023,2121896.207,1510977.04,1510977.04,,MAR
,732620,,2023,7126057.125,5899808.88,5899808.88,,MAR
,732690,,2023,159447206.118,72353781.58,72353781.58,,MAR
,7601,,2023,13702645.17,7041044.8,7041044.8,,MAR
,7603,,2023,27.242,1.6,1.6,,MAR
,760410,,2023,1083898.479,189407.15,189407.15,,MAR
,760421,,2023,38970494.837,7798611.11,7798611.11,,MAR
,760429,,2023,4739496.57,865665.671,865665.671,,MAR
,731814,,2023,28000.0,1924.0,1340.0,,MOZ
,731815,,2023,45000.0,4338.0,13175.0,,MOZ
,731819,,2023,5000.0,1960.0,1960.0,,MOZ
,731821,,2023,2000.0,121.0,19.0,,MOZ
,731822,,2023,4000.0,4088.0,4089.0,,MOZ
,731824,,2023,4000.0,75.0,78.0,,MOZ
,731829,,2023,42000.0,239.0,247.0,,MOZ
,732611,,2023,1000.0,10.0,8.0,,MOZ
,732620,,2023,5000.0,2500.0,2500.0,,MOZ
,732690,,2023,386000.0,121025.0,0.0,,MOZ
,7601,,2023,1093376000.0,1447966875.9,1443149565.9,,MOZ
,760429,,2023,4000.0,300.0,300.0,,MOZ
,731812,,2023,140.442,23.178,23.178,,OMN
,731813,,2023,693256.176,88429.864,88429.864,,OMN
,731814,,2023,15851.756,2021.279,2021.279,,OMN
,731815,,2023,1040018.204,,0.0,,OMN
,731816,,2023,89799.74,,0.0,,OMN
,731819,,2023,822054.615,55733.391,55733.391,,OMN
,731821,,2023,31370.611,1250.105,1250.105,,OMN
,731822,,2023,56977.893,,0.0,,OMN
,731823,,2023,5250.975,498.028,498.028,,OMN
,731824,,2023,146754.226,10455.434,10455.434,,OMN
,731829,,2023,174801.04,,0.0,,OMN
,732611,,2023,73375.813,67128.248,67128.248,,OMN
,732619,,2023,329651.495,58242.83,58242.83,,OMN
,732620,,2023,1467232.768,437540.227,437540.227,,OMN
,732690,,2023,70305227.458,,0.0,,OMN
,7601,,2023,657301972.964,260558856.197,260558856.197,,OMN
,7603,,2023,81066.32,19876.311,19876.311,,OMN
,760410,,2023,40556873.799,5809803.865,5809803.865,,OMN
,760421,,2023,3602954.481,608654.489,608654.489,,OMN
,760429,,2023,5880975.283,956496.285,956496.285,,OMN
,731812,,2023,5833.332,1673.27,1673.27,,NAM
,731813,,2023,4504.823,1688.71,1688.71,,NAM
,731814,,2023,5381.592,635.23,635.23,,NAM
,731815,,2023,652280.817,82098.97,82098.97,,NAM
,731816,,2023,90175.708,16842.95,16842.95,,NAM
,731819,,2023,94724.849,21204.17,21204.17,,NAM
,731821,,2023,6320.927,3170.04,3170.04,,NAM
,731822,,2023,107060.544,13666.93,13666.93,,NAM
,731823,,2023,2411.364,5045.01,5045.01,,NAM
,731824,,2023,30140.986,3380.37,3380.37,,NAM
,731829,,2023,374404.511,38798.77,38798.77,,NAM
,732611,,2023,6307456.781,1581591.3,1581591.3,,NAM
,732619,,2023,39540.105,5956.64,5956.64,,NAM
,732620,,2023,372776.245,10465.82,10465.82,,NAM
,732690,,2023,1897619.325,471166.51,471166.51,,NAM
,7601,,2023,4278.422,900.0,900.0,,NAM
,760410,,2023,32.419,50.0,50.0,,NAM
,760421,,2023,102.945,30.0,30.0,,NAM
,760429,,2023,15016.697,15377.0,15377.0,,NAM
,731812,,2023,596370.122,66931.55,66931.55,,NZL
,731813,,2023,32992.446,346.0,346.0,,NZL
,731814,,2023,261205.04,45934.752,45934.752,,NZL
,731815,,2023,2722652.405,579522.925,579522.925,,NZL
,731816,,2023,483566.611,29527.975,29527.975,,NZL
,731819,,2023,125357.909,21364.0,21364.0,,NZL
,731821,,2023,23567.437,1307.817,1307.817,,NZL
,731822,,2023,608605.194,48467.305,48467.305,,NZL
,731823,,2023,420803.22,41157.332,41157.332,,NZL
,731824,,2023,43223.138,776.058,776.058,,NZL
,731829,,2023,700405.082,37926.866,37926.866,,NZL
,732611,,2023,2140.708,14.0,14.0,,NZL
,732619,,2023,8967811.256,,1695565.068,,NZL
,732620,,2023,821304.104,,256597.674,,NZL
,732690,,2023,21094239.948,,0.0,,NZL
,7601,,2023,774919385.876,310804479.971,310804479.971,,NZL
,7603,,2023,89477.41,151350.753,151350.753,,NZL
,760410,,2023,231637.358,17543.0,17543.0,,NZL
,760421,,2023,296115.894,24793.566,24793.566,,NZL
,760429,,2023,13368949.91,3064337.0,3064337.0,,NZL
,731812,,2023,21.0,1.15,1.15,,NIC
,731814,,2023,30.0,15.0,15.0,,NIC
,731815,,2023,40290.74,2471.64,2471.64,,NIC
,731816,,2023,3666.01,189.14,189.14,,NIC
,731819,,2023,50.0,25.0,25.0,,NIC
,731822,,2023,3705.14,88.26,88.26,,NIC
,731823,,2023,5.11,4.89,4.89,,NIC
,731824,,2023,29612.71,705.712,705.712,,NIC
,731829,,2023,1533.91,128.37,128.37,,NIC
,732611,,2023,2500.0,11670.0,11670.0,,NIC
,732619,,2023,8715.11,2899.36,2899.36,,NIC
,732620,,2023,547188.05,1082419.9,1082419.9,,NIC
,732690,,2023,72240.18,79231.34,79231.34,,NIC
,760410,,2023,197.3,55.16,55.16,,NIC
,760429,,2023,4998.42,186.92,186.92,,NIC
,731815,,2023,1559.262,115.0,115.0,,NER
,731816,,2023,102.056,1.0,1.0,,NER
,731824,,2023,218.325,3.0,3.0,,NER
,731829,,2023,442.223,73.0,73.0,,NER
,732690,,2023,18285.865,28758.0,28758.0,,NER
,731815,,2023,12392.605,4525.17,4525.17,,NGA
,731816,,2023,4436.119,3.7,3.7,,NGA
,731819,,2023,580.488,213.68,213.68,,NGA
,731822,,2023,46.884,17.25,17.25,,NGA
,731824,,2023,9413.183,,0.0,,NGA
,731829,,2023,1236.875,3.41,3.41,,NGA
,732619,,2023,38.517,14.17,14.17,,NGA
,732690,,2023,801365.769,61716.28,61716.28,,NGA
,7601,,2023,272479922.4,147169049.964,147169049.964,,NGA
,731813,,2023,14104.742,3213.0,3213.0,,PAK
,731814,,2023,9.759,50.0,50.0,,PAK
,731815,,2023,1510539.179,624934.0,624934.0,,PAK
,731816,,2023,101364.276,40728.0,40728.0,,PAK
,731819,,2023,53019.958,5514.0,5514.0,,PAK
,731821,,2023,1492.251,2945.0,2945.0,,PAK
,731822,,2023,84814.98,,0.0,,PAK
,731823,,2023,10005.633,100.0,100.0,,PAK
,731824,,2023,1115.809,528.0,528.0,,PAK
,731829,,2023,20273.714,5842.0,5842.0,,PAK
,732611,,2023,1472.016,1500.0,1500.0,,PAK
,732619,,2023,421442.489,171068.0,171068.0,,PAK
,732620,,2023,51393.21,14594.0,14594.0,,PAK
,732690,,2023,7970931.879,4462681.421,4462681.421,,PAK
,7601,,2023,72433791.0,35226017.0,35226017.0,,PAK
,7603,,2023,9965.006,21800.0,21800.0,,PAK
,760410,,2023,50289.91,5611.0,5611.0,,PAK
,760421,,2023,24529.139,7236.0,7236.0,,PAK
,760429,,2023,4735.51,1655.0,1655.0,,PAK
,731814,,2023,1147.0,96.0,96.0,,PAN
,731815,,2023,278.0,232.0,232.0,,PAN
,732690,,2023,99310.0,65302.0,65302.0,,PAN
,760410,,2023,7169.0,1626.0,1626.0,,PAN
,760429,,2023,28334.0,7866.0,7866.0,,PAN
,731815,,2023,43086.92,7982.492,7982.492,,PNG
,731816,,2023,1104.422,1901.98,1901.98,,PNG
,731819,,2023,3448.154,333.12,333.12,,PNG
,731821,,2023,99.915,1.0,1.0,,PNG
,731822,,2023,78.501,330.33,330.33,,PNG
,731824,,2023,254.554,25.98,25.98,,PNG
,731829,,2023,8442.249,2036.35,2036.35,,PNG
,732611,,2023,33.002,17.0,17.0,,PNG
,732619,,2023,77938.416,475.0,475.0,,PNG
,732620,,2023,1223.213,382.165,382.165,,PNG
,732690,,2023,155416.169,,0.0,,PNG
,7601,,2023,687870.024,,0.0,,PNG
,7603,,2023,701210.765,1903720.0,1903720.0,,PNG
,760429,,2023,250.921,265.0,265.0,,PNG
,731812,,2023,195.3,18.0,18.0,,PRY
,731815,,2023,38420.71,1377.702,1377.702,,PRY
,731816,,2023,6441.55,128.475,128.475,,PRY
,731819,,2023,2084.47,36.96,36.96,,PRY
,731821,,2023,491.59,8.243,8.243,,PRY
,731822,,2023,5825.15,76.474,76.474,,PRY
,731823,,2023,104.15,6.0,6.0,,PRY
,731824,,2023,2852.63,74.948,74.948,,PRY
,731829,,2023,73613.06,637.381,637.381,,PRY
,732619,,2023,3251.41,1264.9,1264.9,,PRY
,732620,,2023,16455.51,4542.063,4542.063,,PRY
,732690,,2023,117356.88,10796.049,10796.049,,PRY
,7601,,2023,108800.0,85000.0,85000.0,,PRY
,760410,,2023,12540.92,27.33,27.33,,PRY
,760421,,2023,758461.44,153846.77,153846.77,,PRY
,760429,,2023,1327706.31,250856.01,250856.01,,PRY
,731812,,2023,50510.25,37337.23,37337.23,,PER
,731813,,2023,27651.2,12068.82,12068.82,,PER
,731814,,2023,133447.19,60653.65,60653.65,,PER
,731815,,2023,6452126.4,3021821.808,3021821.808,,PER
,731816,,2023,970125.13,405038.8,405038.8,,PER
,731819,,2023,131243.63,41769.12,41769.12,,PER
,731821,,2023,91370.53,30658.95,30658.95,,PER
,731822,,2023,672532.71,297260.769,297260.769,,PER
,731823,,2023,7381.37,703.308,703.308,,PER
,731824,,2023,736412.48,22568.22,22568.22,,PER
,731829,,2023,342039.44,22466.571,22466.571,,PER
,732611,,2023,16492156.23,15091991.3,15091991.3,,PER
,732619,,2023,311362.38,20257.23,20257.23,,PER
,732620,,2023,643585.6,224426.21,224426.21,,PER
,732690,,2023,8378431.05,2087095.85,2087095.85,,PER
,7601,,2023,213458.91,110157.0,110157.0,,PER
,7603,,2023,51630.0,5000.0,5000.0,,PER
,760410,,2023,48528.73,13599.07,13599.07,,PER
,760421,,2023,922.12,285.17,285.17,,PER
,760429,,2023,59159.32,8048.08,8048.08,,PER
,731812,,2023,813056.0,356794.14,356794.14,,PHL
,731813,,2023,237.0,5.01,5.01,,PHL
,731814,,2023,1847597.0,1124997.63,1124997.63,,PHL
,731815,,2023,17374396.0,5938384.08,5938384.08,,PHL
,731816,,2023,12456740.0,1492759.29,1492759.29,,PHL
,731819,,2023,4973070.0,2295398.55,2295398.55,,PHL
,731821,,2023,30170.0,285.83,285.83,,PHL
,731822,,2023,415545.0,34820.03,34820.03,,PHL
,731823,,2023,23137.0,2421.72,2421.72,,PHL
,731824,,2023,4980766.0,307235.62,307235.62,,PHL
,731829,,2023,6563059.0,305464.57,305464.57,,PHL
,732611,,2023,3589.0,432.2,432.2,,PHL
,732619,,2023,4557604.0,1467124.62,1467124.62,,PHL
,732620,,2023,1629687.0,434849.47,434849.47,,PHL
,732690,,2023,71869547.0,,0.0,,PHL
,7601,,2023,24185446.0,15314520.5,15314520.5,,PHL
,7603,,2023,695286.0,646420.0,646420.0,,PHL
,760410,,2023,54287305.0,21601843.83,21601843.83,,PHL
,760421,,2023,52480014.0,13092249.52,13092249.52,,PHL
,760429,,2023,494536.0,225699.26,225699.26,,PHL
,7601,,2023,1732792882.059,0.0,0.0,,QAT
,731813,,2023,510925.321,73689.729,73689.729,,SAU
,731814,,2023,192817.862,26897.319,26897.319,,SAU
,731815,,2023,4864724.145,,0.0,,SAU
,731816,,2023,124140.53,,0.0,,SAU
,731819,,2023,596206.652,,0.0,,SAU
,731821,,2023,571604.519,23574.871,23574.871,,SAU
,731822,,2023,202996.528,,0.0,,SAU
,731823,,2023,1608216.76,167771.619,167771.619,,SAU
,731824,,2023,67472.265,4838.756,4838.756,,SAU
,731829,,2023,729114.382,,0.0,,SAU
,732611,,2023,210969.595,207225.149,207225.149,,SAU
,732619,,2023,370066.924,69976.716,69976.716,,SAU
,732620,,2023,1741218.09,544003.749,544003.749,,SAU
,732690,,2023,62768484.297,,0.0,,SAU
,7601,,2023,680303924.059,270290610.714,270290610.714,,SAU
,7603,,2023,8266.666,1472.06,1472.06,,SAU
,760410,,2023,91427257.181,13203549.91,13203549.91,,SAU
,760421,,2023,12835909.546,2336709.31,2336709.31,,SAU
,760429,,2023,26858280.662,4575430.841,4575430.841,,SAU
,731812,,2023,26.074,1.0,1.0,,SEN
,731815,,2023,336514.79,15905.0,15905.0,,SEN
,731816,,2023,25690.64,397.0,397.0,,SEN
,731819,,2023,42886.221,9105.0,9105.0,,SEN
,731821,,2023,4538.414,627.0,627.0,,SEN
,731822,,2023,9864.146,679.0,679.0,,SEN
,731823,,2023,65.968,113.0,113.0,,SEN
,731824,,2023,17493.709,256.0,256.0,,SEN
,731829,,2023,69950.882,3571.0,3571.0,,SEN
,732619,,2023,8214.948,8948.0,8948.0,,SEN
,732620,,2023,5046.874,2018.0,2018.0,,SEN
,732690,,2023,1064051.773,113755.0,113755.0,,SEN
,7601,,2023,4017236.895,1953595.0,1953595.0,,SEN
,7603,,2023,286.851,604.0,604.0,,SEN
,760410,,2023,3112.344,524.0,524.0,,SEN
,760429,,2023,167680.356,16584.0,16584.0,,SEN
,731812,,2023,590968.0,256374.632,256374.632,,SRB
,731813,,2023,87367.0,14383.14,14383.14,,SRB
,731814,,2023,1378822.0,179872.927,179872.927,,SRB
,731815,,2023,22646727.0,11556775.925,11556775.925,,SRB
,731816,,2023,2724379.0,487034.704,487034.704,,SRB
,731819,,2023,3630218.0,601534.479,601534.479,,SRB
,731821,,2023,775928.0,54006.515,54006.515,,SRB
,731822,,2023,913001.0,155442.254,155442.254,,SRB
,731823,,2023,147520.0,12358.797,12358.797,,SRB
,731824,,2023,337469.0,16273.828,16273.828,,SRB
,731829,,2023,2338918.0,420761.193,420761.193,,SRB
,732611,,2023,403249.0,189254.0,189254.0,,SRB
,732619,,2023,4754020.0,1038498.801,1038498.801,,SRB
,732620,,2023,6702790.0,5156102.772,5156102.772,,SRB
,732690,,2023,199931749.0,46316684.136,46316684.136,,SRB
,7601,,2023,17682646.0,7301174.872,7301174.872,,SRB
,7603,,2023,250489.0,442226.153,442226.153,,SRB
,760410,,2023,3796742.0,646299.065,646299.065,,SRB
,760421,,2023,20942766.0,3949916.0,3949916.0,,SRB
,760429,,2023,35403451.0,6713754.365,6713754.365,,SRB
,731812,,2023,1155433.91,366575.486,366575.486,,IND
,731813,,2023,1209675.695,152924.529,152924.529,,IND
,731814,,2023,3233236.979,701332.374,701332.374,,IND
,731815,,2023,406596753.432,160210530.539,160210530.539,,IND
,731816,,2023,90204036.729,26295796.203,26295796.203,,IND
,731819,,2023,168223437.995,77729003.242,77729003.242,,IND
,731821,,2023,10226490.766,1335398.482,1335398.482,,IND
,731822,,2023,53333938.309,20170450.888,20170450.888,,IND
,731823,,2023,3156891.953,606090.077,606090.077,,IND
,731824,,2023,4148701.066,639227.693,639227.693,,IND
,731829,,2023,48417517.011,7906903.929,7906903.929,,IND
,732611,,2023,1213607.85,379028.97,379028.97,,IND
,732619,,2023,352777172.748,119214962.52,119214962.52,,IND
,732620,,2023,64290483.036,37126488.302,37126488.302,,IND
,732690,,2023,864198716.966,251381702.065,251381702.065,,IND
,7601,,2023,4759298481.017,1957292778.135,1957292778.135,,IND
,7603,,2023,17029820.583,4198620.376,4198620.376,,IND
,760410,,2023,14298374.838,3224359.449,3224359.449,,IND
,760421,,2023,65837757.304,13171242.0,13171242.0,,IND
,760429,,2023,66977211.154,16779212.942,16779212.942,,IND
,731812,,2023,609745.839,31574.305,31574.305,,SGP
,731813,,2023,1473384.787,252600.441,252600.441,,SGP
,731814,,2023,5723943.997,462301.195,462301.195,,SGP
,731815,,2023,170697397.583,13794470.875,13794470.875,,SGP
,731816,,2023,28045713.696,1814914.625,1814914.625,,SGP
,731819,,2023,67216404.04,8653386.347,8653386.347,,SGP
,731821,,2023,8500955.353,267110.412,267110.412,,SGP
,731822,,2023,16047551.717,694275.088,694275.088,,SGP
,731823,,2023,2866559.414,119949.092,119949.092,,SGP
,731824,,2023,8056931.313,136559.644,136559.644,,SGP
,731829,,2023,39825252.281,2323187.305,2323187.305,,SGP
,732611,,2023,141209.167,20438.841,20438.841,,SGP
,732619,,2023,94342064.218,9706690.174,9706690.174,,SGP
,732620,,2023,27630905.858,3568464.958,3568464.958,,SGP
,732690,,2023,395447134.402,35564122.394,35564122.394,,SGP
,7601,,2023,309561986.79,136087396.886,136087396.886,,SGP
,7603,,2023,7196892.454,1623078.72,1623078.72,,SGP
,760410,,2023,7484706.084,1107203.669,1107203.669,,SGP
,760421,,2023,2027428.63,285092.228,285092.228,,SGP
,760429,,2023,25067990.046,3608893.028,3608893.028,,SGP
,731812,,2023,25775577.958,4848559.454,4848559.454,,VNM
,731813,,2023,10756.0,1551.316,1551.316,,VNM
,731814,,2023,37948652.707,5293684.916,5293684.916,,VNM
,731815,,2023,330214370.096,,0.0,,VNM
,731816,,2023,23470705.795,,0.0,,VNM
,731819,,2023,28854033.818,,0.0,,VNM
,731821,,2023,1335443.244,55078.119,55078.119,,VNM
,731822,,2023,26842285.643,,0.0,,VNM
,731823,,2023,2197023.464,229196.831,229196.831,,VNM
,731824,,2023,28322553.397,2031144.737,2031144.737,,VNM
,731829,,2023,20867339.391,,0.0,,VNM
,732611,,2023,87811.02,86252.485,86252.485,,VNM
,732619,,2023,9433691.405,1783836.126,1783836.126,,VNM
,732620,,2023,41573682.978,12988745.94,12988745.94,,VNM
,732690,,2023,502866731.446,,0.0,,VNM
,7601,,2023,621847312.834,236488216.079,236488216.079,,VNM
,7603,,2023,43201.5,10687.612,10687.612,,VNM
,760410,,2023,263056.391,37989.526,37989.526,,VNM
,760421,,2023,56663729.376,10315331.646,10315331.646,,VNM
,760429,,2023,181342004.907,30892439.188,30892439.188,,VNM
,731812,,2023,1839999.985,470723.67,470723.67,,ZAF
,731813,,2023,381285.36,101589.45,101589.45,,ZAF
,731814,,2023,1568531.003,351200.3,351200.3,,ZAF
,731815,,2023,62137526.912,16682836.01,16682836.01,,ZAF
,731816,,2023,8810632.99,1274156.14,1274156.14,,ZAF
,731819,,2023,3904225.023,777914.703,777914.703,,ZAF
,731821,,2023,1220423.469,260856.192,260856.192,,ZAF
,731822,,2023,7639606.97,,0.0,,ZAF
,731823,,2023,771583.501,,0.0,,ZAF
,731824,,2023,2773196.415,314724.923,314724.923,,ZAF
,731829,,2023,8277217.393,1478380.74,1478380.74,,ZAF
,732611,,2023,12306373.013,9443298.55,9443298.55,,ZAF
,732619,,2023,2676618.289,927227.16,927227.16,,ZAF
,732620,,2023,7073733.754,,0.0,,ZAF
,732690,,2023,215508353.609,99177410.96,99177410.96,,ZAF
,7601,,2023,1581276050.822,,0.0,,ZAF
,7603,,2023,14409398.297,7819929.53,7819929.53,,ZAF
,760410,,2023,2086968.586,552499.239,552499.239,,ZAF
,760421,,2023,1094494.512,178602.673,178602.673,,ZAF
,760429,,2023,6023905.805,1323740.76,1323740.76,,ZAF
,731814,,2023,27.84,6.4,6.4,,ZWE
,731815,,2023,35862.44,29588.69,29588.69,,ZWE
,731816,,2023,13679.46,505.53,505.53,,ZWE
,731819,,2023,637.21,1.6,1.6,,ZWE
,731821,,2023,8072.34,154.0,154.0,,ZWE
,731822,,2023,219.46,5.0,5.0,,ZWE
,731824,,2023,430.0,36.2,36.2,,ZWE
,731829,,2023,12005.32,230.7,230.7,,ZWE
,732619,,2023,10370.84,210.0,210.0,,ZWE
,732620,,2023,45194.49,7000.0,7000.0,,ZWE
,732690,,2023,519725.02,238034.99,238034.99,,ZWE
,7601,,2023,369167.29,216000.0,216000.0,,ZWE
,760421,,2023,443.01,203.0,203.0,,ZWE
,731815,,2023,163349.962,16771.9,16771.9,,SUR
,731829,,2023,8560.5,733.0,733.0,,SUR
,732690,,2023,9669117.202,2447590.0,2447590.0,,SUR
,731812,,2023,128.74,30.96,30.96,,SWZ
,731814,,2023,2420.57,1943.5,1943.5,,SWZ
,731815,,2023,9178.44,2292.0,2292.0,,SWZ
,731816,,2023,1161.48,469.0,469.0,,SWZ
,731819,,2023,381.39,231.0,231.0,,SWZ
,731821,,2023,13.78,2.0,2.0,,SWZ
,731822,,2023,783.54,335.8,335.8,,SWZ
,731823,,2023,109.07,10.0,10.0,,SWZ
,731824,,2023,2.85,2.0,2.0,,SWZ
,731829,,2023,5115.82,192.2,192.2,,SWZ
,732619,,2023,3160.92,662.0,662.0,,SWZ
,732620,,2023,313345.82,38900.0,38900.0,,SWZ
,732690,,2023,67836.06,54506.25,54506.25,,SWZ
,760410,,2023,1983.69,501.0,575.0,,SWZ
,760429,,2023,3588.72,7497.0,7497.0,,SWZ
,731814,,2023,122282.0,56208.0,56208.0,,TJK
,731815,,2023,288.0,,0.0,,TJK
,731822,,2023,267.0,,0.0,,TJK
,732690,,2023,1566790.0,700519.942,700519.942,,TJK
,7601,,2023,132334437.0,59062852.0,59062852.0,,TJK
,760410,,2023,27718.0,9899.0,9899.0,,TJK
,760421,,2023,1222811.0,371633.036,371633.036,,TJK
,760429,,2023,77131.0,21968.0,21968.0,,TJK
,731812,,2023,2099049.48,307402.216,307402.216,,THA
,731813,,2023,98811.941,10759.023,10759.023,,THA
,731814,,2023,31578224.27,11910910.147,11910910.147,,THA
,731815,,2023,393519167.308,113940120.964,113940139.964,,THA
,731816,,2023,61463170.077,11212944.138,11212946.138,,THA
,731819,,2023,32210609.568,5422925.362,5422926.362,,THA
,731821,,2023,7640348.618,535390.882,535390.882,,THA
,731822,,2023,30319735.544,2601996.451,2601997.451,,THA
,731823,,2023,3932462.247,702109.645,702109.645,,THA
,731824,,2023,19951596.53,1476954.143,1476955.143,,THA
,731829,,2023,21825250.381,1890264.282,1890264.282,,THA
,732611,,2023,14310700.889,12822550.601,12822550.601,,THA
,732619,,2023,10619121.829,,0.0,,THA
,732620,,2023,16658673.33,10275906.707,10275906.707,,THA
,732690,,2023,1309086754.462,473189750.284,473189750.284,,THA
,7601,,2023,274244835.203,,0.0,,THA
,7603,,2023,197771.161,72978.0,72978.0,,THA
,760410,,2023,6797672.62,1368968.749,1368968.749,,THA
,760421,,2023,36295143.458,8958648.331,8958648.331,,THA
,760429,,2023,36180832.28,6868029.01,6868029.01,,THA
,731815,,2023,148878.263,3358.0,3358.0,,TGO
,731819,,2023,83609.175,5079.0,5079.0,,TGO
,731821,,2023,6064.824,69.0,69.0,,TGO
,731822,,2023,24379.513,69.0,69.0,,TGO
,731823,,2023,94.662,1.0,1.0,,TGO
,731824,,2023,8570.253,11.0,11.0,,TGO
,731829,,2023,14047.102,762.0,762.0,,TGO
,732619,,2023,9179.175,1139.0,1139.0,,TGO
,732690,,2023,63119.8,60656.0,60656.0,,TGO
,7601,,2023,418224.55,204720.0,204720.0,,TGO
,760429,,2023,2568659.706,1248040.0,1248040.0,,TGO
,731812,,2023,48560.038,3277.0,3277.0,,TTO
,731813,,2023,183.845,39.0,39.0,,TTO
,731814,,2023,25609.671,17905.0,17905.0,,TTO
,731815,,2023,509385.682,192294.686,192294.686,,TTO
,731816,,2023,42039.107,5897.402,5897.402,,TTO
,731819,,2023,151909.058,18299.196,18299.196,,TTO
,731821,,2023,577.755,102.427,102.427,,TTO
,731822,,2023,28458.449,6496.537,6496.537,,TTO
,731823,,2023,1000.406,144.0,144.0,,TTO
,731824,,2023,21455.166,1500.02,1500.02,,TTO
,731829,,2023,145350.647,68391.077,68391.077,,TTO
,732619,,2023,32871.463,12129.0,12129.0,,TTO
,732620,,2023,42981.292,9372.453,9372.453,,TTO
,732690,,2023,2592811.516,3660485.037,3660485.037,,TTO
,7601,,2023,1844.669,146.0,146.0,,TTO
,760410,,2023,4194.8,532.0,532.0,,TTO
,760421,,2023,1617.419,890.0,890.0,,TTO
,760429,,2023,423209.476,88401.723,88401.723,,TTO
,731812,,2023,784456.651,194098.07,194098.07,,ARE
,731813,,2023,1208338.071,237633.72,237633.72,,ARE
,731814,,2023,18369818.346,5485823.501,5485823.501,,ARE
,731815,,2023,258431826.779,64503122.37,64503122.37,,ARE
,731816,,2023,17769324.212,3636041.71,3636041.71,,ARE
,731819,,2023,30849808.829,26456994.48,26456994.48,,ARE
,731821,,2023,3356927.424,468319.17,468319.17,,ARE
,731822,,2023,8456800.344,848870.52,848870.52,,ARE
,731823,,2023,1055167.668,379110.627,379110.627,,ARE
,731824,,2023,6047930.282,221562.54,221562.54,,ARE
,731829,,2023,31642997.227,7850288.25,7850288.25,,ARE
,732611,,2023,497933.781,170952.22,170952.22,,ARE
,732619,,2023,18622535.73,5486550.67,5486550.67,,ARE
,732620,,2023,18415566.653,7070062.59,7070062.59,,ARE
,732690,,2023,387965602.272,162124405.34,162124405.34,,ARE
,7601,,2023,6247848859.988,2685580817.608,2685580817.608,,ARE
,7603,,2023,11382647.138,5441781.0,5441781.0,,ARE
,760410,,2023,126157713.161,37254651.88,37254651.88,,ARE
,760421,,2023,3417976.694,838553.46,838553.46,,ARE
,760429,,2023,105243808.16,,0.0,,ARE
,731812,,2023,9849.299,836.0,836.0,,TUN
,731813,,2023,541478.529,140643.0,140643.0,,TUN
,731814,,2023,14063.43,2151.0,2151.0,,TUN
,731815,,2023,1874914.062,41562.0,41562.0,,TUN
,731816,,2023,74509.628,5486.0,5486.0,,TUN
,731819,,2023,220223.726,23644.0,23644.0,,TUN
,731821,,2023,37223.115,36238.0,36238.0,,TUN
,731822,,2023,62233.549,4427.0,4427.0,,TUN
,731823,,2023,112468.728,11871.0,11871.0,,TUN
,731824,,2023,103599.746,2869.0,2869.0,,TUN
,731829,,2023,570668.668,131452.0,131452.0,,TUN
,732619,,2023,1414997.497,1025875.0,1025875.0,,TUN
,732620,,2023,5531410.033,2089029.0,2089029.0,,TUN
,732690,,2023,104126614.292,23580947.0,23580947.0,,TUN
,7601,,2023,5517190.163,2663068.0,2663068.0,,TUN
,760410,,2023,331609.529,43578.0,43578.0,,TUN
,760421,,2023,311506.926,53690.0,53690.0,,TUN
,760429,,2023,21212594.878,4492598.0,4492598.0,,TUN
,731812,,2023,17046975.0,6146171.0,6146171.0,,TUR
,731813,,2023,324312.0,61660.0,61660.0,,TUR
,731814,,2023,56499348.0,10975842.0,10975842.0,,TUR
,731815,,2023,400215228.0,110496644.0,110496644.0,,TUR
,731816,,2023,115459414.0,26784071.0,26784071.0,,TUR
,731819,,2023,36699063.0,5916975.0,5916975.0,,TUR
,731821,,2023,23160509.0,1068136.0,1068136.0,,TUR
,731822,,2023,51735691.0,3997367.0,3997367.0,,TUR
,731823,,2023,7558883.0,1654153.0,1654153.0,,TUR
,731824,,2023,16600418.0,2320882.0,2320882.0,,TUR
,731829,,2023,64630862.0,8688483.0,8688483.0,,TUR
,732611,,2023,2295604.0,,0.0,,TUR
,732619,,2023,76675691.0,19524871.0,19524871.0,,TUR
,732620,,2023,33607841.0,13768767.0,13768767.0,,TUR
,732690,,2023,1056936563.0,309342985.0,309342985.0,,TUR
,7601,,2023,393006885.0,152667429.0,152667429.0,,TUR
,7603,,2023,7958096.0,1918153.0,1918153.0,,TUR
,760410,,2023,33268634.0,5249517.0,5249517.0,,TUR
,760421,,2023,563146344.0,120681874.0,120681874.0,,TUR
,760429,,2023,1275186843.0,259078714.0,259078714.0,,TUR
,731812,,2023,6910.58,440.0,440.0,,UGA
,731813,,2023,18208.47,309.0,309.0,,UGA
,731814,,2023,47.49,58.0,58.0,,UGA
,731815,,2023,75060.53,40586.36,40586.36,,UGA
,731816,,2023,3461.02,97.8,97.8,,UGA
,731819,,2023,59490.85,10178.66,10178.66,,UGA
,731821,,2023,37.59,27.0,27.0,,UGA
,731822,,2023,58957.01,74131.1,74131.1,,UGA
,731823,,2023,1036.77,,0.0,,UGA
,731824,,2023,4100.31,2400.0,2400.0,,UGA
,731829,,2023,6072.04,1018.4,1018.4,,UGA
,732611,,2023,10596.07,7290.0,7290.0,,UGA
,732619,,2023,325597.63,321486.0,321486.0,,UGA
,732620,,2023,243500.1,246269.0,246269.0,,UGA
,732690,,2023,491313.24,232920.51,232920.51,,UGA
,7601,,2023,1523.41,1450.0,1450.0,,UGA
,7603,,2023,1312.7,104.16,104.16,,UGA
,760410,,2023,250371.61,51023.0,51023.0,,UGA
,760421,,2023,2738830.31,894730.0,894730.0,,UGA
,760429,,2023,2182687.04,1258108.0,1258108.0,,UGA
,731812,,2023,42123.49,13144.737,13144.737,,UKR
,731813,,2023,1895.94,1005.596,1005.596,,UKR
,731814,,2023,91393.0,13774.479,13774.479,,UKR
,731815,,2023,3372507.78,1055765.907,1055765.907,,UKR
,731816,,2023,654910.49,45493.865,45493.865,,UKR
,731819,,2023,431772.98,25613.397,25613.397,,UKR
,731821,,2023,184914.12,5419.759,5419.759,,UKR
,731822,,2023,388615.79,24240.756,24240.756,,UKR
,731823,,2023,34207.89,3114.035,3114.035,,UKR
,731824,,2023,65071.88,15940.808,15940.808,,UKR
,731829,,2023,177695.22,9065.457,9065.457,,UKR
,732611,,2023,3824559.17,3632563.8,3632563.8,,UKR
,732619,,2023,2347501.95,828964.856,828964.856,,UKR
,732620,,2023,14575023.63,,0.0,,UKR
,732690,,2023,68380767.46,19052081.772,19052081.772,,UKR
,7601,,2023,58387197.44,27873332.0,27873332.0,,UKR
,7603,,2023,72786.33,20455.8,20455.8,,UKR
,760410,,2023,116390.95,3907.379,3907.379,,UKR
,760421,,2023,11382858.0,2212902.658,2212902.658,,UKR
,760429,,2023,7121601.61,1518807.176,1518807.176,,UKR
,731812,,2023,7997.842,1467.048,1467.048,,MKD
,731813,,2023,475.858,74.0,74.0,,MKD
,731814,,2023,279137.327,38625.936,38625.936,,MKD
,731815,,2023,740329.434,163939.795,163939.795,,MKD
,731816,,2023,220313.672,22063.531,22063.531,,MKD
,731819,,2023,178347.223,32827.817,32827.817,,MKD
,731821,,2023,12661.454,2033.874,2033.874,,MKD
,731822,,2023,112265.121,7291.97,7291.97,,MKD
,731823,,2023,869.175,38.04,38.04,,MKD
,731824,,2023,10340.162,259.721,259.721,,MKD
,731829,,2023,554885.252,8418.83,8418.83,,MKD
,732619,,2023,348125.984,70760.0,70760.0,,MKD
,732620,,2023,408876.105,369868.338,369868.338,,MKD
,732690,,2023,7405324.915,2769915.802,2769915.802,,MKD
,7601,,2023,129879.672,45458.0,45458.0,,MKD
,760410,,2023,154536.145,36012.265,36012.265,,MKD
,760421,,2023,710984.163,126195.381,126195.381,,MKD
,760429,,2023,1160683.994,127057.607,127057.607,,MKD
,731812,,2023,45500.0,8558.856,8558.856,,EGY
,731814,,2023,101910.25,14216.071,14216.071,,EGY
,731815,,2023,1442756.27,,0.0,,EGY
,731816,,2023,437318.75,,0.0,,EGY
,731819,,2023,177571.23,,0.0,,EGY
,731821,,2023,44115.0,1819.449,1819.449,,EGY
,731822,,2023,24307.587,,0.0,,EGY
,731823,,2023,85264.8,8894.954,8894.954,,EGY
,731824,,2023,37833.13,2713.193,2713.193,,EGY
,731829,,2023,200788.35,,0.0,,EGY
,732619,,2023,361147.33,68290.092,68290.092,,EGY
,732620,,2023,2483378.114,775874.666,775874.666,,EGY
,732690,,2023,121990554.487,,0.0,,EGY
,7601,,2023,321957601.394,125932499.359,125932499.359,,EGY
,7603,,2023,15282.775,2740.34,2740.34,,EGY
,760410,,2023,6411249.918,925886.447,925886.447,,EGY
,760421,,2023,13349719.826,2430245.748,2430245.748,,EGY
,760429,,2023,86955664.169,14813294.74,14813294.74,,EGY
,731812,,2023,10955129.532,1183708.972,1183708.972,,GBR
,731813,,2023,1983763.588,48654.429,48654.429,,GBR
,731814,,2023,22731650.038,2524088.321,2524088.321,,GBR
,731815,,2023,429868198.589,28964476.31,28964476.31,,GBR
,731816,,2023,158328244.943,4918204.288,4918204.288,,GBR
,731819,,2023,87733310.23,2394596.998,2394596.998,,GBR
,731821,,2023,25429137.961,,0.0,,GBR
,731822,,2023,57137943.594,1974559.751,1974559.751,,GBR
,731823,,2023,39434373.538,1592611.981,1592611.981,,GBR
,731824,,2023,9652009.219,,0.0,,GBR
,731829,,2023,201359635.3,7796448.182,7796448.182,,GBR
,732611,,2023,2570384.065,,0.0,,GBR
,732619,,2023,49081404.75,4200475.608,4200475.608,,GBR
,732620,,2023,26557252.445,,0.0,,GBR
,732690,,2023,1519885615.277,279709030.956,279709030.956,,GBR
,7601,,2023,620044378.545,,0.0,,GBR
,7603,,2023,17654825.366,4857969.08,4857969.08,,GBR
,760410,,2023,18211924.585,3790931.384,3790931.384,,GBR
,760421,,2023,17108733.694,1758637.126,1758637.126,,GBR
,760429,,2023,72742885.512,,0.0,,GBR
,731812,,2023,1777.35,3744.0,3744.0,,TZA
,731813,,2023,635.07,802.0,802.0,,TZA
,731814,,2023,10.27,111.7,111.7,,TZA
,731815,,2023,229562.79,138636.11,138358.11,,TZA
,731816,,2023,24822.43,3554.7,3554.7,,TZA
,731819,,2023,28958.62,42945.88,42945.88,,TZA
,731821,,2023,27.05,389.4,389.4,,TZA
,731822,,2023,8460.55,688.6,688.6,,TZA
,731823,,2023,1113.6,1340.0,1340.0,,TZA
,731824,,2023,213.44,202.0,202.0,,TZA
,731829,,2023,18303.17,5471.9,5469.0,,TZA
,732611,,2023,45777.42,234460.0,234460.0,,TZA
,732619,,2023,16537.64,70916.37,70916.37,,TZA
,732620,,2023,177379.94,18596.32,18596.32,,TZA
,732690,,2023,317891.86,152326.15,148151.35,,TZA
,7601,,2023,10376157.21,5480656.0,4780656.0,,TZA
,760410,,2023,97.88,11.2,11.2,,TZA
,760421,,2023,13459.92,1300.0,1300.0,,TZA
,760429,,2023,68123.69,40042.0,40042.0,,TZA
,731812,,2023,16979178.0,2883252.0,2883252.0,,USA
,731813,,2023,9796490.0,890505.0,890505.0,,USA
,731814,,2023,160408350.0,63041452.0,63041452.0,,USA
,731815,,2023,2404159932.0,369046132.0,369046132.0,,USA
,731816,,2023,1041004748.0,84584469.0,84584469.0,,USA
,731819,,2023,495461137.0,25540883.0,25540883.0,,USA
,731821,,2023,86552727.0,4410055.0,4410055.0,,USA
,731822,,2023,309881652.0,37058268.0,37058268.0,,USA
,731823,,2023,134360331.0,9913299.0,9913299.0,,USA
,731824,,2023,194231106.0,17756756.0,17756756.0,,USA
,731829,,2023,573322174.0,43227772.0,43227772.0,,USA
,732611,,2023,72276991.0,55670227.0,55670227.0,,USA
,732619,,2023,422270084.0,42411393.0,42411393.0,,USA
,732620,,2023,157737695.0,47038607.938,47038607.938,,USA
,732690,,2023,5345777791.0,589352549.83,589352549.83,,USA
,7601,,2023,1664636492.0,,0.0,,USA
,7603,,2023,196718404.0,103247377.0,103247377.0,,USA
,760410,,2023,62504393.0,10731804.0,10731804.0,,USA
,760421,,2023,128187117.0,,0.0,,USA
,760429,,2023,888435726.0,127636696.648,127636696.648,,USA
,731814,,2023,623.0,26.22,26.22,,URY
,731815,,2023,43972.0,10001.7,10001.7,,URY
,731816,,2023,8967.0,729.689,729.689,,URY
,731819,,2023,25530.0,1529.939,1529.939,,URY
,731821,,2023,295.0,6.066,6.066,,URY
,731822,,2023,4925.0,450.376,450.376,,URY
,731824,,2023,3910.0,124.164,124.164,,URY
,731829,,2023,36226.0,412.445,412.445,,URY
,732619,,2023,46802.0,3556.45,3556.45,,URY
,732620,,2023,20384.0,633.178,633.178,,URY
,732690,,2023,3098999.0,599047.748,599047.748,,URY
,760421,,2023,155976.0,26928.1,26928.1,,URY
,760429,,2023,314124.0,62361.84,62361.84,,URY
,731812,,2023,2618063.98,1786000.0,1786000.0,,UZB
,731813,,2023,7166.99,221.17,221.17,,UZB
,731814,,2023,1713803.96,1097318.466,1097318.466,,UZB
,731815,,2023,1522975.91,92971.978,0.0,,UZB
,731816,,2023,133689.95,1791.085,1791.085,,UZB
,731819,,2023,36863.96,19905.725,19905.725,,UZB
,731821,,2023,8393.99,950.396,950.396,,UZB
,731822,,2023,124987.97,960.452,960.452,,UZB
,731823,,2023,1257.0,52.864,52.864,,UZB
,731824,,2023,4755.97,457.214,457.214,,UZB
,731829,,2023,12857.95,919.022,919.022,,UZB
,732611,,2023,220944.0,207780.0,207780.0,,UZB
,732619,,2023,374501.96,1447376.35,1447376.35,,UZB
,732620,,2023,955069.98,736334.0,736334.0,,UZB
,732690,,2023,1589317.86,565584.201,565584.201,,UZB
,7601,,2023,8574858.95,4715410.0,4715410.0,,UZB
,7603,,2023,5666.0,3140.0,3140.0,,UZB
,760410,,2023,16914.0,6440.0,6440.0,,UZB
,760421,,2023,20163550.94,5602680.02,5602680.02,,UZB
,760429,,2023,9725904.95,2629850.0,2629850.0,,UZB
,731813,,2023,5188.523,7000.0,7000.0,,YEM
,732619,,2023,98.829,200.0,200.0,,YEM
,731813,,2023,8310.238,901.28,901.28,,ZMB
,731814,,2023,5168.779,1329.1,1329.1,,ZMB
,731815,,2023,603318.077,138619.31,138619.31,,ZMB
,731816,,2023,75714.458,6142.42,6142.42,,ZMB
,731819,,2023,339767.43,174819.91,174819.91,,ZMB
,731821,,2023,11433.784,6091.89,6091.89,,ZMB
,731822,,2023,821090.327,341363.66,341363.66,,ZMB
,731823,,2023,1582.964,628.23,628.23,,ZMB
,731824,,2023,163630.759,76138.81,76138.81,,ZMB
,731829,,2023,374994.223,584581.53,584581.53,,ZMB
,732611,,2023,6685241.794,4397214.19,4397214.19,,ZMB
,732619,,2023,5988.886,7017.0,7017.0,,ZMB
,732620,,2023,74230.54,110657.25,110657.25,,ZMB
,732690,,2023,817377.645,489533.31,489533.31,,ZMB
,7601,,2023,7866391.869,3008321.0,3008321.0,,ZMB
,760410,,2023,532318.099,220040.85,220040.85,,ZMB
,760429,,2023,23580.263,11885.0,11885.0,,ZMB
,731814,,2024,2631.836,338.4,338.4,,ALB
,731815,,2024,445673.216,31274.83,31274.83,,ALB
,731829,,2024,39032.522,6169.25,6169.25,,ALB
,732690,,2024,9392347.194,3700849.82,3700849.82,,ALB
,7601,,2024,34296979.723,12106113.0,12106113.0,,ALB
,760410,,2024,28462277.538,6224468.26,6224468.26,,ALB
,760421,,2024,14322.29,2141.55,2141.55,,ALB
,760429,,2024,499714.292,101470.98,101470.98,,ALB
,731814,,2024,46934.413,6310.566,6310.566,,DZA
,731815,,2024,11789.963,,0.0,,DZA
,731816,,2024,1012.373,,0.0,,DZA
,731821,,2024,108.683,4.271,4.271,,DZA
,731822,,2024,65.293,,0.0,,DZA
,731823,,2024,2.82,0.281,0.281,,DZA
,731824,,2024,374.458,24.863,24.863,,DZA
,731829,,2024,854.578,,0.0,,DZA
,732619,,2024,13782.21,2753.18,2753.18,,DZA
,732620,,2024,2840.507,901.378,901.378,,DZA
,732690,,2024,383338.35,,0.0,,DZA
,7601,,2024,879645.55,341338.115,341338.115,,DZA
,760410,,2024,211286.169,31390.846,31390.846,,DZA
,760421,,2024,3096589.242,624802.089,624802.089,,DZA
,731812,,2024,470.26,442.0,442.0,,AGO
,731813,,2024,190.0,1.0,1.0,,AGO
,731814,,2024,382.99,84.0,84.0,,AGO
,731815,,2024,307711.73,,0.0,,AGO
,731816,,2024,270819.81,17477.998,17477.998,,AGO
,731819,,2024,23246.67,1695.8,1695.8,,AGO
,731821,,2024,15174.14,2828.76,2828.76,,AGO
,731822,,2024,7797.67,645.97,645.97,,AGO
,731823,,2024,69.58,5.0,5.0,,AGO
,731824,,2024,3048.58,16757.22,16757.22,,AGO
,731829,,2024,62672.76,6236.77,6236.77,,AGO
,732619,,2024,194515.59,158075.55,158075.55,,AGO
,732620,,2024,509734.6,,0.0,,AGO
,732690,,2024,17572858.0,2172448.22,2172448.22,,AGO
,7601,,2024,1319365.84,,0.0,,AGO
,7603,,2024,100.0,12.0,12.0,,AGO
,760410,,2024,435091.47,1336684.0,1336684.0,,AGO
,760429,,2024,1551596.44,,0.0,,AGO
,731812,,2024,55019.0,41345.66,41345.66,,AZE
,731813,,2024,569.91,102.12,102.12,,AZE
,731814,,2024,4510.32,,0.0,,AZE
,731815,,2024,288330.5,10012.115,10012.115,,AZE
,731816,,2024,191744.24,2060.777,2060.777,,AZE
,731819,,2024,63792.23,1424.964,1424.964,,AZE
,731821,,2024,5488.92,97.682,97.682,,AZE
,731822,,2024,45427.88,2323.908,2323.908,,AZE
,731823,,2024,108.33,2.0,2.0,,AZE
,731824,,2024,17127.27,255.37,255.37,,AZE
,731829,,2024,64364.9,1501.442,1501.442,,AZE
,732619,,2024,3362.64,1027.0,1027.0,,AZE
,732620,,2024,2390.45,1460.455,1460.455,,AZE
,732690,,2024,1783597.34,217188.521,217188.521,,AZE
,7601,,2024,70749290.62,28903476.37,28903476.37,,AZE
,760410,,2024,392818.58,42961.96,42961.96,,AZE
,760421,,2024,2482014.28,661652.838,661652.838,,AZE
,760429,,2024,2538240.11,707762.98,707762.98,,AZE
,731814,,2024,51028.1,10670.87,10670.87,,ARG
,731815,,2024,8116431.94,1031247.09,1031247.09,,ARG
,731816,,2024,703905.12,79205.99,79205.99,,ARG
,731819,,2024,53049.45,16320.52,16320.52,,ARG
,731821,,2024,29786.18,1141.51,1141.51,,ARG
,731822,,2024,390387.52,30991.77,30991.77,,ARG
,731823,,2024,400.0,4.36,4.36,,ARG
,731824,,2024,144321.28,4092.56,4092.56,,ARG
,731829,,2024,208463.23,12056.19,12056.19,,ARG
,732619,,2024,714.56,27.01,27.01,,ARG
,732620,,2024,212526.22,51637.48,51637.48,,ARG
,732690,,2024,13513440.8,2112790.67,2112790.67,,ARG
,760421,,2024,513534.39,94555.0,94555.0,,ARG
,760429,,2024,338025.68,46646.71,46646.71,,ARG
,731812,,2024,463900.927,56023.29,56023.29,,AUS
,731813,,2024,973040.008,27503.43,27503.43,,AUS
,731814,,2024,1330732.373,482694.73,482694.73,,AUS
,731815,,2024,52556321.274,15066027.54,15066027.54,,AUS
,731816,,2024,8142485.587,1316392.81,1316392.81,,AUS
,731819,,2024,13519948.724,1674207.84,1674207.84,,AUS
,731821,,2024,754260.689,80545.74,80545.74,,AUS
,731822,,2024,4347348.828,1596366.61,1596366.61,,AUS
,731823,,2024,4558444.815,361081.18,361081.18,,AUS
,731824,,2024,1167009.349,69338.71,69338.71,,AUS
,731829,,2024,49831313.79,12829915.12,12829915.12,,AUS
,732611,,2024,6831532.038,,0.0,,AUS
,732619,,2024,1685515.193,499932.17,499932.17,,AUS
,732620,,2024,11940163.659,,0.0,,AUS
,732690,,2024,134612786.948,15000169.275,15000169.275,,AUS
,7601,,2024,3705037852.762,,0.0,,AUS
,7603,,2024,53659333.206,17806589.47,17806589.47,,AUS
,760410,,2024,990554.681,,0.0,,AUS
,760421,,2024,2300289.376,298190.18,298190.18,,AUS
,760429,,2024,8207708.456,1040789.46,1040789.46,,AUS
,731812,,2024,120762.154,429.96,429.96,,BHR
,731813,,2024,322761.728,187833.4,187833.4,,BHR
,731814,,2024,688511.913,28510.23,28510.23,,BHR
,731815,,2024,1307430.528,98359.1,98359.1,,BHR
,731816,,2024,175157.845,8962.86,8962.86,,BHR
,731819,,2024,149354.973,50955.3,50955.3,,BHR
,731821,,2024,49864.042,4277.887,4277.887,,BHR
,731822,,2024,123103.643,4488.29,4488.29,,BHR
,731823,,2024,30.771,0.78,0.78,,BHR
,731824,,2024,61085.292,1732.74,1732.74,,BHR
,731829,,2024,163375.691,8883.24,8883.24,,BHR
,732611,,2024,2386.915,1540.0,1540.0,,BHR
,732619,,2024,24861.25,679.25,679.25,,BHR
,732620,,2024,361629.706,407863.08,407863.08,,BHR
,732690,,2024,1885137.734,479364.89,479364.89,,BHR
,7601,,2024,3407503315.971,1228734828.85,1208560638.23,,BHR
,7603,,2024,24888529.765,6850862.0,6850862.0,,BHR
,760410,,2024,59880.824,35192.09,35192.09,,BHR
,760421,,2024,2445412.918,554542.08,554542.08,,BHR
,760429,,2024,34971026.835,9531657.59,9531657.59,,BHR
,731812,,2024,12457.35,689.281,689.281,,ARM
,731813,,2024,5079.91,1354.354,1354.354,,ARM
,731814,,2024,13680.92,1701.869,1701.869,,ARM
,731815,,2024,365158.96,10008.976,10008.976,,ARM
,731816,,2024,71058.95,3539.439,3539.439,,ARM
,731819,,2024,201683.54,43693.43,43693.44,,ARM
,731821,,2024,39350.87,934.315,934.315,,ARM
,731822,,2024,69399.38,2110.871,2110.871,,ARM
,731823,,2024,2271.82,512.012,512.012,,ARM
,731824,,2024,41684.82,506.965,506.965,,ARM
,731829,,2024,214410.93,2306.48,2306.48,,ARM
,732611,,2024,14.43,38.4,38.4,,ARM
,732619,,2024,33905.64,42976.955,42976.955,,ARM
,732620,,2024,73099.09,11933.69,11933.69,,ARM
,732690,,2024,2357774.07,76453.61,76453.61,,ARM
,7601,,2024,13479266.7,6045141.0,6045141.0,,ARM
,760410,,2024,17229.24,3576.26,3576.26,,ARM
,760421,,2024,21183.11,3379.94,3379.94,,ARM
,760429,,2024,14737.86,2964.85,2964.85,,ARM
,731812,,2024,75.0,8.62,8.62,,BOL
,731813,,2024,1244.12,15.0,15.0,,BOL
,731815,,2024,562818.95,54779.08,54779.08,,BOL
,731816,,2024,8020.21,462.58,462.58,,BOL
,731819,,2024,1131.22,25.0,25.0,,BOL
,731821,,2024,241.5,0.65,0.65,,BOL
,731822,,2024,10158.29,513.6,513.6,,BOL
,731823,,2024,22866.65,3609.15,3609.15,,BOL
,731824,,2024,6738.74,293.52,293.52,,BOL
,731829,,2024,3454.86,59.93,59.93,,BOL
,732619,,2024,34.93,1.22,1.22,,BOL
,732620,,2024,23625.92,16432.8,16432.8,,BOL
,732690,,2024,179150.21,9423.46,9423.46,,BOL
,760421,,2024,377.6,81.41,81.41,,BOL
,760429,,2024,2330.22,545.92,545.92,,BOL
,731812,,2024,249604.182,35729.29,35729.29,,BIH
,731813,,2024,1478.85,95.53,95.53,,BIH
,731814,,2024,252833.024,25267.64,25267.64,,BIH
,731815,,2024,27373342.094,7685678.9,7685678.9,,BIH
,731816,,2024,435677.192,21524.81,21524.81,,BIH
,731819,,2024,1328186.306,355194.88,355194.88,,BIH
,731821,,2024,6725182.025,1646186.13,1646186.13,,BIH
,731822,,2024,17972262.802,4565477.62,4565477.62,,BIH
,731823,,2024,6115.92,173.18,173.18,,BIH
,731824,,2024,83521.062,7912.4,7912.4,,BIH
,731829,,2024,1074673.622,98621.32,98621.32,,BIH
,732619,,2024,6581733.291,3480360.6,3480360.6,,BIH
,732620,,2024,646542.391,156538.55,156538.55,,BIH
,732690,,2024,77263683.391,20053439.84,20053439.84,,BIH
,7601,,2024,124914271.659,44714292.42,44714292.42,,BIH
,7603,,2024,0.087,0.12,0.12,,BIH
,760410,,2024,240149.969,32350.21,32350.21,,BIH
,760421,,2024,54034242.456,12075047.17,12075047.17,,BIH
,760429,,2024,75246945.644,16037384.67,16037384.67,,BIH
,731812,,2024,2243234.0,732926.863,0.0,,BRA
,731813,,2024,166642.0,29542.903,29600.903,,BRA
,731814,,2024,4927459.0,1084364.629,1103408.629,,BRA
,731815,,2024,74875462.0,13742491.731,16118079.731,,BRA
,731816,,2024,25290208.0,3213027.551,3526672.551,,BRA
,731819,,2024,11814157.0,1736181.423,1736559.423,,BRA
,731821,,2024,2466849.0,194903.638,200777.638,,BRA
,731822,,2024,7584686.0,618350.739,742718.739,,BRA
,731823,,2024,1879507.0,217898.575,308770.575,,BRA
,731824,,2024,2630439.0,80866.0,80638.0,,BRA
,731829,,2024,18064020.0,1071697.005,2098255.005,,BRA
,732611,,2024,5347.0,740.831,740.831,,BRA
,732619,,2024,6267007.0,799615.333,818005.333,,BRA
,732620,,2024,13161666.0,4371215.118,4372818.118,,BRA
,732690,,2024,148515619.0,39834849.479,39876764.479,,BRA
,7601,,2024,732890790.0,307008617.219,307028041.219,,BRA
,7603,,2024,3172143.0,435312.0,435312.0,,BRA
,760410,,2024,585347.0,80317.343,80287.343,,BRA
,760421,,2024,11215942.0,1890900.985,1897054.985,,BRA
,760429,,2024,18915552.0,,0.0,,BRA
,731812,,2024,6685.048,,0.0,,BRN
,731813,,2024,133098.478,,0.0,,BRN
,731815,,2024,154510.497,3003.2,3003.2,,BRN
,731816,,2024,23387.574,1515.36,1515.36,,BRN
,731821,,2024,2341.16,11.14,11.14,,BRN
,731822,,2024,2120.202,56.0,56.0,,BRN
,731824,,2024,9239.442,11.2,11.2,,BRN
,731829,,2024,22640.572,2132.0,2132.0,,BRN
,732619,,2024,17148.358,1649.33,1649.33,,BRN
,732620,,2024,1138714.68,243899.0,243899.0,,BRN
,732690,,2024,2156177.563,1928610.68,1928610.68,,BRN
,7601,,2024,3293.529,44.0,44.0,,BRN
,7603,,2024,176054.099,112000.0,112000.0,,BRN
,731812,,2024,992.0,450.0,450.0,,MMR
,731815,,2024,245552.0,1580.0,1580.0,,MMR
,731819,,2024,178514.32,46507.62,46507.62,,MMR
,731829,,2024,1517039.97,308838.96,308838.96,,MMR
,732619,,2024,18957.48,1372.82,1372.82,,MMR
,732620,,2024,182413.0,111488.0,111488.0,,MMR
,732690,,2024,222570.44,24765.22,24765.22,,MMR
,7601,,2024,33108501.795,13930972.65,13930972.65,,MMR
,760429,,2024,833935.81,217902.0,217902.0,,MMR
,731812,,2024,15996.69,149.12,149.12,,KHM
,731815,,2024,40625.27,8748.63,8748.63,,KHM
,731816,,2024,2578.06,380.16,380.16,,KHM
,731819,,2024,24.84,0.03,0.03,,KHM
,731822,,2024,6208.19,284.68,284.68,,KHM
,731823,,2024,58818.89,10140.23,10140.23,,KHM
,731829,,2024,622.93,271.71,271.71,,KHM
,732619,,2024,185312.61,130452.0,130452.0,,KHM
,732620,,2024,9167849.15,3740479.67,3740479.67,,KHM
,732690,,2024,14596561.77,8079666.1,8079666.1,,KHM
,7601,,2024,29578590.27,19809827.52,19809827.52,,KHM
,731812,,2024,2956736.156,571557.148,571557.148,,CAN
,731813,,2024,153939.408,21583.616,21583.616,,CAN
,731814,,2024,32663697.065,4391797.337,4391797.337,,CAN
,731815,,2024,260330369.357,,0.0,,CAN
,731816,,2024,193510445.55,,0.0,,CAN
,731819,,2024,11919905.288,,0.0,,CAN
,731821,,2024,9709514.382,381561.584,381561.584,,CAN
,731822,,2024,24900500.716,,0.0,,CAN
,731823,,2024,12680168.081,1262226.553,1262226.553,,CAN
,731824,,2024,4455833.479,295855.285,295855.285,,CAN
,731829,,2024,76989273.634,,0.0,,CAN
,732611,,2024,17552344.948,18674188.781,18674188.781,,CAN
,732619,,2024,108959909.373,21766189.758,21766189.758,,CAN
,732620,,2024,100907634.988,32021020.522,32021020.522,,CAN
,732690,,2024,903507404.562,,0.0,,CAN
,7601,,2024,7993924032.379,2931726544.0,2931726544.0,,CAN
,7603,,2024,21442726.671,9981273.0,9981273.0,,CAN
,760410,,2024,5370000.412,1222230.0,1222230.0,,CAN
,760421,,2024,198497372.491,39046214.0,39046214.0,,CAN
,760429,,2024,278694282.475,47439572.0,47439572.0,,CAN
,731812,,2024,4022.284,73.0,73.0,,LKA
,731813,,2024,6729.824,1311.0,1311.0,,LKA
,731814,,2024,36888.331,4367.0,4367.0,,LKA
,731815,,2024,768564.105,236101.215,236101.215,,LKA
,731816,,2024,100929.283,14226.584,14226.584,,LKA
,731819,,2024,10588996.39,9695373.288,9695373.288,,LKA
,731821,,2024,6009.146,1284.86,1284.86,,LKA
,731822,,2024,56196.51,5790.471,5790.471,,LKA
,731823,,2024,227837.203,668.0,668.0,,LKA
,731824,,2024,1978.065,113.688,113.688,,LKA
,731829,,2024,110831.225,8283.877,8283.877,,LKA
,732619,,2024,6010.951,972.0,972.0,,LKA
,732620,,2024,98595.615,24506.0,24506.0,,LKA
,732690,,2024,3374723.396,1789487.485,1789487.485,,LKA
,7601,,2024,567295.314,280080.93,280080.93,,LKA
,760410,,2024,2843.528,255.0,255.0,,LKA
,760421,,2024,6220540.593,1380047.0,1380047.0,,LKA
,760429,,2024,1847795.135,448345.0,448345.0,,LKA
,731812,,2024,269124.761,83020.281,83020.281,,CHL
,731813,,2024,13683.754,19175.568,19175.568,,CHL
,731814,,2024,295418.648,84031.053,84031.053,,CHL
,731815,,2024,5288039.911,1838652.661,1838652.661,,CHL
,731816,,2024,1350333.228,275788.938,275788.938,,CHL
,731819,,2024,293167.236,78994.39,78994.39,,CHL
,731821,,2024,514570.923,12655.445,12655.445,,CHL
,731822,,2024,902551.684,61159.879,61159.879,,CHL
,731823,,2024,127013.636,18422.209,18422.209,,CHL
,731824,,2024,947542.46,20741.594,20741.594,,CHL
,731829,,2024,365484.404,37861.786,37861.786,,CHL
,732611,,2024,82419598.848,82203742.408,82203742.408,,CHL
,732619,,2024,2737911.941,334143.464,334143.464,,CHL
,732620,,2024,160278.225,129465.61,129465.61,,CHL
,732690,,2024,26031153.929,8494549.773,8494549.773,,CHL
,7601,,2024,813066.03,634634.85,634634.85,,CHL
,7603,,2024,909400.0,248000.0,248000.0,,CHL
,760410,,2024,37416.069,44656.5,44656.5,,CHL
,760421,,2024,60681.406,17461.845,17461.845,,CHL
,760429,,2024,488742.706,185220.583,185220.583,,CHL
,731812,,2024,152841406.0,98915628.647,98915628.647,,CHN
,731813,,2024,36035316.0,15292068.358,15292068.358,,CHN
,731814,,2024,1037720649.0,598415626.533,598415626.533,,CHN
,731815,,2024,4269460939.0,2058845130.75,2058845130.75,,CHN
,731816,,2024,1634766220.0,758470955.099,758470955.099,,CHN
,731819,,2024,991873898.0,609794093.455,609794093.455,,CHN
,731821,,2024,84210398.0,28469234.894,28469234.894,,CHN
,731822,,2024,583795136.0,262946625.894,262946625.894,,CHN
,731823,,2024,149482592.0,38792730.886,38792730.886,,CHN
,731824,,2024,317588063.0,84022612.742,84022612.742,,CHN
,731829,,2024,264877961.0,76587692.035,76587692.035,,CHN
,732611,,2024,939910811.0,1142820533.413,1142820533.413,,CHN
,732619,,2024,803619760.0,290832819.441,290832819.441,,CHN
,732620,,2024,1568750903.0,1046516179.259,1046516179.259,,CHN
,732690,,2024,14187811259.0,4061792700.495,4061792700.495,,CHN
,7601,,2024,942003775.0,363440277.224,363440277.224,,CHN
,7603,,2024,40602897.0,8954319.336,8954319.336,,CHN
,760410,,2024,10460124.0,3259162.736,3259162.736,,CHN
,760421,,2024,2079469447.0,602007695.0,602007695.0,,CHN
,760429,,2024,1711568597.0,484026663.816,484026663.816,,CHN
,731812,,2024,53733.9,16232.23,16232.23,,COL
,731813,,2024,91.07,356.71,356.71,,COL
,731814,,2024,133234.24,15266.13,15266.13,,COL
,731815,,2024,2991491.45,639544.82,639544.82,,COL
,731816,,2024,445705.68,75569.678,75569.678,,COL
,731819,,2024,275356.94,75935.48,75935.48,,COL
,731821,,2024,35819.59,18712.42,18712.42,,COL
,731822,,2024,323324.08,28770.57,28770.57,,COL
,731823,,2024,2815594.73,401423.14,401423.14,,COL
,731824,,2024,372975.65,27251.3,27251.3,,COL
,731829,,2024,516822.26,40494.77,40494.77,,COL
,732611,,2024,131927.61,,0.0,,COL
,732619,,2024,1708849.05,,0.0,,COL
,732620,,2024,938121.38,165909.18,165909.18,,COL
,732690,,2024,17405641.74,2947703.438,2947703.438,,COL
,7601,,2024,2827697.13,1402990.17,1402990.17,,COL
,7603,,2024,1500.13,100.0,100.0,,COL
,760410,,2024,135122.78,23631.447,23631.447,,COL
,760421,,2024,15979248.65,2635089.87,2635089.87,,COL
,760429,,2024,23196749.05,3775883.94,3775883.94,,COL
,731812,,2024,68450.92,15158.919,15158.919,,CRI
,731813,,2024,119.6,9.04,9.04,,CRI
,731814,,2024,17374.03,2495.375,2495.375,,CRI
,731815,,2024,825969.92,170052.462,170052.462,,CRI
,731816,,2024,90303.48,4004.732,4004.732,,CRI
,731819,,2024,47310.88,9291.763,9291.763,,CRI
,731821,,2024,8754.03,1225.474,1225.474,,CRI
,731822,,2024,71082.85,3219.278,3219.278,,CRI
,731823,,2024,6424.25,832.619,832.619,,CRI
,731824,,2024,22057.07,924.312,924.312,,CRI
,731829,,2024,10204852.79,48745.481,48745.481,,CRI
,732611,,2024,20.0,9.02,9.02,,CRI
,732619,,2024,704322.2,25383.95,25383.95,,CRI
,732620,,2024,33437753.36,2975014.405,2975014.405,,CRI
,732690,,2024,58247772.792,4612283.858,4612283.858,,CRI
,7601,,2024,518.0,35.0,35.0,,CRI
,760410,,2024,152397.7,22183.37,22183.37,,CRI
,760421,,2024,1886311.31,465259.929,465259.929,,CRI
,760429,,2024,11380689.13,,0.0,,CRI
,731813,,2024,18478.23,360.0,360.0,,BEN
,731815,,2024,2754.761,1432.63,1432.63,,BEN
,731819,,2024,140.215,5000.0,5000.0,,BEN
,732620,,2024,82.479,50.0,50.0,,BEN
,732690,,2024,12736.162,16980.0,16980.0,,BEN
,760410,,2024,2827.386,4000.0,4000.0,,BEN
,760421,,2024,4123.958,9000.0,9000.0,,BEN
,760429,,2024,20643.275,3280.0,3280.0,,BEN
,731812,,2024,9580.934,424.2,424.2,,DOM
,731813,,2024,287.0,24.0,220.0,,DOM
,731814,,2024,15232.76,,0.0,,DOM
,731815,,2024,329687.155,207162.317,231413.377,,DOM
,731816,,2024,32473.014,10130.868,17589.128,,DOM
,731819,,2024,10075.547,5523.575,5523.575,,DOM
,731821,,2024,3854.893,636.394,442.394,,DOM
,731822,,2024,6771.247,12910.746,14505.896,,DOM
,731823,,2024,170.974,33.0,33.0,,DOM
,731824,,2024,4757.573,287.479,274.479,,DOM
,731829,,2024,6554.448,6628.435,8622.835,,DOM
,732619,,2024,100240.349,18407.508,18282.508,,DOM
,732620,,2024,1845578.293,1152574.301,1053305.301,,DOM
,732690,,2024,7641411.02,,0.0,,DOM
,7601,,2024,530988.03,225353.01,224446.0,,DOM
,760410,,2024,9371.206,1168.4,792.4,,DOM
,760421,,2024,60154550.614,,12419012.46,,DOM
,760429,,2024,39299164.226,8109077.383,8088648.243,,DOM
,731812,,2024,634.44,108.81,929.27,,ECU
,731813,,2024,192.5,11.0,21.0,,ECU
,731814,,2024,20753.69,10110.84,10344.38,,ECU
,731815,,2024,154301.433,,115197.843,,ECU
,731816,,2024,53199.26,6690.071,11193.494,,ECU
,731819,,2024,108194.95,201.836,376.683,,ECU
,731821,,2024,28478.26,2778.66,4381.748,,ECU
,731822,,2024,66983.563,3106.345,8328.142,,ECU
,731823,,2024,76.71,212.795,0.0,,ECU
,731824,,2024,156407.975,15196.001,16778.135,,ECU
,731829,,2024,103650.21,2655.706,2636.777,,ECU
,732611,,2024,4530.82,,0.0,,ECU
,732619,,2024,31388.89,3049.061,3049.061,,ECU
,732620,,2024,136324.03,45252.97,45252.97,,ECU
,732690,,2024,1459178.21,379585.852,379585.852,,ECU
,7601,,2024,7754945.41,2607440.0,2607440.0,,ECU
,760410,,2024,126823.54,39116.61,39118.32,,ECU
,760421,,2024,23711212.11,5081629.18,5126595.48,,ECU
,760429,,2024,28447442.66,6140374.957,5979384.397,,ECU
,731812,,2024,247766.81,38569.91,38569.91,,SLV
,731813,,2024,225.0,498.8,498.8,,SLV
,731814,,2024,1465313.32,233137.05,233137.05,,SLV
,731815,,2024,269694.23,,0.0,,SLV
,731816,,2024,35019.33,12085.51,12085.51,,SLV
,731819,,2024,97534.82,30621.59,30621.59,,SLV
,731821,,2024,36028.2,8916.05,8916.05,,SLV
,731822,,2024,4224.89,3158.08,3158.08,,SLV
,731823,,2024,1865.27,2156.35,2156.35,,SLV
,731824,,2024,7985.59,2020.54,2020.54,,SLV
,731829,,2024,54030.02,4817.15,4817.15,,SLV
,732619,,2024,128436.4,29460.41,29460.41,,SLV
,732620,,2024,2428460.31,1250646.5,1250646.5,,SLV
,732690,,2024,576583.28,136018.94,136018.94,,SLV
,760410,,2024,120287.79,21530.0,21530.0,,SLV
,760421,,2024,8790037.85,1631282.34,1631282.34,,SLV
,760429,,2024,10599922.6,1864462.36,1864462.36,,SLV
,731812,,2024,1843.907,706.57,706.57,,GEO
,731813,,2024,8226.804,1769.79,1769.79,,GEO
,731814,,2024,43287.852,14016.46,14016.46,,GEO
,731815,,2024,564131.347,101485.13,101485.13,,GEO
,731816,,2024,27826.273,4022.28,4022.28,,GEO
,731819,,2024,41855.76,8675.59,8675.59,,GEO
,731821,,2024,12301.222,620.71,620.71,,GEO
,731822,,2024,40372.213,670.82,670.82,,GEO
,731823,,2024,13995.35,1536.6,1536.6,,GEO
,731824,,2024,3254.167,302.53,302.53,,GEO
,731829,,2024,218221.023,35046.43,35046.43,,GEO
,732619,,2024,35873.471,29360.52,29360.52,,GEO
,732620,,2024,30053.718,5952.51,5952.51,,GEO
,732690,,2024,1358029.436,354323.24,354323.24,,GEO
,7601,,2024,9726753.765,4242612.0,4242612.0,,GEO
,760410,,2024,189259.832,33181.7,33181.7,,GEO
,760421,,2024,4344630.097,891876.8,891876.8,,GEO
,760429,,2024,3442576.047,753391.31,753391.31,,GEO
,731812,,2024,6750.0,1374.0,1374.0,,GTM
,731813,,2024,3291.0,773.0,773.0,,GTM
,731814,,2024,13990.0,120533.0,120533.0,,GTM
,731815,,2024,951612.0,208082.0,208082.0,,GTM
,731816,,2024,164669.0,36700.0,36700.0,,GTM
,731819,,2024,99409.0,20827.0,20827.0,,GTM
,731821,,2024,12802.0,2660.0,2660.0,,GTM
,731822,,2024,13128.0,2174.0,2174.0,,GTM
,731823,,2024,21411.0,3301.0,3301.0,,GTM
,731824,,2024,24743.0,3693.0,3693.0,,GTM
,731829,,2024,16408.0,3772.0,3772.0,,GTM
,732619,,2024,600897.0,249555.0,249555.0,,GTM
,732620,,2024,776551.0,,0.0,,GTM
,732690,,2024,4084876.0,3466184.0,3466184.0,,GTM
,7601,,2024,186484.0,106396.0,106396.0,,GTM
,7603,,2024,140392.0,21884.0,21884.0,,GTM
,760410,,2024,50700.0,8740.0,8740.0,,GTM
,760421,,2024,147571.0,33504.0,33504.0,,GTM
,760429,,2024,598387.0,120880.0,120880.0,,GTM
,731814,,2024,31168.34,1620.5,1620.5,,HND
,731815,,2024,272299.42,53998.61,53998.61,,HND
,731816,,2024,65453.15,8520.97,8520.97,,HND
,731819,,2024,77103.6,13684.51,13684.51,,HND
,731821,,2024,399.08,14.97,14.97,,HND
,731822,,2024,39353.01,1812.48,1812.48,,HND
,731823,,2024,53.9,21.0,21.0,,HND
,731824,,2024,27864.94,1013.11,1013.11,,HND
,731829,,2024,60016.72,13452.33,13452.33,,HND
,732619,,2024,18632.66,9434.47,9434.47,,HND
,732620,,2024,263250.83,83659.06,83659.06,,HND
,732690,,2024,3719630.31,2326828.49,2326828.49,,HND
,7601,,2024,250.0,33.5,33.5,,HND
,760410,,2024,556.59,257.33,257.33,,HND
,760421,,2024,16961361.87,3418293.26,3418293.26,,HND
,760429,,2024,35598280.29,6307935.17,6307935.17,,HND
,731812,,2024,154365.8,9341.0,9341.0,,HKG
,731813,,2024,3123170.82,66172.0,66172.0,,HKG
,731814,,2024,11133951.058,570868.0,570868.0,,HKG
,731815,,2024,123428398.341,5437153.0,5437153.0,,HKG
,731816,,2024,19819633.447,431315.0,431315.0,,HKG
,731819,,2024,19857197.293,430601.0,430601.0,,HKG
,731821,,2024,2889603.817,69511.0,69511.0,,HKG
,731822,,2024,10616638.636,162654.0,162654.0,,HKG
,731823,,2024,18653825.639,457652.0,457652.0,,HKG
,731824,,2024,5334730.825,72669.0,72669.0,,HKG
,731829,,2024,9321196.847,443553.0,443553.0,,HKG
,732611,,2024,7372.915,6225.632,6225.632,,HKG
,732619,,2024,1652476.573,291802.188,291802.188,,HKG
,732620,,2024,15319349.439,4239095.132,4239095.132,,HKG
,732690,,2024,279716765.408,19713789.788,19713789.788,,HKG
,7601,,2024,15850086.674,,0.0,,HKG
,7603,,2024,3691504.962,1551223.0,1551223.0,,HKG
,760410,,2024,177396.148,7336.0,7336.0,,HKG
,760421,,2024,5304751.584,791883.0,791883.0,,HKG
,760429,,2024,11614733.742,1824083.0,1824083.0,,HKG
,731812,,2024,177539.496,,0.0,,IDN
,731813,,2024,217084.1,,0.0,,IDN
,731814,,2024,1606276.976,,0.0,,IDN
,731815,,2024,99068481.848,15182831.87,15182831.87,,IDN
,731816,,2024,19111375.192,2190818.232,2190818.232,,IDN
,731819,,2024,993577.511,2839385.51,2839385.51,,IDN
,731821,,2024,158597.873,19374.023,19374.023,,IDN
,731822,,2024,3635829.732,305852.302,305852.302,,IDN
,731823,,2024,181839.873,35741.799,35741.799,,IDN
,731824,,2024,3237169.743,157383.56,157383.56,,IDN
,731829,,2024,3180516.058,412334.99,412334.99,,IDN
,732611,,2024,26582013.192,27413662.892,27413662.892,,IDN
,732619,,2024,90246789.987,12299324.107,12299324.107,,IDN
,732620,,2024,40738878.802,22448670.92,22448670.92,,IDN
,732690,,2024,89565976.117,,0.0,,IDN
,7601,,2024,975102102.288,,0.0,,IDN
,7603,,2024,159814.848,1455304.6,1455304.6,,IDN
,760410,,2024,3378224.431,,0.0,,IDN
,760421,,2024,38815761.698,,0.0,,IDN
,760429,,2024,105214533.34,25932623.815,25932623.815,,IDN
,731812,,2024,134000.0,24913.486,24913.486,,ISR
,731813,,2024,450000.0,63405.895,63405.895,,ISR
,731814,,2024,84000.0,11109.474,11109.474,,ISR
,731815,,2024,13451000.0,,0.0,,ISR
,731816,,2024,3740000.0,,0.0,,ISR
,731819,,2024,14815000.0,,0.0,,ISR
,731821,,2024,155000.0,6076.208,6076.208,,ISR
,731822,,2024,2197000.0,,0.0,,ISR
,731823,,2024,148000.0,14762.808,14762.808,,ISR
,731824,,2024,1296000.0,86276.203,86276.203,,ISR
,731829,,2024,2761000.0,,0.0,,ISR
,732619,,2024,3834000.0,765892.446,765892.446,,ISR
,732620,,2024,6390000.0,2028312.229,2028312.229,,ISR
,732690,,2024,277170000.0,,0.0,,ISR
,7601,,2024,3301000.0,1495798.0,1495798.0,,ISR
,7603,,2024,225000.0,82073.838,82073.838,,ISR
,760410,,2024,298000.0,44054.117,44054.117,,ISR
,760421,,2024,450000.0,89373.838,89373.838,,ISR
,760429,,2024,17533000.0,4634650.419,4634650.419,,ISR
,731813,,2024,2412.837,4208.0,4208.0,,CIV
,731814,,2024,123.046,9.0,9.0,,CIV
,731815,,2024,305146.736,397479.0,397479.0,,CIV
,731816,,2024,17132.281,2046.0,2046.0,,CIV
,731819,,2024,20835.122,14420.0,14420.0,,CIV
,731821,,2024,2805.136,49.0,49.0,,CIV
,731822,,2024,6541.609,740.0,740.0,,CIV
,731823,,2024,181.454,23.0,23.0,,CIV
,731824,,2024,13130.061,249.0,249.0,,CIV
,731829,,2024,20143.183,10432.0,10432.0,,CIV
,732611,,2024,4132728.088,3528637.0,3528637.0,,CIV
,732619,,2024,145573.459,116658.0,116658.0,,CIV
,732620,,2024,82874.587,54176.0,54176.0,,CIV
,732690,,2024,9950764.831,2693756.0,2693756.0,,CIV
,7601,,2024,962980.441,1140729.0,1140729.0,,CIV
,760410,,2024,1067707.024,1733846.0,1733846.0,,CIV
,760421,,2024,96735.357,77360.0,77360.0,,CIV
,760429,,2024,1978.453,95.0,95.0,,CIV
,731814,,2024,253.0,18.0,18.0,,JAM
,731815,,2024,71097.0,9526.47,9526.47,,JAM
,731816,,2024,2534.0,27.43,27.43,,JAM
,731819,,2024,1873.0,247.12,247.12,,JAM
,731821,,2024,80.0,24.0,24.0,,JAM
,731822,,2024,401.0,7.6,7.6,,JAM
,731824,,2024,70.0,1.0,1.0,,JAM
,731829,,2024,11672.0,21.82,21.82,,JAM
,732619,,2024,26557.0,1705.15,1705.15,,JAM
,732690,,2024,115192.0,72295.31,72295.31,,JAM
,760429,,2024,810.0,35.0,35.0,,JAM
,731812,,2024,360720.96,23666.0,23666.0,,JPN
,731813,,2024,128806.736,1826.0,1826.0,,JPN
,731814,,2024,76581830.889,9770631.0,9770631.0,,JPN
,731815,,2024,1261793760.779,181512056.237,181512056.237,,JPN
,731816,,2024,559305767.118,70968375.025,70968375.025,,JPN
,731819,,2024,24087090.771,2345378.602,2345378.602,,JPN
,731821,,2024,27028564.379,1602021.383,1602021.383,,JPN
,731822,,2024,177918463.888,14596650.974,14596650.974,,JPN
,731823,,2024,33460352.357,2847577.005,2847577.005,,JPN
,731824,,2024,26792369.148,1062102.83,1062102.83,,JPN
,731829,,2024,117706141.069,9280599.338,9280599.338,,JPN
,732611,,2024,964382.378,419236.0,419236.0,,JPN
,732619,,2024,60901472.217,18920039.144,18920039.144,,JPN
,732620,,2024,6772814.992,1252807.041,1252807.041,,JPN
,732690,,2024,1048806706.854,74726763.466,74726763.466,,JPN
,7601,,2024,53143087.834,,0.0,,JPN
,7603,,2024,7169660.24,1128982.959,1128982.959,,JPN
,760410,,2024,5714323.164,483340.521,483340.521,,JPN
,760421,,2024,15053653.818,2939551.0,2939551.0,,JPN
,760429,,2024,53855571.354,9515565.0,9515565.0,,JPN
,731812,,2024,716316.68,597557.47,597557.47,,KAZ
,731813,,2024,132306.81,23229.51,23229.51,,KAZ
,731814,,2024,554549.81,165202.11,165202.11,,KAZ
,731815,,2024,7974646.73,1075204.35,1075204.35,,KAZ
,731816,,2024,1806588.77,105977.23,105977.23,,KAZ
,731819,,2024,2298467.32,306955.0,306955.0,,KAZ
,731821,,2024,605903.78,42088.346,42088.346,,KAZ
,731822,,2024,1058821.28,64576.28,64576.28,,KAZ
,731823,,2024,69770.28,243238.35,243238.35,,KAZ
,731824,,2024,284466.24,4030.63,4030.63,,KAZ
,731829,,2024,2231001.44,87870.26,87870.26,,KAZ
,732611,,2024,133276.21,140007.8,140007.8,,KAZ
,732619,,2024,4532570.12,2009340.86,2009340.86,,KAZ
,732620,,2024,620280.99,164713.27,164713.27,,KAZ
,732690,,2024,37488987.97,6835622.03,6835622.03,,KAZ
,7601,,2024,543374047.66,241655862.7,241655862.7,,KAZ
,7603,,2024,262354.08,76298.95,76298.95,,KAZ
,760410,,2024,26972.37,3246.15,3246.15,,KAZ
,760421,,2024,1880796.81,369931.84,369931.84,,KAZ
,760429,,2024,14384880.29,3978094.03,3978094.03,,KAZ
,731812,,2024,4174.648,3468.0,3468.0,,JOR
,731814,,2024,46606.563,4593.0,4593.0,,JOR
,731815,,2024,202232.774,46449.0,46449.0,,JOR
,731816,,2024,9536.62,2959.0,2959.0,,JOR
,731819,,2024,2496.296,43.0,43.0,,JOR
,731823,,2024,85585.479,100222.0,100222.0,,JOR
,731824,,2024,64908.451,84000.0,84000.0,,JOR
,731829,,2024,281.197,1.0,1.0,,JOR
,732611,,2024,115794.169,246450.0,246450.0,,JOR
,732619,,2024,254143.351,281240.5,281240.5,,JOR
,732620,,2024,578920.773,162842.3,162842.3,,JOR
,732690,,2024,13782285.536,6745088.1,6745088.1,,JOR
,7601,,2024,11832314.021,5141555.0,5141555.0,,JOR
,760410,,2024,539608.52,69482.0,69482.0,,JOR
,760421,,2024,309641.253,72311.5,72311.5,,JOR
,760429,,2024,1062316.617,217876.57,217876.57,,JOR
,731812,,2024,517.625,117.0,117.0,,KEN
,731813,,2024,12263.133,2036.3,2036.3,,KEN
,731814,,2024,24117.647,5325.0,5325.0,,KEN
,731815,,2024,440791.209,179465.654,179465.654,,KEN
,731816,,2024,26300.318,23754.5,23754.5,,KEN
,731819,,2024,105050.749,20925.5,20925.5,,KEN
,731821,,2024,558.075,46.1,46.1,,KEN
,731822,,2024,23795.74,4256.76,4256.76,,KEN
,731823,,2024,16783.022,5306.0,5306.0,,KEN
,731824,,2024,1390.732,105.01,105.01,,KEN
,731829,,2024,26238.815,3075.25,3075.25,,KEN
,732611,,2024,71044.846,77000.0,77000.0,,KEN
,732619,,2024,15086.049,15936.22,15936.22,,KEN
,732620,,2024,51007.832,27055.06,27055.06,,KEN
,732690,,2024,1414385.813,405461.44,405461.44,,KEN
,7601,,2024,397983.002,237408.0,237408.0,,KEN
,760410,,2024,229231.255,48602.9,48602.9,,KEN
,760421,,2024,78205.944,17408.7,17408.7,,KEN
,760429,,2024,1276429.557,238538.45,238538.45,,KEN
,731812,,2024,50144.0,9008.051,9008.051,,KOR
,731813,,2024,1063859.0,278305.807,278305.807,,KOR
,731814,,2024,33434165.0,6869576.793,6869576.793,,KOR
,731815,,2024,592840072.0,133145834.938,133145834.938,,KOR
,731816,,2024,221698334.0,38733064.046,38733064.046,,KOR
,731819,,2024,47241393.0,5793275.132,5793275.132,,KOR
,731821,,2024,4895301.0,713499.34,713499.34,,KOR
,731822,,2024,49067599.0,5457562.985,5457562.985,,KOR
,731823,,2024,22079999.0,4327633.933,4327633.933,,KOR
,731824,,2024,10029178.0,897037.813,897037.813,,KOR
,731829,,2024,70726486.0,8270625.849,8270625.849,,KOR
,732611,,2024,582191.0,147586.85,147586.85,,KOR
,732619,,2024,62602366.0,17449789.574,17449789.574,,KOR
,732620,,2024,91455020.0,10159769.03,10159769.03,,KOR
,732690,,2024,1565144572.0,380728261.662,380728261.662,,KOR
,7601,,2024,704346206.0,,0.0,,KOR
,7603,,2024,2798872.0,6497527.15,6497527.15,,KOR
,760410,,2024,8436732.0,1704296.222,1704296.222,,KOR
,760421,,2024,125126685.0,29039775.7,29039775.7,,KOR
,760429,,2024,115189726.0,24955815.232,24955815.232,,KOR
,731812,,2024,13951.0,2696.823,2696.823,,KWT
,731813,,2024,44776.0,6277.977,6277.977,,KWT
,731814,,2024,18148.0,2440.089,2440.089,,KWT
,731815,,2024,1552880.0,,0.0,,KWT
,731816,,2024,17999.0,,0.0,,KWT
,731819,,2024,143923.0,,0.0,,KWT
,731821,,2024,2150.0,84.49,84.49,,KWT
,731822,,2024,5266.0,,0.0,,KWT
,731823,,2024,904.0,89.987,89.987,,KWT
,731824,,2024,9261.0,614.905,614.905,,KWT
,731829,,2024,38188.0,,0.0,,KWT
,732619,,2024,3083243.0,615918.759,615918.759,,KWT
,732620,,2024,181281.0,57525.901,57525.901,,KWT
,732690,,2024,6178033.0,,0.0,,KWT
,7601,,2024,282579.0,107288.16,107288.16,,KWT
,760410,,2024,237702.0,35315.454,35315.454,,KWT
,760421,,2024,6524.0,1316.354,1316.354,,KWT
,760429,,2024,1546843.0,285538.685,285538.685,,KWT
,731812,,2024,3780.0,12590.0,12590.0,,KGZ
,731814,,2024,6716.0,4979.966,4979.966,,KGZ
,731815,,2024,169839.0,28173.332,28173.332,,KGZ
,731816,,2024,50360.0,1191.381,1191.381,,KGZ
,731819,,2024,16886.0,153.638,153.638,,KGZ
,731821,,2024,56186.0,9912.821,9912.821,,KGZ
,731822,,2024,13763.0,4494.709,4494.709,,KGZ
,731823,,2024,1266.0,8.086,8.086,,KGZ
,731824,,2024,12397.0,1122.38,1122.38,,KGZ
,731829,,2024,61673.0,2487.99,2487.99,,KGZ
,732619,,2024,28770.0,3555.0,3555.0,,KGZ
,732620,,2024,1072.0,28.0,28.0,,KGZ
,732690,,2024,9340004.0,1503413.701,1503413.701,,KGZ
,7601,,2024,6145010.0,3497720.0,3497720.0,,KGZ
,760410,,2024,38256.0,5992.0,5992.0,,KGZ
,760421,,2024,106697.0,29260.0,29260.0,,KGZ
,760429,,2024,275742.0,51032.0,51032.0,,KGZ
,731812,,2024,58396.0,10857.074,10857.074,,LBN
,731814,,2024,43045.0,5692.944,5692.944,,LBN
,731815,,2024,407938.0,,0.0,,LBN
,731816,,2024,11595.0,,0.0,,LBN
,731819,,2024,267455.0,,0.0,,LBN
,731821,,2024,2140.0,83.891,83.891,,LBN
,731822,,2024,4219.0,,0.0,,LBN
,731823,,2024,3090.0,308.223,308.223,,LBN
,731824,,2024,639.0,42.539,42.539,,LBN
,731829,,2024,66206.0,,0.0,,LBN
,732619,,2024,195826.0,39118.846,39118.846,,LBN
,732620,,2024,1119.0,355.193,355.193,,LBN
,732690,,2024,4516459.0,,0.0,,LBN
,7601,,2024,178192.0,67489.384,67489.384,,LBN
,7603,,2024,9019167.0,,0.0,,LBN
,760410,,2024,356206.0,52658.862,52658.862,,LBN
,760421,,2024,1079445.0,214386.982,214386.982,,LBN
,760429,,2024,2322790.0,422143.375,422143.375,,LBN
,731815,,2024,27918.992,860.42,860.42,,MDG
,731816,,2024,115.056,7.48,7.48,,MDG
,731819,,2024,139.122,12.47,12.47,,MDG
,731822,,2024,462.159,30.43,30.43,,MDG
,731823,,2024,15.823,2.85,2.85,,MDG
,731824,,2024,109.17,21.07,21.07,,MDG
,731829,,2024,5747.341,373.64,373.64,,MDG
,732619,,2024,48.733,68.0,68.0,,MDG
,732620,,2024,25748.339,23132.0,23132.0,,MDG
,732690,,2024,212085.967,26881.64,26881.64,,MDG
,760429,,2024,46.942,28.55,28.55,,MDG
,731812,,2024,7737784.765,2938382.874,2938382.874,,MYS
,731813,,2024,648700.906,158859.79,158859.79,,MYS
,731814,,2024,5286513.391,2590441.64,2590441.64,,MYS
,731815,,2024,179359485.764,136701112.229,136701112.229,,MYS
,731816,,2024,39620659.229,14456641.685,14456641.685,,MYS
,731819,,2024,27507057.578,11217107.774,11217107.774,,MYS
,731821,,2024,6797997.45,2584403.654,2584403.654,,MYS
,731822,,2024,5088785.6,1078088.184,1078088.184,,MYS
,731823,,2024,2725275.029,,0.0,,MYS
,731824,,2024,32066326.492,1915048.337,1915048.337,,MYS
,731829,,2024,18189143.95,4685224.421,4685224.421,,MYS
,732611,,2024,95742.574,,0.0,,MYS
,732619,,2024,51831825.4,12012359.856,12012359.856,,MYS
,732620,,2024,38381463.075,18059384.657,18059384.657,,MYS
,732690,,2024,523753784.265,120500553.445,120500553.445,,MYS
,7601,,2024,4619729919.59,1941437639.737,1941437639.737,,MYS
,7603,,2024,125858169.668,81053559.84,81053559.84,,MYS
,760410,,2024,34792451.965,,0.0,,MYS
,760421,,2024,36165572.0,9801821.191,9801821.191,,MYS
,760429,,2024,201975728.08,,0.0,,MYS
,731815,,2024,9138.387,4030.0,4030.0,,MRT
,731822,,2024,4971.264,80.0,80.0,,MRT
,731829,,2024,3143.526,35.0,35.0,,MRT
,732619,,2024,2548.573,68.4,68.4,,MRT
,732690,,2024,164125.828,24111.0,24111.0,,MRT
,731812,,2024,3853.321,977.0,977.0,,MUS
,731813,,2024,22.818,2.0,2.0,,MUS
,731815,,2024,867207.05,9386.0,15934.0,,MUS
,731816,,2024,13266.719,536.0,557.0,,MUS
,731819,,2024,7911.964,566.0,1029.0,,MUS
,731822,,2024,1148.643,82.0,180.0,,MUS
,731823,,2024,259503.345,20117.0,22373.0,,MUS
,731824,,2024,22359.471,37.0,120.0,,MUS
,731829,,2024,25972.522,356.0,4464.0,,MUS
,732619,,2024,320010.118,14526.0,15010.0,,MUS
,732620,,2024,18391.931,121.0,1124.0,,MUS
,732690,,2024,708268.305,33453.0,54094.0,,MUS
,7601,,2024,266522.765,113392.0,136700.0,,MUS
,7603,,2024,411.641,5045.0,5045.0,,MUS
,760410,,2024,6348.514,1598.0,1598.0,,MUS
,760421,,2024,1170395.209,324792.0,324792.0,,MUS
,760429,,2024,193368.317,57740.0,59012.0,,MUS
,731812,,2024,96962.0,15150.0,15150.0,,MEX
,731813,,2024,989616.0,69160.005,69160.005,,MEX
,731814,,2024,6300619.0,1479931.235,1479931.235,,MEX
,731815,,2024,177244156.0,165838524.0,165838524.0,,MEX
,731816,,2024,60213178.0,3716052.962,3716052.962,,MEX
,731819,,2024,9959813.0,1693813.329,1693813.329,,MEX
,731821,,2024,5027569.0,734077.567,734077.567,,MEX
,731822,,2024,22990964.0,4473112.118,4473112.118,,MEX
,731823,,2024,2713634.0,,0.0,,MEX
,731824,,2024,12041400.0,779371.326,779371.326,,MEX
,731829,,2024,12253777.0,2898431.672,2898431.672,,MEX
,732611,,2024,1661691.0,1096780.0,1096780.0,,MEX
,732619,,2024,220570143.0,36568508.642,36568508.642,,MEX
,732620,,2024,91808213.0,,0.0,,MEX
,732690,,2024,1638254922.0,760220189.442,760220189.442,,MEX
,7601,,2024,77618032.0,0.0,0.0,,MEX
,760410,,2024,4964717.0,786710.0,786710.0,,MEX
,760421,,2024,100373800.0,18944360.381,18944360.381,,MEX
,760429,,2024,189514218.0,35140570.0,35140570.0,,MEX
,731812,,2024,21.0,1.0,1.0,,MDA
,731813,,2024,233.0,7.0,7.0,,MDA
,731814,,2024,4296.0,1163.437,1163.437,,MDA
,731815,,2024,256371.0,77804.598,77804.598,,MDA
,731816,,2024,19093.0,4047.471,4047.471,,MDA
,731819,,2024,118590.0,16213.101,16213.101,,MDA
,731821,,2024,17840.0,535.987,535.987,,MDA
,731822,,2024,14200.0,3592.572,3592.572,,MDA
,731823,,2024,1713.0,180.0,180.0,,MDA
,731824,,2024,21865.0,4877.513,4877.513,,MDA
,731829,,2024,28253.0,1483.31,1483.31,,MDA
,732619,,2024,23954.0,3913.0,3913.0,,MDA
,732620,,2024,36460.0,13410.0,13410.0,,MDA
,732690,,2024,6231585.0,2194017.936,2194017.936,,MDA
,760410,,2024,285330.0,23063.0,23063.0,,MDA
,760421,,2024,2425.0,128.0,128.0,,MDA
,760429,,2024,87761.0,12762.145,12762.145,,MDA
,731812,,2024,22.534,0.1,0.1,,MNE
,731813,,2024,2359.451,6080.0,6080.0,,MNE
,731815,,2024,8003.376,2052.26,2052.26,,MNE
,731816,,2024,3000.982,184.1,184.1,,MNE
,731819,,2024,3293.063,4651.0,4651.0,,MNE
,731822,,2024,685.874,30.84,30.84,,MNE
,731824,,2024,8.222,0.3,0.3,,MNE
,731829,,2024,9405.762,1492.24,1492.24,,MNE
,732619,,2024,595.001,572.0,572.0,,MNE
,732620,,2024,960.657,663.0,663.0,,MNE
,732690,,2024,3135207.267,350062.51,350062.51,,MNE
,7601,,2024,41541047.351,15229809.0,15229809.0,,MNE
,760410,,2024,107532.302,30441.32,30441.32,,MNE
,760421,,2024,116904.646,32344.2,32344.2,,MNE
,760429,,2024,93079.186,13283.45,13283.45,,MNE
,731812,,2024,4737.306,709.1,709.1,,MAR
,731813,,2024,46102.52,682.4,682.4,,MAR
,731814,,2024,84688.922,4733.97,4733.97,,MAR
,731815,,2024,37301750.62,420516.73,420516.73,,MAR
,731816,,2024,11510503.282,81957.47,81957.47,,MAR
,731819,,2024,850702.655,115076.47,115076.47,,MAR
,731821,,2024,20470.702,2270.75,2270.75,,MAR
,731822,,2024,2720345.513,32820.19,32820.19,,MAR
,731823,,2024,28057.819,2365.6,2365.6,,MAR
,731824,,2024,39495.428,369.52,369.52,,MAR
,731829,,2024,1601659.436,170841.61,170841.61,,MAR
,732619,,2024,7088443.283,2712529.5,2712529.5,,MAR
,732620,,2024,2309245.252,1867926.16,1867926.16,,MAR
,732690,,2024,308934818.994,147797771.62,147797771.62,,MAR
,7601,,2024,48523437.347,23143298.8,23143298.8,,MAR
,7603,,2024,4379.443,66003.6,66003.6,,MAR
,760410,,2024,1723239.827,250195.28,250195.28,,MAR
,760421,,2024,61265467.656,13616596.02,13616596.02,,MAR
,760429,,2024,3948309.311,554877.94,554877.94,,MAR
,731815,,2024,14832.6,2375.0,2375.0,,MOZ
,731816,,2024,3839.0,486.0,486.0,,MOZ
,731819,,2024,177.9,72.0,72.0,,MOZ
,731821,,2024,320.2,607.0,607.0,,MOZ
,731822,,2024,1298.8,46.0,46.0,,MOZ
,731824,,2024,14.1,5.0,5.0,,MOZ
,731829,,2024,2006.9,157.0,157.0,,MOZ
,732619,,2024,261.6,2.0,2.0,,MOZ
,732620,,2024,1196.4,200.0,200.0,,MOZ
,732690,,2024,191777.1,2580.0,2580.0,,MOZ
,7601,,2024,1122174427.9,415137391.0,415137391.0,,MOZ
,760429,,2024,125932.9,56767.0,56767.0,,MOZ
,731812,,2024,1565.67,213.0,213.0,,OMN
,731813,,2024,413292.587,36049.0,36049.0,,OMN
,731814,,2024,12775.032,5576.464,5576.464,,OMN
,731815,,2024,1001126.136,202739.93,202739.93,,OMN
,731816,,2024,231511.053,93474.387,93474.387,,OMN
,731819,,2024,346119.635,152562.756,152562.756,,OMN
,731821,,2024,73154.746,171363.369,171363.369,,OMN
,731822,,2024,206465.539,3510.665,3510.665,,OMN
,731823,,2024,19885.566,634.83,634.83,,OMN
,731824,,2024,179932.379,5378.7,5378.7,,OMN
,731829,,2024,126616.385,17616.597,17616.597,,OMN
,732611,,2024,8751.625,1171.0,1171.0,,OMN
,732619,,2024,80741.222,22766.0,22766.0,,OMN
,732620,,2024,2099503.248,1893930.346,1893930.346,,OMN
,732690,,2024,57588002.511,44684662.9,44684662.9,,OMN
,7601,,2024,597350831.315,295935846.0,295935846.0,,OMN
,7603,,2024,20746.424,88850.0,88850.0,,OMN
,760410,,2024,30458366.662,8944881.0,8944881.0,,OMN
,760421,,2024,1756540.96,366227.0,366227.0,,OMN
,760429,,2024,8904827.034,2726045.0,2726045.0,,OMN
,731812,,2024,19670.918,38852.0,38852.0,,NAM
,731813,,2024,7618.476,4193.94,4193.94,,NAM
,731814,,2024,6063.603,2283.05,2283.05,,NAM
,731815,,2024,1981130.068,114470.97,114470.97,,NAM
,731816,,2024,1388397.687,92286.88,92286.88,,NAM
,731819,,2024,54767.598,14386.76,14386.76,,NAM
,731821,,2024,634239.136,65956.17,65956.17,,NAM
,731822,,2024,392546.78,59008.08,59008.08,,NAM
,731823,,2024,6039.976,876.75,876.75,,NAM
,731824,,2024,86278.916,6793.99,6793.99,,NAM
,731829,,2024,795473.324,46049.75,46049.75,,NAM
,732611,,2024,12995276.655,3864193.0,3864193.0,,NAM
,732619,,2024,806367.456,,0.0,,NAM
,732620,,2024,260272.748,81463.46,81463.46,,NAM
,732690,,2024,5397971.568,1210827.58,1210827.58,,NAM
,7601,,2024,1447.905,1000.0,1000.0,,NAM
,760410,,2024,23893.108,2155.12,2155.12,,NAM
,760421,,2024,64.091,5.0,5.0,,NAM
,760429,,2024,60071.338,7265.12,7265.12,,NAM
,731812,,2024,891356.021,141923.0,141923.0,,NZL
,731813,,2024,36255.944,1226.0,1226.0,,NZL
,731814,,2024,299228.651,31613.628,31613.628,,NZL
,731815,,2024,2078119.371,249135.174,249135.174,,NZL
,731816,,2024,730116.141,30413.153,30413.153,,NZL
,731819,,2024,246227.648,37520.931,37520.931,,NZL
,731821,,2024,44162.459,4874.332,4874.332,,NZL
,731822,,2024,779922.825,36354.084,36354.084,,NZL
,731823,,2024,1215823.907,45364.333,45364.333,,NZL
,731824,,2024,123188.265,1043.35,1043.35,,NZL
,731829,,2024,706155.117,29111.101,29111.101,,NZL
,732611,,2024,31839.093,307.0,307.0,,NZL
,732619,,2024,7453715.26,,1315891.048,,NZL
,732620,,2024,587416.385,,162546.977,,NZL
,732690,,2024,22272702.241,,2481891.293,,NZL
,7601,,2024,730834930.667,272555448.0,272555448.0,,NZL
,7603,,2024,79552.342,37108.0,37108.0,,NZL
,760410,,2024,61287.592,8884.0,8884.0,,NZL
,760421,,2024,315957.369,36858.0,36858.0,,NZL
,760429,,2024,10700118.987,2582485.0,2582485.0,,NZL
,731815,,2024,49317.2,15214.8,15214.8,,NIC
,731816,,2024,3307.9,892.9,892.9,,NIC
,731819,,2024,1462.5,963.1,963.1,,NIC
,731821,,2024,1318.4,85.4,85.4,,NIC
,731822,,2024,4325.3,120.1,120.1,,NIC
,731823,,2024,334.9,93.0,93.0,,NIC
,731824,,2024,10055.1,933.2,933.2,,NIC
,731829,,2024,10279.6,453.3,453.3,,NIC
,732611,,2024,5000.0,23000.0,23000.0,,NIC
,732619,,2024,482.4,131.8,131.8,,NIC
,732620,,2024,406293.1,1175240.2,1175240.2,,NIC
,732690,,2024,231830.8,97291.4,97291.4,,NIC
,760410,,2024,50.0,4.0,4.0,,NIC
,760429,,2024,72248.9,30833.9,30833.9,,NIC
,731815,,2024,4437.667,937.0,937.0,,NER
,731816,,2024,2199.197,96.0,96.0,,NER
,732690,,2024,835.01,400.0,400.0,,NER
,731815,,2024,58919.009,57315.459,57315.459,,NGA
,731816,,2024,7195.945,7095.123,7095.123,,NGA
,731819,,2024,19582.837,8258.43,8258.43,,NGA
,731821,,2024,569.274,561.3,561.3,,NGA
,731822,,2024,58846.429,58021.94,58021.94,,NGA
,731824,,2024,410.925,405.168,405.168,,NGA
,731829,,2024,5987.025,256124.97,256124.97,,NGA
,732690,,2024,3787675.298,3489717.04,3489717.04,,NGA
,7601,,2024,310946760.028,137741686.841,137741686.841,,NGA
,760410,,2024,2380.486,8898.0,8898.0,,NGA
,731812,,2024,536.709,176.0,176.0,,PAK
,731813,,2024,45424.692,59774.0,59774.0,,PAK
,731814,,2024,618.818,,0.0,,PAK
,731815,,2024,1687507.859,720093.101,720093.101,,PAK
,731816,,2024,66210.928,72421.0,72421.0,,PAK
,731819,,2024,34931.69,5063.0,5063.0,,PAK
,731821,,2024,353.899,500.0,500.0,,PAK
,731822,,2024,88409.634,,0.0,,PAK
,731823,,2024,2416.959,4351.0,4351.0,,PAK
,731824,,2024,12061.273,2520.0,2520.0,,PAK
,731829,,2024,66547.148,18803.566,18803.566,,PAK
,732611,,2024,19074.121,1850.0,1850.0,,PAK
,732619,,2024,219154.314,158416.0,158416.0,,PAK
,732620,,2024,134506.178,37645.0,37645.0,,PAK
,732690,,2024,5794061.568,2768582.674,2768582.674,,PAK
,7601,,2024,57486445.137,26467775.0,26467775.0,,PAK
,7603,,2024,21106.335,13200.0,13200.0,,PAK
,760410,,2024,17300.469,2451.0,2451.0,,PAK
,760429,,2024,2007.679,76.0,76.0,,PAK
,731813,,2024,12915.0,1150.0,1150.0,,PAN
,731814,,2024,2351.0,360.0,360.0,,PAN
,731815,,2024,366576.0,19483.0,19483.0,,PAN
,731816,,2024,72315.0,3086.0,3086.0,,PAN
,731819,,2024,87991.0,9248.0,9248.0,,PAN
,731821,,2024,53851.0,132.0,132.0,,PAN
,731822,,2024,17980.0,2168.0,2168.0,,PAN
,731823,,2024,406.0,47.0,47.0,,PAN
,731824,,2024,19908.0,2404.0,2404.0,,PAN
,731829,,2024,37807.0,6698.0,6698.0,,PAN
,732611,,2024,46192.0,32950.0,32950.0,,PAN
,732620,,2024,6180.0,12735.0,12735.0,,PAN
,732690,,2024,630148.0,129317.0,129317.0,,PAN
,7603,,2024,12400.0,4322.0,4322.0,,PAN
,760410,,2024,7366.0,790.0,790.0,,PAN
,760421,,2024,14838.0,3105.0,3105.0,,PAN
,760429,,2024,260315.0,47128.0,47128.0,,PAN
,731814,,2024,48.64,0.5,0.5,,PRY
,731815,,2024,16404.28,3318.507,3318.507,,PRY
,731816,,2024,3006.29,227.2,227.2,,PRY
,731819,,2024,1699.93,13.712,13.712,,PRY
,731821,,2024,428.71,500.6,500.6,,PRY
,731822,,2024,8222.48,385.732,385.732,,PRY
,731823,,2024,37.11,1.0,1.0,,PRY
,731824,,2024,3833.6,37.33,37.33,,PRY
,731829,,2024,47383.82,1366.424,1366.424,,PRY
,732611,,2024,377.23,1160.0,1160.0,,PRY
,732619,,2024,41951.2,9453.29,9453.29,,PRY
,732620,,2024,5747.26,1796.68,1796.68,,PRY
,732690,,2024,147526.88,21768.3,21768.3,,PRY
,760410,,2024,113.28,14.9,14.9,,PRY
,760421,,2024,1158208.11,257457.55,257457.55,,PRY
,760429,,2024,919766.65,179275.65,179275.65,,PRY
,731812,,2024,9205.682,9945.013,9945.013,,PER
,731813,,2024,26647.966,,0.0,,PER
,731814,,2024,111639.394,13949.018,13949.018,,PER
,731815,,2024,4538844.711,,0.0,,PER
,731816,,2024,403853.338,60195.944,59359.643,,PER
,731819,,2024,85355.613,21879.826,21879.826,,PER
,731821,,2024,36923.774,,0.0,,PER
,731822,,2024,518706.239,100598.533,100624.343,,PER
,731823,,2024,31758.498,2205.256,2205.256,,PER
,731824,,2024,626299.69,,0.0,,PER
,731829,,2024,355933.904,111779.822,111782.957,,PER
,732611,,2024,14316837.131,,0.0,,PER
,732619,,2024,315405.975,,0.0,,PER
,732620,,2024,252831.037,,0.0,,PER
,732690,,2024,6157380.784,,0.0,,PER
,7601,,2024,422122.35,216899.0,216899.0,,PER
,760410,,2024,4620.797,1845.059,1845.059,,PER
,760421,,2024,930.0,9.15,9.15,,PER
,760429,,2024,15741.873,2143.241,2143.241,,PER
,731812,,2024,385264.0,166835.69,166835.69,,PHL
,731813,,2024,518.0,110.41,110.41,,PHL
,731814,,2024,260577.0,272827.77,272827.77,,PHL
,731815,,2024,14037641.0,4371844.43,4371844.43,,PHL
,731816,,2024,9587426.0,1849865.41,1849865.41,,PHL
,731819,,2024,4947163.0,2512705.84,2512705.84,,PHL
,731821,,2024,17913.0,1217.86,1217.86,,PHL
,731822,,2024,388804.0,40972.53,40972.53,,PHL
,731823,,2024,59896.0,5480.33,5480.33,,PHL
,731824,,2024,28173178.0,1671406.93,1671406.93,,PHL
,731829,,2024,2846144.0,359127.96,359127.96,,PHL
,732619,,2024,2412265.0,639378.16,639378.16,,PHL
,732620,,2024,2297896.0,134630.88,134630.88,,PHL
,732690,,2024,93410476.0,35190939.87,35190939.87,,PHL
,7601,,2024,22676052.0,12264853.0,12264853.0,,PHL
,7603,,2024,63871.0,41828.0,41828.0,,PHL
,760410,,2024,63275483.0,27578623.67,27578623.67,,PHL
,760421,,2024,61552278.0,15999683.4,15999683.4,,PHL
,760429,,2024,518381.0,141757.313,141757.313,,PHL
,7601,,2024,1794459379.025,0.0,0.0,,QAT
,731813,,2024,1042785.841,171070.0,171070.0,,SAU
,731814,,2024,179412.262,90994.0,90994.0,,SAU
,731815,,2024,10242346.944,2038555.0,2038555.0,,SAU
,731816,,2024,300938.926,48931.0,48931.0,,SAU
,731819,,2024,874271.711,240785.0,240785.0,,SAU
,731821,,2024,373577.591,49910.0,49910.0,,SAU
,731822,,2024,380931.99,12345.0,12345.0,,SAU
,731823,,2024,984601.042,751212.902,751212.902,,SAU
,731824,,2024,145145.063,51465.396,51465.396,,SAU
,731829,,2024,1179882.904,153876.0,153876.0,,SAU
,732611,,2024,30474.133,,0.0,,SAU
,732619,,2024,469454.922,309164.0,309164.0,,SAU
,732620,,2024,2000403.417,1193615.0,1193615.0,,SAU
,732690,,2024,65493268.496,24831077.147,24831077.147,,SAU
,7601,,2024,626475683.538,285123524.0,285123524.0,,SAU
,7603,,2024,700747.982,1952673.0,1952673.0,,SAU
,760410,,2024,95134629.622,27585158.0,27585158.0,,SAU
,760421,,2024,5059867.607,1366778.0,1366778.0,,SAU
,760429,,2024,80663408.917,21318251.0,21318251.0,,SAU
,731812,,2024,673.681,405.0,405.0,,SEN
,731813,,2024,2428.739,795.0,795.0,,SEN
,731814,,2024,1434.874,481.0,481.0,,SEN
,731815,,2024,421806.394,22331.0,22331.0,,SEN
,731816,,2024,47976.54,1501.0,1501.0,,SEN
,731819,,2024,33251.179,2268.0,2268.0,,SEN
,731821,,2024,4994.11,617.0,617.0,,SEN
,731822,,2024,7154.65,311.0,311.0,,SEN
,731824,,2024,18544.976,88.0,88.0,,SEN
,731829,,2024,102475.875,80541.0,80541.0,,SEN
,732611,,2024,224802.447,170255.0,170255.0,,SEN
,732619,,2024,25931.135,21720.0,21720.0,,SEN
,732620,,2024,1898.773,251.0,251.0,,SEN
,732690,,2024,6853587.611,205503.0,205503.0,,SEN
,7601,,2024,8440544.26,3770000.0,3770000.0,,SEN
,760410,,2024,15761.734,2106.0,2106.0,,SEN
,760421,,2024,303949.468,29573.0,29573.0,,SEN
,760429,,2024,237238.909,18437.0,18437.0,,SEN
,731812,,2024,639281.0,257597.55,257597.55,,SRB
,731813,,2024,179013.0,30493.341,30493.341,,SRB
,731814,,2024,2107884.0,190893.221,190893.221,,SRB
,731815,,2024,16376652.0,10743398.044,10743398.044,,SRB
,731816,,2024,1900685.0,350027.478,350027.478,,SRB
,731819,,2024,3603285.0,672455.346,672455.346,,SRB
,731821,,2024,268838.0,25904.13,25904.13,,SRB
,731822,,2024,1076684.0,191940.576,191940.576,,SRB
,731823,,2024,122670.0,13425.824,13425.824,,SRB
,731824,,2024,425395.0,22172.226,22172.226,,SRB
,731829,,2024,1904998.0,334852.41,334852.41,,SRB
,732611,,2024,525616.0,206654.0,206654.0,,SRB
,732619,,2024,4747168.0,1024282.398,1024282.398,,SRB
,732620,,2024,7454917.0,6672829.957,6672829.957,,SRB
,732690,,2024,174044525.0,41134567.951,41134567.951,,SRB
,7601,,2024,16897628.0,6828095.0,6828095.0,,SRB
,7603,,2024,2630.0,68.0,68.0,,SRB
,760410,,2024,3367497.0,594243.0,594243.0,,SRB
,760421,,2024,21531188.0,4304282.549,4304282.549,,SRB
,760429,,2024,29776227.0,6559024.567,6559024.567,,SRB
,731812,,2024,1675920.827,618293.742,618293.742,,IND
,731813,,2024,5715897.286,606407.012,606407.012,,IND
,731814,,2024,3055958.268,849776.554,849776.554,,IND
,731815,,2024,442986783.891,150296392.733,150296392.733,,IND
,731816,,2024,92648882.077,25786921.456,25786921.456,,IND
,731819,,2024,176677668.477,82153411.867,82153411.867,,IND
,731821,,2024,10175278.755,1307578.342,1307578.342,,IND
,731822,,2024,55813172.147,23298413.417,23298413.417,,IND
,731823,,2024,3570339.731,474756.124,474756.124,,IND
,731824,,2024,4282681.687,629003.243,629003.243,,IND
,731829,,2024,42324528.058,6878490.492,6878490.492,,IND
,732611,,2024,1674753.368,,0.0,,IND
,732619,,2024,346404494.33,118619437.701,118619437.701,,IND
,732620,,2024,70921277.728,42582150.613,42582150.613,,IND
,732690,,2024,990521176.945,308757974.979,308757974.979,,IND
,7601,,2024,4753326030.17,2013322253.976,2013322253.976,,IND
,7603,,2024,22270471.445,6023650.294,6023650.294,,IND
,760410,,2024,10309639.486,2117415.18,2117415.18,,IND
,760421,,2024,42570659.476,8657429.0,8657429.0,,IND
,760429,,2024,65871581.602,16097072.287,16097072.287,,IND
,731812,,2024,789414.523,73351.858,73351.858,,SGP
,731813,,2024,1877593.483,367827.164,367827.164,,SGP
,731814,,2024,5250918.999,719626.806,719626.806,,SGP
,731815,,2024,195442504.233,22981018.932,22981018.932,,SGP
,731816,,2024,35982143.076,1535221.538,1535221.538,,SGP
,731819,,2024,80247106.764,8747411.695,8747411.695,,SGP
,731821,,2024,4265495.296,326441.793,326441.793,,SGP
,731822,,2024,19504211.084,878600.741,878600.741,,SGP
,731823,,2024,4115216.153,520011.966,520011.966,,SGP
,731824,,2024,7647460.77,355070.207,355070.207,,SGP
,731829,,2024,52580920.728,2340997.295,2340997.295,,SGP
,732611,,2024,189796.193,127184.615,127184.615,,SGP
,732619,,2024,128805981.444,18952165.351,18952165.351,,SGP
,732620,,2024,32018192.42,44039026.721,44039026.721,,SGP
,732690,,2024,485721257.341,40792771.643,40792771.643,,SGP
,7601,,2024,150874327.034,,0.0,,SGP
,7603,,2024,10730182.848,3982191.47,3982191.47,,SGP
,760410,,2024,6240667.546,1194766.277,1194766.277,,SGP
,760421,,2024,5227010.75,1310306.729,1310306.729,,SGP
,760429,,2024,31346249.895,4240188.423,4240188.423,,SGP
,731812,,2024,2056850.712,399865.47,399865.47,,ZAF
,731813,,2024,954689.786,182905.02,182905.02,,ZAF
,731814,,2024,1578116.792,307772.766,307772.766,,ZAF
,731815,,2024,94396877.493,20160415.862,20160415.862,,ZAF
,731816,,2024,7879312.868,1202052.348,1202052.348,,ZAF
,731819,,2024,4151189.277,892136.21,892136.21,,ZAF
,731821,,2024,707782.394,78639.96,78639.96,,ZAF
,731822,,2024,8805657.151,2189639.91,2189639.91,,ZAF
,731823,,2024,672458.912,148760.75,148760.75,,ZAF
,731824,,2024,2335095.37,116063.311,116063.311,,ZAF
,731829,,2024,8520000.331,1904935.91,1904935.91,,ZAF
,732611,,2024,19211674.514,,0.0,,ZAF
,732619,,2024,3404154.908,922835.39,922835.39,,ZAF
,732620,,2024,8754021.4,3306788.42,3306788.42,,ZAF
,732690,,2024,175678327.711,77752089.99,77752089.99,,ZAF
,7601,,2024,1527699409.195,631202834.473,631202834.473,,ZAF
,7603,,2024,21656718.308,10462527.46,10462527.46,,ZAF
,760410,,2024,36582234.303,2463009.364,2463009.364,,ZAF
,760421,,2024,1939230.804,350245.733,350245.733,,ZAF
,760429,,2024,11648973.871,1865916.523,1865916.523,,ZAF
,731814,,2024,563.608,406.0,406.0,,ZWE
,731815,,2024,96831.49,41781.25,41781.25,,ZWE
,731816,,2024,16089.259,1835.1,1835.1,,ZWE
,731821,,2024,108.823,190.0,190.0,,ZWE
,731822,,2024,13410.315,1073.93,1073.93,,ZWE
,731823,,2024,12.901,2.0,2.0,,ZWE
,731824,,2024,14941.095,2119.54,2119.54,,ZWE
,731829,,2024,20312.604,2155.92,2155.92,,ZWE
,732611,,2024,572.2,861.58,861.58,,ZWE
,732620,,2024,5293.703,397.63,397.63,,ZWE
,732690,,2024,573057.228,310485.84,310485.84,,ZWE
,7601,,2024,1414958.691,857000.0,857000.0,,ZWE
,760410,,2024,2294.902,787.2,787.2,,ZWE
,731815,,2024,16038.963,1819.0,1819.0,,SUR
,731819,,2024,7272.02,1.0,1.0,,SUR
,731822,,2024,3171.65,110.0,110.0,,SUR
,731824,,2024,63752.23,2277.0,2277.0,,SUR
,731829,,2024,1151.227,846.8,846.8,,SUR
,732619,,2024,7100.0,129.0,129.0,,SUR
,732620,,2024,1680.0,200.0,200.0,,SUR
,732690,,2024,2270038.059,469164.97,469164.97,,SUR
,731812,,2024,2326932.15,243455.557,243455.557,,THA
,731813,,2024,101933.3,40271.246,40271.246,,THA
,731814,,2024,23423803.98,,0.0,,THA
,731815,,2024,353660822.23,116032075.879,116032075.879,,THA
,731816,,2024,63807590.54,12313862.554,12313862.554,,THA
,731819,,2024,50796855.54,8239432.022,8239432.022,,THA
,731821,,2024,6064137.13,420659.535,420659.535,,THA
,731822,,2024,42146127.88,2856550.289,2856550.289,,THA
,731823,,2024,5339078.87,918270.921,918270.921,,THA
,731824,,2024,21184609.48,1787902.069,1787902.069,,THA
,731829,,2024,24665849.72,2595441.576,2595441.576,,THA
,732611,,2024,14341513.84,12791518.0,12791518.0,,THA
,732619,,2024,11987455.82,8949210.242,8949210.242,,THA
,732620,,2024,15809673.86,7371264.767,7371264.767,,THA
,732690,,2024,1313672317.82,489967154.055,489967154.055,,THA
,7601,,2024,438105279.49,,0.0,,THA
,7603,,2024,797459.13,752743.0,752743.0,,THA
,760410,,2024,6923825.95,1561967.368,1561967.368,,THA
,760421,,2024,31284689.68,7746124.276,7746124.276,,THA
,760429,,2024,33076587.35,6134996.186,6134996.186,,THA
,731815,,2024,157754.5,94907.0,94907.0,,TGO
,731816,,2024,52282.267,1427.0,1427.0,,TGO
,731819,,2024,15054.878,2207.0,2207.0,,TGO
,731822,,2024,8928.38,16.0,16.0,,TGO
,731824,,2024,5177.068,8.0,8.0,,TGO
,731829,,2024,48108.935,258.0,258.0,,TGO
,732611,,2024,982.684,65.0,65.0,,TGO
,732619,,2024,2459.946,177.0,177.0,,TGO
,732690,,2024,146651.257,32445.0,32445.0,,TGO
,7601,,2024,8819175.605,5313550.0,5313550.0,,TGO
,760429,,2024,45440.555,20939.0,20939.0,,TGO
,731812,,2024,24828.139,4388.0,4388.0,,TTO
,731813,,2024,1433.9,133.262,133.262,,TTO
,731814,,2024,71163.886,25466.0,25466.0,,TTO
,731815,,2024,424981.425,103375.676,103375.676,,TTO
,731816,,2024,70507.009,36099.974,36099.974,,TTO
,731819,,2024,268927.386,20487.0,20487.0,,TTO
,731821,,2024,633.322,129.0,129.0,,TTO
,731822,,2024,21091.17,2432.119,2432.119,,TTO
,731823,,2024,564.286,50.0,50.0,,TTO
,731824,,2024,1435.677,,0.0,,TTO
,731829,,2024,33412.131,9502.641,9502.641,,TTO
,732619,,2024,8086.815,2082.0,2082.0,,TTO
,732620,,2024,21754.862,4541.649,4541.649,,TTO
,732690,,2024,3802645.234,534623.207,534623.207,,TTO
,7601,,2024,8870.505,375.0,375.0,,TTO
,760421,,2024,5263.311,1793.0,1793.0,,TTO
,760429,,2024,526158.393,125725.957,125725.957,,TTO
,731812,,2024,6603.485,1227.73,1227.73,,TUN
,731813,,2024,88441.324,12461.558,12461.558,,TUN
,731814,,2024,34196.205,4522.641,4522.641,,TUN
,731815,,2024,606828.41,,0.0,,TUN
,731816,,2024,41350.302,,0.0,,TUN
,731819,,2024,240606.921,,0.0,,TUN
,731821,,2024,13774.96,539.997,539.997,,TUN
,731822,,2024,58101.979,,0.0,,TUN
,731823,,2024,44715.762,4460.339,4460.339,,TUN
,731824,,2024,16139.278,1074.41,1074.41,,TUN
,731829,,2024,696443.687,,0.0,,TUN
,732619,,2024,505247.374,100929.877,100929.877,,TUN
,732620,,2024,7197183.006,2284528.06,2284528.06,,TUN
,732690,,2024,98804699.936,,0.0,,TUN
,7601,,2024,7392524.84,2794401.975,2794401.975,,TUN
,7603,,2024,87041.462,21231.629,21231.629,,TUN
,760410,,2024,155020.35,22917.063,22917.063,,TUN
,760421,,2024,490189.047,97355.725,97355.725,,TUN
,760429,,2024,19305921.642,3508654.217,3508654.217,,TUN
,731812,,2024,12864852.0,5372542.0,5372542.0,,TUR
,731813,,2024,755634.0,205590.0,205590.0,,TUR
,731814,,2024,52393448.0,9866200.0,9866200.0,,TUR
,731815,,2024,397083226.0,110448711.0,110448711.0,,TUR
,731816,,2024,107057512.0,24746076.0,24746076.0,,TUR
,731819,,2024,36066256.0,5950248.0,5950248.0,,TUR
,731821,,2024,24675230.0,1122806.0,1122806.0,,TUR
,731822,,2024,47899873.0,3974060.0,3974060.0,,TUR
,731823,,2024,9246782.0,2178551.0,2178551.0,,TUR
,731824,,2024,15392450.0,2090181.0,2090181.0,,TUR
,731829,,2024,63063419.0,8695392.0,8695392.0,,TUR
,732611,,2024,2437009.0,,0.0,,TUR
,732619,,2024,66925632.0,16513058.0,16513058.0,,TUR
,732620,,2024,30305047.0,12921093.0,12921093.0,,TUR
,732690,,2024,1035628483.0,300885298.0,300885298.0,,TUR
,7601,,2024,397598380.0,150690849.0,150690849.0,,TUR
,7603,,2024,9653213.0,2588977.0,2588977.0,,TUR
,760410,,2024,33242475.0,5478375.0,5478375.0,,TUR
,760421,,2024,540944897.0,123737981.0,123737981.0,,TUR
,760429,,2024,1150142071.0,246295652.0,246295652.0,,TUR
,731812,,2024,284.96,250.0,250.0,,UGA
,731813,,2024,130.91,150.0,150.0,,UGA
,731814,,2024,1167.59,210.0,210.0,,UGA
,731815,,2024,63561.96,42863.26,42863.26,,UGA
,731816,,2024,2110.15,691.0,691.0,,UGA
,731819,,2024,56129.48,7743.2,7743.2,,UGA
,731821,,2024,5148.99,5.0,5.0,,UGA
,731822,,2024,88377.53,114155.0,114155.0,,UGA
,731824,,2024,7937.8,4750.0,4750.0,,UGA
,731829,,2024,22655.19,2256.4,2256.4,,UGA
,732611,,2024,186692.61,445236.0,445236.0,,UGA
,732619,,2024,37204.61,11701.0,11701.0,,UGA
,732620,,2024,415904.71,317538.0,317538.0,,UGA
,732690,,2024,805191.85,418056.2,418056.2,,UGA
,7601,,2024,148.99,120.0,120.0,,UGA
,760410,,2024,39407.96,3746.0,3746.0,,UGA
,760421,,2024,4504590.63,1596569.0,1596569.0,,UGA
,760429,,2024,2019087.03,504732.0,504732.0,,UGA
,731812,,2024,23861.55,6804.008,6804.008,,UKR
,731813,,2024,4443.96,1493.075,1493.075,,UKR
,731814,,2024,323913.25,69265.533,69265.533,,UKR
,731815,,2024,2497790.64,,0.0,,UKR
,731816,,2024,1343646.63,81835.304,81835.304,,UKR
,731819,,2024,582971.37,39692.984,39692.984,,UKR
,731821,,2024,292215.33,30689.064,30689.064,,UKR
,731822,,2024,899724.82,28381.109,28381.109,,UKR
,731823,,2024,22422.5,,0.0,,UKR
,731824,,2024,148229.19,,0.0,,UKR
,731829,,2024,255859.08,19259.618,19259.618,,UKR
,732611,,2024,2086215.46,2134500.0,2134500.0,,UKR
,732619,,2024,1303259.67,445659.225,445659.225,,UKR
,732620,,2024,13577741.71,12747397.94,12747397.94,,UKR
,732690,,2024,60409269.44,19513269.531,19513269.531,,UKR
,7601,,2024,78075855.22,35164914.0,35164914.0,,UKR
,7603,,2024,4493.48,250.0,250.0,,UKR
,760410,,2024,44066.7,1494.705,1494.705,,UKR
,760421,,2024,13874425.31,3555361.45,3555361.45,,UKR
,760429,,2024,6825678.81,1657428.181,1657428.181,,UKR
,731812,,2024,20300.8,6522.051,6522.051,,MKD
,731813,,2024,1851.86,188.561,188.561,,MKD
,731814,,2024,380022.52,85060.9,85060.9,,MKD
,731815,,2024,1164097.78,277905.116,277905.116,,MKD
,731816,,2024,216444.02,26268.372,26268.372,,MKD
,731819,,2024,166401.66,27618.498,27618.498,,MKD
,731821,,2024,122336.51,16637.252,16637.252,,MKD
,731822,,2024,197588.51,7088.077,7088.077,,MKD
,731823,,2024,2428.0,188.219,188.219,,MKD
,731824,,2024,6839.94,219.493,219.493,,MKD
,731829,,2024,137687.85,14788.945,14788.945,,MKD
,732619,,2024,308034.11,55740.657,55740.657,,MKD
,732620,,2024,404910.09,384507.443,384507.443,,MKD
,732690,,2024,6889941.29,3061573.306,3061573.306,,MKD
,7601,,2024,3914.16,290.0,290.0,,MKD
,760410,,2024,123909.51,23647.504,23647.504,,MKD
,760421,,2024,339850.71,67059.849,67059.849,,MKD
,760429,,2024,844437.3,75106.784,75106.784,,MKD
,731814,,2024,96075.485,11452.467,11452.467,,EGY
,731815,,2024,889892.992,,0.0,,EGY
,731816,,2024,37964.247,,0.0,,EGY
,731819,,2024,187120.693,11055.867,11055.867,,EGY
,731821,,2024,33354.179,1161.476,1161.476,,EGY
,731822,,2024,3037.86,,0.0,,EGY
,731823,,2024,12845.757,909.513,909.513,,EGY
,731824,,2024,68566.985,,0.0,,EGY
,731829,,2024,370700.791,,0.0,,EGY
,732611,,2024,6000.0,5066.353,5066.353,,EGY
,732619,,2024,703893.865,124296.933,124296.933,,EGY
,732620,,2024,971227.353,268753.263,268753.263,,EGY
,732690,,2024,104243979.847,11616112.993,11616112.993,,EGY
,7601,,2024,393253804.526,154224537.385,154224537.385,,EGY
,760410,,2024,3719111.478,562999.303,562999.303,,EGY
,760421,,2024,10970170.581,2044953.401,2044953.401,,EGY
,760429,,2024,89591492.426,16223472.213,16223472.213,,EGY
,731812,,2024,13189849.461,,0.0,,GBR
,731813,,2024,2464773.634,68542.682,68542.682,,GBR
,731814,,2024,26008118.729,,0.0,,GBR
,731815,,2024,497008558.658,29020445.93,29020445.93,,GBR
,731816,,2024,185229931.262,4860060.234,4860060.234,,GBR
,731819,,2024,98504967.319,2593999.269,2593999.269,,GBR
,731821,,2024,21157647.429,,0.0,,GBR
,731822,,2024,63567743.906,,0.0,,GBR
,731823,,2024,46911166.347,1959056.918,1959056.918,,GBR
,731824,,2024,14612698.157,369186.95,369186.95,,GBR
,731829,,2024,198502321.687,8150628.526,8150628.526,,GBR
,732611,,2024,1429325.905,,0.0,,GBR
,732619,,2024,50226366.839,3414521.0,3414521.0,,GBR
,732620,,2024,32982666.576,,0.0,,GBR
,732690,,2024,1481291377.082,241795215.168,241795215.168,,GBR
,7601,,2024,668662103.205,,0.0,,GBR
,7603,,2024,30116724.579,10542269.947,10542269.947,,GBR
,760410,,2024,15631282.57,2660909.119,2660909.119,,GBR
,760421,,2024,20268241.907,,0.0,,GBR
,760429,,2024,90201891.71,,0.0,,GBR
,731812,,2024,2527.493,3215.0,3215.0,,TZA
,731813,,2024,521.47,500.0,500.0,,TZA
,731814,,2024,618.463,13096.0,13096.0,,TZA
,731815,,2024,156840.216,26067.89,26067.89,,TZA
,731816,,2024,27141.883,5121.04,5121.04,,TZA
,731819,,2024,26077.111,64557.9,64557.9,,TZA
,731821,,2024,1532.751,207.0,207.0,,TZA
,731822,,2024,15738.822,1773.94,1773.94,,TZA
,731823,,2024,2093.115,506.0,506.0,,TZA
,731824,,2024,2102.897,181.65,181.65,,TZA
,731829,,2024,137086.157,15456.26,15456.26,,TZA
,732611,,2024,360072.131,631200.0,631200.0,,TZA
,732619,,2024,535695.585,470399.0,470399.0,,TZA
,732620,,2024,831818.402,46793.74,46793.74,,TZA
,732690,,2024,616610.355,183923.82,183923.82,,TZA
,7601,,2024,10904280.08,5718353.98,5718353.98,,TZA
,760410,,2024,348891.346,87978.0,87978.0,,TZA
,760421,,2024,1209.531,1100.0,1100.0,,TZA
,760429,,2024,18664.018,,0.0,,TZA
,731812,,2024,12765270.0,1921083.0,1921083.0,,USA
,731813,,2024,10753963.0,836478.0,836478.0,,USA
,731814,,2024,158194568.0,42901560.0,42901560.0,,USA
,731815,,2024,2499615968.0,384134965.0,384134965.0,,USA
,731816,,2024,1137119924.0,88792534.0,88792534.0,,USA
,731819,,2024,367003516.0,22221779.0,22221779.0,,USA
,731821,,2024,99651204.0,4354426.0,4354426.0,,USA
,731822,,2024,332373633.0,34523245.0,34523245.0,,USA
,731823,,2024,179560648.0,12004347.0,12004347.0,,USA
,731824,,2024,210725132.0,16559474.0,16559474.0,,USA
,731829,,2024,597959346.0,33699911.0,33699911.0,,USA
,732611,,2024,97494543.0,,0.0,,USA
,732619,,2024,469043430.0,41710719.0,41710719.0,,USA
,732620,,2024,153158834.0,42381360.266,42381360.266,,USA
,732690,,2024,5986451711.0,583853528.673,583853528.673,,USA
,7601,,2024,1709784804.0,776959758.426,776959758.426,,USA
,7603,,2024,196591547.0,142920175.0,142920175.0,,USA
,760410,,2024,54351066.0,8928625.0,8928625.0,,USA
,760421,,2024,154852357.0,,0.0,,USA
,760429,,2024,799060600.0,120982514.747,120982514.747,,USA
,731813,,2024,1916.0,38.0,38.0,,URY
,731814,,2024,4953.0,466.0,466.0,,URY
,731815,,2024,49114.0,3427.209,3427.209,,URY
,731816,,2024,9199.0,816.479,816.479,,URY
,731819,,2024,3941.0,204.0,204.0,,URY
,731821,,2024,302.0,13.775,13.775,,URY
,731822,,2024,9029.0,731.006,731.006,,URY
,731823,,2024,6015.0,2002.333,2002.333,,URY
,731824,,2024,5164.0,94.112,94.112,,URY
,731829,,2024,22842.0,1196.781,1196.781,,URY
,732619,,2024,432.0,432.0,432.0,,URY
,732620,,2024,13139.0,4012.161,4012.161,,URY
,732690,,2024,2481757.0,506848.944,506848.944,,URY
,760421,,2024,390584.0,52028.0,52028.0,,URY
,760429,,2024,229680.0,42958.978,42958.978,,URY
,731812,,2024,1967040.95,1351221.869,1351221.869,,UZB
,731813,,2024,141.0,20.488,20.488,,UZB
,731814,,2024,1376897.96,888266.185,888266.185,,UZB
,731815,,2024,1578575.92,134238.309,134238.309,,UZB
,731816,,2024,204331.0,29562.405,29562.405,,UZB
,731819,,2024,76244.0,22008.41,22008.41,,UZB
,731821,,2024,102840.98,,0.0,,UZB
,731822,,2024,82146.96,1490.519,1490.519,,UZB
,731823,,2024,1986.0,,0.0,,UZB
,731824,,2024,955.0,3088.941,3088.941,,UZB
,731829,,2024,102819.98,,0.0,,UZB
,732611,,2024,690766.0,871550.0,871550.0,,UZB
,732619,,2024,444287.97,,0.0,,UZB
,732620,,2024,616783.98,473109.0,473109.0,,UZB
,732690,,2024,2646729.99,1030641.85,1030641.85,,UZB
,7601,,2024,11325983.97,6409300.0,6409300.0,,UZB
,760410,,2024,57939.0,7107.585,7107.585,,UZB
,760421,,2024,26703149.92,7372897.831,7372897.831,,UZB
,760429,,2024,14600804.9,3985582.9,3985582.9,,UZB
,732619,,2024,775.0,465.0,465.0,,YEM
,732690,,2024,32070.421,15241.0,15241.0,,YEM
,7601,,2024,250.0,,0.0,,YEM
,731812,,2024,743.902,16.2,16.2,,ZMB
,731813,,2024,42207.456,11941.5,11941.5,,ZMB
,731814,,2024,2234.744,311.0,311.0,,ZMB
,731815,,2024,471025.926,109751.21,109751.21,,ZMB
,731816,,2024,119295.3,22394.32,22394.32,,ZMB
,731819,,2024,240675.063,78207.2,78207.2,,ZMB
,731821,,2024,18403.695,326.59,326.59,,ZMB
,731822,,2024,273595.447,159945.97,159945.97,,ZMB
,731823,,2024,261.317,20.0,20.0,,ZMB
,731824,,2024,241277.12,104892.29,104892.29,,ZMB
,731829,,2024,917519.897,226751.86,226751.86,,ZMB
,732611,,2024,9796673.488,6776005.0,6776005.0,,ZMB
,732619,,2024,556446.333,179769.0,179769.0,,ZMB
,732620,,2024,10047.592,13070.0,13070.0,,ZMB
,732690,,2024,992964.359,496858.77,496858.77,,ZMB
,7601,,2024,9878828.772,4652055.0,4652055.0,,ZMB
,760429,,2024,79.826,100.0,100.0,,ZMB
,7606,,2023,109668.467,0.0,0.0,,ALB
,7607,,2023,57192.284,14405.36,14405.36,,ALB
,760900,,2023,2912.735,199.5,199.5,,ALB
,761010,,2023,25241708.682,2659020.07,2659020.07,,ALB
,761090,,2023,7842490.18,740309.53,740309.53,,ALB
,761510,,2023,212889.002,31506.0,31506.0,,ALB
,761691,,2023,64977.005,5910.0,5910.0,,ALB
,761699,,2023,1757040.115,166211.82,166211.82,,ALB
,7605,,2023,40.875,23.0,23.0,,AGO
,7606,,2023,315885.692,178691.0,178691.0,,AGO
,7607,,2023,19655.127,33502.483,33502.483,,AGO
,7608,,2023,7198.164,27055.0,27055.0,,AGO
,760900,,2023,2930.925,362.0,362.0,,AGO
,761010,,2023,30564.623,4034.0,4034.0,,AGO
,761090,,2023,96054.259,40280.0,40280.0,,AGO
,761100,,2023,124.936,287.0,287.0,,AGO
,7612,,2023,14136.876,19913.31,19913.31,,AGO
,761300,,2023,12230.109,98193.0,98193.0,,AGO
,7614,,2023,1.46,2.0,2.0,,AGO
,761510,,2023,224918.921,,0.0,,AGO
,761520,,2023,8092.025,7557.755,7557.755,,AGO
,761610,,2023,2084.163,863.0,863.0,,AGO
,761691,,2023,74.688,15.0,15.0,,AGO
,761699,,2023,2215062.02,7562093.435,7562093.435,,AGO
,7605,,2023,1483822.86,499719.0,499719.0,,AZE
,7606,,2023,72562910.03,26605101.65,26605101.65,,AZE
,7607,,2023,3577444.95,1203544.1,1203544.1,,AZE
,7608,,2023,37.37,1.0,1.0,,AZE
,760900,,2023,821.77,73.26,73.26,,AZE
,761010,,2023,953164.24,131444.1,131444.1,,AZE
,761090,,2023,90217.84,26016.3,26016.3,,AZE
,7612,,2023,165984.05,14689.42,14689.42,,AZE
,761300,,2023,36375.29,1021.068,1021.068,,AZE
,7614,,2023,27363666.18,9268363.0,9268363.0,,AZE
,761510,,2023,993.77,225.2,225.2,,AZE
,761520,,2023,419.0,347.0,347.0,,AZE
,761610,,2023,5563.2,95.495,95.495,,AZE
,761699,,2023,53589.32,1181.604,1181.604,,AZE
,7607,,2023,1364859.09,140055.22,140055.22,,ARG
,7608,,2023,1467536.3,119056.0,119056.0,,ARG
,760900,,2023,476539.13,35427.81,35427.81,,ARG
,761010,,2023,1982693.01,267440.42,267440.42,,ARG
,761090,,2023,1161271.38,65087.53,65087.53,,ARG
,7612,,2023,17011257.51,2690156.45,2690156.45,,ARG
,761510,,2023,2596982.69,190720.34,190720.34,,ARG
,761610,,2023,65557.59,1803.82,1803.82,,ARG
,761699,,2023,43791945.1,9691996.71,9691996.71,,ARG
,7605,,2023,501614.059,,0.0,,AUS
,7606,,2023,7135342.643,,0.0,,AUS
,7607,,2023,3549303.554,1628595.76,1628595.76,,AUS
,7608,,2023,710906.425,,0.0,,AUS
,760900,,2023,1561765.847,55535.74,55535.74,,AUS
,761010,,2023,5321055.367,459061.111,459061.111,,AUS
,761090,,2023,18772347.004,1742056.0,1742056.0,,AUS
,761100,,2023,684834.652,47020.841,47020.841,,AUS
,7612,,2023,3224146.827,350229.932,350229.932,,AUS
,761300,,2023,658801.412,39370.403,39370.403,,AUS
,7614,,2023,648490.429,46370.12,46370.12,,AUS
,761510,,2023,2721572.757,286049.531,286049.531,,AUS
,761520,,2023,22953.232,1680.847,1680.847,,AUS
,761610,,2023,1875315.409,113754.79,113754.79,,AUS
,761691,,2023,371413.313,34918.976,34918.976,,AUS
,761699,,2023,24683395.243,1424394.506,1424394.506,,AUS
,7605,,2023,695800835.797,209814995.181,209814995.181,,BHR
,7606,,2023,375426597.383,79459510.834,79459510.834,,BHR
,7607,,2023,15106467.018,3069171.499,3069171.499,,BHR
,7608,,2023,1816545.577,260808.185,260808.185,,BHR
,760900,,2023,11618.835,563.715,563.715,,BHR
,761010,,2023,412663.911,35601.575,35601.575,,BHR
,761090,,2023,960187.537,89104.493,89104.493,,BHR
,761100,,2023,29986.234,2058.859,2058.859,,BHR
,7612,,2023,22830.548,2485.683,2485.683,,BHR
,761300,,2023,20435.0,1221.209,1221.209,,BHR
,7614,,2023,269927728.012,76388294.578,76388294.578,,BHR
,761510,,2023,3081333.528,323862.005,323862.005,,BHR
,761610,,2023,149491.686,,0.0,,BHR
,761691,,2023,6335865.837,595675.875,595675.875,,BHR
,761699,,2023,2578267.237,148783.004,148783.004,,BHR
,7606,,2023,2870445.23,1003928.971,1003928.971,,ARM
,7607,,2023,87292116.05,25203388.459,25203388.459,,ARM
,7608,,2023,25656.93,83.871,83.871,,ARM
,760900,,2023,17312.51,102.96,102.96,,ARM
,761010,,2023,1132395.15,90112.0,90112.0,,ARM
,761090,,2023,2305062.19,175602.166,175602.166,,ARM
,761100,,2023,2277.86,1014.0,1014.0,,ARM
,7612,,2023,10815.93,161.42,161.42,,ARM
,761300,,2023,2000.0,18.0,18.0,,ARM
,761510,,2023,91685.29,12398.888,12398.888,,ARM
,761520,,2023,21.99,0.741,0.741,,ARM
,761610,,2023,8184.75,279.696,279.696,,ARM
,761699,,2023,297258.84,11653.768,11653.768,,ARM
,7606,,2023,7096.23,2679.2,2679.2,,BOL
,761010,,2023,2295.61,222.4,222.4,,BOL
,761090,,2023,10425.74,2071.6,2071.6,,BOL
,761100,,2023,3600.0,966.0,966.0,,BOL
,7612,,2023,43285.7,1016.75,1016.75,,BOL
,761300,,2023,27190.0,8001.5,8001.5,,BOL
,7614,,2023,30.0,6.0,6.0,,BOL
,761510,,2023,1730.57,614.5,614.5,,BOL
,761520,,2023,152.0,33.0,33.0,,BOL
,761610,,2023,1300.46,111.14,111.14,,BOL
,761691,,2023,50.61,0.09,0.09,,BOL
,761699,,2023,6635.72,437.63,437.63,,BOL
,7605,,2023,5857.317,702.2,702.2,,BIH
,7606,,2023,628623.245,125314.424,125314.424,,BIH
,7607,,2023,348368.77,59029.76,59029.76,,BIH
,7608,,2023,1596068.265,193064.83,193064.83,,BIH
,760900,,2023,629984.663,32014.59,32014.59,,BIH
,761010,,2023,112179436.053,9410324.46,9410324.46,,BIH
,761090,,2023,32018978.43,,0.0,,BIH
,761100,,2023,359636.749,32860.0,32860.0,,BIH
,7612,,2023,38089.416,4062.8,4062.8,,BIH
,7614,,2023,94565.748,22355.4,22355.4,,BIH
,761510,,2023,207656.659,30959.76,30959.76,,BIH
,761520,,2023,184.112,74.5,74.5,,BIH
,761610,,2023,914921.582,14563.93,14563.93,,BIH
,761691,,2023,1898713.835,271228.75,271228.75,,BIH
,761699,,2023,32253163.756,2201321.86,2201321.86,,BIH
,7605,,2023,17368263.0,5320765.108,5320765.108,,BRA
,7606,,2023,293253308.0,,0.0,,BRA
,7607,,2023,101710323.0,22027872.252,22026855.252,,BRA
,7608,,2023,6621339.0,,0.0,,BRA
,760900,,2023,4539350.0,194034.554,285743.554,,BRA
,761010,,2023,4079178.0,402284.789,398944.789,,BRA
,761090,,2023,1218655.0,77476.828,77437.828,,BRA
,761100,,2023,138981.0,18402.729,18402.729,,BRA
,7612,,2023,58100476.0,7037933.521,7045062.521,,BRA
,761300,,2023,399244.0,8923.841,9131.841,,BRA
,7614,,2023,40167172.0,9895937.136,9895930.136,,BRA
,761510,,2023,117423324.0,16605166.814,16605929.814,,BRA
,761520,,2023,170140.0,11474.181,11596.181,,BRA
,761610,,2023,2972144.0,89841.631,105984.631,,BRA
,761691,,2023,33130.0,1592.653,1592.653,,BRA
,761699,,2023,39687622.0,2805496.56,6023876.56,,BRA
,7606,,2023,80863.978,62010.602,62010.602,,BRN
,7607,,2023,1738.884,112.85,112.85,,BRN
,7608,,2023,3717.62,3000.0,3000.0,,BRN
,760900,,2023,35752.765,30028.78,30028.78,,BRN
,761010,,2023,269778.899,60196.53,60196.53,,BRN
,761090,,2023,245.793,21.5,21.5,,BRN
,7612,,2023,17668.573,12010.0,12010.0,,BRN
,761300,,2023,148815.571,267.0,267.0,,BRN
,761510,,2023,1158.621,389.0,389.0,,BRN
,761520,,2023,57.331,3.0,3.0,,BRN
,761610,,2023,928.5,15.23,15.23,,BRN
,761699,,2023,24579.645,3645.91,3645.91,,BRN
,7606,,2023,513387.12,163792.04,163792.04,,MMR
,7607,,2023,2205773.85,604321.8,604321.8,,MMR
,7608,,2023,558.72,98.6,98.6,,MMR
,761010,,2023,134577.38,17752.3,17752.3,,MMR
,761090,,2023,98318.92,12370.05,12370.05,,MMR
,7612,,2023,373727.199,220780.5,220780.5,,MMR
,7614,,2023,156.23,1.5,1.5,,MMR
,761510,,2023,1910.95,1900.0,1900.0,,MMR
,761610,,2023,67593.14,8506.68,8506.68,,MMR
,7606,,2023,47109.02,10725.0,10725.0,,KHM
,7607,,2023,67416.73,5909.214,5909.214,,KHM
,7608,,2023,18578249.51,2273544.19,2273544.19,,KHM
,761010,,2023,419748.05,27713.846,27713.846,,KHM
,761090,,2023,2263.95,59.67,59.67,,KHM
,761100,,2023,309.94,6.08,6.08,,KHM
,7612,,2023,657957.06,126859.02,126859.02,,KHM
,761300,,2023,28980.0,43337.0,43337.0,,KHM
,7614,,2023,528.12,340.91,340.91,,KHM
,761510,,2023,19.93,0.89,0.89,,KHM
,761520,,2023,11220.0,1360.0,1360.0,,KHM
,761699,,2023,5784088.53,1357809.31,1357809.31,,KHM
,7606,,2023,11014748.474,3011758.0,3011758.0,,CMR
,7607,,2023,210.616,202.0,202.0,,CMR
,761090,,2023,335092.325,148164.0,148164.0,,CMR
,7612,,2023,10.904,10.0,10.0,,CMR
,761510,,2023,550697.909,71993.16,71993.16,,CMR
,761610,,2023,66252.93,32471.69,32471.69,,CMR
,761699,,2023,388304.895,58213.56,58213.56,,CMR
,7605,,2023,645233402.893,194304558.0,194304558.0,,CAN
,7606,,2023,591373700.433,150384511.0,150384511.0,,CAN
,7607,,2023,157243846.605,20948087.0,20948087.0,,CAN
,7608,,2023,20154962.403,2653253.0,2653253.0,,CAN
,760900,,2023,14764697.644,942012.047,942012.047,,CAN
,761010,,2023,254721200.667,26798596.0,26798596.0,,CAN
,761090,,2023,539994917.709,53040311.928,53040311.928,,CAN
,761100,,2023,3896445.894,278196.244,278196.244,,CAN
,7612,,2023,58893297.897,6156950.733,6156950.733,,CAN
,761300,,2023,22985293.191,1405896.832,1405896.832,,CAN
,7614,,2023,32499572.577,7942531.0,7942531.0,,CAN
,761510,,2023,15997992.212,1742075.71,1742075.71,,CAN
,761520,,2023,1504315.13,118084.729,118084.729,,CAN
,761610,,2023,8387911.313,,0.0,,CAN
,761691,,2023,509103.34,53674.038,53674.038,,CAN
,761699,,2023,417681275.57,25795662.06,25795662.06,,CAN
,7605,,2023,181337.088,25482.0,25482.0,,LKA
,7606,,2023,154578.705,31966.33,31966.33,,LKA
,7607,,2023,136152.817,,0.0,,LKA
,7608,,2023,5290.564,1225.53,1225.53,,LKA
,760900,,2023,1324.503,105.14,105.14,,LKA
,761010,,2023,3899956.957,615593.76,615593.76,,LKA
,761090,,2023,8507074.439,2542764.77,2542764.77,,LKA
,761100,,2023,440.08,30.0,30.0,,LKA
,7612,,2023,33081512.266,4379901.85,4379901.85,,LKA
,761300,,2023,40540.717,2207.4,2207.4,,LKA
,7614,,2023,0.985,0.05,0.05,,LKA
,761510,,2023,156573.6,35193.98,35193.98,,LKA
,761520,,2023,1954.899,793.03,793.03,,LKA
,761610,,2023,15251.39,216.0,216.0,,LKA
,761691,,2023,332706.778,192181.46,192181.46,,LKA
,761699,,2023,4400801.411,2033103.58,2033103.58,,LKA
,7605,,2023,362215.58,155950.85,155950.85,,CHL
,7606,,2023,2064303.3,370875.42,370875.42,,CHL
,7607,,2023,20787108.184,3003098.32,3003098.32,,CHL
,7608,,2023,74352.232,1832.25,1832.25,,CHL
,760900,,2023,114122.229,7067.991,7067.991,,CHL
,761010,,2023,267887.89,25445.63,25445.63,,CHL
,761090,,2023,3971904.651,481666.573,481666.573,,CHL
,761100,,2023,14532.31,113.32,113.32,,CHL
,7612,,2023,64820435.843,8068235.572,8068235.572,,CHL
,761300,,2023,86388.93,10327.5,10327.5,,CHL
,7614,,2023,402120.87,216905.0,216905.0,,CHL
,761510,,2023,1598401.092,228760.218,228760.218,,CHL
,761520,,2023,26459.609,37888.709,37888.709,,CHL
,761610,,2023,155739.341,144755.59,144755.59,,CHL
,761691,,2023,144780.25,25690.0,25690.0,,CHL
,761699,,2023,1972783.64,193514.815,193514.815,,CHL
,7605,,2023,145406315.0,36395526.012,36395526.012,,CHN
,7606,,2023,8544796231.0,2772253369.25,2772253369.25,,CHN
,7607,,2023,5020087478.0,1308481086.982,1308481086.982,,CHN
,7608,,2023,596451037.0,137465590.924,137465590.924,,CHN
,760900,,2023,376504219.0,32528370.061,32528370.061,,CHN
,761010,,2023,1616622376.0,302951016.998,302951016.998,,CHN
,761090,,2023,4332851525.0,994730792.887,994730792.887,,CHN
,761100,,2023,27575347.0,3901509.0,3901509.0,,CHN
,7612,,2023,339694848.0,47852554.426,47852554.426,,CHN
,761300,,2023,74010079.0,7688796.818,7688796.818,,CHN
,7614,,2023,573699215.0,191678767.064,191678767.064,,CHN
,761510,,2023,3287314975.0,561147165.731,561147165.731,,CHN
,761520,,2023,88363969.0,8026149.071,8026149.071,,CHN
,761610,,2023,154696539.0,12507782.391,12507782.391,,CHN
,761691,,2023,89586389.0,15049871.822,15049871.822,,CHN
,761699,,2023,5151455033.0,662580097.951,662580097.951,,CHN
,7605,,2023,791910.0,198802.0,198802.0,,COL
,7606,,2023,214707.22,,0.0,,COL
,7607,,2023,7179121.84,1055346.33,1055346.33,,COL
,7608,,2023,728273.64,,0.0,,COL
,760900,,2023,971315.2,59375.99,59375.99,,COL
,761010,,2023,647078705.79,62998447.03,62998447.03,,COL
,761090,,2023,14117347.35,888768.96,888768.96,,COL
,761100,,2023,3482.56,140.73,140.73,,COL
,7612,,2023,18259377.72,1726463.6,1726463.6,,COL
,761300,,2023,12316.7,3667.42,3667.42,,COL
,7614,,2023,2856961.35,573436.27,573436.27,,COL
,761510,,2023,22648428.85,3608527.09,3608527.09,,COL
,761520,,2023,17.36,5.0,5.0,,COL
,761610,,2023,875065.16,110201.1,110201.1,,COL
,761691,,2023,87916.42,2805.4,2805.4,,COL
,761699,,2023,7681465.28,511476.103,511476.103,,COL
,7606,,2023,1127.859,2338.0,2338.0,,COG
,7607,,2023,13443.995,3376.87,3376.87,,COG
,761010,,2023,12893.206,3413.91,3413.91,,COG
,761090,,2023,2211.694,20.08,20.08,,COG
,761300,,2023,2628.653,2325.0,2325.0,,COG
,761510,,2023,1234.044,2062.0,2062.0,,COG
,761699,,2023,13310.344,639.09,639.09,,COG
,7607,,2023,943.475,128.0,128.0,,COD
,7612,,2023,332.917,50.0,50.0,,COD
,761510,,2023,1673928.859,87723.0,87723.0,,COD
,761520,,2023,223.647,28.0,28.0,,COD
,761699,,2023,826.346,140.0,140.0,,COD
,7605,,2023,360538.13,81886.0,81886.0,,CRI
,7606,,2023,383314.09,91616.202,91616.202,,CRI
,7607,,2023,4371536.89,537031.653,537031.653,,CRI
,7608,,2023,79108.95,9033.434,9033.434,,CRI
,760900,,2023,14263.57,1065.426,1065.426,,CRI
,761010,,2023,2612767.75,521687.002,521687.002,,CRI
,761090,,2023,845928.22,153191.262,153191.262,,CRI
,761100,,2023,4.0,8.61,8.61,,CRI
,7612,,2023,3955859.52,211882.621,211882.621,,CRI
,761300,,2023,63046.16,23331.16,23331.16,,CRI
,7614,,2023,2052739.03,428648.93,428648.93,,CRI
,761510,,2023,35391.36,6041.505,6041.505,,CRI
,761520,,2023,3955.98,340.709,340.709,,CRI
,761610,,2023,1544455.45,7828.466,7828.466,,CRI
,761691,,2023,18073.01,5082.399,5082.399,,CRI
,761699,,2023,1248017.3,77893.136,77893.136,,CRI
,7606,,2023,1623465.043,639938.0,639938.0,,BEN
,7608,,2023,1239.994,59670.0,59670.0,,BEN
,761090,,2023,654.956,17.0,17.0,,BEN
,7612,,2023,1523.82,406.0,406.0,,BEN
,761510,,2023,3450.793,1226.0,1226.0,,BEN
,7606,,2023,988540.325,781906.983,781906.983,,DOM
,7607,,2023,615383.847,48332.438,48332.438,,DOM
,7608,,2023,8183824.998,1785212.211,1785212.211,,DOM
,760900,,2023,3213.458,2030.795,2030.795,,DOM
,761010,,2023,6590483.994,,0.0,,DOM
,761090,,2023,11498161.723,1435317.205,1435317.205,,DOM
,761100,,2023,194991.512,164528.0,164528.0,,DOM
,7612,,2023,1925.6,500.77,500.77,,DOM
,761300,,2023,5038.404,310.196,310.196,,DOM
,7614,,2023,664.199,4550.0,4550.0,,DOM
,761510,,2023,558668.331,,0.0,,DOM
,761520,,2023,12.622,10.677,10.677,,DOM
,761610,,2023,316946.791,37620.977,37620.977,,DOM
,761691,,2023,114287.542,34095.68,34095.68,,DOM
,761699,,2023,651364.769,147460.62,147460.62,,DOM
,7606,,2023,42821.0,,0.0,,ECU
,7607,,2023,404582.0,,0.0,,ECU
,7608,,2023,15645445.2,3810.872,3810.872,,ECU
,760900,,2023,25439.7,1.525,1.525,,ECU
,761010,,2023,66673.0,5558.907,5558.907,,ECU
,7612,,2023,143214.9,,0.0,,ECU
,761300,,2023,4255.5,0.38,0.38,,ECU
,7614,,2023,306100.4,,0.0,,ECU
,761510,,2023,1100128.1,,0.0,,ECU
,761610,,2023,19515.9,1.563,1.563,,ECU
,761691,,2023,9.0,,0.0,,ECU
,761699,,2023,1278573.5,,0.0,,ECU
,7606,,2023,62320.0,11012.09,11012.09,,SLV
,7607,,2023,11761081.0,1622644.34,1622644.34,,SLV
,7608,,2023,31406.0,3476.34,3476.34,,SLV
,760900,,2023,13950.0,2437.78,2437.78,,SLV
,761010,,2023,1262672.0,279896.32,279896.32,,SLV
,761090,,2023,2272697.0,370999.27,370999.27,,SLV
,7612,,2023,11329.0,1188.25,1188.25,,SLV
,761300,,2023,8386.0,584.56,584.56,,SLV
,7614,,2023,1021603.0,288429.0,288429.0,,SLV
,761510,,2023,4946113.0,710697.66,710697.66,,SLV
,761520,,2023,5.0,2.29,2.29,,SLV
,761610,,2023,32778.0,2362.25,2362.25,,SLV
,761691,,2023,114.0,21.28,21.28,,SLV
,761699,,2023,4674082.0,596985.44,596985.44,,SLV
,7606,,2023,10769.323,4472.25,4472.25,,ETH
,7608,,2023,290629.848,36053.0,36053.0,,ETH
,761010,,2023,6558.7,28.0,28.0,,ETH
,761090,,2023,10.24,83.0,83.0,,ETH
,761100,,2023,276.407,1.0,1.0,,ETH
,761510,,2023,66682.975,5864.62,5864.62,,ETH
,761520,,2023,1.971,35.0,35.0,,ETH
,761699,,2023,5752.772,12843.48,12843.48,,ETH
,760900,,2023,4119.687,1560.0,1560.0,,GAB
,761010,,2023,46.14,1300.0,1300.0,,GAB
,761090,,2023,14405.968,2537.0,0.0,,GAB
,761100,,2023,988.725,17500.0,17500.0,,GAB
,761300,,2023,1565.84,115.0,115.0,,GAB
,761510,,2023,6220.761,2653.0,2653.0,,GAB
,761520,,2023,526.26,149.0,149.0,,GAB
,761610,,2023,1614.527,10.0,10.0,,GAB
,761691,,2023,8.038,20.0,20.0,,GAB
,761699,,2023,299724.012,249293.0,249293.0,,GAB
,7606,,2023,478901.404,206560.72,206560.72,,GEO
,7607,,2023,1414415.891,177056.19,177056.19,,GEO
,7608,,2023,109071.904,24106.33,24106.33,,GEO
,760900,,2023,90351.183,7916.31,7916.31,,GEO
,761010,,2023,760029.554,74906.48,74906.48,,GEO
,761090,,2023,1045884.31,189634.45,189634.45,,GEO
,7612,,2023,5407.691,359.47,359.47,,GEO
,761300,,2023,4320.241,1981.5,1981.5,,GEO
,761510,,2023,512703.842,91800.22,91800.22,,GEO
,761520,,2023,1668.75,62.27,62.27,,GEO
,761610,,2023,6983.226,15.73,15.73,,GEO
,761699,,2023,321238.028,22572.52,22572.52,,GEO
,7605,,2023,2364324.029,803242.0,0.0,,GHA
,7606,,2023,235211.759,61130.2,0.0,,GHA
,7607,,2023,5886.132,1384.675,320.0,,GHA
,7608,,2023,157.437,200.0,150.0,,GHA
,760900,,2023,1088.944,75.0,14.0,,GHA
,761010,,2023,70606.051,101956.64,10653.0,,GHA
,761090,,2023,58907.506,15078.3,13085.0,,GHA
,761100,,2023,2642.37,3000.0,1.0,,GHA
,7612,,2023,78364.058,49829.0,50941.0,,GHA
,761300,,2023,155.727,549.0,5.0,,GHA
,7614,,2023,200509.424,21169.0,24581.0,,GHA
,761510,,2023,4941178.776,901938.38,695211.0,,GHA
,761520,,2023,137868.391,33366.0,27532.0,,GHA
,761610,,2023,40.216,80.0,8.0,,GHA
,761691,,2023,7966.621,70.87,180.0,,GHA
,761699,,2023,75077.928,161283.92,156389.0,,GHA
,7605,,2023,6095.0,922.0,922.0,,GTM
,7606,,2023,1488118.0,317575.0,317575.0,,GTM
,7607,,2023,1719462.0,137839.0,137839.0,,GTM
,7608,,2023,176111.0,16775.0,16775.0,,GTM
,760900,,2023,171669.0,7686.0,7686.0,,GTM
,761010,,2023,812718.0,175712.0,175712.0,,GTM
,761090,,2023,196955.0,31011.0,31011.0,,GTM
,761100,,2023,9789.0,31844.0,31844.0,,GTM
,7612,,2023,82045035.0,15097616.0,15097616.0,,GTM
,761300,,2023,6021.0,5438.0,5438.0,,GTM
,7614,,2023,6268.0,1504.0,1504.0,,GTM
,761510,,2023,1354197.0,265146.0,265146.0,,GTM
,761520,,2023,10503.0,1048.0,1048.0,,GTM
,761610,,2023,53026.0,35973.0,35973.0,,GTM
,761691,,2023,22.0,2.0,2.0,,GTM
,761699,,2023,318519.0,66123.0,66123.0,,GTM
,7605,,2023,26908.57,26852.3,26852.3,,HND
,7606,,2023,158533.26,50775.44,50775.44,,HND
,7607,,2023,420651.34,67250.56,67250.56,,HND
,7608,,2023,29915.81,24141.2,24141.2,,HND
,761010,,2023,1643047.87,322712.58,322712.58,,HND
,761090,,2023,78249.07,28959.71,28959.71,,HND
,7612,,2023,10079.21,650.33,650.33,,HND
,761300,,2023,2739.59,2707.8,2707.8,,HND
,7614,,2023,2764.87,51.0,51.0,,HND
,761510,,2023,209314.13,34261.08,34261.08,,HND
,761610,,2023,11620.97,7131.96,7131.96,,HND
,761691,,2023,4620.0,434.0,434.0,,HND
,761699,,2023,65199.32,28535.48,28535.48,,HND
,7605,,2023,1893630.288,34229.0,34229.0,,HKG
,7606,,2023,84094573.875,22626741.0,22626741.0,,HKG
,7607,,2023,37727427.552,3048696.0,3048696.0,,HKG
,7608,,2023,1070597.139,44971.0,44971.0,,HKG
,760900,,2023,844832.137,16011.0,16011.0,,HKG
,761010,,2023,4285021.774,376273.0,376273.0,,HKG
,761090,,2023,7605916.053,696122.0,696122.0,,HKG
,761100,,2023,12035661.996,1948468.0,1948468.0,,HKG
,7612,,2023,1864373.433,304604.0,304604.0,,HKG
,761300,,2023,1072543.347,139714.0,139714.0,,HKG
,7614,,2023,564.398,41.0,41.0,,HKG
,761510,,2023,2718911.961,288369.0,288369.0,,HKG
,761520,,2023,530456.55,27289.0,27289.0,,HKG
,761610,,2023,6731059.587,79167.0,79167.0,,HKG
,761691,,2023,279253.286,7171.0,7171.0,,HKG
,761699,,2023,98001332.138,5712014.744,5712014.744,,HKG
,7605,,2023,28878598.716,9954190.5,9954190.5,,IDN
,7606,,2023,15881765.082,5637886.986,5637886.986,,IDN
,7607,,2023,59029250.979,,0.0,,IDN
,7608,,2023,9161492.182,1727781.036,1727781.036,,IDN
,760900,,2023,1238689.611,186472.333,186472.333,,IDN
,761010,,2023,17980411.355,3118856.292,3118856.292,,IDN
,761090,,2023,16492460.319,3972595.058,3972595.058,,IDN
,761100,,2023,111310.637,51168.98,51168.98,,IDN
,7612,,2023,35734463.782,8069653.326,8069653.326,,IDN
,761300,,2023,878883.491,128217.57,128217.57,,IDN
,7614,,2023,13825084.458,,0.0,,IDN
,761510,,2023,8581793.712,1352416.745,1352416.745,,IDN
,761520,,2023,141074.209,62909.328,62909.328,,IDN
,761610,,2023,516906.126,28736.565,28736.565,,IDN
,761691,,2023,7838.955,2318.6,2318.6,,IDN
,761699,,2023,19010813.425,3962867.493,3962867.493,,IDN
,7606,,2023,2504000.0,582745.895,582745.895,,ISR
,7607,,2023,12131000.0,1370623.516,1370623.516,,ISR
,7608,,2023,2157000.0,310935.515,310935.515,,ISR
,760900,,2023,245000.0,12896.162,12896.162,,ISR
,761010,,2023,547000.0,49767.345,49767.345,,ISR
,761090,,2023,3698000.0,363231.333,363231.333,,ISR
,761100,,2023,467000.0,33342.602,33342.602,,ISR
,7612,,2023,4442000.0,320362.264,320362.264,,ISR
,761300,,2023,19043000.0,1164766.233,1164766.233,,ISR
,7614,,2023,1000.0,250.905,250.905,,ISR
,761510,,2023,405000.0,44101.826,44101.826,,ISR
,761520,,2023,58000.0,4552.845,4552.845,,ISR
,761610,,2023,824000.0,,0.0,,ISR
,761691,,2023,435000.0,45861.429,45861.429,,ISR
,761699,,2023,20704000.0,1278662.508,1278662.508,,ISR
,7606,,2023,182543.225,296373.0,296373.0,,CIV
,7607,,2023,64871.769,17534.0,17534.0,,CIV
,7608,,2023,946.201,55.0,55.0,,CIV
,761010,,2023,6691.789,2862.0,2862.0,,CIV
,761090,,2023,14654.29,603.0,603.0,,CIV
,761100,,2023,4571.81,2000.0,2000.0,,CIV
,7612,,2023,499246.95,53927.0,53927.0,,CIV
,761300,,2023,10592.491,,0.0,,CIV
,761510,,2023,114985.541,172696.0,172696.0,,CIV
,761520,,2023,142.981,38.0,38.0,,CIV
,761610,,2023,2203.575,2593.0,2593.0,,CIV
,761691,,2023,5.002,5.0,5.0,,CIV
,761699,,2023,157083.401,37599.0,37599.0,,CIV
,7606,,2023,235943.32,60275.3,60275.3,,JAM
,7607,,2023,7619.22,2243.12,2243.12,,JAM
,761010,,2023,520.33,92.0,92.0,,JAM
,761100,,2023,24.0,4.98,4.98,,JAM
,761510,,2023,135647.65,26188.34,26188.34,,JAM
,761520,,2023,22.15,20.5,20.5,,JAM
,761699,,2023,25988.68,4464.38,4464.38,,JAM
,7605,,2023,38752037.795,7494232.482,7494232.482,,JPN
,7606,,2023,507387420.334,119923994.958,119923994.958,,JPN
,7607,,2023,673616795.449,75525842.0,75525842.0,,JPN
,7608,,2023,44263590.226,3758587.0,3758587.0,,JPN
,760900,,2023,8171959.731,251076.062,251076.062,,JPN
,761010,,2023,6731777.717,658180.0,658180.0,,JPN
,761090,,2023,22533969.569,2083458.0,2083458.0,,JPN
,761100,,2023,651371.435,18701.0,18701.0,,JPN
,7612,,2023,20043587.068,2042102.548,2042102.548,,JPN
,761300,,2023,1183845.802,27059.0,27059.0,,JPN
,7614,,2023,5305632.163,,0.0,,JPN
,761510,,2023,3601803.873,276885.0,276885.0,,JPN
,761520,,2023,21246.872,545.0,545.0,,JPN
,761610,,2023,18709311.991,578047.098,578047.098,,JPN
,761691,,2023,155361.967,5650.0,5650.0,,JPN
,761699,,2023,184264602.516,6070346.368,6070346.368,,JPN
,7605,,2023,48529007.88,18145487.2,18145487.2,,KAZ
,7606,,2023,219671.05,47779.16,47779.16,,KAZ
,7607,,2023,358762.22,56316.666,56316.666,,KAZ
,7608,,2023,157285.79,4716.8,4716.8,,KAZ
,760900,,2023,130050.34,2732.71,2732.71,,KAZ
,761010,,2023,541679.48,31893.73,31893.73,,KAZ
,761090,,2023,460737.0,,0.0,,KAZ
,761100,,2023,681.43,144.0,144.0,,KAZ
,7612,,2023,32542979.86,,0.0,,KAZ
,761300,,2023,7493.46,5742.42,5742.42,,KAZ
,7614,,2023,5338702.03,1580827.14,1580827.14,,KAZ
,761510,,2023,510948.26,70236.93,70236.93,,KAZ
,761520,,2023,358.22,63.67,63.67,,KAZ
,761610,,2023,41018.84,3802.02,3802.02,,KAZ
,761691,,2023,16619.36,167.04,167.04,,KAZ
,761699,,2023,4186557.16,927984.83,927984.83,,KAZ
,7605,,2023,126760.563,17356.487,17356.487,,JOR
,7606,,2023,32719326.409,6982785.458,6982785.458,,JOR
,7607,,2023,3025761.47,448796.211,448796.211,,JOR
,7608,,2023,59011.76,8365.793,8365.793,,JOR
,760900,,2023,7674.577,372.35,372.35,,JOR
,761010,,2023,9181885.902,792144.877,792144.877,,JOR
,761090,,2023,958896.237,88984.661,88984.661,,JOR
,761100,,2023,3994.366,274.254,274.254,,JOR
,7612,,2023,53874444.261,5768549.055,5768549.055,,JOR
,761300,,2023,5773.296,345.016,345.016,,JOR
,7614,,2023,34154.169,8487.636,8487.636,,JOR
,761510,,2023,626670.195,65865.855,65865.855,,JOR
,761520,,2023,122967.45,9004.808,9004.808,,JOR
,761691,,2023,494209.999,46463.89,46463.89,,JOR
,761699,,2023,43628775.503,2517667.749,2517667.749,,JOR
,7605,,2023,134508.905,50425.0,50425.0,,KEN
,7606,,2023,2530681.292,912139.0,912139.0,,KEN
,7607,,2023,1886279.67,375199.66,375201.64,,KEN
,7608,,2023,710438.674,11420.0,11420.0,,KEN
,760900,,2023,222660.437,21479.4,21479.4,,KEN
,761010,,2023,224228.741,28255.36,28255.81,,KEN
,761090,,2023,352805.639,83295.87,83295.87,,KEN
,761100,,2023,56303.657,16505.0,16505.0,,KEN
,7612,,2023,103579.378,26047.98,26047.64,,KEN
,761300,,2023,6764.426,2046.1,2046.1,,KEN
,7614,,2023,253173.927,112048.2,112048.2,,KEN
,761510,,2023,8938768.633,2211445.24,2211445.24,,KEN
,761520,,2023,30316.629,7530.59,7530.59,,KEN
,761610,,2023,7839.497,5314.4,5314.4,,KEN
,761691,,2023,16038.159,3816.0,3816.0,,KEN
,761699,,2023,151920.898,76802.77,76802.77,,KEN
,7605,,2023,42940063.0,14010679.176,14010679.176,,KOR
,7606,,2023,2098645334.0,,0.0,,KOR
,7607,,2023,441268919.0,68250829.813,68250829.813,,KOR
,7608,,2023,52364141.0,8027421.718,8027421.718,,KOR
,760900,,2023,33552117.0,2846004.002,2846004.002,,KOR
,761010,,2023,40844371.0,4822743.482,4822743.482,,KOR
,761090,,2023,160837836.0,24890038.493,24890038.493,,KOR
,761100,,2023,12228593.0,1088111.7,1088111.7,,KOR
,7612,,2023,18311807.0,2290437.061,2290437.061,,KOR
,761300,,2023,11339961.0,838242.721,838242.721,,KOR
,7614,,2023,34159838.0,3801992.11,3801992.11,,KOR
,761510,,2023,104310484.0,10333658.161,10333658.161,,KOR
,761520,,2023,479636.0,19778.965,19778.965,,KOR
,761610,,2023,18076670.0,1741518.659,1741518.659,,KOR
,761691,,2023,449774.0,44922.52,44922.52,,KOR
,761699,,2023,522413983.0,63458294.286,63458294.286,,KOR
,7606,,2023,1768486.696,983383.8,983383.8,,KWT
,7607,,2023,174395.761,77489.75,77489.75,,KWT
,7608,,2023,31974.075,4273.51,4273.51,,KWT
,760900,,2023,1852.296,30.0,30.0,,KWT
,761010,,2023,1552272.673,203241.0,203241.0,,KWT
,761090,,2023,1669846.25,220512.12,220512.12,,KWT
,761100,,2023,8926.177,4267.0,4267.0,,KWT
,7612,,2023,36960514.166,5724169.0,5724169.0,,KWT
,7614,,2023,126896.908,81951.2,81951.2,,KWT
,761510,,2023,644709.605,137309.08,137309.08,,KWT
,761520,,2023,2617.304,115.0,115.0,,KWT
,761610,,2023,4127.787,4300.0,4300.0,,KWT
,761691,,2023,7324.544,884.0,884.0,,KWT
,761699,,2023,1094019.912,1005329.941,1005329.941,,KWT
,7606,,2023,65788.0,5349.0,5349.0,,KGZ
,7607,,2023,11143.0,5247.0,5247.0,,KGZ
,7608,,2023,19895.0,39.0,39.0,,KGZ
,760900,,2023,7710.0,44.0,44.0,,KGZ
,761010,,2023,1282.0,152.0,152.0,,KGZ
,761090,,2023,41595.0,350.0,350.0,,KGZ
,761100,,2023,325.0,20.0,20.0,,KGZ
,7612,,2023,758.0,50.0,50.0,,KGZ
,761300,,2023,100.0,3.0,3.0,,KGZ
,7614,,2023,6.0,,0.0,,KGZ
,761510,,2023,742248.0,1574489.0,1574489.0,,KGZ
,761610,,2023,82956.0,167.083,167.083,,KGZ
,761691,,2023,3304.0,76.0,76.0,,KGZ
,761699,,2023,4068388.0,4410756.574,4410756.574,,KGZ
,761010,,2023,6082.0,488.0,488.0,,LAO
,761090,,2023,65.22,15.0,15.0,,LAO
,7612,,2023,797439.48,1326311.97,1326311.97,,LAO
,7614,,2023,32000.0,40000.0,40000.0,,LAO
,761510,,2023,2389.0,2090.0,2090.0,,LAO
,761610,,2023,926.0,9260.0,9260.0,,LAO
,7605,,2023,289661.0,43331.399,43331.399,,LBN
,7606,,2023,753555.0,179975.07,179975.07,,LBN
,7607,,2023,4887030.0,765229.01,765229.01,,LBN
,7608,,2023,39756.0,5608.583,5608.583,,LBN
,760900,,2023,2922.0,141.768,141.768,,LBN
,761010,,2023,10393446.0,896669.278,896669.278,,LBN
,761090,,2023,6090195.0,565164.321,565164.321,,LBN
,761100,,2023,83890.0,5759.899,5759.899,,LBN
,7612,,2023,2503657.0,162920.192,162920.192,,LBN
,761300,,2023,2459.0,146.951,146.951,,LBN
,7614,,2023,250.0,62.127,62.127,,LBN
,761510,,2023,310893.0,32676.252,32676.252,,LBN
,761520,,2023,40730.0,2982.625,2982.625,,LBN
,761610,,2023,9538.0,,0.0,,LBN
,761699,,2023,2696977.0,155633.339,155633.339,,LBN
,7605,,2023,473.537,35.0,35.0,,MDG
,7606,,2023,12242.744,2217.77,2208.0,,MDG
,7608,,2023,2929.687,2526.0,2526.0,,MDG
,761010,,2023,63731.685,30979.95,29235.95,,MDG
,761090,,2023,708.355,541.0,541.0,,MDG
,7612,,2023,2087.989,157.91,144.55,,MDG
,761300,,2023,637.776,576.2,563.0,,MDG
,761510,,2023,11062.979,2552.24,4508.62,,MDG
,761610,,2023,448.232,13.18,13.18,,MDG
,761699,,2023,291755.967,8410.88,18254.52,,MDG
,7605,,2023,200248219.602,78491445.81,78491445.81,,MYS
,7606,,2023,91340223.415,82876780.67,82876780.67,,MYS
,7607,,2023,197096440.091,,0.0,,MYS
,7608,,2023,6830288.305,1165882.817,1165882.817,,MYS
,760900,,2023,2466948.383,334059.6,334059.6,,MYS
,761010,,2023,73203741.355,14999643.0,14999643.0,,MYS
,761090,,2023,42657332.048,,0.0,,MYS
,761100,,2023,113677.875,44769.65,44769.65,,MYS
,7612,,2023,63017888.03,,0.0,,MYS
,761300,,2023,468723.839,53990.64,53990.64,,MYS
,7614,,2023,15078.64,,0.0,,MYS
,761510,,2023,4628556.285,1204816.41,1204816.41,,MYS
,761520,,2023,209557.746,33083.4,33083.4,,MYS
,761610,,2023,4584846.473,503346.72,503346.72,,MYS
,761691,,2023,430427.76,95975.54,95975.54,,MYS
,761699,,2023,448184107.899,36310184.36,36310184.36,,MYS
,7607,,2023,272.297,11.0,11.0,,MLI
,761010,,2023,2502.167,600.0,600.0,,MLI
,7612,,2023,296.825,600.0,600.0,,MLI
,761691,,2023,4398.133,552.0,552.0,,MLI
,761300,,2023,10583.349,225.0,225.0,,MRT
,7614,,2023,384452.111,108815.0,108815.0,,MRT
,761699,,2023,237519.576,56175.0,56175.0,,MRT
,7606,,2023,4646.053,1394.0,1394.0,,MUS
,7607,,2023,228230.649,13408.0,23469.0,,MUS
,7608,,2023,1618.433,196.0,332.0,,MUS
,760900,,2023,22437.307,7209.0,7209.0,,MUS
,761010,,2023,5170249.366,180512.0,660668.0,,MUS
,761090,,2023,1867811.034,83797.0,328619.0,,MUS
,761100,,2023,198.974,16.0,16.0,,MUS
,7612,,2023,82559.591,481.0,2158.0,,MUS
,761300,,2023,1467.883,16.0,16.0,,MUS
,761510,,2023,134804.281,5441.0,16762.0,,MUS
,761520,,2023,1293.408,94.715,94.715,,MUS
,761610,,2023,3153.583,1443.0,1443.0,,MUS
,761699,,2023,158661.356,6233.0,7518.0,,MUS
,7605,,2023,2217152.0,0.0,0.0,,MEX
,7606,,2023,30403359.0,0.0,0.0,,MEX
,7607,,2023,27023287.0,0.0,0.0,,MEX
,7608,,2023,82869809.0,0.0,0.0,,MEX
,760900,,2023,22668033.0,1310832.378,1310832.378,,MEX
,761010,,2023,80038194.0,11805577.0,11805577.0,,MEX
,761090,,2023,215633409.0,26746982.0,26746982.0,,MEX
,761100,,2023,902755.0,64454.392,64454.392,,MEX
,7612,,2023,174340441.0,0.0,0.0,,MEX
,761300,,2023,321371.0,19656.676,19656.676,,MEX
,7614,,2023,105608618.0,0.0,0.0,,MEX
,761510,,2023,13989616.0,1663159.0,1663159.0,,MEX
,761520,,2023,151343.0,7726.0,7726.0,,MEX
,761610,,2023,22907830.0,1226668.743,1226668.743,,MEX
,761691,,2023,935648.0,66119.0,66119.0,,MEX
,761699,,2023,634068704.0,72533559.23,72533559.23,,MEX
,7606,,2023,14115.41,568.0,568.0,,MNG
,7607,,2023,1557.35,28.0,28.0,,MNG
,761010,,2023,27.31,76.0,76.0,,MNG
,7612,,2023,3000.0,35.8,35.8,,MNG
,761300,,2023,500.0,30.0,30.0,,MNG
,761510,,2023,16509.337,6365.9,6365.9,,MNG
,761610,,2023,85.483,0.3,0.3,,MNG
,761699,,2023,10073226.662,8323250.0,8323250.0,,MNG
,7605,,2023,3047.0,338.0,338.0,,MDA
,7606,,2023,1522.0,266.0,266.0,,MDA
,7607,,2023,531297.0,66411.207,66411.207,,MDA
,7608,,2023,1838.0,71.0,71.0,,MDA
,760900,,2023,1301.0,9.0,9.0,,MDA
,761010,,2023,691703.0,73992.0,73992.0,,MDA
,761090,,2023,491952.0,72280.0,72280.0,,MDA
,761100,,2023,650.0,84.0,84.0,,MDA
,7612,,2023,17101.0,2074.0,2074.0,,MDA
,761510,,2023,206496.0,34607.0,34607.0,,MDA
,761520,,2023,152246.0,20583.0,20583.0,,MDA
,761610,,2023,80636.0,9135.502,9135.502,,MDA
,761699,,2023,86490.0,9382.896,9382.896,,MDA
,7605,,2023,999.395,46.5,46.5,,MNE
,7606,,2023,4059.436,1767.0,1767.0,,MNE
,7607,,2023,2091.121,460.22,460.22,,MNE
,7608,,2023,7490.492,1321.61,1321.61,,MNE
,761010,,2023,2430291.229,147089.31,147089.31,,MNE
,761090,,2023,233175.36,32657.52,32657.52,,MNE
,761100,,2023,5893.742,10800.0,10800.0,,MNE
,761510,,2023,10158.638,1294.79,1294.79,,MNE
,761520,,2023,273.47,35.0,35.0,,MNE
,761610,,2023,556.391,69.6,69.6,,MNE
,761699,,2023,149597.751,47854.33,47854.33,,MNE
,7605,,2023,1897.758,92.0,92.0,,MAR
,7606,,2023,1236877.909,265108.07,265108.07,,MAR
,7607,,2023,910166.377,71675.337,71675.337,,MAR
,7608,,2023,207939.551,29036.92,29036.92,,MAR
,760900,,2023,8955.205,157.88,157.88,,MAR
,761010,,2023,2593061.3,261470.42,261470.42,,MAR
,761090,,2023,2689126.079,316788.22,316788.22,,MAR
,761100,,2023,323806.314,8600.0,8600.0,,MAR
,7612,,2023,64344456.823,7117821.4,7117821.4,,MAR
,761300,,2023,98531.432,7348.5,7348.5,,MAR
,7614,,2023,4481176.016,986717.84,986717.84,,MAR
,761510,,2023,438023.683,63421.71,63421.71,,MAR
,761520,,2023,1574071.32,1669796.84,1669796.84,,MAR
,761610,,2023,570467.357,5579.65,5579.65,,MAR
,761691,,2023,5749.101,931.1,931.1,,MAR
,761699,,2023,7125216.586,272609.45,272609.45,,MAR
,7605,,2023,161545000.0,58325500.0,40841455.0,,MOZ
,761010,,2023,3000.0,48.0,31.0,,MOZ
,761090,,2023,2000.0,846.0,24.0,,MOZ
,7614,,2023,12929000.0,4828152.0,0.0,,MOZ
,761510,,2023,538000.0,314896.0,192775.0,,MOZ
,761520,,2023,1000.0,240.0,240.0,,MOZ
,761699,,2023,18000.0,5184.0,5132.0,,MOZ
,7605,,2023,117793034.926,36133187.701,36133187.701,,OMN
,7606,,2023,230300707.052,49993523.968,49993523.968,,OMN
,7607,,2023,30831719.067,6758523.844,6758523.844,,OMN
,7608,,2023,89438.231,12774.446,12774.446,,OMN
,760900,,2023,342663.198,16625.097,16625.097,,OMN
,761010,,2023,81024.707,6990.21,6990.21,,OMN
,761090,,2023,631594.277,58611.35,58611.35,,OMN
,761100,,2023,8254.876,566.781,566.781,,OMN
,7612,,2023,10098.83,1099.513,1099.513,,OMN
,761300,,2023,179656.697,10736.402,10736.402,,OMN
,7614,,2023,10918520.139,2797220.264,2797220.264,,OMN
,761510,,2023,586707.411,61665.586,61665.586,,OMN
,761610,,2023,4208.062,,0.0,,OMN
,761691,,2023,18335.501,1723.839,1723.839,,OMN
,761699,,2023,5145196.351,296911.723,296911.723,,OMN
,7605,,2023,959.776,929.0,929.0,,NAM
,7606,,2023,28975.488,25771.0,25771.0,,NAM
,7607,,2023,69431.632,5108.0,5108.0,,NAM
,7608,,2023,6613.008,1139.77,1139.77,,NAM
,760900,,2023,7299.383,1930.0,1930.0,,NAM
,761010,,2023,648053.823,226478.15,226478.15,,NAM
,761090,,2023,205516.781,78675.28,78675.28,,NAM
,761100,,2023,89831.52,17656.0,17656.0,,NAM
,7612,,2023,20890.313,3164.3,3164.3,,NAM
,761300,,2023,977.913,2443.0,2443.0,,NAM
,7614,,2023,30523.014,6149.0,6149.0,,NAM
,761510,,2023,46781.55,43740.52,43740.52,,NAM
,761520,,2023,1095.315,791.0,791.0,,NAM
,761610,,2023,64622.762,31244.41,31244.41,,NAM
,761699,,2023,212300.916,67415.23,67415.23,,NAM
,7605,,2023,56978.076,31840.872,31840.872,,NZL
,7606,,2023,974332.779,131324.632,131324.632,,NZL
,7607,,2023,4185295.619,905931.0,905931.0,,NZL
,7608,,2023,665167.533,41856.0,41856.0,,NZL
,760900,,2023,475047.994,21226.0,21226.0,,NZL
,761010,,2023,2084865.176,121536.0,121536.0,,NZL
,761090,,2023,8768594.629,578609.397,578609.397,,NZL
,761100,,2023,66921.989,2620.0,2620.0,,NZL
,7612,,2023,39674709.234,8818128.0,8818128.0,,NZL
,761300,,2023,106536.137,16518.0,16518.0,,NZL
,7614,,2023,63974.985,23352.0,23352.0,,NZL
,761510,,2023,376824.754,30961.0,30961.0,,NZL
,761520,,2023,230.897,20.0,20.0,,NZL
,761610,,2023,510603.64,16411.158,16411.158,,NZL
,761691,,2023,94243.955,12607.0,12607.0,,NZL
,761699,,2023,12627711.103,1126504.159,1126504.159,,NZL
,7606,,2023,10648.27,8414.5,8414.5,,NIC
,7607,,2023,3725.2,844.41,844.41,,NIC
,7608,,2023,187.38,102.77,102.77,,NIC
,760900,,2023,125.76,8.89,8.89,,NIC
,761010,,2023,349691.57,103633.54,103633.54,,NIC
,761090,,2023,7814.18,1290.19,1290.19,,NIC
,7612,,2023,30153.58,4127.31,4127.31,,NIC
,761300,,2023,4837.39,390.4,390.4,,NIC
,761510,,2023,7454.9,8343.43,8343.43,,NIC
,761520,,2023,725.0,92.44,92.44,,NIC
,761610,,2023,508.2,82.59,82.59,,NIC
,761699,,2023,62491.48,1858.69,1858.69,,NIC
,761699,,2023,238.991,14.0,14.0,,NER
,7607,,2023,353635.457,127378.0,127378.0,,NGA
,7612,,2023,13447265.977,4335087.0,4335087.0,,NGA
,761699,,2023,1.481,0.54,0.54,,NGA
,7605,,2023,34488.045,1525.0,1525.0,,PAK
,7606,,2023,409924.559,196954.0,196954.0,,PAK
,7607,,2023,613678.203,117806.0,117806.0,,PAK
,7608,,2023,26700.733,5442.0,5442.0,,PAK
,760900,,2023,39728.035,21168.0,21168.0,,PAK
,761010,,2023,47134.632,3573.0,3573.0,,PAK
,761090,,2023,146201.838,21476.0,21476.0,,PAK
,761100,,2023,101.781,15.0,15.0,,PAK
,7612,,2023,48426036.67,5716837.0,5716837.0,,PAK
,761510,,2023,24773678.119,7162800.0,7162800.0,,PAK
,761520,,2023,1663.127,647.0,647.0,,PAK
,761610,,2023,328558.183,96737.0,96737.0,,PAK
,761691,,2023,37590.626,6127.0,6127.0,,PAK
,761699,,2023,1770941.146,341666.0,341666.0,,PAK
,7606,,2023,21320.0,10714.0,10714.0,,PAN
,761010,,2023,6554.0,1484.0,1484.0,,PAN
,761090,,2023,15990.0,4498.0,4498.0,,PAN
,7612,,2023,240.0,36.0,36.0,,PAN
,761699,,2023,47541.0,12413.0,12413.0,,PAN
,7605,,2023,2076.626,1919.0,1919.0,,PNG
,7606,,2023,30.927,25.78,25.78,,PNG
,7607,,2023,156.307,2.0,2.0,,PNG
,761090,,2023,1762.776,173.146,173.146,,PNG
,7612,,2023,8196.31,326.0,326.0,,PNG
,761300,,2023,30419.796,1860.629,1860.629,,PNG
,761699,,2023,11515.263,711.173,711.173,,PNG
,7606,,2023,881131.25,308411.0,308411.0,,PRY
,7607,,2023,2668091.23,,0.0,,PRY
,7608,,2023,137809.39,32606.9,32606.9,,PRY
,760900,,2023,2673867.83,313020.36,313020.36,,PRY
,7612,,2023,20203199.5,2876666.09,2876666.09,,PRY
,761300,,2023,300.0,5.0,5.0,,PRY
,7614,,2023,152795.39,33354.0,33354.0,,PRY
,761510,,2023,25771.9,970.305,970.305,,PRY
,761610,,2023,30617.18,3744.75,3744.75,,PRY
,761699,,2023,17962880.46,1743664.58,1743664.58,,PRY
,7605,,2023,62803.51,13312.69,13312.69,,PER
,7606,,2023,39791.18,15351.093,15351.093,,PER
,7607,,2023,14164924.56,1951385.88,1951385.88,,PER
,7608,,2023,16119.32,5966.65,5966.65,,PER
,760900,,2023,34036.24,2211.7,2211.7,,PER
,761010,,2023,47925.49,4230.45,4230.45,,PER
,761090,,2023,77390.71,24154.06,24154.06,,PER
,761100,,2023,230.77,202.57,202.57,,PER
,7612,,2023,4254082.77,321442.31,321442.31,,PER
,761300,,2023,2431.82,2680.022,2680.022,,PER
,7614,,2023,130449.12,27588.6,27588.6,,PER
,761510,,2023,1058947.82,882943.76,882943.76,,PER
,761520,,2023,6027.69,325.22,325.22,,PER
,761610,,2023,29954.71,6314.98,6314.98,,PER
,761691,,2023,534.4,114.68,114.68,,PER
,761699,,2023,1100856.05,145062.276,145062.276,,PER
,7605,,2023,641296.0,48865.75,48865.75,,PHL
,7606,,2023,892730.0,91103.76,91103.76,,PHL
,7607,,2023,36096129.0,18179774.17,18179774.17,,PHL
,7608,,2023,59487.0,4551.57,4551.57,,PHL
,760900,,2023,3102104.0,449931.33,449931.33,,PHL
,761010,,2023,137112728.0,12474838.034,12474838.034,,PHL
,761090,,2023,10278001.0,1009543.537,1009543.537,,PHL
,761100,,2023,553834.0,39542.327,39542.327,,PHL
,7612,,2023,270450.0,24087.767,24087.767,,PHL
,7614,,2023,5888066.0,579740.44,579740.44,,PHL
,761510,,2023,81442.0,8760.102,8760.102,,PHL
,761520,,2023,671.0,52.672,52.672,,PHL
,761610,,2023,2940396.0,193105.7,193105.7,,PHL
,761699,,2023,31007269.0,2981481.53,2981481.53,,PHL
,7606,,2023,39107.142,0.0,0.0,,QAT
,7607,,2023,51908.093,0.0,0.0,,QAT
,7608,,2023,52916.161,0.0,0.0,,QAT
,761100,,2023,40109.889,2753.95,2753.95,,QAT
,7605,,2023,9240146.436,2558532.897,2558532.897,,SAU
,7606,,2023,581712496.391,134159527.133,134159527.133,,SAU
,7607,,2023,16024781.733,1992510.739,1992510.739,,SAU
,7608,,2023,10593831.735,1620159.919,1620159.919,,SAU
,760900,,2023,106763.997,5619.779,5619.779,,SAU
,761010,,2023,2415157.54,219736.706,219736.706,,SAU
,761090,,2023,17254380.902,1694789.553,1694789.553,,SAU
,761100,,2023,17638.4,1259.336,1259.336,,SAU
,7612,,2023,119883147.136,13007305.772,13007305.772,,SAU
,761300,,2023,484772.521,29651.14,29651.14,,SAU
,7614,,2023,14617535.901,4034985.543,4034985.543,,SAU
,761510,,2023,6222740.911,677615.394,677615.394,,SAU
,761520,,2023,1744964.49,136975.062,136975.062,,SAU
,761610,,2023,74570.398,,0.0,,SAU
,761691,,2023,36914.666,3891.86,3891.86,,SAU
,761699,,2023,11892457.836,734468.7,734468.7,,SAU
,7605,,2023,107295.664,38154.0,38154.0,,SEN
,7606,,2023,1093917.486,315389.0,315389.0,,SEN
,7607,,2023,2490.23,591.0,591.0,,SEN
,7608,,2023,459.703,256.0,256.0,,SEN
,761010,,2023,28789.956,12769.0,12769.0,,SEN
,761090,,2023,30598.797,2307.0,2307.0,,SEN
,7612,,2023,5021.008,778.0,778.0,,SEN
,761300,,2023,28045.629,4133.0,4133.0,,SEN
,761510,,2023,273273.87,39765.0,39765.0,,SEN
,761520,,2023,2305.137,905.0,905.0,,SEN
,761610,,2023,135.115,12.0,12.0,,SEN
,761699,,2023,857710.196,1070391.0,1070391.0,,SEN
,7605,,2023,504017.0,,0.0,,SRB
,7606,,2023,169595304.0,44729306.966,44729306.966,,SRB
,7607,,2023,9692555.0,1273126.308,1273126.308,,SRB
,7608,,2023,22366592.0,4246084.819,4246084.819,,SRB
,760900,,2023,436388.0,37583.09,37583.09,,SRB
,761010,,2023,30034578.0,2677544.0,2677544.0,,SRB
,761090,,2023,45005279.0,5493452.0,5493452.0,,SRB
,761100,,2023,7351.0,1013.0,1013.0,,SRB
,7612,,2023,107574286.0,16499160.0,16499160.0,,SRB
,761300,,2023,73232.0,2163.744,2163.744,,SRB
,7614,,2023,2567670.0,494965.0,494965.0,,SRB
,761510,,2023,1825120.0,161361.341,161361.341,,SRB
,761520,,2023,51230.0,10116.0,10116.0,,SRB
,761610,,2023,2296081.0,130068.76,130068.76,,SRB
,761691,,2023,110521.0,17441.0,17441.0,,SRB
,761699,,2023,97738831.0,11711440.212,11711440.212,,SRB
,7605,,2023,508991222.261,187848634.428,187848634.428,,IND
,7606,,2023,181333308.95,58256241.169,58256241.169,,IND
,7607,,2023,219932084.802,43747012.595,43747012.595,,IND
,7608,,2023,14214287.013,2793535.332,2793535.332,,IND
,760900,,2023,35722552.258,5974976.381,5974976.381,,IND
,761010,,2023,12059043.168,1765675.0,1765675.0,,IND
,761090,,2023,96923347.34,13360472.859,13360472.859,,IND
,761100,,2023,4205.36,3830.0,3830.0,,IND
,7612,,2023,66302403.906,7971536.883,7971536.883,,IND
,761300,,2023,11251552.838,1405549.321,1405549.321,,IND
,7614,,2023,676301077.405,180832987.787,180832987.787,,IND
,761510,,2023,115758097.478,23170003.574,23170003.574,,IND
,761520,,2023,1727110.66,344255.893,344255.893,,IND
,761610,,2023,4762842.431,331500.928,331500.928,,IND
,761691,,2023,1415993.023,153121.564,153121.564,,IND
,761699,,2023,446908542.683,46844282.755,46844282.755,,IND
,7605,,2023,21011791.037,670169.255,670169.255,,SGP
,7606,,2023,84997529.158,16253526.059,16253526.059,,SGP
,7607,,2023,95669245.877,8363038.426,8363038.426,,SGP
,7608,,2023,9675015.158,552936.13,552936.13,,SGP
,760900,,2023,5737951.959,743170.707,743170.707,,SGP
,761010,,2023,36071008.889,4945842.647,4945842.647,,SGP
,761090,,2023,23097115.224,2079293.784,2079293.784,,SGP
,761100,,2023,146544.151,49007.013,49007.013,,SGP
,7612,,2023,14289021.909,2793349.05,2793349.05,,SGP
,761300,,2023,5891044.774,352052.69,352052.69,,SGP
,7614,,2023,2833641.112,38420.034,38420.034,,SGP
,761510,,2023,1122016.72,118925.54,118925.54,,SGP
,761520,,2023,951003.869,61779.53,61779.53,,SGP
,761610,,2023,7063389.789,264485.451,264485.451,,SGP
,761691,,2023,69603.483,4165.07,4165.07,,SGP
,761699,,2023,150651640.7,9867356.24,9867356.24,,SGP
,7605,,2023,29014068.521,6840743.924,6840743.924,,VNM
,7606,,2023,15994365.808,3671690.551,3671690.551,,VNM
,7607,,2023,30127001.163,4121199.363,4121199.363,,VNM
,7608,,2023,59638959.293,8579174.337,8579174.337,,VNM
,760900,,2023,38358100.285,2019070.524,2019070.524,,VNM
,761010,,2023,61811796.289,5623782.406,5623782.406,,VNM
,761090,,2023,331921537.643,32602569.607,32602569.607,,VNM
,761100,,2023,74734.758,5335.87,5335.87,,VNM
,7612,,2023,62157775.913,6749299.039,6749299.039,,VNM
,761300,,2023,644631.44,39428.921,39428.921,,VNM
,7614,,2023,17456005.348,4860662.845,4860662.845,,VNM
,761510,,2023,109117782.252,11882205.933,11882205.933,,VNM
,761520,,2023,797105.335,62570.645,62570.645,,VNM
,761610,,2023,7080893.183,,0.0,,VNM
,761691,,2023,7067.98,745.167,745.167,,VNM
,761699,,2023,469729307.38,29010106.944,29010106.944,,VNM
,7605,,2023,11168570.781,3111679.53,3111679.53,,ZAF
,7606,,2023,338269219.612,83457723.28,83457723.28,,ZAF
,7607,,2023,42654518.797,9618328.22,9618328.22,,ZAF
,7608,,2023,87236742.542,11897097.682,11897097.682,,ZAF
,760900,,2023,975351.482,71943.22,71943.22,,ZAF
,761010,,2023,20437341.339,5461075.787,5461075.787,,ZAF
,761090,,2023,14267287.549,2855864.444,2855864.444,,ZAF
,761100,,2023,1033976.451,139481.52,139481.52,,ZAF
,7612,,2023,49783214.696,14705502.55,14705502.55,,ZAF
,761300,,2023,409615.338,62356.47,62356.47,,ZAF
,7614,,2023,2796015.788,639561.02,639561.02,,ZAF
,761510,,2023,3734067.004,848945.687,848945.687,,ZAF
,761520,,2023,255016.137,38394.39,38394.39,,ZAF
,761610,,2023,495699.564,86428.25,86428.25,,ZAF
,761691,,2023,217114.959,42872.03,42872.03,,ZAF
,761699,,2023,17055255.855,3743351.244,3743351.244,,ZAF
,7605,,2023,280.42,24.0,0.0,,ZWE
,7607,,2023,24435.46,8642.0,8642.0,,ZWE
,761010,,2023,1243452.29,251172.0,251172.0,,ZWE
,761090,,2023,17.38,1.0,1.0,,ZWE
,7612,,2023,58145.2,65000.0,65000.0,,ZWE
,761300,,2023,25323.24,503397.23,503397.23,,ZWE
,761510,,2023,546410.36,115283.0,115283.0,,ZWE
,761699,,2023,12147.74,452.87,452.87,,ZWE
,761090,,2023,5040.0,4320.0,4320.0,,SUR
,761699,,2023,4180.0,427.0,427.0,,SUR
,7605,,2023,5380.25,1470.0,1470.0,,SWZ
,7606,,2023,753.35,172.0,172.0,,SWZ
,7608,,2023,4415.43,6.95,6.95,,SWZ
,761010,,2023,3667.53,3105.57,3105.57,,SWZ
,761090,,2023,52186.05,25326.0,25326.0,,SWZ
,761100,,2023,2064.79,9030.0,9030.0,,SWZ
,761300,,2023,341.25,2000.0,2000.0,,SWZ
,7614,,2023,26.22,10.0,10.0,,SWZ
,761510,,2023,13397.97,797.0,797.0,,SWZ
,761610,,2023,351.95,25.0,25.0,,SWZ
,761699,,2023,39355.78,42097.71,42097.71,,SWZ
,7605,,2023,454236.0,199605.0,199605.0,,TJK
,7608,,2023,12.0,50.0,50.0,,TJK
,761090,,2023,60.0,285.0,285.0,,TJK
,7614,,2023,52944.0,11910.0,11910.0,,TJK
,761510,,2023,2993.0,2532.0,2532.0,,TJK
,761699,,2023,6880.0,345.287,345.287,,TJK
,7605,,2023,25311750.35,7128250.925,7128250.925,,THA
,7606,,2023,612667187.647,,0.0,,THA
,7607,,2023,297391794.832,,0.0,,THA
,7608,,2023,19241590.29,2343205.081,2343206.081,,THA
,760900,,2023,16672199.742,842107.021,842107.021,,THA
,761010,,2023,208361519.528,34949885.753,34949885.753,,THA
,761090,,2023,139304111.729,23859103.987,23859103.987,,THA
,761100,,2023,1810476.463,244989.0,244989.0,,THA
,7612,,2023,99795704.07,,0.0,,THA
,761300,,2023,19273953.61,1627438.0,1627438.0,,THA
,7614,,2023,1784339.148,,0.0,,THA
,761510,,2023,109061528.475,,0.0,,THA
,761520,,2023,940287.512,137164.317,137164.317,,THA
,761610,,2023,5417208.963,408090.825,408090.825,,THA
,761691,,2023,2834947.759,353083.019,353083.019,,THA
,761699,,2023,245563213.52,38765864.822,38765864.822,,THA
,7606,,2023,6994.353,7242.0,7242.0,,TGO
,761090,,2023,5117.376,2800.0,2800.0,,TGO
,761100,,2023,2392.957,5310.0,5310.0,,TGO
,761510,,2023,7130.238,12110.0,12110.0,,TGO
,761699,,2023,93701.521,37275.0,37275.0,,TGO
,7605,,2023,34083.416,23679.0,23679.0,,TTO
,7606,,2023,335429.777,109323.965,109323.965,,TTO
,7607,,2023,98218.997,32950.859,32950.859,,TTO
,7608,,2023,3855.258,898.0,898.0,,TTO
,760900,,2023,13776.946,649.0,649.0,,TTO
,761010,,2023,1225185.415,148426.786,148426.786,,TTO
,761090,,2023,325409.129,37654.0,37654.0,,TTO
,761100,,2023,287.396,4.0,4.0,,TTO
,7612,,2023,141543.98,36226.0,36226.0,,TTO
,761300,,2023,59864.636,8759.0,8759.0,,TTO
,761510,,2023,95064.601,100820.339,100820.339,,TTO
,761520,,2023,126.217,3.0,3.0,,TTO
,761610,,2023,18630.683,3602.0,3602.0,,TTO
,761699,,2023,183251.544,29036.191,29036.191,,TTO
,7605,,2023,200906776.628,71408662.21,71408662.21,,ARE
,7606,,2023,151567958.825,,0.0,,ARE
,7607,,2023,109164751.233,31750118.97,31750118.97,,ARE
,7608,,2023,25180452.767,,0.0,,ARE
,760900,,2023,2849140.432,399496.54,399496.54,,ARE
,761010,,2023,47426749.704,6330683.79,6330683.79,,ARE
,761090,,2023,104005022.648,37911652.734,37911652.734,,ARE
,761100,,2023,330447.345,82437.79,82437.79,,ARE
,7612,,2023,115259679.444,20552256.03,20552256.03,,ARE
,761300,,2023,5323925.281,501562.92,501562.92,,ARE
,7614,,2023,13006286.515,4569585.98,4569585.98,,ARE
,761510,,2023,41885315.111,12238505.81,12238505.81,,ARE
,761520,,2023,1123642.278,208114.88,208114.88,,ARE
,761610,,2023,2881387.672,1339496.68,1339496.68,,ARE
,761691,,2023,625087.547,165165.83,165165.83,,ARE
,761699,,2023,59302089.598,13042692.59,13042692.59,,ARE
,7605,,2023,105707.979,34166.0,34166.0,,TUN
,7606,,2023,1076577.093,328156.0,328156.0,,TUN
,7607,,2023,7803018.48,1110184.0,1110184.0,,TUN
,7608,,2023,1524728.172,102830.0,102830.0,,TUN
,760900,,2023,12876.538,4180.0,4180.0,,TUN
,761010,,2023,5497804.435,525422.0,525422.0,,TUN
,761090,,2023,9679788.389,558222.0,558222.0,,TUN
,7612,,2023,9894673.83,1164438.0,1164438.0,,TUN
,761300,,2023,58622.004,2233.0,2233.0,,TUN
,7614,,2023,31565.239,2053.0,2053.0,,TUN
,761510,,2023,2712131.619,302283.0,302283.0,,TUN
,761520,,2023,551.789,130.0,130.0,,TUN
,761610,,2023,29225.868,876.0,876.0,,TUN
,761699,,2023,59460309.724,5628609.0,5628609.0,,TUN
,7605,,2023,55062590.0,17671066.0,17671066.0,,TUR
,7606,,2023,905870792.0,263477825.0,263477825.0,,TUR
,7607,,2023,508815020.0,120467580.011,120467580.011,,TUR
,7608,,2023,60719048.0,9732815.0,9732815.0,,TUR
,760900,,2023,29231700.0,2968305.0,2968305.0,,TUR
,761010,,2023,183268914.0,17753131.0,17753131.0,,TUR
,761090,,2023,405684296.0,71653601.0,71653601.0,,TUR
,761100,,2023,4999667.0,695693.0,695693.0,,TUR
,7612,,2023,109646680.0,12458702.0,12458702.0,,TUR
,761300,,2023,20562425.0,2103149.0,2103149.0,,TUR
,7614,,2023,127317399.0,35392360.0,35392360.0,,TUR
,761510,,2023,164540392.0,30117321.0,30117321.0,,TUR
,761520,,2023,3655472.0,378661.0,378661.0,,TUR
,761610,,2023,4135809.0,351897.0,351897.0,,TUR
,761691,,2023,656854.0,32170.0,32170.0,,TUR
,761699,,2023,421679177.0,47740801.0,47740801.0,,TUR
,7606,,2023,9569.73,7070.22,7070.22,,UGA
,7607,,2023,1011138.93,235417.14,235417.14,,UGA
,7608,,2023,22312.17,18100.0,18100.0,,UGA
,760900,,2023,22013.48,21747.0,21747.0,,UGA
,761010,,2023,176735.39,46425.0,46425.0,,UGA
,761090,,2023,46864.67,10057.5,10057.5,,UGA
,761100,,2023,25227.41,32331.0,32331.0,,UGA
,7612,,2023,54.4,5.0,5.0,,UGA
,761300,,2023,543.26,252.0,252.0,,UGA
,7614,,2023,64315.32,8300.0,8300.0,,UGA
,761510,,2023,4879345.26,1161530.95,1161530.95,,UGA
,761520,,2023,67998.82,16419.0,16419.0,,UGA
,761610,,2023,19598.75,38725.0,38725.0,,UGA
,761691,,2023,2797.78,1700.0,1700.0,,UGA
,761699,,2023,127626.97,16347.0,16347.0,,UGA
,7605,,2023,11509.71,1748.649,1748.649,,UKR
,7606,,2023,276840.22,74987.561,74987.561,,UKR
,7607,,2023,2504301.18,441716.895,441716.895,,UKR
,7608,,2023,149749.16,33945.536,33945.536,,UKR
,760900,,2023,298019.39,19584.117,19584.117,,UKR
,761010,,2023,4604369.34,492903.361,492903.361,,UKR
,761090,,2023,926687.95,150708.114,150708.114,,UKR
,761100,,2023,1193438.26,1193.4,1193.4,,UKR
,7612,,2023,5079267.04,700093.504,700093.504,,UKR
,761300,,2023,13977.36,6731.054,6731.054,,UKR
,7614,,2023,69218.44,22104.57,22104.57,,UKR
,761510,,2023,541500.41,93802.554,93802.554,,UKR
,761520,,2023,551869.89,119833.85,119833.85,,UKR
,761610,,2023,86568.75,2121.641,2121.641,,UKR
,761691,,2023,79195.56,6386.96,6386.96,,UKR
,761699,,2023,3896812.17,312091.548,312091.548,,UKR
,7605,,2023,33522.658,4150.0,4150.0,,MKD
,7606,,2023,1515361.305,409231.69,409231.69,,MKD
,7607,,2023,1050364.374,171366.154,171366.154,,MKD
,7608,,2023,75060.669,22421.529,22421.529,,MKD
,760900,,2023,9886.494,209.079,209.079,,MKD
,761010,,2023,3375866.085,603584.0,603584.0,,MKD
,761090,,2023,4753060.814,696825.643,696825.643,,MKD
,761100,,2023,10432.764,6997.0,6997.0,,MKD
,7612,,2023,7216.21,955.0,955.0,,MKD
,761300,,2023,5690.003,742.0,742.0,,MKD
,7614,,2023,87.776,45.0,45.0,,MKD
,761510,,2023,799324.298,175870.0,175870.0,,MKD
,761610,,2023,48243.199,3921.019,3921.019,,MKD
,761691,,2023,14498.579,2624.0,2624.0,,MKD
,761699,,2023,3554092.638,736294.322,736294.322,,MKD
,7605,,2023,38025639.892,7905808.958,7905808.958,,EGY
,7606,,2023,127817006.465,33825815.811,33825815.811,,EGY
,7607,,2023,11806015.398,2518815.742,2518815.742,,EGY
,7608,,2023,939617.597,139925.895,139925.895,,EGY
,760900,,2023,487.481,25.66,25.66,,EGY
,761010,,2023,3664535.232,333408.022,333408.022,,EGY
,761090,,2023,2679667.316,263206.904,263206.904,,EGY
,761100,,2023,2000.0,142.795,142.795,,EGY
,7612,,2023,45586399.629,4418977.215,4418977.215,,EGY
,7614,,2023,17091103.83,4604829.068,4604829.068,,EGY
,761510,,2023,17004696.581,1851699.168,1851699.168,,EGY
,761520,,2023,5477.552,429.973,429.973,,EGY
,761610,,2023,34100.0,,0.0,,EGY
,761691,,2023,2142.0,225.828,225.828,,EGY
,761699,,2023,5647895.956,348809.544,348809.544,,EGY
,7605,,2023,27221834.346,,0.0,,GBR
,7606,,2023,487924688.183,,0.0,,GBR
,7607,,2023,129944139.903,,0.0,,GBR
,7608,,2023,24255805.03,,0.0,,GBR
,760900,,2023,43017051.709,1492993.301,1492993.301,,GBR
,761010,,2023,55036951.369,2355282.782,2355282.782,,GBR
,761090,,2023,138265365.758,6794716.765,6794716.765,,GBR
,761100,,2023,8826669.4,418315.0,418315.0,,GBR
,7612,,2023,141578631.231,15925584.731,15925584.731,,GBR
,761300,,2023,107047473.608,5331228.705,5331228.705,,GBR
,7614,,2023,1416057.051,,0.0,,GBR
,761510,,2023,51402857.412,5217547.583,5217547.583,,GBR
,761520,,2023,2614449.056,186263.0,186263.0,,GBR
,761610,,2023,23836811.002,488641.389,488641.389,,GBR
,761691,,2023,2898327.183,151229.485,151229.485,,GBR
,761699,,2023,243990535.394,10986226.491,10986226.491,,GBR
,7605,,2023,9653.86,6950.0,7100.0,,TZA
,7606,,2023,246506.02,173029.0,171589.0,,TZA
,7607,,2023,213366.88,62779.59,62781.0,,TZA
,7608,,2023,7776.07,6111.0,6111.0,,TZA
,760900,,2023,2280.58,50.0,50.0,,TZA
,761010,,2023,39196.94,32361.924,31861.924,,TZA
,761090,,2023,138547.61,20007.0,20007.0,,TZA
,761100,,2023,1210.06,5198.0,5198.0,,TZA
,7612,,2023,10.5,7.0,7.0,,TZA
,761300,,2023,917.88,5039.0,5039.0,,TZA
,7614,,2023,32.56,20.0,20.0,,TZA
,761510,,2023,49318.5,38908.5,38908.5,,TZA
,761520,,2023,226.94,1030.0,1030.0,,TZA
,761610,,2023,68434.05,72134.0,72134.0,,TZA
,761691,,2023,4195.24,14000.0,14000.0,,TZA
,761699,,2023,138293.16,38063.71,35927.96,,TZA
,7605,,2023,88995211.0,15362335.871,15362335.871,,USA
,7606,,2023,3194644347.0,582177241.069,582177241.069,,USA
,7607,,2023,685228897.0,109007495.222,109007495.222,,USA
,7608,,2023,345189809.0,,0.0,,USA
,760900,,2023,186040142.0,8578448.0,8578448.0,,USA
,761010,,2023,139340396.0,13627977.0,13627977.0,,USA
,761090,,2023,352665167.0,30176461.0,30176461.0,,USA
,761100,,2023,43746303.0,3003627.152,3003627.152,,USA
,7612,,2023,670557296.0,72469577.265,72469577.265,,USA
,761300,,2023,145210441.0,8677870.954,8677870.954,,USA
,7614,,2023,22457740.0,,0.0,,USA
,761510,,2023,113710976.0,12489032.57,12489032.57,,USA
,761520,,2023,3637318.0,145254.0,145254.0,,USA
,761610,,2023,277802374.0,9910938.0,9910938.0,,USA
,761691,,2023,16070098.0,1237247.0,1237247.0,,USA
,761699,,2023,1312078921.0,63814470.632,63814470.632,,USA
,7607,,2023,3444552.0,609410.55,609410.55,,URY
,7608,,2023,444998.0,93272.6,93272.6,,URY
,761010,,2023,656.0,36.0,36.0,,URY
,761090,,2023,2798.0,74.121,74.121,,URY
,7612,,2023,34934.0,1175.302,1175.302,,URY
,761300,,2023,19480.0,1317.668,1317.668,,URY
,7614,,2023,48.0,40.0,40.0,,URY
,761510,,2023,77999.0,6920.796,6920.796,,URY
,761699,,2023,33042.0,2481.044,2481.044,,URY
,7605,,2023,789069.0,295726.48,295726.48,,UZB
,7606,,2023,4508614.99,2090374.693,2090374.693,,UZB
,7607,,2023,336678.97,122290.0,122290.0,,UZB
,7608,,2023,23284.0,133.83,133.83,,UZB
,760900,,2023,12070.0,6.26,6.26,,UZB
,761010,,2023,598425.98,182320.0,182320.0,,UZB
,761090,,2023,732925.97,180050.2,180050.2,,UZB
,761100,,2023,360.0,120.0,120.0,,UZB
,7612,,2023,1428.0,243.44,243.44,,UZB
,7614,,2023,58287.0,18280.0,18280.0,,UZB
,761510,,2023,212876.96,216062.6,216062.6,,UZB
,761610,,2023,7101.98,182.18,182.18,,UZB
,761699,,2023,4233542.93,748174.76,748174.76,,UZB
,7614,,2023,6226.227,6200.0,6200.0,,YEM
,761610,,2023,326.136,240.0,240.0,,YEM
,761699,,2023,348174.567,,0.0,,YEM
,7605,,2023,259111.094,64266.0,64266.0,,ZMB
,7606,,2023,176435.833,65085.2,65085.2,,ZMB
,7607,,2023,17918.831,5664.9,5664.9,,ZMB
,760900,,2023,1680.251,1878.03,1878.03,,ZMB
,761010,,2023,25778.712,39902.3,39902.3,,ZMB
,761090,,2023,25340.557,,0.0,,ZMB
,761300,,2023,16966.886,1907.0,1907.0,,ZMB
,7614,,2023,61187.742,24428.49,24428.49,,ZMB
,761510,,2023,181184.001,,0.0,,ZMB
,761520,,2023,7852.77,412.7,412.7,,ZMB
,761610,,2023,1665.447,110.36,110.36,,ZMB
,761691,,2023,1043.073,11.0,11.0,,ZMB
,761699,,2023,26207.566,44722.35,44722.35,,ZMB
,7607,,2024,112256.847,0.0,0.0,,ALB
,761010,,2024,14846424.067,1704697.57,1704697.57,,ALB
,761090,,2024,6355181.868,731056.08,731056.08,,ALB
,761510,,2024,370892.184,59217.46,59217.46,,ALB
,761691,,2024,124941.322,10370.0,10370.0,,ALB
,761699,,2024,671844.107,60080.33,60080.33,,ALB
,7606,,2024,164180.846,45723.285,45723.285,,DZA
,7607,,2024,82456.5,17687.297,17687.297,,DZA
,7608,,2024,18765.59,2854.154,2854.154,,DZA
,761010,,2024,10415.419,946.328,946.328,,DZA
,761090,,2024,103412.448,10856.271,10856.271,,DZA
,7612,,2024,131.176,14.571,14.571,,DZA
,7614,,2024,1013826.06,345566.485,345566.485,,DZA
,761510,,2024,125954.33,13904.284,13904.284,,DZA
,761699,,2024,335547.583,21205.322,21205.322,,DZA
,7606,,2024,4649.28,1095.0,1095.0,,AGO
,7607,,2024,30.43,24.0,24.0,,AGO
,7608,,2024,53525.97,90149.0,90149.0,,AGO
,760900,,2024,14437.49,4455.0,4455.0,,AGO
,761010,,2024,5698.77,6240.0,6240.0,,AGO
,761090,,2024,106903.23,142610.0,142610.0,,AGO
,761100,,2024,74781.0,8835.0,8835.0,,AGO
,7612,,2024,989680.41,254990.35,254990.35,,AGO
,761300,,2024,6534.26,73839.27,73839.27,,AGO
,7614,,2024,25.46,25.0,25.0,,AGO
,761510,,2024,155539.0,237628.39,237628.39,,AGO
,761520,,2024,3386.64,1720.5,1720.5,,AGO
,761610,,2024,59288.48,121906.0,121906.0,,AGO
,761691,,2024,1407.65,729.0,729.0,,AGO
,761699,,2024,1700497.3,6086531.65,6086531.65,,AGO
,7605,,2024,6346025.28,2218849.0,2218849.0,,AZE
,7606,,2024,110050599.93,39222799.8,39222799.8,,AZE
,7607,,2024,1018786.52,349037.0,349037.0,,AZE
,760900,,2024,636.45,25.135,25.135,,AZE
,761010,,2024,2109612.77,118132.7,118132.7,,AZE
,761090,,2024,171262.46,40408.08,40408.08,,AZE
,761100,,2024,200.18,26.0,26.0,,AZE
,761300,,2024,28817.54,813.094,813.094,,AZE
,7614,,2024,1271911.61,390957.0,390957.0,,AZE
,761610,,2024,211.44,29.0,29.0,,AZE
,761691,,2024,646.0,50.2,50.2,,AZE
,761699,,2024,36403.24,1423.872,1423.872,,AZE
,7607,,2024,287865.53,30591.03,30591.03,,ARG
,7608,,2024,696938.95,40132.13,40132.13,,ARG
,760900,,2024,241540.33,18106.9,18106.9,,ARG
,761010,,2024,2998618.32,289815.57,289815.57,,ARG
,761090,,2024,813204.59,63328.08,63328.08,,ARG
,7612,,2024,15158387.78,1735017.36,1735017.36,,ARG
,761510,,2024,1217948.88,123263.09,123263.09,,ARG
,761610,,2024,22137.65,1268.06,1268.06,,ARG
,761699,,2024,53974942.04,12203717.59,12203717.59,,ARG
,7605,,2024,182993.717,32449.6,32449.6,,AUS
,7606,,2024,6315800.456,,0.0,,AUS
,7607,,2024,4830299.379,2093969.193,2093969.193,,AUS
,7608,,2024,834862.763,,0.0,,AUS
,760900,,2024,1578677.736,101175.34,101175.34,,AUS
,761010,,2024,8057982.125,631665.846,631665.846,,AUS
,761090,,2024,22890170.562,2139128.799,2139128.799,,AUS
,761100,,2024,263168.168,17685.77,17685.77,,AUS
,7612,,2024,8733563.059,923300.993,923300.993,,AUS
,761300,,2024,1575898.855,91714.979,91714.979,,AUS
,7614,,2024,922428.867,,0.0,,AUS
,761510,,2024,2831513.006,269077.047,269077.047,,AUS
,761520,,2024,57203.643,3169.323,3169.323,,AUS
,761610,,2024,1077811.287,116868.14,116868.14,,AUS
,761691,,2024,749014.405,65494.423,65494.423,,AUS
,761699,,2024,23790721.431,1344998.668,1344998.668,,AUS
,7605,,2024,677650836.078,235042408.12,235042408.12,,BHR
,7606,,2024,436516867.822,136541276.01,136541276.01,,BHR
,7607,,2024,6364868.199,1773596.48,1773596.48,,BHR
,7608,,2024,1648498.506,351537.0,351537.0,,BHR
,760900,,2024,9765.984,630.11,630.11,,BHR
,761010,,2024,335734.706,73814.68,73814.68,,BHR
,761090,,2024,534602.658,126468.32,126468.32,,BHR
,761100,,2024,5672.34,9315.24,9315.24,,BHR
,7612,,2024,20673.058,50353.93,50353.93,,BHR
,761300,,2024,10598.67,2455.36,2455.36,,BHR
,7614,,2024,282207577.812,61509421.06,61509421.06,,BHR
,761510,,2024,3290812.889,573569.57,573569.57,,BHR
,761520,,2024,7311.09,819.14,819.14,,BHR
,761610,,2024,73480.798,5219.99,5219.99,,BHR
,761691,,2024,7501351.998,1026116.0,1026116.0,,BHR
,761699,,2024,3716596.451,708836.89,708836.89,,BHR
,7605,,2024,1457.34,66.0,66.0,,ARM
,7606,,2024,10620145.73,3204535.65,3204535.65,,ARM
,7607,,2024,68589169.81,20279297.742,20279297.742,,ARM
,7608,,2024,4425.95,138.9,138.9,,ARM
,760900,,2024,5153.97,101.378,101.378,,ARM
,761010,,2024,285418.96,22326.0,22326.0,,ARM
,761090,,2024,1098859.45,100357.46,100357.46,,ARM
,761100,,2024,970.09,34.5,34.5,,ARM
,7612,,2024,110972.7,11031.58,11031.58,,ARM
,761300,,2024,1350.0,33.4,33.4,,ARM
,761510,,2024,313658.69,22553.67,22553.67,,ARM
,761520,,2024,232613.61,992.0,992.0,,ARM
,761610,,2024,10728.93,300.64,300.64,,ARM
,761699,,2024,215125.4,10920.75,10920.75,,ARM
,7606,,2024,33596.83,7511.22,7511.22,,BOL
,761090,,2024,18066.62,4599.66,4599.66,,BOL
,7612,,2024,184729.45,9131.0,9131.0,,BOL
,761300,,2024,5150.0,2747.0,2747.0,,BOL
,761510,,2024,33148.53,5576.52,5576.52,,BOL
,761610,,2024,2043.62,152.69,152.69,,BOL
,761699,,2024,65.84,2.02,2.02,,BOL
,7605,,2024,40808.528,6547.0,6547.0,,BIH
,7606,,2024,649943.769,148000.786,148000.786,,BIH
,7607,,2024,342484.726,60588.92,60588.92,,BIH
,7608,,2024,1591338.77,193769.34,193769.34,,BIH
,760900,,2024,489213.494,22740.15,22740.15,,BIH
,761010,,2024,113253506.943,9386171.03,9386171.03,,BIH
,761090,,2024,32457382.388,4063909.71,4063909.71,,BIH
,761100,,2024,300433.139,23910.0,23910.0,,BIH
,7612,,2024,39447.815,2421.66,2421.66,,BIH
,7614,,2024,81822.403,20959.0,20959.0,,BIH
,761510,,2024,134203.71,23270.07,23270.07,,BIH
,761520,,2024,4171.124,765.58,765.58,,BIH
,761610,,2024,882721.345,13486.78,13486.78,,BIH
,761691,,2024,2506037.283,336893.78,336893.78,,BIH
,761699,,2024,24252429.057,2182885.28,2182885.28,,BIH
,7605,,2024,37456199.0,12218811.621,12218811.621,,BRA
,7606,,2024,354273026.0,104567246.805,104543159.805,,BRA
,7607,,2024,94551249.0,20949828.804,20965578.804,,BRA
,7608,,2024,4701515.0,647263.973,649128.973,,BRA
,760900,,2024,4224215.0,165820.97,232124.97,,BRA
,761010,,2024,3746703.0,242025.501,242645.501,,BRA
,761090,,2024,2654723.0,194389.876,194248.876,,BRA
,761100,,2024,555676.0,86000.702,86000.702,,BRA
,7612,,2024,35286859.0,4384347.021,4393893.021,,BRA
,761300,,2024,262405.0,11769.558,11499.558,,BRA
,7614,,2024,26932266.0,6595334.458,6595404.458,,BRA
,761510,,2024,125614922.0,,0.0,,BRA
,761520,,2024,138566.0,12728.184,16692.184,,BRA
,761610,,2024,1913965.0,75915.277,76772.277,,BRA
,761691,,2024,130914.0,19329.67,1774.67,,BRA
,761699,,2024,39170668.0,2914983.411,2988710.411,,BRA
,7606,,2024,105749.44,1535.0,1535.0,,BRN
,7608,,2024,898.235,12.0,12.0,,BRN
,761010,,2024,1647312.517,150907.75,150907.75,,BRN
,761090,,2024,408764.039,225889.6,225889.6,,BRN
,761100,,2024,2740.022,4005.0,4005.0,,BRN
,7612,,2024,19328.884,206269.0,206269.0,,BRN
,761300,,2024,292281.393,126.5,126.5,,BRN
,761610,,2024,1927.523,807.74,807.74,,BRN
,761699,,2024,44540.325,7271.0,7271.0,,BRN
,7606,,2024,848563.27,275081.0,275081.0,,MMR
,7607,,2024,1125988.67,325383.92,325383.92,,MMR
,761090,,2024,397560.03,49714.93,49714.93,,MMR
,761510,,2024,296195.68,81149.5,81149.5,,MMR
,761699,,2024,22610.52,2067.42,2067.42,,MMR
,7606,,2024,2485916.38,628571.0,628571.0,,KHM
,7607,,2024,262134.58,71689.88,71689.88,,KHM
,7608,,2024,17091337.35,2199210.57,2199210.57,,KHM
,760900,,2024,107196.6,26451.4,26451.4,,KHM
,761010,,2024,770357.44,214025.3,214025.3,,KHM
,761090,,2024,1433110.1,412502.71,412502.71,,KHM
,761100,,2024,269.74,22.63,22.63,,KHM
,7612,,2024,2522929.5,443200.55,443200.55,,KHM
,7614,,2024,10980698.05,3908455.46,3908455.46,,KHM
,761510,,2024,51072.16,3793.27,3793.27,,KHM
,761520,,2024,15073.09,1904.81,1904.81,,KHM
,761610,,2024,1976.0,625.0,625.0,,KHM
,761699,,2024,18311041.39,4454517.7,4454517.7,,KHM
,7605,,2024,628545227.823,193920680.0,193920680.0,,CAN
,7606,,2024,519492780.298,132467348.0,132467348.0,,CAN
,7607,,2024,159894728.178,21385455.427,21385455.427,,CAN
,7608,,2024,14565721.802,1923113.0,1923113.0,,CAN
,760900,,2024,12707320.374,954830.159,954830.159,,CAN
,761010,,2024,184162016.318,19588433.0,19588433.0,,CAN
,761090,,2024,587860029.301,61713727.688,61713727.688,,CAN
,761100,,2024,3413055.36,252929.45,252929.45,,CAN
,7612,,2024,37670558.306,3979539.574,3979539.574,,CAN
,761300,,2024,15508574.49,,0.0,,CAN
,7614,,2024,36171487.081,9004901.0,9004901.0,,CAN
,761510,,2024,31476903.308,3474781.752,3474781.752,,CAN
,761520,,2024,1861066.295,147575.098,147575.098,,CAN
,761610,,2024,10553392.469,,0.0,,CAN
,761691,,2024,1075143.055,135012.461,135012.461,,CAN
,761699,,2024,401154958.877,25351456.949,25351456.949,,CAN
,7605,,2024,38384.519,5644.0,5644.0,,LKA
,7606,,2024,151200.342,41190.059,41190.059,,LKA
,7607,,2024,113989.996,21867.112,21867.112,,LKA
,7608,,2024,1715.272,216.358,216.358,,LKA
,760900,,2024,89398.902,44324.0,44324.0,,LKA
,761010,,2024,1173561.937,182677.0,182677.0,,LKA
,761090,,2024,17413889.576,3874589.0,3874589.0,,LKA
,761100,,2024,3180.696,1100.0,1100.0,,LKA
,7612,,2024,29239989.542,4003294.0,4003294.0,,LKA
,761300,,2024,37320.704,14694.0,14694.0,,LKA
,761510,,2024,113564.396,23671.0,23671.0,,LKA
,761520,,2024,10779.384,2914.0,2914.0,,LKA
,761610,,2024,5033.116,,0.0,,LKA
,761691,,2024,151325.378,83139.498,83139.498,,LKA
,761699,,2024,3516361.568,1476823.976,1476823.976,,LKA
,7605,,2024,289510.66,120371.75,120371.75,,CHL
,7606,,2024,941946.92,200542.2,200542.2,,CHL
,7607,,2024,8812227.398,1346045.302,1346045.302,,CHL
,7608,,2024,83517.426,3875.55,3875.55,,CHL
,760900,,2024,146646.815,9448.905,9448.905,,CHL
,761010,,2024,422104.688,73219.552,73219.552,,CHL
,761090,,2024,6462025.396,561638.339,561638.339,,CHL
,761100,,2024,23530.0,125.39,125.39,,CHL
,7612,,2024,76859441.454,10186961.93,10186961.93,,CHL
,761300,,2024,41642.086,4491.77,4491.77,,CHL
,7614,,2024,436644.644,184118.83,184118.83,,CHL
,761510,,2024,1771360.674,229380.909,229380.909,,CHL
,761520,,2024,35672.847,7594.283,7594.283,,CHL
,761610,,2024,131496.889,252828.122,252828.122,,CHL
,761699,,2024,1901809.731,222117.242,222117.242,,CHL
,7605,,2024,158553131.0,42857970.374,42857970.374,,CHN
,7606,,2024,10413720019.0,3424839861.95,3424839861.95,,CHN
,7607,,2024,5700240587.0,1555758103.549,1555758103.549,,CHN
,7608,,2024,625161324.0,144830214.788,144830214.788,,CHN
,760900,,2024,384601428.0,34618565.43,34618565.43,,CHN
,761010,,2024,1962522604.0,392077218.968,392077218.968,,CHN
,761090,,2024,4555371399.0,1093540589.0,1093540589.0,,CHN
,761100,,2024,59337192.0,6748552.185,6748552.185,,CHN
,7612,,2024,418653006.0,65511091.717,65511091.717,,CHN
,761300,,2024,81139394.0,8967477.473,8967477.473,,CHN
,7614,,2024,583004438.0,195275141.976,195275141.976,,CHN
,761510,,2024,3904889515.0,697290172.035,697290172.035,,CHN
,761520,,2024,109157954.0,17391497.992,17391497.992,,CHN
,761610,,2024,179661675.0,15430268.047,15430268.047,,CHN
,761691,,2024,85413232.0,15990310.989,15990310.989,,CHN
,761699,,2024,5541384387.0,735753954.119,735753954.119,,CHN
,7605,,2024,91779.32,24687.83,24687.83,,COL
,7606,,2024,691249.53,,0.0,,COL
,7607,,2024,10485691.34,1429965.633,1429965.633,,COL
,7608,,2024,1010579.65,,0.0,,COL
,760900,,2024,753731.83,53538.44,53538.44,,COL
,761010,,2024,587905944.32,55994545.06,55994545.06,,COL
,761090,,2024,17488586.14,938435.23,938435.23,,COL
,761100,,2024,225820.16,14854.56,14854.56,,COL
,7612,,2024,19266250.64,2227988.6,2227988.6,,COL
,761300,,2024,169499.99,3310.66,3310.66,,COL
,7614,,2024,2094643.56,,0.0,,COL
,761510,,2024,31796523.63,4473814.98,4473814.98,,COL
,761520,,2024,12076.67,323.44,323.44,,COL
,761610,,2024,1471610.41,114725.573,114725.573,,COL
,761691,,2024,16095.16,63.64,63.64,,COL
,761699,,2024,9817764.76,648110.803,648110.803,,COL
,7605,,2024,2974.2,264.6,264.6,,CRI
,7606,,2024,486654.55,113611.77,113611.77,,CRI
,7607,,2024,4637438.19,760483.89,760483.89,,CRI
,7608,,2024,24446.33,5541.561,5541.561,,CRI
,760900,,2024,15159.16,5241.694,5241.694,,CRI
,761010,,2024,3425906.52,736019.43,736019.43,,CRI
,761090,,2024,757608.21,100568.722,100568.722,,CRI
,761100,,2024,150.0,12.0,12.0,,CRI
,7612,,2024,3593879.633,126319.118,126319.118,,CRI
,761300,,2024,51350.17,11488.54,11488.54,,CRI
,7614,,2024,1763389.13,373288.7,373288.7,,CRI
,761510,,2024,60716.8,10693.624,10693.624,,CRI
,761520,,2024,8878.26,1507.6,1507.6,,CRI
,761610,,2024,137504.22,12430.085,12430.085,,CRI
,761691,,2024,13610.11,4635.78,4635.78,,CRI
,761699,,2024,1474216.94,60177.801,60177.801,,CRI
,7606,,2024,41182.425,50000.0,50000.0,,BEN
,761010,,2024,824.792,8300.0,8300.0,,BEN
,761510,,2024,6258.399,3293.0,3293.0,,BEN
,761699,,2024,2196.358,240.0,240.0,,BEN
,7605,,2024,325.55,68.0,68.0,,DOM
,7606,,2024,805063.079,697477.439,582224.959,,DOM
,7607,,2024,1618811.431,213595.9,213654.9,,DOM
,7608,,2024,8753380.43,1908585.83,1908665.01,,DOM
,760900,,2024,27276.249,6388.47,6402.47,,DOM
,761010,,2024,5540123.479,851007.54,816036.53,,DOM
,761090,,2024,12275582.156,,0.0,,DOM
,761100,,2024,206527.996,128958.0,127086.0,,DOM
,7612,,2024,50871.478,32705.7,32705.7,,DOM
,761300,,2024,32397.081,18770.246,18770.246,,DOM
,7614,,2024,42207.5,1564.0,1564.0,,DOM
,761510,,2024,399451.504,48022.467,48022.467,,DOM
,761520,,2024,168.64,10.07,10.07,,DOM
,761610,,2024,283654.864,207849.362,207849.362,,DOM
,761691,,2024,135418.341,38057.0,38057.0,,DOM
,761699,,2024,338893.245,45074.24,45312.24,,DOM
,7605,,2024,304567.83,139408.5,140432.0,,ECU
,7606,,2024,4964.08,460.18,867.1,,ECU
,7607,,2024,227516.89,15045.67,16558.69,,ECU
,7608,,2024,10152523.33,2393614.591,1493120.893,,ECU
,760900,,2024,1103.45,73.79,88.67,,ECU
,761010,,2024,605928.93,102288.84,57957.0,,ECU
,761090,,2024,48450.22,1776.988,755.41,,ECU
,761100,,2024,1068.43,9.115,9.115,,ECU
,7612,,2024,111002.69,5586.72,5586.72,,ECU
,761300,,2024,2524.85,767.75,767.75,,ECU
,7614,,2024,175978.98,44991.23,15102.0,,ECU
,761510,,2024,1250533.0,203359.37,203359.37,,ECU
,761520,,2024,60.55,21.67,21.67,,ECU
,761610,,2024,19825.65,43.431,2306.29,,ECU
,761699,,2024,1323600.231,190532.81,597865.472,,ECU
,7605,,2024,28552.21,3192.7,3192.7,,SLV
,7606,,2024,12788.93,1923.82,1923.82,,SLV
,7607,,2024,12124475.01,1679689.89,1679689.89,,SLV
,7608,,2024,7128.25,1302.87,1302.87,,SLV
,760900,,2024,8977.48,1694.68,1694.68,,SLV
,761010,,2024,899129.43,192222.54,192222.54,,SLV
,761090,,2024,2511737.92,418926.68,418926.68,,SLV
,7612,,2024,34935.45,2763.19,2763.19,,SLV
,761300,,2024,106931.1,9077.35,9077.35,,SLV
,7614,,2024,1283757.51,401136.0,401136.0,,SLV
,761510,,2024,4913857.63,671523.68,671523.68,,SLV
,761610,,2024,9463.3,4471.45,4471.45,,SLV
,761699,,2024,3935230.88,,0.0,,SLV
,7605,,2024,11220.06,4171.0,4171.0,,GEO
,7606,,2024,813036.575,345615.37,345615.37,,GEO
,7607,,2024,2216861.639,318501.8,318501.8,,GEO
,7608,,2024,98062.197,21467.68,21467.68,,GEO
,760900,,2024,43337.797,2029.97,2029.97,,GEO
,761010,,2024,751839.349,64921.66,64921.66,,GEO
,761090,,2024,1693272.415,258131.11,258131.11,,GEO
,761100,,2024,3875.778,1313.0,1313.0,,GEO
,7612,,2024,35199.332,2008.5,2008.5,,GEO
,761300,,2024,30174.645,405.5,405.5,,GEO
,7614,,2024,133854.86,40426.0,40426.0,,GEO
,761510,,2024,811261.092,207498.26,207498.26,,GEO
,761520,,2024,105.0,3.94,3.94,,GEO
,761610,,2024,31153.932,964.47,964.47,,GEO
,761691,,2024,9351.394,600.35,600.35,,GEO
,761699,,2024,393205.466,23774.14,23774.14,,GEO
,7605,,2024,5801.0,673.0,673.0,,GTM
,7606,,2024,1224956.0,241015.0,241015.0,,GTM
,7607,,2024,1397754.0,116721.0,116721.0,,GTM
,7608,,2024,419306.0,20334.0,20334.0,,GTM
,760900,,2024,151021.0,8519.0,8519.0,,GTM
,761010,,2024,913295.0,191076.0,191076.0,,GTM
,761090,,2024,468191.0,169333.0,169333.0,,GTM
,761100,,2024,17936.0,1514.0,1514.0,,GTM
,7612,,2024,94934271.0,17344423.0,17344423.0,,GTM
,761300,,2024,22488.0,6004.0,6004.0,,GTM
,7614,,2024,29791.0,8888.0,8888.0,,GTM
,761510,,2024,1203240.0,237257.0,237257.0,,GTM
,761520,,2024,1409.0,721.0,721.0,,GTM
,761610,,2024,33234.0,2056.0,2056.0,,GTM
,761691,,2024,54.0,5.0,5.0,,GTM
,761699,,2024,416383.0,57907.0,57907.0,,GTM
,7606,,2024,228833.86,76216.35,76216.35,,HND
,7607,,2024,251629.24,50003.66,50003.66,,HND
,7608,,2024,13431.25,10762.73,10762.73,,HND
,760900,,2024,1031.04,432.57,432.57,,HND
,761010,,2024,1594358.37,392469.66,392469.66,,HND
,761090,,2024,206691.11,55588.96,55588.96,,HND
,7612,,2024,3445.99,1750.26,1750.26,,HND
,761300,,2024,920.0,51.24,51.24,,HND
,761510,,2024,55292.45,7922.06,7922.06,,HND
,761520,,2024,47.78,45.5,45.5,,HND
,761610,,2024,3221.48,1416.81,1416.81,,HND
,761691,,2024,1825.41,286.0,286.0,,HND
,761699,,2024,183045.38,58218.38,58218.38,,HND
,7605,,2024,1500118.504,54323.0,54323.0,,HKG
,7606,,2024,95414227.915,23366482.0,23366482.0,,HKG
,7607,,2024,39516849.623,1976603.0,1976603.0,,HKG
,7608,,2024,3014794.084,337685.0,337685.0,,HKG
,760900,,2024,1332175.53,98425.0,98425.0,,HKG
,761010,,2024,6562969.36,663822.0,663822.0,,HKG
,761090,,2024,5814783.738,873105.0,873105.0,,HKG
,761100,,2024,5943253.163,950036.0,950036.0,,HKG
,7612,,2024,2657704.455,271991.0,271991.0,,HKG
,761300,,2024,1119564.253,137794.0,137794.0,,HKG
,7614,,2024,8480.319,144.0,144.0,,HKG
,761510,,2024,2710327.823,305194.0,305194.0,,HKG
,761520,,2024,1538137.126,81699.0,81699.0,,HKG
,761610,,2024,6526408.995,91820.0,91820.0,,HKG
,761691,,2024,304878.11,9922.0,9922.0,,HKG
,761699,,2024,105145253.471,5876626.595,5876626.595,,HKG
,7605,,2024,68391814.733,23403779.625,23403779.625,,IDN
,7606,,2024,21986798.91,,0.0,,IDN
,7607,,2024,40147630.513,,0.0,,IDN
,7608,,2024,5461166.026,750288.213,750288.213,,IDN
,760900,,2024,899251.404,167805.29,167805.29,,IDN
,761010,,2024,11786588.302,1977631.108,1977631.108,,IDN
,761090,,2024,16619599.311,3501793.019,3501793.019,,IDN
,761100,,2024,234102.341,12953.914,12953.914,,IDN
,7612,,2024,31979277.13,,0.0,,IDN
,761300,,2024,1104649.451,124147.51,124147.51,,IDN
,7614,,2024,13255807.732,,0.0,,IDN
,761510,,2024,15940722.837,,0.0,,IDN
,761520,,2024,606908.713,193041.22,193041.22,,IDN
,761610,,2024,650866.874,172914.791,172914.791,,IDN
,761691,,2024,6517.45,366.0,366.0,,IDN
,761699,,2024,27176188.949,5222233.54,5222233.54,,IDN
,7605,,2024,5000.0,797.436,797.436,,ISR
,7606,,2024,2857000.0,571631.318,571631.318,,ISR
,7607,,2024,11480000.0,1413933.538,1413933.538,,ISR
,7608,,2024,1177000.0,179807.88,179807.88,,ISR
,760900,,2024,175000.0,8749.38,8749.38,,ISR
,761010,,2024,158000.0,14035.243,14035.243,,ISR
,761090,,2024,3199000.0,325142.579,325142.579,,ISR
,761100,,2024,98000.0,7027.815,7027.815,,ISR
,7612,,2024,5280000.0,5356529.735,5356529.735,,ISR
,761300,,2024,29649000.0,,0.0,,ISR
,7614,,2024,5000.0,1274.406,1274.406,,ISR
,761510,,2024,571000.0,115549.0,115549.0,,ISR
,761520,,2024,45000.0,5199.0,5199.0,,ISR
,761610,,2024,595000.0,,0.0,,ISR
,761691,,2024,54000.0,6765.607,6765.607,,ISR
,761699,,2024,22977000.0,1402421.752,1402421.752,,ISR
,7606,,2024,510938.238,604147.0,604147.0,,CIV
,7607,,2024,38371.181,9906.0,9906.0,,CIV
,7608,,2024,2091.012,101.0,101.0,,CIV
,760900,,2024,1436.517,237.0,237.0,,CIV
,761010,,2024,29217.73,22830.0,22830.0,,CIV
,761090,,2024,15570.536,10902.0,10902.0,,CIV
,761100,,2024,989.75,898.0,898.0,,CIV
,7612,,2024,133027.093,13808.0,13808.0,,CIV
,761300,,2024,4423.082,1005.0,1005.0,,CIV
,7614,,2024,34252.356,6399.0,6399.0,,CIV
,761510,,2024,173702.418,118337.0,118337.0,,CIV
,761520,,2024,1759.957,850.0,850.0,,CIV
,761610,,2024,587.252,90.0,90.0,,CIV
,761699,,2024,665273.384,83575.0,83575.0,,CIV
,7606,,2024,248606.0,75719.18,75719.18,,JAM
,7607,,2024,4452.0,220.72,220.72,,JAM
,761010,,2024,19867.0,12835.0,12835.0,,JAM
,761090,,2024,339671.0,16304.45,16304.45,,JAM
,7612,,2024,4025.0,27.0,27.0,,JAM
,761510,,2024,184299.0,31632.34,31632.34,,JAM
,761699,,2024,214439.0,2768.565,2768.565,,JAM
,7605,,2024,41287609.399,8092679.464,8092679.464,,JPN
,7606,,2024,539984479.316,,0.0,,JPN
,7607,,2024,556911258.03,63392710.369,63392710.369,,JPN
,7608,,2024,36951459.507,3749746.498,3749746.498,,JPN
,760900,,2024,8418617.175,230305.0,230305.0,,JPN
,761010,,2024,11821633.387,943239.0,943239.0,,JPN
,761090,,2024,20574155.779,2122836.0,2122836.0,,JPN
,761100,,2024,100821.644,12691.0,12691.0,,JPN
,7612,,2024,17336896.401,1757218.0,1757218.0,,JPN
,761300,,2024,229879.426,8577.0,8577.0,,JPN
,7614,,2024,2350793.943,,0.0,,JPN
,761510,,2024,3412351.182,297206.0,297206.0,,JPN
,761520,,2024,16456.767,85.0,85.0,,JPN
,761610,,2024,19932526.863,628694.091,628694.091,,JPN
,761691,,2024,211922.986,4312.0,4312.0,,JPN
,761699,,2024,268170133.38,7237566.606,7237566.606,,JPN
,7605,,2024,47161967.53,17067343.4,17067343.4,,KAZ
,7606,,2024,386968.49,,0.0,,KAZ
,7607,,2024,797272.08,93292.87,93292.87,,KAZ
,7608,,2024,480492.67,16701.5,16701.5,,KAZ
,760900,,2024,125904.71,3543.05,3543.05,,KAZ
,761010,,2024,535862.17,47369.83,47369.83,,KAZ
,761090,,2024,632590.82,73356.21,73356.21,,KAZ
,761100,,2024,3750.5,228.0,228.0,,KAZ
,7612,,2024,36752128.25,4618393.96,4618393.96,,KAZ
,761300,,2024,41288.31,2522.47,2522.47,,KAZ
,7614,,2024,11057168.7,3305780.19,3305780.19,,KAZ
,761510,,2024,392059.14,45263.59,45263.59,,KAZ
,761520,,2024,238.84,8.94,8.94,,KAZ
,761610,,2024,120798.32,18430.39,18430.39,,KAZ
,761691,,2024,7127.18,1401.27,1401.27,,KAZ
,761699,,2024,3163369.57,388096.83,388096.83,,KAZ
,7606,,2024,14697215.97,3930075.06,3930075.06,,JOR
,7607,,2024,4314821.79,1304708.15,1304708.15,,JOR
,7608,,2024,4349.817,1502.0,1502.0,,JOR
,760900,,2024,18263.591,402.0,402.0,,JOR
,761010,,2024,6924347.444,1573934.0,1573934.0,,JOR
,761090,,2024,26774843.751,6025098.36,6025098.36,,JOR
,7612,,2024,62475444.953,10473821.0,10473821.0,,JOR
,7614,,2024,912425.349,283935.0,283935.0,,JOR
,761510,,2024,286122.506,61575.95,61575.95,,JOR
,761520,,2024,37376.056,1467.0,1467.0,,JOR
,761699,,2024,28229008.253,3394695.98,3394695.98,,JOR
,7605,,2024,3257.49,876.5,876.5,,KEN
,7606,,2024,1958345.023,562301.9,562301.9,,KEN
,7607,,2024,2417696.252,487607.42,487607.42,,KEN
,7608,,2024,61788.016,12223.61,12223.61,,KEN
,760900,,2024,1773.323,338.0,338.0,,KEN
,761010,,2024,333926.916,66512.07,66512.07,,KEN
,761090,,2024,204273.754,49308.26,49308.26,,KEN
,761100,,2024,20863.446,9887.0,9887.0,,KEN
,7612,,2024,208462.739,20481.66,20481.66,,KEN
,761300,,2024,11283.893,5537.7,5537.7,,KEN
,7614,,2024,43891.43,16559.5,16559.5,,KEN
,761510,,2024,9731417.353,2636248.12,2636248.12,,KEN
,761520,,2024,29829.658,4800.58,4800.58,,KEN
,761610,,2024,644.31,2176.31,2176.31,,KEN
,761699,,2024,186909.404,60893.19,60893.19,,KEN
,7605,,2024,30764381.0,8605598.611,8605598.611,,KOR
,7606,,2024,2551724565.0,739969261.576,739969261.576,,KOR
,7607,,2024,445705277.0,,0.0,,KOR
,7608,,2024,56423897.0,8436414.749,8436414.749,,KOR
,760900,,2024,37218900.0,3100700.173,3100700.173,,KOR
,761010,,2024,75040585.0,7539955.221,7539955.221,,KOR
,761090,,2024,141342576.0,22864941.029,22864941.029,,KOR
,761100,,2024,3950225.0,582075.695,582075.695,,KOR
,7612,,2024,15229795.0,1966131.819,1966131.819,,KOR
,761300,,2024,14422886.0,1031729.149,1031729.149,,KOR
,7614,,2024,35733454.0,3466866.709,3466866.709,,KOR
,761510,,2024,84737467.0,8259177.214,8259177.214,,KOR
,761520,,2024,188859.0,9481.277,9481.277,,KOR
,761610,,2024,11828785.0,883688.183,883688.183,,KOR
,761691,,2024,507041.0,28362.431,28362.431,,KOR
,761699,,2024,465054925.0,48579504.494,48579504.494,,KOR
,7605,,2024,1126631.0,356149.758,356149.758,,KWT
,7606,,2024,1728403.0,423676.26,423676.26,,KWT
,7607,,2024,349967.0,52166.59,52166.59,,KWT
,7608,,2024,15951.0,2441.79,2441.79,,KWT
,760900,,2024,10121.0,515.439,515.439,,KWT
,761010,,2024,283994.0,25803.22,25803.22,,KWT
,761090,,2024,1848653.0,194072.164,194072.164,,KWT
,761100,,2024,72594.0,5379.684,5379.684,,KWT
,7612,,2024,36134622.0,4013688.603,4013688.603,,KWT
,761300,,2024,325.0,,0.0,,KWT
,7614,,2024,19921.0,5077.769,5077.769,,KWT
,761510,,2024,512892.0,56618.904,56618.904,,KWT
,761520,,2024,2631.0,208.628,208.628,,KWT
,761610,,2024,20733.0,,0.0,,KWT
,761691,,2024,177.0,22.227,22.227,,KWT
,761699,,2024,490696.0,31010.108,31010.108,,KWT
,7605,,2024,3131.0,98.0,98.0,,KGZ
,7606,,2024,79702.0,,0.0,,KGZ
,7608,,2024,1950.0,39.0,39.0,,KGZ
,760900,,2024,6277.0,5.039,5.039,,KGZ
,761010,,2024,24592.0,12912.0,12912.0,,KGZ
,761090,,2024,69012.0,1924.0,1924.0,,KGZ
,7612,,2024,1738.0,10.0,10.0,,KGZ
,761300,,2024,49.0,1.0,1.0,,KGZ
,761510,,2024,657.0,110.0,110.0,,KGZ
,761610,,2024,1080864.0,64071.0,64071.0,,KGZ
,761699,,2024,4559937.0,4925774.802,4925774.802,,KGZ
,7605,,2024,30000.0,9549.232,9549.232,,LBN
,7606,,2024,1404845.0,348017.841,348017.841,,LBN
,7607,,2024,3600929.0,543097.987,543097.987,,LBN
,7608,,2024,193468.0,29256.036,29256.036,,LBN
,760900,,2024,7072.0,353.575,353.575,,LBN
,761010,,2024,10458386.0,929025.24,929025.24,,LBN
,761090,,2024,3676839.0,375590.817,375590.817,,LBN
,761100,,2024,21553.0,1545.617,1545.617,,LBN
,7612,,2024,2123060.0,148823.928,148823.928,,LBN
,761300,,2024,8644.0,,0.0,,LBN
,761510,,2024,667106.0,71906.608,71906.608,,LBN
,761520,,2024,488.0,38.141,38.141,,LBN
,761610,,2024,2344.0,,0.0,,LBN
,761691,,2024,12101.0,1516.122,1516.122,,LBN
,761699,,2024,2048844.0,125053.027,125053.027,,LBN
,7608,,2024,1363.477,4020.0,4020.0,,MDG
,760900,,2024,110.127,340.0,340.0,,MDG
,761010,,2024,75260.435,37431.28,37431.28,,MDG
,761090,,2024,3072.654,8606.48,8606.48,,MDG
,7612,,2024,1340.593,77.17,77.17,,MDG
,7614,,2024,368.329,350.0,350.0,,MDG
,761510,,2024,12503.727,429.5,429.5,,MDG
,761520,,2024,71.29,35.0,35.0,,MDG
,761610,,2024,722.022,7.0,7.0,,MDG
,761699,,2024,308329.464,11265.44,11265.44,,MDG
,7605,,2024,335451840.575,122561274.699,122561274.699,,MYS
,7606,,2024,128420199.695,64273214.745,64273214.745,,MYS
,7607,,2024,195890258.388,44950854.958,44950854.958,,MYS
,7608,,2024,6670508.282,1235930.63,1235930.63,,MYS
,760900,,2024,3044008.109,447923.324,447923.324,,MYS
,761010,,2024,83064999.926,17333387.595,17333387.595,,MYS
,761090,,2024,29429300.42,6370922.66,6370922.66,,MYS
,761100,,2024,1456263.045,78723.1,78723.1,,MYS
,7612,,2024,53217080.226,10310043.904,10310043.904,,MYS
,761300,,2024,494035.739,75180.682,75180.682,,MYS
,7614,,2024,65321.032,,0.0,,MYS
,761510,,2024,6566061.54,1648210.175,1648210.175,,MYS
,761520,,2024,717314.68,39705.928,39705.928,,MYS
,761610,,2024,6742018.202,604386.349,604386.349,,MYS
,761691,,2024,1757210.42,373869.691,373869.691,,MYS
,761699,,2024,726738446.819,46342243.347,46342243.347,,MYS
,7606,,2024,3608.253,1070.0,1070.0,,MRT
,7614,,2024,137311.404,43890.0,43890.0,,MRT
,761699,,2024,16124.624,287.0,287.0,,MRT
,7605,,2024,438.007,32.0,32.0,,MUS
,7606,,2024,31129.157,2736.0,4299.0,,MUS
,7607,,2024,211329.592,14365.0,15943.0,,MUS
,7608,,2024,868.43,162.0,198.0,,MUS
,760900,,2024,7202.497,1123.0,1281.0,,MUS
,761010,,2024,4636058.286,,654425.0,,MUS
,761090,,2024,2159177.784,335197.0,426503.0,,MUS
,7612,,2024,64070.661,1612.0,1497.0,,MUS
,761300,,2024,1525.547,2.0,16.0,,MUS
,761510,,2024,230249.507,31690.0,25652.0,,MUS
,761610,,2024,11565.382,6.0,3908.0,,MUS
,761691,,2024,698.313,85.0,85.0,,MUS
,761699,,2024,72702.694,2568.0,3539.0,,MUS
,7605,,2024,2353750.0,0.0,0.0,,MEX
,7606,,2024,32725244.0,0.0,0.0,,MEX
,7607,,2024,15420005.0,0.0,0.0,,MEX
,7608,,2024,78378519.0,0.0,0.0,,MEX
,760900,,2024,25456719.0,61086599.135,61086599.135,,MEX
,761010,,2024,92168272.0,10490202.0,10490202.0,,MEX
,761090,,2024,192582719.0,23064933.936,23064933.936,,MEX
,761100,,2024,236073.0,17494.534,17494.534,,MEX
,7612,,2024,182861655.0,0.0,0.0,,MEX
,761300,,2024,481492.0,,0.0,,MEX
,7614,,2024,82776548.0,0.0,0.0,,MEX
,761510,,2024,18331654.0,2278334.0,2278334.0,,MEX
,761520,,2024,37110.0,2448.0,2448.0,,MEX
,761610,,2024,24022378.0,1035696.113,1035696.113,,MEX
,761691,,2024,1628763.0,213925.0,213925.0,,MEX
,761699,,2024,648179312.0,67717751.801,67717751.801,,MEX
,7607,,2024,288162.0,35724.562,35724.562,,MDA
,7608,,2024,2954.0,132.524,132.524,,MDA
,761010,,2024,671539.0,83149.0,83149.0,,MDA
,761090,,2024,379263.0,39738.555,39738.555,,MDA
,7612,,2024,9733.0,1350.0,1350.0,,MDA
,761300,,2024,16.0,8.0,8.0,,MDA
,761510,,2024,228864.0,40357.0,40357.0,,MDA
,761520,,2024,124.0,3.0,3.0,,MDA
,761610,,2024,34373.0,3912.0,3912.0,,MDA
,761699,,2024,118206.0,10107.445,10107.445,,MDA
,7606,,2024,1755.222,1041.23,1041.23,,MNE
,7607,,2024,3501.411,1021.089,1021.089,,MNE
,7608,,2024,3936.238,1767.06,1767.06,,MNE
,760900,,2024,145.397,33.6,33.6,,MNE
,761010,,2024,260024.192,34470.7,34470.7,,MNE
,761090,,2024,132851.476,23022.75,23022.75,,MNE
,761100,,2024,12927.759,23500.0,23500.0,,MNE
,761510,,2024,4451.401,506.88,506.88,,MNE
,761610,,2024,1541.487,231.15,231.15,,MNE
,761691,,2024,7939.905,1737.19,1737.19,,MNE
,761699,,2024,46167.917,21111.42,21111.42,,MNE
,7605,,2024,8173.196,770.0,770.0,,MAR
,7606,,2024,396246.979,65667.39,65667.39,,MAR
,7607,,2024,582240.356,47995.14,47995.14,,MAR
,7608,,2024,1752562.164,192946.13,192946.13,,MAR
,760900,,2024,7427.814,270.1,270.1,,MAR
,761010,,2024,4259399.011,697944.24,697944.24,,MAR
,761090,,2024,6978890.817,612802.32,612802.32,,MAR
,761100,,2024,6030.359,84.0,84.0,,MAR
,7612,,2024,139130572.489,15310179.09,15310179.09,,MAR
,761300,,2024,47185.979,6957.4,6957.4,,MAR
,7614,,2024,7584584.221,1754944.04,1754944.04,,MAR
,761510,,2024,806639.299,104275.59,104275.59,,MAR
,761520,,2024,1893965.019,1231983.72,1231983.72,,MAR
,761610,,2024,1329223.776,9250.74,9250.74,,MAR
,761691,,2024,52728.728,719.6,719.6,,MAR
,761699,,2024,7901481.428,308634.89,308634.89,,MAR
,7605,,2024,161116138.5,,0.0,,MOZ
,7607,,2024,103780.2,33767.0,33767.0,,MOZ
,761010,,2024,3032.9,4.0,4.0,,MOZ
,761090,,2024,1668.8,3.0,3.0,,MOZ
,761100,,2024,5913.9,2.0,2.0,,MOZ
,7612,,2024,7.8,1.0,1.0,,MOZ
,7614,,2024,937876.6,167343.0,167343.0,,MOZ
,761510,,2024,402584.2,285788.0,285788.0,,MOZ
,761610,,2024,398.4,500.0,500.0,,MOZ
,761699,,2024,47718.2,32516.0,32516.0,,MOZ
,7605,,2024,127177968.592,43502544.0,43502544.0,,OMN
,7606,,2024,322455507.948,104020406.296,104020406.296,,OMN
,7607,,2024,12583856.937,3635357.943,3635357.943,,OMN
,7608,,2024,108405.722,28969.336,28969.336,,OMN
,760900,,2024,51185.956,24767.0,24767.0,,OMN
,761010,,2024,426049.414,155648.0,155648.0,,OMN
,761090,,2024,523498.049,213322.0,213322.0,,OMN
,761100,,2024,16114.434,4295.0,4295.0,,OMN
,7612,,2024,107524.057,9269.0,9269.0,,OMN
,761300,,2024,358182.054,638721.0,638721.0,,OMN
,7614,,2024,13498772.411,4245694.0,4245694.0,,OMN
,761510,,2024,841937.58,280420.732,280420.732,,OMN
,761520,,2024,26.008,70.0,70.0,,OMN
,761610,,2024,8091.027,4076.099,4076.099,,OMN
,761691,,2024,613.784,72.0,72.0,,OMN
,761699,,2024,5197232.762,1439791.491,1439791.491,,OMN
,7606,,2024,12571.19,2453.24,2453.24,,NAM
,7607,,2024,75257.727,44299.76,44299.76,,NAM
,7608,,2024,38084.886,2269.31,2269.31,,NAM
,760900,,2024,52249.703,9083.19,9083.19,,NAM
,761010,,2024,995798.149,265779.5,265779.5,,NAM
,761090,,2024,233412.575,21912.34,21912.34,,NAM
,761100,,2024,3455.134,478.84,478.84,,NAM
,7612,,2024,171953.457,107040.04,107040.04,,NAM
,761300,,2024,242.351,60.0,60.0,,NAM
,7614,,2024,7737.701,1019.0,1019.0,,NAM
,761510,,2024,16272.127,3803.58,3803.58,,NAM
,761520,,2024,227.105,16.0,16.0,,NAM
,761610,,2024,82642.722,21057.25,21057.25,,NAM
,761691,,2024,19.042,5.0,5.0,,NAM
,761699,,2024,281244.587,77390.45,77390.45,,NAM
,7605,,2024,41821.492,33925.0,33925.0,,NZL
,7606,,2024,1253897.914,190911.828,190911.828,,NZL
,7607,,2024,3900045.038,1081115.874,1081115.874,,NZL
,7608,,2024,271667.209,50032.574,50032.574,,NZL
,760900,,2024,552109.415,26985.5,26985.5,,NZL
,761010,,2024,2092706.237,121742.0,121742.0,,NZL
,761090,,2024,5258408.925,458243.0,458243.0,,NZL
,761100,,2024,440060.717,12390.249,12390.249,,NZL
,7612,,2024,42718310.29,12289771.0,12289771.0,,NZL
,761300,,2024,104745.582,14233.349,14233.349,,NZL
,7614,,2024,102773.19,43850.61,43850.61,,NZL
,761510,,2024,403388.991,26823.0,26823.0,,NZL
,761520,,2024,3386.172,250.089,250.089,,NZL
,761610,,2024,428459.372,22186.293,22186.293,,NZL
,761691,,2024,422372.13,50450.0,50450.0,,NZL
,761699,,2024,12371994.573,1063454.705,1063454.705,,NZL
,7606,,2024,3814.0,5018.0,5018.0,,NIC
,7607,,2024,5504.6,6382.5,6382.5,,NIC
,7608,,2024,1496.1,247.6,247.6,,NIC
,760900,,2024,120.6,12.8,12.8,,NIC
,761010,,2024,132289.8,23027.2,23027.2,,NIC
,761090,,2024,4636.8,550.0,550.0,,NIC
,7612,,2024,127669.9,18122.9,18122.9,,NIC
,761300,,2024,4448.6,300.5,300.5,,NIC
,7614,,2024,386.0,39.1,39.1,,NIC
,761510,,2024,229045.4,21070.0,21070.0,,NIC
,761610,,2024,1376.2,110.9,110.9,,NIC
,761691,,2024,580.0,113.0,113.0,,NIC
,761699,,2024,7986.8,718.1,718.1,,NIC
,761010,,2024,449.329,95.0,95.0,,NER
,761510,,2024,164.442,80.0,80.0,,NER
,7606,,2024,3364.467,3317.33,3317.33,,NGA
,7607,,2024,104940.204,124600.0,124600.0,,NGA
,7612,,2024,16783892.785,21242358.615,21242358.615,,NGA
,7606,,2024,55070.083,5002.0,5002.0,,PAK
,7607,,2024,1125525.937,281744.0,281744.0,,PAK
,7608,,2024,48981.861,19420.0,19420.0,,PAK
,760900,,2024,22958.917,9061.0,9061.0,,PAK
,761010,,2024,20219.934,1500.0,1500.0,,PAK
,761090,,2024,67745.765,6653.0,6653.0,,PAK
,761100,,2024,6052.07,705.0,705.0,,PAK
,7612,,2024,58513010.491,7098568.0,7098568.0,,PAK
,761510,,2024,26741478.907,7881433.0,7881433.0,,PAK
,761520,,2024,2611.884,2857.0,2857.0,,PAK
,761610,,2024,301409.02,41044.0,41044.0,,PAK
,761691,,2024,16947.481,2837.0,2837.0,,PAK
,761699,,2024,1934968.592,406891.168,406891.168,,PAK
,7605,,2024,170.0,21.0,21.0,,PAN
,7606,,2024,50826.0,10306.0,10306.0,,PAN
,7607,,2024,77160.0,7650.0,7650.0,,PAN
,7608,,2024,54155.0,4959.0,4959.0,,PAN
,760900,,2024,2952.0,61.0,61.0,,PAN
,761010,,2024,548625.0,138241.0,138241.0,,PAN
,761090,,2024,519806.0,213580.0,213580.0,,PAN
,761100,,2024,24750.0,3300.0,3300.0,,PAN
,7612,,2024,14258.0,2062.0,2062.0,,PAN
,761300,,2024,13280.0,3926.0,3926.0,,PAN
,761510,,2024,127050.0,20667.0,20667.0,,PAN
,761520,,2024,160.0,350.0,350.0,,PAN
,761699,,2024,142872.0,24222.0,24222.0,,PAN
,7606,,2024,898952.91,291071.38,291071.38,,PRY
,7607,,2024,1817488.45,342650.65,342650.65,,PRY
,7608,,2024,251609.43,55368.5,55368.5,,PRY
,760900,,2024,1384940.41,204578.51,204578.51,,PRY
,761010,,2024,16711.8,2138.0,2138.0,,PRY
,761090,,2024,2800.64,10.0,10.0,,PRY
,7612,,2024,19703430.85,2725242.75,2725242.75,,PRY
,761300,,2024,200.0,3.0,3.0,,PRY
,7614,,2024,25015.0,5558.0,5558.0,,PRY
,761510,,2024,405161.47,73196.75,73196.75,,PRY
,761610,,2024,42165.81,4773.92,4773.92,,PRY
,761699,,2024,72004438.76,6986748.59,6986748.59,,PRY
,7605,,2024,7417.434,1342.477,1342.477,,PER
,7606,,2024,140274.345,51272.0,51272.0,,PER
,7607,,2024,17357792.525,2621858.695,2621855.695,,PER
,7608,,2024,21686.484,,0.0,,PER
,760900,,2024,27712.844,2050.419,2050.419,,PER
,761010,,2024,2406.662,1736.293,1736.293,,PER
,761090,,2024,179510.001,,0.0,,PER
,7612,,2024,4745442.036,419120.458,419120.458,,PER
,761300,,2024,5019.917,,0.0,,PER
,7614,,2024,93719.073,,0.0,,PER
,761510,,2024,1239910.646,487109.241,487109.241,,PER
,761520,,2024,14970.34,815.828,815.828,,PER
,761610,,2024,52529.713,4666.153,4666.153,,PER
,761691,,2024,793.639,50.398,50.398,,PER
,761699,,2024,495586.434,44589.543,44652.388,,PER
,7605,,2024,1694856.0,128162.38,128162.38,,PHL
,7606,,2024,933719.0,99249.27,99249.27,,PHL
,7607,,2024,39234689.0,21063768.79,21063768.79,,PHL
,7608,,2024,723261.0,195120.92,195120.92,,PHL
,760900,,2024,4357876.0,708180.11,708180.11,,PHL
,761010,,2024,9755218.0,4001952.92,4001952.92,,PHL
,761090,,2024,9413047.0,3720886.27,3720886.27,,PHL
,761100,,2024,24607.0,10059.17,10059.17,,PHL
,7612,,2024,254525.0,31694.74,31694.74,,PHL
,761300,,2024,25959.0,18369.78,18369.78,,PHL
,7614,,2024,5262695.0,370927.1,370927.1,,PHL
,761510,,2024,95270.0,12648.69,12648.69,,PHL
,761520,,2024,7557.0,967.34,967.34,,PHL
,761610,,2024,1171261.0,33886.39,33886.39,,PHL
,761699,,2024,26775367.0,2670810.75,2670810.75,,PHL
,7606,,2024,940033.5,0.0,0.0,,QAT
,7607,,2024,186954.392,0.0,0.0,,QAT
,7608,,2024,145603.569,0.0,0.0,,QAT
,760900,,2024,7718.681,860.0,860.0,,QAT
,7612,,2024,26328.022,0.0,0.0,,QAT
,761300,,2024,36325.274,1840.0,1840.0,,QAT
,7614,,2024,10139.835,0.0,0.0,,QAT
,7605,,2024,20928475.477,6858380.0,6858380.0,,SAU
,7606,,2024,716777964.747,226025588.255,226025588.255,,SAU
,7607,,2024,29872030.72,11140515.0,11140515.0,,SAU
,7608,,2024,9295021.101,1337590.0,1337590.0,,SAU
,760900,,2024,86647.731,16406.0,16406.0,,SAU
,761010,,2024,4331142.825,429410.0,429410.0,,SAU
,761090,,2024,22993963.425,9538790.789,9538790.789,,SAU
,761100,,2024,226205.328,97661.0,97661.0,,SAU
,7612,,2024,77589743.66,12074854.0,12074854.0,,SAU
,761300,,2024,3088418.056,4299107.0,4299107.0,,SAU
,7614,,2024,22298448.509,4826621.0,4826621.0,,SAU
,761510,,2024,5216655.336,1100529.0,1100529.0,,SAU
,761520,,2024,910206.644,204289.0,204289.0,,SAU
,761610,,2024,67122.932,25510.0,25510.0,,SAU
,761691,,2024,763671.181,34780.0,34780.0,,SAU
,761699,,2024,8338762.458,4083560.0,4083560.0,,SAU
,7605,,2024,84591.041,32069.0,32069.0,,SEN
,7606,,2024,1019801.225,333805.0,333805.0,,SEN
,7607,,2024,10511.37,1550.0,1550.0,,SEN
,760900,,2024,4842.084,960.0,960.0,,SEN
,761010,,2024,3310.406,1518.0,1518.0,,SEN
,761090,,2024,2363.451,607.0,607.0,,SEN
,7612,,2024,34208.976,17074.0,17074.0,,SEN
,761300,,2024,98.665,500.0,500.0,,SEN
,761510,,2024,273051.817,36637.0,36637.0,,SEN
,761520,,2024,3527.555,3359.0,3359.0,,SEN
,761610,,2024,1609.345,965.0,965.0,,SEN
,761699,,2024,484594.136,6553.0,6553.0,,SEN
,7605,,2024,239121.0,50216.277,50216.277,,SRB
,7606,,2024,204982159.0,,0.0,,SRB
,7607,,2024,9215796.0,1386745.341,1386745.341,,SRB
,7608,,2024,18205575.0,3733818.479,3733818.479,,SRB
,760900,,2024,433682.0,41621.531,41621.531,,SRB
,761010,,2024,30139231.0,2684225.0,2684225.0,,SRB
,761090,,2024,42203488.0,5033707.0,5033707.0,,SRB
,761100,,2024,70335.0,15385.0,15385.0,,SRB
,7612,,2024,117098783.0,20091270.738,20091270.738,,SRB
,761300,,2024,123589.0,2712.0,2712.0,,SRB
,7614,,2024,1043439.0,311910.479,311910.479,,SRB
,761510,,2024,2144416.0,191770.795,191770.795,,SRB
,761520,,2024,87249.0,23108.0,23108.0,,SRB
,761610,,2024,3501504.0,368647.388,368647.388,,SRB
,761691,,2024,115639.0,18348.0,18348.0,,SRB
,761699,,2024,158731705.0,20367594.554,20367594.554,,SRB
,7605,,2024,519866329.114,193231749.267,193231749.267,,IND
,7606,,2024,207130819.239,66567982.286,66567982.286,,IND
,7607,,2024,247265451.931,53563943.801,53563943.801,,IND
,7608,,2024,12567575.498,2340412.862,2340412.862,,IND
,760900,,2024,37305652.543,5969631.603,5969631.603,,IND
,761010,,2024,20195745.482,2959487.0,2959487.0,,IND
,761090,,2024,69664872.294,11368129.804,11368129.804,,IND
,761100,,2024,104753.21,27723.0,27723.0,,IND
,7612,,2024,76202912.81,9830938.426,9830938.426,,IND
,761300,,2024,12298257.151,1596375.791,1596375.791,,IND
,7614,,2024,521818359.976,147517988.24,147517988.24,,IND
,761510,,2024,121016903.84,25352922.158,25352922.158,,IND
,761520,,2024,1468263.047,299678.97,299678.97,,IND
,761610,,2024,5520898.883,455598.614,455598.614,,IND
,761691,,2024,1587816.182,215810.926,215810.926,,IND
,761699,,2024,471440358.31,48157392.717,48157392.717,,IND
,7605,,2024,19326418.034,1577573.998,1577573.998,,SGP
,7606,,2024,89307354.472,26563883.137,26563883.137,,SGP
,7607,,2024,71715887.918,7068256.693,7068256.693,,SGP
,7608,,2024,9555750.24,508890.504,508890.504,,SGP
,760900,,2024,3685692.368,423755.376,423755.376,,SGP
,761010,,2024,32544583.27,19449501.899,19449501.899,,SGP
,761090,,2024,19341711.022,2274975.432,2274975.432,,SGP
,761100,,2024,663973.108,210210.0,210210.0,,SGP
,7612,,2024,11400983.357,,0.0,,SGP
,761300,,2024,7620713.944,,0.0,,SGP
,7614,,2024,3048410.706,84531.93,84531.93,,SGP
,761510,,2024,870130.965,108797.57,108797.57,,SGP
,761520,,2024,705260.059,64177.64,64177.64,,SGP
,761610,,2024,6602513.032,90869.824,90869.824,,SGP
,761691,,2024,49552.723,2104.584,2104.584,,SGP
,761699,,2024,249284916.467,11841363.651,11841363.651,,SGP
,7605,,2024,8568628.661,2560412.535,2560412.535,,ZAF
,7606,,2024,289734035.22,,0.0,,ZAF
,7607,,2024,39470865.635,10223151.459,10223151.459,,ZAF
,7608,,2024,70538833.842,18200915.95,18200915.95,,ZAF
,760900,,2024,646463.172,90503.13,90503.13,,ZAF
,761010,,2024,20734850.293,7237523.87,7237523.87,,ZAF
,761090,,2024,13391085.436,2761851.765,2761851.765,,ZAF
,761100,,2024,192922.369,76119.62,76119.62,,ZAF
,7612,,2024,56125165.486,18927731.855,18927731.855,,ZAF
,761300,,2024,479407.728,50840.32,50840.32,,ZAF
,7614,,2024,2959138.406,682308.12,682308.12,,ZAF
,761510,,2024,4825493.823,1040896.15,1040896.15,,ZAF
,761520,,2024,368505.279,49769.79,49769.79,,ZAF
,761610,,2024,595479.623,91789.28,91789.28,,ZAF
,761691,,2024,199656.741,40548.55,40548.55,,ZAF
,761699,,2024,28568458.013,,0.0,,ZAF
,7607,,2024,35754.02,23737.0,23737.0,,ZWE
,761010,,2024,1048121.608,309951.0,309951.0,,ZWE
,761090,,2024,1912.095,3080.0,3080.0,,ZWE
,761100,,2024,7642.596,594.67,594.67,,ZWE
,7612,,2024,20477.258,20020.0,20020.0,,ZWE
,761300,,2024,4836.915,291960.235,291960.235,,ZWE
,761510,,2024,461548.523,110194.5,110194.5,,ZWE
,761610,,2024,58.141,4.3,4.3,,ZWE
,761699,,2024,323590.981,1378.88,1378.88,,ZWE
,7606,,2024,30938.074,16237.5,16237.5,,SUR
,761010,,2024,15493.983,2054.0,2054.0,,SUR
,761090,,2024,70158.5,43099.0,43099.0,,SUR
,761100,,2024,29000.0,10160.0,10160.0,,SUR
,7612,,2024,2125.0,104.0,104.0,,SUR
,761300,,2024,16260.84,586.4,586.4,,SUR
,761699,,2024,127780.974,4371.29,4371.29,,SUR
,7605,,2024,35242646.83,9699256.002,9699256.002,,THA
,7606,,2024,790461393.88,,0.0,,THA
,7607,,2024,415871954.77,105214443.012,105214443.012,,THA
,7608,,2024,18918156.84,2475680.66,2475680.66,,THA
,760900,,2024,15543981.34,745311.32,745311.32,,THA
,761010,,2024,181299074.06,,0.0,,THA
,761090,,2024,126792364.31,23687542.16,23687542.16,,THA
,761100,,2024,2360195.14,322366.0,322366.0,,THA
,7612,,2024,92898139.78,,0.0,,THA
,761300,,2024,7616827.14,576849.0,576849.0,,THA
,7614,,2024,1160752.36,207470.031,207470.031,,THA
,761510,,2024,110133428.08,16446640.665,16446640.665,,THA
,761520,,2024,513567.14,77216.324,77216.324,,THA
,761610,,2024,7058389.98,356295.115,356295.115,,THA
,761691,,2024,1918016.82,208491.795,208491.795,,THA
,761699,,2024,312762502.13,47459309.438,47459309.438,,THA
,7612,,2024,497792.12,129887.0,129887.0,,TGO
,761300,,2024,9050.185,37.0,37.0,,TGO
,761510,,2024,10239.915,84.0,84.0,,TGO
,761520,,2024,2396.205,12000.0,12000.0,,TGO
,761699,,2024,1247.384,4460.0,4460.0,,TGO
,7605,,2024,207.107,23.0,23.0,,TTO
,7606,,2024,363605.953,216779.063,216779.063,,TTO
,7607,,2024,52841.406,11247.458,11247.458,,TTO
,7608,,2024,9544.122,1661.997,1661.997,,TTO
,760900,,2024,12427.773,2103.0,2103.0,,TTO
,761010,,2024,1059368.953,168472.0,168472.0,,TTO
,761090,,2024,394877.086,105074.759,105074.759,,TTO
,761100,,2024,331.253,291.0,291.0,,TTO
,7612,,2024,105239.708,10911.0,10911.0,,TTO
,761300,,2024,201.033,72.0,72.0,,TTO
,7614,,2024,2178.034,496.583,496.583,,TTO
,761510,,2024,42745.145,40689.0,40689.0,,TTO
,761520,,2024,155.108,36.0,36.0,,TTO
,761610,,2024,3470.011,4590.0,4590.0,,TTO
,761699,,2024,341796.722,63961.0,63961.0,,TTO
,7605,,2024,6045.793,1201.689,1201.689,,TUN
,7606,,2024,2741507.907,748034.768,748034.768,,TUN
,7607,,2024,6897395.407,946353.367,946353.367,,TUN
,7608,,2024,1344777.51,203620.045,203620.045,,TUN
,760900,,2024,31900.754,1594.925,1594.925,,TUN
,761010,,2024,5607714.196,498136.904,498136.904,,TUN
,761090,,2024,8055386.652,822861.499,822861.499,,TUN
,761100,,2024,7887.174,565.608,565.608,,TUN
,7612,,2024,36820177.502,4045891.942,4045891.942,,TUN
,761300,,2024,69767.492,,0.0,,TUN
,7614,,2024,40946.756,10703.91,10703.91,,TUN
,761510,,2024,3680073.906,396671.043,396671.043,,TUN
,761520,,2024,13799.417,1078.537,1078.537,,TUN
,761610,,2024,80925.515,,0.0,,TUN
,761699,,2024,49064638.028,2994704.079,2994704.079,,TUN
,7605,,2024,87423959.0,28228040.0,28228040.0,,TUR
,7606,,2024,1025991983.0,303628324.0,303628324.0,,TUR
,7607,,2024,542141077.0,135878676.0,135878676.0,,TUR
,7608,,2024,35769587.0,5674188.169,5674188.169,,TUR
,760900,,2024,28998066.0,2730293.0,2730293.0,,TUR
,761010,,2024,146781734.0,15923517.0,15923517.0,,TUR
,761090,,2024,340633216.0,63287350.0,63287350.0,,TUR
,761100,,2024,5579187.0,791752.0,791752.0,,TUR
,7612,,2024,102897473.0,11340505.0,11340505.0,,TUR
,761300,,2024,18200716.0,1772789.0,1772789.0,,TUR
,7614,,2024,123010828.0,33621551.0,33621551.0,,TUR
,761510,,2024,140269811.0,26264398.0,26264398.0,,TUR
,761520,,2024,2855458.0,173596.0,173596.0,,TUR
,761610,,2024,4785080.0,428365.0,428365.0,,TUR
,761691,,2024,464737.0,49323.0,49323.0,,TUR
,761699,,2024,435489251.0,49787138.0,49787138.0,,TUR
,7606,,2024,210228.13,66110.0,66110.0,,UGA
,7607,,2024,616718.72,240547.88,240547.88,,UGA
,7608,,2024,47240.7,18086.0,18086.0,,UGA
,760900,,2024,1981.08,1400.0,1400.0,,UGA
,761010,,2024,522022.35,101572.4,101572.4,,UGA
,761090,,2024,28495.93,6771.0,6771.0,,UGA
,761100,,2024,45399.15,34269.0,34269.0,,UGA
,7612,,2024,1176.95,1133.0,1133.0,,UGA
,761300,,2024,14850.76,9025.0,9025.0,,UGA
,7614,,2024,1149.31,10.0,10.0,,UGA
,761510,,2024,5525211.2,1321714.8,1321714.8,,UGA
,761610,,2024,34200.6,39962.0,39962.0,,UGA
,761699,,2024,144759.38,33390.2,33390.2,,UGA
,7605,,2024,68696.03,15301.849,15301.849,,UKR
,7606,,2024,197305.92,29741.016,29741.016,,UKR
,7607,,2024,2995234.36,596425.334,596425.334,,UKR
,7608,,2024,108317.58,25655.069,25655.069,,UKR
,760900,,2024,296959.24,24883.261,24883.261,,UKR
,761010,,2024,6506428.71,684803.98,684803.98,,UKR
,761090,,2024,1439232.84,134271.2,134271.2,,UKR
,7612,,2024,2832325.05,311156.338,311156.338,,UKR
,761300,,2024,2770.51,1718.5,1718.5,,UKR
,7614,,2024,382427.63,120721.0,120721.0,,UKR
,761510,,2024,788799.62,128901.775,128901.775,,UKR
,761520,,2024,40136.5,10370.1,10370.1,,UKR
,761610,,2024,139087.1,734.115,734.115,,UKR
,761691,,2024,93957.75,5978.92,5978.92,,UKR
,761699,,2024,5334497.56,482364.082,482364.082,,UKR
,7605,,2024,68838.3,10768.0,10768.0,,MKD
,7606,,2024,1378841.02,383739.208,383739.208,,MKD
,7607,,2024,989903.44,153765.589,153765.589,,MKD
,7608,,2024,40233.53,4736.181,4736.181,,MKD
,760900,,2024,5792.58,102.781,102.781,,MKD
,761010,,2024,3575190.53,529039.0,529039.0,,MKD
,761090,,2024,8545732.75,1418100.52,1418100.52,,MKD
,761100,,2024,7270.38,325.0,325.0,,MKD
,7612,,2024,9837.64,3634.0,3634.0,,MKD
,761300,,2024,17517.04,370.0,370.0,,MKD
,7614,,2024,3274.6,55.0,55.0,,MKD
,761510,,2024,943796.27,200196.0,200196.0,,MKD
,761610,,2024,51331.09,4661.148,4661.148,,MKD
,761691,,2024,2090.69,731.0,731.0,,MKD
,761699,,2024,2305702.93,325670.455,325670.455,,MKD
,7605,,2024,62273217.5,13170885.19,13170885.19,,EGY
,7606,,2024,182759507.705,48113709.411,48113709.411,,EGY
,7607,,2024,9545806.882,2069887.992,2069887.992,,EGY
,7608,,2024,851661.221,103822.148,103822.148,,EGY
,760900,,2024,28096.707,1119.358,1119.358,,EGY
,761010,,2024,3049211.07,239027.893,239027.893,,EGY
,761090,,2024,2675714.958,250050.514,250050.514,,EGY
,761100,,2024,106905.0,7184.369,7184.369,,EGY
,7612,,2024,40415374.112,3847009.147,3847009.147,,EGY
,761300,,2024,11585.002,674.23,674.23,,EGY
,7614,,2024,56224096.528,13479002.358,13479002.358,,EGY
,761510,,2024,16791405.856,1595677.607,1595677.607,,EGY
,761520,,2024,20.396,1.13,1.13,,EGY
,761610,,2024,1125.0,,0.0,,EGY
,761691,,2024,150.0,13.116,13.116,,EGY
,761699,,2024,6131724.465,346654.525,346654.525,,EGY
,7605,,2024,25078740.196,4487227.551,4487227.551,,GBR
,7606,,2024,585588487.449,,0.0,,GBR
,7607,,2024,159259864.07,,0.0,,GBR
,7608,,2024,28423729.25,448761.787,448761.787,,GBR
,760900,,2024,38822621.146,389901.093,389901.093,,GBR
,761010,,2024,66838285.018,3021594.052,3021594.052,,GBR
,761090,,2024,137416451.905,,0.0,,GBR
,761100,,2024,8523894.249,410247.521,410247.521,,GBR
,7612,,2024,142790670.227,17938083.097,17938083.097,,GBR
,761300,,2024,113958304.863,5764884.562,5764884.562,,GBR
,7614,,2024,1524509.283,,0.0,,GBR
,761510,,2024,45409571.44,7612154.012,7612154.012,,GBR
,761520,,2024,2808335.812,139270.598,139270.598,,GBR
,761610,,2024,40520772.114,329512.194,329512.194,,GBR
,761691,,2024,2257235.364,126409.941,126409.941,,GBR
,761699,,2024,266034326.219,7940465.376,7940465.376,,GBR
,7605,,2024,1400.0,300.0,300.0,,TZA
,7606,,2024,15456.077,,0.0,,TZA
,7607,,2024,22019.482,2500.0,2500.0,,TZA
,7608,,2024,154.896,7142.0,7142.0,,TZA
,760900,,2024,1863.661,94.0,94.0,,TZA
,761010,,2024,51553.001,119211.0,119211.0,,TZA
,761090,,2024,162033.559,57812.0,57812.0,,TZA
,761100,,2024,12253.098,65600.0,65600.0,,TZA
,7612,,2024,7924.797,909.76,909.76,,TZA
,761300,,2024,15.0,71.0,71.0,,TZA
,7614,,2024,183.788,5050.0,5050.0,,TZA
,761510,,2024,65110.573,30286.02,30286.02,,TZA
,761610,,2024,96895.578,52865.0,52865.0,,TZA
,761699,,2024,619806.972,5089.99,5089.99,,TZA
,7605,,2024,85886230.0,16211640.622,16211640.622,,USA
,7606,,2024,3023320324.0,533874838.138,533874838.138,,USA
,7607,,2024,651623644.0,103051818.835,103051818.835,,USA
,7608,,2024,314285583.0,40392104.0,40392104.0,,USA
,760900,,2024,187995755.0,8617080.0,8617080.0,,USA
,761010,,2024,135499750.0,12856963.0,12856963.0,,USA
,761090,,2024,370361712.0,30846882.0,30846882.0,,USA
,761100,,2024,62065863.0,4171030.986,4171030.986,,USA
,7612,,2024,792940551.0,83739597.334,83739597.334,,USA
,761300,,2024,140496597.0,8176693.809,8176693.809,,USA
,7614,,2024,20855820.0,,0.0,,USA
,761510,,2024,103588280.0,10276481.245,10276481.245,,USA
,761520,,2024,4301716.0,160251.0,160251.0,,USA
,761610,,2024,272002880.0,9323867.0,9323867.0,,USA
,761691,,2024,17111187.0,1550229.0,1550229.0,,USA
,761699,,2024,1332589411.0,55440730.254,55440730.254,,USA
,7606,,2024,1914.0,183.0,183.0,,URY
,7607,,2024,2427110.0,383775.0,383775.0,,URY
,7608,,2024,341796.0,70819.0,70819.0,,URY
,760900,,2024,198.0,4.0,4.0,,URY
,761010,,2024,2095423.0,95450.0,95450.0,,URY
,761090,,2024,455.0,17.0,17.0,,URY
,7612,,2024,57583.0,1503.0,1503.0,,URY
,761300,,2024,18040.0,1397.0,1397.0,,URY
,7614,,2024,2411.0,454.0,454.0,,URY
,761510,,2024,208229.0,18614.0,18614.0,,URY
,761610,,2024,28.0,1.0,1.0,,URY
,761699,,2024,56680.0,471.807,471.807,,URY
,7605,,2024,3632124.0,1255461.0,1255461.0,,UZB
,7606,,2024,4906230.97,2477611.752,2477611.752,,UZB
,7607,,2024,133355.98,45287.456,45287.456,,UZB
,7608,,2024,148930.0,,0.0,,UZB
,760900,,2024,80.0,4.0,4.0,,UZB
,761010,,2024,1007526.0,374549.832,374549.832,,UZB
,761090,,2024,957933.96,154514.363,154514.363,,UZB
,7612,,2024,3719.0,948.002,948.002,,UZB
,7614,,2024,17021.0,4000.0,4000.0,,UZB
,761510,,2024,425890.96,153532.223,153532.223,,UZB
,761610,,2024,5858.99,22182.993,22182.993,,UZB
,761699,,2024,3001759.94,629408.118,629408.118,,UZB
,7605,,2024,2488.32,648.0,648.0,,YEM
,761699,,2024,205765.216,,0.0,,YEM
,7605,,2024,108158.643,21956.0,21956.0,,ZMB
,7606,,2024,63271.34,18172.4,18172.4,,ZMB
,7607,,2024,24312.941,2388.24,2388.24,,ZMB
,760900,,2024,4218.656,627.27,627.27,,ZMB
,761010,,2024,26655.897,56057.2,56057.2,,ZMB
,761090,,2024,328310.181,19358.0,19358.0,,ZMB
,7612,,2024,6073.221,33.0,33.0,,ZMB
,761300,,2024,260.84,23.0,23.0,,ZMB
,761510,,2024,169358.212,120054.0,120054.0,,ZMB
,761520,,2024,34.315,29.0,29.0,,ZMB
,761610,,2024,10061.446,15166.3,15166.3,,ZMB
,761699,,2024,38278.494,4174.55,4174.55,,ZMB
