country,iso2,iso3,hs6_code,sector,export_tonnes,export_value_eur,year,data_year,is_fallback_year
Zambia,ZM,ZMB,761699,aluminium,4.1746,35374.27,2024,2024,False
Bosnia and Herzegovina,BA,BIH,722300,iron_steel,0.205,607.83,2024,2024,False
Armenia,AM,ARM,722300,iron_steel,0.0004,93.76,2024,2024,False
Armenia,AM,ARM,722540,iron_steel,56.52,197842.71,2024,2024,False
Bolivia,BO,BOL,722230,iron_steel,0.001,184.83,2024,2024,False
Bosnia and Herzegovina,BA,BIH,721990,iron_steel,8.3159,28816.44,2024,2024,False
Bosnia and Herzegovina,BA,BIH,722011,iron_steel,0.0225,263.51,2024,2024,False
Bosnia and Herzegovina,BA,BIH,722012,iron_steel,0.24,1722.16,2024,2024,False
Bosnia and Herzegovina,BA,BIH,722020,iron_steel,7.2296,23800.02,2024,2024,False
Bosnia and Herzegovina,BA,BIH,722090,iron_steel,1.7961,12681.87,2024,2024,False
Bosnia and Herzegovina,BA,BIH,722211,iron_steel,0.051,372.96,2024,2024,False
Bosnia and Herzegovina,BA,BIH,722219,iron_steel,3.536,67037.81,2024,2024,False
Bosnia and Herzegovina,BA,BIH,722220,iron_steel,21.8148,113282.87,2024,2024,False
Bosnia and Herzegovina,BA,BIH,722230,iron_steel,11.5436,148255.84,2024,2024,False
Bosnia and Herzegovina,BA,BIH,722240,iron_steel,7.1296,20325.05,2024,2024,False
Bosnia and Herzegovina,BA,BIH,722410,iron_steel,0.0051,108.97,2024,2024,False
Armenia,AM,ARM,722220,iron_steel,0.05,7711.12,2024,2024,False
Bosnia and Herzegovina,BA,BIH,722490,iron_steel,1.6057,6297.95,2024,2024,False
Bosnia and Herzegovina,BA,BIH,722540,iron_steel,25.1896,44956.97,2024,2024,False
Brazil,BR,BRA,721990,iron_steel,0.1207,5294.34,2024,2024,False
Brazil,BR,BRA,722011,iron_steel,9.6804,153716.85,2024,2024,False
Brazil,BR,BRA,722012,iron_steel,8.5775,152404.58,2024,2024,False
Brazil,BR,BRA,722020,iron_steel,1208.0506,1998727.47,2024,2024,False
Brazil,BR,BRA,722090,iron_steel,42.8791,341840.86,2024,2024,False
Brazil,BR,BRA,7221,iron_steel,18.069,252298.31,2024,2024,False
Brazil,BR,BRA,722211,iron_steel,776.6155,5652294.61,2024,2024,False
Brazil,BR,BRA,722219,iron_steel,2.4275,28221.98,2024,2024,False
Brazil,BR,BRA,722220,iron_steel,2815.4167,34215517.97,2024,2024,False
Brazil,BR,BRA,722230,iron_steel,9.3037,56243.42,2024,2024,False
Brazil,BR,BRA,722240,iron_steel,21.8286,189488.03,2024,2024,False
Armenia,AM,ARM,722240,iron_steel,4.6536,15957.31,2024,2024,False
Armenia,AM,ARM,722219,iron_steel,0.037,412.45,2024,2024,False
Azerbaijan,AZ,AZE,722300,iron_steel,0.0091,408.67,2024,2024,False
Australia,AU,AUS,722519,iron_steel,1.0,4001.78,2024,2024,False
Australia,AU,AUS,722011,iron_steel,7.0,17218.89,2024,2024,False
Australia,AU,AUS,722012,iron_steel,36.52,304613.65,2024,2024,False
Australia,AU,AUS,722020,iron_steel,0.54,16493.79,2024,2024,False
Australia,AU,AUS,722090,iron_steel,19.49,436887.77,2024,2024,False
Australia,AU,AUS,7221,iron_steel,52.352,336094.91,2024,2024,False
Australia,AU,AUS,722211,iron_steel,300.45,834330.97,2024,2024,False
Australia,AU,AUS,722219,iron_steel,22.28,125795.16,2024,2024,False
Australia,AU,AUS,722220,iron_steel,52.18,277114.65,2024,2024,False
Australia,AU,AUS,722230,iron_steel,478.255,976646.75,2024,2024,False
Australia,AU,AUS,722240,iron_steel,94.95,545162.18,2024,2024,False
Australia,AU,AUS,722300,iron_steel,713.7874,774413.38,2024,2024,False
Australia,AU,AUS,722410,iron_steel,13.7,36417.33,2024,2024,False
Australia,AU,AUS,722490,iron_steel,5.574,50103.4,2024,2024,False
Australia,AU,AUS,722530,iron_steel,3910.64,3916075.53,2024,2024,False
Armenia,AM,ARM,722090,iron_steel,0.1873,1559.97,2024,2024,False
Australia,AU,AUS,722540,iron_steel,5207.019,11557960.76,2024,2024,False
Australia,AU,AUS,722550,iron_steel,47.65,246906.13,2024,2024,False
Bahrain,BH,BHR,721990,iron_steel,1.5158,4344.91,2024,2024,False
Bahrain,BH,BHR,722090,iron_steel,2.9681,4224.7,2024,2024,False
Bahrain,BH,BHR,7221,iron_steel,7.656,9801.32,2024,2024,False
Bahrain,BH,BHR,722211,iron_steel,0.6266,747.44,2024,2024,False
Bahrain,BH,BHR,722219,iron_steel,3.51,1575.22,2024,2024,False
Bahrain,BH,BHR,722220,iron_steel,6.5862,10495.67,2024,2024,False
Bahrain,BH,BHR,722230,iron_steel,2.8699,21957.11,2024,2024,False
Bahrain,BH,BHR,722240,iron_steel,1.1512,1365.11,2024,2024,False
Bahrain,BH,BHR,722300,iron_steel,4.6323,38167.76,2024,2024,False
Bahrain,BH,BHR,722519,iron_steel,1.62,32700.62,2024,2024,False
Armenia,AM,ARM,722012,iron_steel,0.001,7.92,2024,2024,False
Brazil,BR,BRA,722300,iron_steel,539.5898,6954818.41,2024,2024,False
Brazil,BR,BRA,722410,iron_steel,0.405,23256.63,2024,2024,False
Brazil,BR,BRA,722490,iron_steel,1078089.2581,724637494.69,2024,2024,False
China,CN,CHN,722550,iron_steel,452714.156,272952596.8,2024,2024,False
China,CN,CHN,7221,iron_steel,117760.644,215460438.04,2024,2024,False
China,CN,CHN,722211,iron_steel,41486.7909,99667571.39,2024,2024,False
China,CN,CHN,722219,iron_steel,12633.506,29050548.01,2024,2024,False
China,CN,CHN,722220,iron_steel,51799.9057,104802105.17,2024,2024,False
China,CN,CHN,722230,iron_steel,14117.934,36896876.44,2024,2024,False
China,CN,CHN,722240,iron_steel,40176.044,78324428.43,2024,2024,False
China,CN,CHN,722300,iron_steel,91287.0789,243281116.35,2024,2024,False
China,CN,CHN,722410,iron_steel,5341.965,10643548.66,2024,2024,False
China,CN,CHN,722490,iron_steel,172693.49,92421288.24,2024,2024,False
China,CN,CHN,722511,iron_steel,606713.881,1068824227.89,2024,2024,False
China,CN,CHN,722519,iron_steel,708622.682,535201889.84,2024,2024,False
China,CN,CHN,722530,iron_steel,,647842770.54,2024,2024,False
China,CN,CHN,722540,iron_steel,632202.2349,537316328.44,2024,2024,False
China,CN,CHN,722591,iron_steel,42707.691,33842038.63,2024,2024,False
Brazil,BR,BRA,722511,iron_steel,8899.324,10022156.92,2024,2024,False
Colombia,CO,COL,721990,iron_steel,0.0135,73.93,2024,2024,False
Colombia,CO,COL,722011,iron_steel,0.0612,545.35,2024,2024,False
Colombia,CO,COL,722012,iron_steel,8.7746,64315.05,2024,2024,False
Colombia,CO,COL,722020,iron_steel,2.2058,15676.41,2024,2024,False
Colombia,CO,COL,722090,iron_steel,5.5677,14854.36,2024,2024,False
Colombia,CO,COL,722211,iron_steel,12.1034,19874.4,2024,2024,False
Colombia,CO,COL,722219,iron_steel,0.4732,1173.64,2024,2024,False
Colombia,CO,COL,722220,iron_steel,16.1708,70865.72,2024,2024,False
Colombia,CO,COL,722230,iron_steel,0.51,953.19,2024,2024,False
Colombia,CO,COL,722240,iron_steel,17.6725,49837.27,2024,2024,False
Colombia,CO,COL,722300,iron_steel,3.2694,22596.5,2024,2024,False
Colombia,CO,COL,722490,iron_steel,11.992,39673.61,2024,2024,False
Colombia,CO,COL,722511,iron_steel,7.654,34316.26,2024,2024,False
China,CN,CHN,722090,iron_steel,26311.5441,57251947.14,2024,2024,False
China,CN,CHN,722020,iron_steel,305421.679,406896835.78,2024,2024,False
China,CN,CHN,722012,iron_steel,12097.3512,12575963.4,2024,2024,False
China,CN,CHN,722011,iron_steel,8140.1657,14606816.38,2024,2024,False
Brazil,BR,BRA,722519,iron_steel,,554752.8,2024,2024,False
Brazil,BR,BRA,722530,iron_steel,16063.809,9729954.72,2024,2024,False
Brazil,BR,BRA,722540,iron_steel,5717.986,5858307.0,2024,2024,False
Brazil,BR,BRA,722550,iron_steel,11532.9163,12279228.35,2024,2024,False
Brazil,BR,BRA,722591,iron_steel,1165.66,1113693.74,2024,2024,False
Brunei Darussalam,BN,BRN,721990,iron_steel,34.2986,19821.05,2024,2024,False
Brunei Darussalam,BN,BRN,7221,iron_steel,71.632,40510.93,2024,2024,False
Brunei Darussalam,BN,BRN,722219,iron_steel,15.0,2075.21,2024,2024,False
Brunei Darussalam,BN,BRN,722230,iron_steel,0.7,3804.56,2024,2024,False
Brunei Darussalam,BN,BRN,722300,iron_steel,0.7,20983.65,2024,2024,False
Brunei Darussalam,BN,BRN,722519,iron_steel,,6258.82,2024,2024,False
Cambodia,KH,KHM,722090,iron_steel,0.421,510.25,2024,2024,False
Cambodia,KH,KHM,722220,iron_steel,2.3026,11697.02,2024,2024,False
Chile,CL,CHL,721990,iron_steel,17.946,164505.43,2024,2024,False
Chile,CL,CHL,722090,iron_steel,0.0287,693.1,2024,2024,False
Chile,CL,CHL,7221,iron_steel,0.0008,488.84,2024,2024,False
Chile,CL,CHL,722211,iron_steel,5.701,22282.96,2024,2024,False
Chile,CL,CHL,722219,iron_steel,1.4238,4755.29,2024,2024,False
Chile,CL,CHL,722220,iron_steel,22.2669,43082.82,2024,2024,False
Chile,CL,CHL,722230,iron_steel,13.16,4108.21,2024,2024,False
Chile,CL,CHL,722240,iron_steel,7.5961,31067.75,2024,2024,False
Chile,CL,CHL,722300,iron_steel,21.0267,102679.92,2024,2024,False
Chile,CL,CHL,722490,iron_steel,3.6335,154117.01,2024,2024,False
Chile,CL,CHL,722530,iron_steel,8.53,19671.13,2024,2024,False
Chile,CL,CHL,722540,iron_steel,1005.8358,2243373.36,2024,2024,False
Chile,CL,CHL,722550,iron_steel,0.1672,436.65,2024,2024,False
China,CN,CHN,721990,iron_steel,96395.1984,131736648.18,2024,2024,False
Australia,AU,AUS,721990,iron_steel,197.42,538475.87,2024,2024,False
Azerbaijan,AZ,AZE,7221,iron_steel,0.89,1398.21,2024,2024,False
Colombia,CO,COL,722540,iron_steel,1189.507,2407981.01,2024,2024,False
Tanzania,TZ,TZA,721891,iron_steel,1.3058,13288.36,2024,2024,False
United Kingdom,GB,GBR,721914,iron_steel,,853160.01,2024,2024,False
United Kingdom,GB,GBR,721921,iron_steel,,2175328.48,2024,2024,False
United Kingdom,GB,GBR,721922,iron_steel,1019.605,3608950.52,2024,2024,False
United Kingdom,GB,GBR,721923,iron_steel,416.0716,1003422.09,2024,2024,False
United Kingdom,GB,GBR,721924,iron_steel,24.337,221173.66,2024,2024,False
United Kingdom,GB,GBR,721931,iron_steel,,1076908.71,2024,2024,False
United Kingdom,GB,GBR,721932,iron_steel,503.4832,2054608.49,2024,2024,False
United Kingdom,GB,GBR,721933,iron_steel,3853.349,15599414.89,2024,2024,False
United Kingdom,GB,GBR,721934,iron_steel,1585.6886,10088779.73,2024,2024,False
United Kingdom,GB,GBR,721935,iron_steel,122.8363,1469438.25,2024,2024,False
Tanzania,TZ,TZA,721720,iron_steel,5.09,5479.62,2024,2024,False
Tanzania,TZ,TZA,721730,iron_steel,0.6758,412.05,2024,2024,False
Tanzania,TZ,TZA,721790,iron_steel,409.7065,273366.55,2024,2024,False
United States,US,USA,721710,iron_steel,,55210878.85,2024,2024,False
United Kingdom,GB,GBR,721912,iron_steel,,199936.87,2024,2024,False
United States,US,USA,721720,iron_steel,9498.732,16248780.15,2024,2024,False
United States,US,USA,721730,iron_steel,14744.669,23814847.06,2024,2024,False
United States,US,USA,721790,iron_steel,,41654371.13,2024,2024,False
United States,US,USA,721810,iron_steel,11759.984,64388516.77,2024,2024,False
United States,US,USA,721891,iron_steel,295.79,5197380.09,2024,2024,False
United States,US,USA,721899,iron_steel,1353.209,14193197.49,2024,2024,False
United States,US,USA,721911,iron_steel,2488.094,11035953.24,2024,2024,False
United States,US,USA,721912,iron_steel,50825.62,91780205.16,2024,2024,False
United States,US,USA,721913,iron_steel,103557.713,161449517.6,2024,2024,False
United States,US,USA,721914,iron_steel,17468.214,36977427.22,2024,2024,False
United States,US,USA,721921,iron_steel,14661.834,101211256.82,2024,2024,False
United States,US,USA,721922,iron_steel,22518.497,81279860.46,2024,2024,False
United States,US,USA,721923,iron_steel,2531.157,8566316.42,2024,2024,False
United Kingdom,GB,GBR,721913,iron_steel,79.616,503152.11,2024,2024,False
United Kingdom,GB,GBR,721911,iron_steel,,558376.66,2024,2024,False
Angola,AO,AGO,722540,iron_steel,1.0,739.3,2024,2024,False
North Macedonia,MK,MKD,721933,iron_steel,19.537,56278.42,2024,2024,False
Ukraine,UA,UKR,721933,iron_steel,6.9519,17671.11,2024,2024,False
Ukraine,UA,UKR,721934,iron_steel,17.8913,45518.33,2024,2024,False
Ukraine,UA,UKR,721935,iron_steel,1.26,6202.88,2024,2024,False
North Macedonia,MK,MKD,721710,iron_steel,4609.039,3823996.78,2024,2024,False
North Macedonia,MK,MKD,721720,iron_steel,1427.155,1253344.35,2024,2024,False
North Macedonia,MK,MKD,721730,iron_steel,107.424,162669.03,2024,2024,False
North Macedonia,MK,MKD,721790,iron_steel,0.211,327.75,2024,2024,False
North Macedonia,MK,MKD,721891,iron_steel,0.031,59.14,2024,2024,False
North Macedonia,MK,MKD,721913,iron_steel,2.922,19298.55,2024,2024,False
North Macedonia,MK,MKD,721921,iron_steel,19.08,36676.44,2024,2024,False
North Macedonia,MK,MKD,721923,iron_steel,1.457,7252.39,2024,2024,False
North Macedonia,MK,MKD,721931,iron_steel,0.178,638.79,2024,2024,False
North Macedonia,MK,MKD,721932,iron_steel,8.402,36855.48,2024,2024,False
North Macedonia,MK,MKD,721934,iron_steel,23.823,49182.77,2024,2024,False
United Kingdom,GB,GBR,721899,iron_steel,63762.051,193423980.3,2024,2024,False
Egypt,EG,EGY,721710,iron_steel,9671.4323,10203052.75,2024,2024,False
Egypt,EG,EGY,721720,iron_steel,13548.542,16816319.21,2024,2024,False
Egypt,EG,EGY,721730,iron_steel,23.385,33262.33,2024,2024,False
Egypt,EG,EGY,721790,iron_steel,3439.1457,5276796.29,2024,2024,False
Egypt,EG,EGY,721891,iron_steel,0.1786,646.89,2024,2024,False
Egypt,EG,EGY,721899,iron_steel,,21272.5,2024,2024,False
Egypt,EG,EGY,721924,iron_steel,0.024,92.41,2024,2024,False
United Kingdom,GB,GBR,721710,iron_steel,,36298995.65,2024,2024,False
United Kingdom,GB,GBR,721720,iron_steel,1189.844,2814321.48,2024,2024,False
United Kingdom,GB,GBR,721730,iron_steel,,3525093.4,2024,2024,False
United Kingdom,GB,GBR,721790,iron_steel,,5259008.7,2024,2024,False
United Kingdom,GB,GBR,721810,iron_steel,1737.6287,20997512.3,2024,2024,False
United Kingdom,GB,GBR,721891,iron_steel,227141.698,575557586.22,2024,2024,False
United States,US,USA,721924,iron_steel,2028.723,10960076.7,2024,2024,False
United States,US,USA,721931,iron_steel,3307.119,11470195.92,2024,2024,False
United States,US,USA,721932,iron_steel,18385.983,57581217.08,2024,2024,False
Sri Lanka,LK,LKA,722211,iron_steel,0.09,19.01,2024,2024,False
Canada,CA,CAN,722230,iron_steel,106.367,574643.42,2024,2024,False
Canada,CA,CAN,722240,iron_steel,681.036,2391499.13,2024,2024,False
Canada,CA,CAN,722300,iron_steel,3095.26,17372554.7,2024,2024,False
Canada,CA,CAN,722410,iron_steel,2246.4282,4168408.97,2024,2024,False
Canada,CA,CAN,722490,iron_steel,99768.4051,83967382.5,2024,2024,False
Canada,CA,CAN,722511,iron_steel,43.467,74613.08,2024,2024,False
Canada,CA,CAN,722519,iron_steel,1246.515,1224285.17,2024,2024,False
Canada,CA,CAN,722530,iron_steel,275590.885,240981629.9,2024,2024,False
Canada,CA,CAN,722540,iron_steel,63316.988,87182919.99,2024,2024,False
Canada,CA,CAN,722550,iron_steel,38558.116,40358479.39,2024,2024,False
Canada,CA,CAN,722591,iron_steel,1105.893,855098.9,2024,2024,False
Sri Lanka,LK,LKA,721990,iron_steel,0.763,2554.97,2024,2024,False
Sri Lanka,LK,LKA,7221,iron_steel,0.06,733.99,2024,2024,False
Sri Lanka,LK,LKA,722219,iron_steel,1.062,4281.39,2024,2024,False
United States,US,USA,721933,iron_steel,88334.358,249391888.92,2024,2024,False
Sri Lanka,LK,LKA,722220,iron_steel,1.6,5393.48,2024,2024,False
Sri Lanka,LK,LKA,722230,iron_steel,0.184,776.29,2024,2024,False
Sri Lanka,LK,LKA,722240,iron_steel,0.565,283.68,2024,2024,False
Sri Lanka,LK,LKA,722300,iron_steel,0.253,2390.76,2024,2024,False
Algeria,DZ,DZA,721990,iron_steel,2.8005,9063.45,2024,2024,False
Algeria,DZ,DZA,722230,iron_steel,0.1872,1018.52,2024,2024,False
Angola,AO,AGO,722090,iron_steel,0.015,375.27,2024,2024,False
Angola,AO,AGO,722219,iron_steel,2228.8826,1394326.36,2024,2024,False
Angola,AO,AGO,722220,iron_steel,636.0,63666.94,2024,2024,False
Angola,AO,AGO,722230,iron_steel,575.0,93650.53,2024,2024,False
Angola,AO,AGO,722240,iron_steel,17.219,7355.02,2024,2024,False
Angola,AO,AGO,722300,iron_steel,2.0565,617.89,2024,2024,False
Angola,AO,AGO,722410,iron_steel,3.955,526568.71,2024,2024,False
Canada,CA,CAN,722220,iron_steel,911.799,5864082.3,2024,2024,False
Canada,CA,CAN,722219,iron_steel,16.389,161828.34,2024,2024,False
Canada,CA,CAN,722211,iron_steel,398.845,3680789.81,2024,2024,False
Canada,CA,CAN,7221,iron_steel,67.729,814780.17,2024,2024,False
United States,US,USA,721934,iron_steel,33221.178,110936199.98,2024,2024,False
United States,US,USA,721935,iron_steel,8083.715,36433199.33,2024,2024,False
Uruguay,UY,URY,721921,iron_steel,1.026,1807.6,2024,2024,False
Uruguay,UY,URY,721922,iron_steel,2.794,4929.3,2024,2024,False
Uruguay,UY,URY,721932,iron_steel,5.55,9797.62,2024,2024,False
Uruguay,UY,URY,721933,iron_steel,56.179,113473.8,2024,2024,False
Uruguay,UY,URY,721934,iron_steel,192.727,381446.26,2024,2024,False
Uzbekistan,UZ,UZB,721710,iron_steel,,645229.65,2024,2024,False
Uzbekistan,UZ,UZB,721720,iron_steel,120.465,124836.89,2024,2024,False
Uzbekistan,UZ,UZB,721730,iron_steel,0.0069,9.24,2024,2024,False
Uzbekistan,UZ,UZB,721810,iron_steel,,1016.54,2024,2024,False
Uzbekistan,UZ,UZB,721932,iron_steel,0.5521,1558.08,2024,2024,False
Uzbekistan,UZ,UZB,721935,iron_steel,0.48,638.57,2024,2024,False
Yemen,YE,YEM,721790,iron_steel,0.564,1737.36,2024,2024,False
Zambia,ZM,ZMB,721710,iron_steel,3.835,2932.52,2024,2024,False
Zambia,ZM,ZMB,721720,iron_steel,46.519,27595.72,2024,2024,False
Zambia,ZM,ZMB,721790,iron_steel,7.91,9778.65,2024,2024,False
Zambia,ZM,ZMB,721810,iron_steel,997.74,1536532.18,2024,2024,False
Zambia,ZM,ZMB,721899,iron_steel,209.74,371556.18,2024,2024,False
Zambia,ZM,ZMB,721913,iron_steel,9.4,9198.42,2024,2024,False
Zambia,ZM,ZMB,721931,iron_steel,4.0,5626.49,2024,2024,False
Zambia,ZM,ZMB,721932,iron_steel,4.15,5626.49,2024,2024,False
Canada,CA,CAN,721990,iron_steel,188.1,515870.89,2024,2024,False
Canada,CA,CAN,722011,iron_steel,96.398,824235.22,2024,2024,False
Canada,CA,CAN,722012,iron_steel,34.202,164676.26,2024,2024,False
Canada,CA,CAN,722020,iron_steel,1693.009,5525843.14,2024,2024,False
Canada,CA,CAN,722090,iron_steel,94.489,551516.52,2024,2024,False
Colombia,CO,COL,722519,iron_steel,0.432,2932.74,2024,2024,False
Colombia,CO,COL,722550,iron_steel,6436.5146,4810533.03,2024,2024,False
Montenegro,ME,MNE,722410,iron_steel,33.844,46469.21,2024,2024,False
South Korea,KR,KOR,722530,iron_steel,530911.254,328212906.39,2024,2024,False
South Korea,KR,KOR,722020,iron_steel,53611.7753,178069168.28,2024,2024,False
South Korea,KR,KOR,722090,iron_steel,,43340946.31,2024,2024,False
South Korea,KR,KOR,7221,iron_steel,31317.2458,76225829.41,2024,2024,False
South Korea,KR,KOR,722211,iron_steel,9976.345,37618736.72,2024,2024,False
South Korea,KR,KOR,722219,iron_steel,948.5853,5340840.03,2024,2024,False
South Korea,KR,KOR,722220,iron_steel,2889.7496,14955160.34,2024,2024,False
South Korea,KR,KOR,722230,iron_steel,452.0399,2401420.39,2024,2024,False
South Korea,KR,KOR,722240,iron_steel,316.8682,862707.7,2024,2024,False
South Korea,KR,KOR,722300,iron_steel,32893.0757,193263794.47,2024,2024,False
South Korea,KR,KOR,722410,iron_steel,169.0362,191000.83,2024,2024,False
South Korea,KR,KOR,722490,iron_steel,6032.4965,3205583.59,2024,2024,False
South Korea,KR,KOR,722511,iron_steel,87189.416,181352119.03,2024,2024,False
South Korea,KR,KOR,722519,iron_steel,513328.091,463613321.32,2024,2024,False
South Korea,KR,KOR,722540,iron_steel,25096.9337,64665038.35,2024,2024,False
South Korea,KR,KOR,722011,iron_steel,249.1896,626104.8,2024,2024,False
South Korea,KR,KOR,722550,iron_steel,610403.38,491840762.41,2024,2024,False
South Korea,KR,KOR,722591,iron_steel,134418.95,128330783.66,2024,2024,False
Kuwait,KW,KWT,721990,iron_steel,1.6719,5410.78,2024,2024,False
Kuwait,KW,KWT,722020,iron_steel,0.0575,228.26,2024,2024,False
Kuwait,KW,KWT,7221,iron_steel,6.7176,21624.62,2024,2024,False
Kuwait,KW,KWT,722211,iron_steel,0.5561,2562.61,2024,2024,False
Kuwait,KW,KWT,722219,iron_steel,0.0372,162.65,2024,2024,False
Kuwait,KW,KWT,722220,iron_steel,0.0855,390.91,2024,2024,False
Kuwait,KW,KWT,722230,iron_steel,13.4776,73325.94,2024,2024,False
Kuwait,KW,KWT,722240,iron_steel,51.6496,276095.55,2024,2024,False
Kuwait,KW,KWT,722300,iron_steel,5.161,29881.71,2024,2024,False
Kuwait,KW,KWT,722410,iron_steel,5.6085,11722.58,2024,2024,False
Kuwait,KW,KWT,722490,iron_steel,3.6801,7808.89,2024,2024,False
South Korea,KR,KOR,722012,iron_steel,2477.5242,5345148.32,2024,2024,False
South Korea,KR,KOR,721990,iron_steel,18014.2821,39608892.89,2024,2024,False
Kazakhstan,KZ,KAZ,722012,iron_steel,0.3283,7912.14,2024,2024,False
Jordan,JO,JOR,722230,iron_steel,3.19,26762.0,2024,2024,False
Kazakhstan,KZ,KAZ,722090,iron_steel,0.0025,102.8,2024,2024,False
Kazakhstan,KZ,KAZ,722211,iron_steel,3.7814,40493.05,2024,2024,False
Kazakhstan,KZ,KAZ,722219,iron_steel,0.0143,466.2,2024,2024,False
Kazakhstan,KZ,KAZ,722220,iron_steel,2.0997,35715.23,2024,2024,False
Kazakhstan,KZ,KAZ,722230,iron_steel,1.0289,23923.28,2024,2024,False
Kazakhstan,KZ,KAZ,722240,iron_steel,66.6528,76628.75,2024,2024,False
Kazakhstan,KZ,KAZ,722300,iron_steel,203.0871,5784857.54,2024,2024,False
Kazakhstan,KZ,KAZ,722490,iron_steel,14719.88,5645253.76,2024,2024,False
Kazakhstan,KZ,KAZ,722519,iron_steel,0.0344,677.18,2024,2024,False
Kazakhstan,KZ,KAZ,722530,iron_steel,2280.06,833223.21,2024,2024,False
Kazakhstan,KZ,KAZ,722540,iron_steel,6040.5097,5589305.3,2024,2024,False
Kazakhstan,KZ,KAZ,722550,iron_steel,5000.29,3535737.03,2024,2024,False
Jordan,JO,JOR,721990,iron_steel,1.515,31508.89,2024,2024,False
Jordan,JO,JOR,722240,iron_steel,89.41,86094.9,2024,2024,False
Kenya,KE,KEN,722540,iron_steel,10.338,10820.52,2024,2024,False
Jordan,JO,JOR,722300,iron_steel,88.0071,795447.84,2024,2024,False
Jordan,JO,JOR,722410,iron_steel,113.0,79512.66,2024,2024,False
Jordan,JO,JOR,722540,iron_steel,10.652,36629.08,2024,2024,False
Kenya,KE,KEN,721990,iron_steel,1.189,4468.62,2024,2024,False
Kenya,KE,KEN,722011,iron_steel,0.18,82.66,2024,2024,False
Kenya,KE,KEN,722090,iron_steel,72.5784,58025.29,2024,2024,False
Kenya,KE,KEN,7221,iron_steel,0.848,933.22,2024,2024,False
Kenya,KE,KEN,722211,iron_steel,0.006,70.61,2024,2024,False
Kenya,KE,KEN,722220,iron_steel,,27350.16,2024,2024,False
Kenya,KE,KEN,722230,iron_steel,48.557,59338.04,2024,2024,False
Kenya,KE,KEN,722240,iron_steel,3.55,10155.2,2024,2024,False
Kenya,KE,KEN,722300,iron_steel,6.03,13168.15,2024,2024,False
Kenya,KE,KEN,722530,iron_steel,426.22,298007.78,2024,2024,False
Kuwait,KW,KWT,722540,iron_steel,0.192,301.27,2024,2024,False
Kuwait,KW,KWT,722591,iron_steel,0.1253,142.32,2024,2024,False
Kyrgyzstan,KG,KGZ,722240,iron_steel,9.42,4352.65,2024,2024,False
Mexico,MX,MEX,722211,iron_steel,42.668,212037.7,2024,2024,False
Malaysia,MY,MYS,722540,iron_steel,7709.7264,5366611.91,2024,2024,False
Malaysia,MY,MYS,722550,iron_steel,14.549,15644.11,2024,2024,False
Malaysia,MY,MYS,722591,iron_steel,4.7912,18629.07,2024,2024,False
Mauritius,MU,MUS,721990,iron_steel,3.12,4908.51,2024,2024,False
Mauritius,MU,MUS,722211,iron_steel,0.075,568.29,2024,2024,False
Mauritius,MU,MUS,722219,iron_steel,1.621,3721.63,2024,2024,False
Mauritius,MU,MUS,722230,iron_steel,0.004,285.68,2024,2024,False
Mauritius,MU,MUS,722300,iron_steel,0.023,5965.94,2024,2024,False
Mexico,MX,MEX,721990,iron_steel,42.903,224286.11,2024,2024,False
Mexico,MX,MEX,722011,iron_steel,1.164,14894.19,2024,2024,False
Mexico,MX,MEX,722012,iron_steel,67.885,332427.69,2024,2024,False
Mexico,MX,MEX,722020,iron_steel,4935.283,13634382.22,2024,2024,False
Mexico,MX,MEX,722090,iron_steel,131.34,998101.84,2024,2024,False
Mexico,MX,MEX,722219,iron_steel,23.566,146142.69,2024,2024,False
Kyrgyzstan,KG,KGZ,722300,iron_steel,0.031,1272.53,2024,2024,False
Mexico,MX,MEX,722220,iron_steel,1148.25,9535134.46,2024,2024,False
Mexico,MX,MEX,722230,iron_steel,417.048,2046340.45,2024,2024,False
Mexico,MX,MEX,722240,iron_steel,8.424,96492.93,2024,2024,False
Mexico,MX,MEX,722300,iron_steel,810.974,8394478.33,2024,2024,False
Mexico,MX,MEX,722490,iron_steel,292008.037,193564078.18,2024,2024,False
Mexico,MX,MEX,722530,iron_steel,252.299,286014.23,2024,2024,False
Mexico,MX,MEX,722540,iron_steel,294.123,529091.58,2024,2024,False
Moldova,MD,MDA,721990,iron_steel,0.003,17.56,2024,2024,False
Moldova,MD,MDA,722220,iron_steel,1.387,2211.44,2024,2024,False
Moldova,MD,MDA,722240,iron_steel,0.083,133.07,2024,2024,False
Moldova,MD,MDA,722300,iron_steel,0.317,717.12,2024,2024,False
Moldova,MD,MDA,722490,iron_steel,0.76,2700.3,2024,2024,False
Montenegro,ME,MNE,721990,iron_steel,0.0008,199.95,2024,2024,False
Malaysia,MY,MYS,722530,iron_steel,20519.282,11837786.08,2024,2024,False
Malaysia,MY,MYS,722519,iron_steel,55.163,132555.08,2024,2024,False
Malaysia,MY,MYS,722511,iron_steel,1314.152,2872468.94,2024,2024,False
Malaysia,MY,MYS,722490,iron_steel,2.1089,7580.54,2024,2024,False
Lebanon,LB,LBN,721990,iron_steel,17.3693,56324.74,2024,2024,False
Lebanon,LB,LBN,722012,iron_steel,,35560.48,2024,2024,False
Lebanon,LB,LBN,722020,iron_steel,12.5225,49705.2,2024,2024,False
Lebanon,LB,LBN,722090,iron_steel,0.3373,2703.08,2024,2024,False
Lebanon,LB,LBN,722211,iron_steel,8.6968,40057.3,2024,2024,False
Lebanon,LB,LBN,722220,iron_steel,76.7167,351115.42,2024,2024,False
Lebanon,LB,LBN,722230,iron_steel,8.7293,47699.84,2024,2024,False
Lebanon,LB,LBN,722240,iron_steel,0.0262,138.62,2024,2024,False
Lebanon,LB,LBN,722300,iron_steel,0.2749,1597.82,2024,2024,False
Lebanon,LB,LBN,722410,iron_steel,,50849.27,2024,2024,False
Lebanon,LB,LBN,722490,iron_steel,8.6132,17313.56,2024,2024,False
Lebanon,LB,LBN,722519,iron_steel,178.3419,208195.18,2024,2024,False
Lebanon,LB,LBN,722540,iron_steel,1.9623,3104.15,2024,2024,False
Lebanon,LB,LBN,722550,iron_steel,6.2964,6163.02,2024,2024,False
Malaysia,MY,MYS,721990,iron_steel,1727.9432,2514083.79,2024,2024,False
Malaysia,MY,MYS,722011,iron_steel,172.9812,446611.43,2024,2024,False
Malaysia,MY,MYS,722012,iron_steel,900.2761,2257031.14,2024,2024,False
Malaysia,MY,MYS,722020,iron_steel,65635.596,90146444.13,2024,2024,False
Malaysia,MY,MYS,722090,iron_steel,5849.5871,17722757.21,2024,2024,False
Malaysia,MY,MYS,7221,iron_steel,166.6024,147563.1,2024,2024,False
Malaysia,MY,MYS,722211,iron_steel,43.2859,178423.62,2024,2024,False
Malaysia,MY,MYS,722219,iron_steel,75.2645,225113.61,2024,2024,False
Malaysia,MY,MYS,722220,iron_steel,,25129549.12,2024,2024,False
Malaysia,MY,MYS,722230,iron_steel,644.6577,1792391.6,2024,2024,False
Malaysia,MY,MYS,722240,iron_steel,1486.0632,2791004.37,2024,2024,False
Malaysia,MY,MYS,722300,iron_steel,679.4642,1623689.82,2024,2024,False
Malaysia,MY,MYS,722410,iron_steel,1.3842,6684.97,2024,2024,False
Kazakhstan,KZ,KAZ,722020,iron_steel,0.2228,6724.42,2024,2024,False
Kazakhstan,KZ,KAZ,722011,iron_steel,0.0032,41.59,2024,2024,False
Costa Rica,CR,CRI,721990,iron_steel,78.4504,344277.05,2024,2024,False
Guatemala,GT,GTM,722550,iron_steel,0.059,5690.79,2024,2024,False
Guatemala,GT,GTM,721990,iron_steel,7.729,19598.93,2024,2024,False
Guatemala,GT,GTM,722011,iron_steel,2.836,13182.7,2024,2024,False
Guatemala,GT,GTM,722012,iron_steel,0.92,4445.98,2024,2024,False
Guatemala,GT,GTM,722020,iron_steel,2.805,7547.36,2024,2024,False
Guatemala,GT,GTM,722090,iron_steel,3.239,18614.73,2024,2024,False
Guatemala,GT,GTM,722211,iron_steel,1.029,25354.4,2024,2024,False
Guatemala,GT,GTM,722219,iron_steel,2.698,12923.02,2024,2024,False
Guatemala,GT,GTM,722220,iron_steel,4.298,37979.85,2024,2024,False
Guatemala,GT,GTM,722230,iron_steel,25.747,117564.0,2024,2024,False
Guatemala,GT,GTM,722240,iron_steel,33.355,79901.12,2024,2024,False
Guatemala,GT,GTM,722300,iron_steel,32.08,96367.25,2024,2024,False
Guatemala,GT,GTM,722490,iron_steel,13.284,75944.0,2024,2024,False
Guatemala,GT,GTM,722540,iron_steel,35.446,173838.83,2024,2024,False
Honduras,HN,HND,722090,iron_steel,0.4955,3556.3,2024,2024,False
Georgia,GE,GEO,722540,iron_steel,82.39,198249.35,2024,2024,False
Honduras,HN,HND,722219,iron_steel,0.4955,3184.03,2024,2024,False
Honduras,HN,HND,722230,iron_steel,0.8621,39397.15,2024,2024,False
Honduras,HN,HND,722300,iron_steel,0.0005,11.09,2024,2024,False
Hong Kong,HK,HKG,721990,iron_steel,154.483,635218.44,2024,2024,False
Hong Kong,HK,HKG,722011,iron_steel,2.429,18476.7,2024,2024,False
Hong Kong,HK,HKG,722012,iron_steel,1.132,19220.61,2024,2024,False
Hong Kong,HK,HKG,722020,iron_steel,5578.469,18354873.38,2024,2024,False
Hong Kong,HK,HKG,722090,iron_steel,555.123,5086314.71,2024,2024,False
Hong Kong,HK,HKG,7221,iron_steel,1247.99,4173821.22,2024,2024,False
Hong Kong,HK,HKG,722211,iron_steel,569.313,4199341.65,2024,2024,False
Hong Kong,HK,HKG,722219,iron_steel,53.525,225882.48,2024,2024,False
Hong Kong,HK,HKG,722220,iron_steel,559.064,4740725.95,2024,2024,False
Hong Kong,HK,HKG,722230,iron_steel,107.213,600509.33,2024,2024,False
Georgia,GE,GEO,722550,iron_steel,0.0077,96.94,2024,2024,False
Georgia,GE,GEO,722240,iron_steel,0.155,1114.78,2024,2024,False
Kazakhstan,KZ,KAZ,721990,iron_steel,0.0703,868.66,2024,2024,False
Dominican Republic,DO,DOM,722219,iron_steel,1.0055,1262.12,2024,2024,False
Costa Rica,CR,CRI,722012,iron_steel,5.378,15395.8,2024,2024,False
Costa Rica,CR,CRI,722020,iron_steel,0.1268,1622.4,2024,2024,False
Costa Rica,CR,CRI,722090,iron_steel,2.5553,9831.7,2024,2024,False
Costa Rica,CR,CRI,722211,iron_steel,39.8159,132582.28,2024,2024,False
Costa Rica,CR,CRI,722219,iron_steel,19.4446,74710.7,2024,2024,False
Costa Rica,CR,CRI,722220,iron_steel,7.7793,23941.4,2024,2024,False
Costa Rica,CR,CRI,722230,iron_steel,13.0834,81769.91,2024,2024,False
Costa Rica,CR,CRI,722240,iron_steel,135.1003,196633.82,2024,2024,False
Costa Rica,CR,CRI,722300,iron_steel,14.0474,3235557.05,2024,2024,False
Costa Rica,CR,CRI,722540,iron_steel,19.1168,82431.07,2024,2024,False
Benin,BJ,BEN,721990,iron_steel,529.5,564961.96,2024,2024,False
Benin,BJ,BEN,722540,iron_steel,20.783,58479.29,2024,2024,False
Dominican Republic,DO,DOM,722012,iron_steel,0.034,258.76,2024,2024,False
Dominican Republic,DO,DOM,722230,iron_steel,0.2832,786.38,2024,2024,False
Georgia,GE,GEO,722220,iron_steel,0.035,206.12,2024,2024,False
Dominican Republic,DO,DOM,722240,iron_steel,14.2415,10879.34,2024,2024,False
Dominican Republic,DO,DOM,722300,iron_steel,36.146,57586.56,2024,2024,False
Ecuador,EC,ECU,722012,iron_steel,0.122,277.24,2024,2024,False
Ecuador,EC,ECU,722020,iron_steel,0.0005,18.0,2024,2024,False
Ecuador,EC,ECU,722090,iron_steel,0.2404,454.02,2024,2024,False
Ecuador,EC,ECU,722240,iron_steel,2.942,11042.25,2024,2024,False
Ecuador,EC,ECU,722300,iron_steel,10.6114,34460.56,2024,2024,False
Ecuador,EC,ECU,722511,iron_steel,11.1698,2122.97,2024,2024,False
El Salvador,SV,SLV,721990,iron_steel,0.0165,2015.06,2024,2024,False
El Salvador,SV,SLV,722090,iron_steel,1.2928,14673.14,2024,2024,False
El Salvador,SV,SLV,722211,iron_steel,3.674,14254.69,2024,2024,False
El Salvador,SV,SLV,722300,iron_steel,0.001,51.29,2024,2024,False
El Salvador,SV,SLV,722550,iron_steel,2524.9737,3957561.53,2024,2024,False
Hong Kong,HK,HKG,722240,iron_steel,264.07,1808762.62,2024,2024,False
Hong Kong,HK,HKG,722300,iron_steel,1077.04,15535778.18,2024,2024,False
Hong Kong,HK,HKG,722519,iron_steel,6189.05,9223782.8,2024,2024,False
Japan,JP,JPN,7221,iron_steel,53937.379,192681629.58,2024,2024,False
Israel,IL,ISR,722519,iron_steel,0.7916,924.13,2024,2024,False
Israel,IL,ISR,722540,iron_steel,29.21,46206.45,2024,2024,False
Israel,IL,ISR,722591,iron_steel,127.0853,144164.13,2024,2024,False
Ivory Coast,CI,CIV,722220,iron_steel,283.038,113427.94,2024,2024,False
Ivory Coast,CI,CIV,722230,iron_steel,759.26,235288.71,2024,2024,False
Ivory Coast,CI,CIV,722300,iron_steel,0.001,8.0,2024,2024,False
Ivory Coast,CI,CIV,722410,iron_steel,0.065,388.73,2024,2024,False
Jamaica,JM,JAM,722020,iron_steel,0.0285,168.19,2024,2024,False
Japan,JP,JPN,721990,iron_steel,5910.929,34351904.21,2024,2024,False
Japan,JP,JPN,722011,iron_steel,1197.835,5485077.85,2024,2024,False
Japan,JP,JPN,722012,iron_steel,294.526,2209111.11,2024,2024,False
Japan,JP,JPN,722020,iron_steel,46825.0265,337646567.93,2024,2024,False
Japan,JP,JPN,722090,iron_steel,6150.945,56409521.89,2024,2024,False
Japan,JP,JPN,722211,iron_steel,6720.423,39579016.98,2024,2024,False
Hong Kong,HK,HKG,722540,iron_steel,34.753,52418.68,2024,2024,False
Japan,JP,JPN,722219,iron_steel,,11616695.48,2024,2024,False
Japan,JP,JPN,722220,iron_steel,34880.093,170662603.19,2024,2024,False
Japan,JP,JPN,722230,iron_steel,1439.621,7531868.7,2024,2024,False
Japan,JP,JPN,722240,iron_steel,3802.093,13578855.37,2024,2024,False
Japan,JP,JPN,722300,iron_steel,11620.794,123687559.29,2024,2024,False
Japan,JP,JPN,722410,iron_steel,1082.045,2481844.79,2024,2024,False
Japan,JP,JPN,722490,iron_steel,325311.245,155676652.76,2024,2024,False
Japan,JP,JPN,722511,iron_steel,385569.369,887939467.1,2024,2024,False
Japan,JP,JPN,722519,iron_steel,,245665264.22,2024,2024,False
Japan,JP,JPN,722530,iron_steel,1533823.783,1002556982.92,2024,2024,False
Japan,JP,JPN,722540,iron_steel,272316.751,343740107.11,2024,2024,False
Japan,JP,JPN,722550,iron_steel,1564416.105,1203989925.34,2024,2024,False
Japan,JP,JPN,722591,iron_steel,245082.861,244044467.13,2024,2024,False
Israel,IL,ISR,722490,iron_steel,4.1376,8317.16,2024,2024,False
Israel,IL,ISR,722300,iron_steel,31.32,182053.41,2024,2024,False
Israel,IL,ISR,722230,iron_steel,72.256,1072913.78,2024,2024,False
Israel,IL,ISR,722220,iron_steel,28.046,414009.8,2024,2024,False
Hong Kong,HK,HKG,722550,iron_steel,6601.8,7273282.47,2024,2024,False
Indonesia,ID,IDN,721990,iron_steel,8.7582,274811.17,2024,2024,False
Indonesia,ID,IDN,722011,iron_steel,26.166,7233.37,2024,2024,False
Indonesia,ID,IDN,722012,iron_steel,6724.6093,11048104.1,2024,2024,False
Indonesia,ID,IDN,722020,iron_steel,722.5287,2780580.84,2024,2024,False
Indonesia,ID,IDN,722090,iron_steel,1433.3665,3759232.09,2024,2024,False
Indonesia,ID,IDN,7221,iron_steel,15.3182,126405.17,2024,2024,False
Indonesia,ID,IDN,722219,iron_steel,55.6496,163150.56,2024,2024,False
Indonesia,ID,IDN,722220,iron_steel,20.635,92129.97,2024,2024,False
Indonesia,ID,IDN,722230,iron_steel,,107238.91,2024,2024,False
Indonesia,ID,IDN,722240,iron_steel,126.1738,220744.31,2024,2024,False
Indonesia,ID,IDN,722300,iron_steel,6096.179,17990242.72,2024,2024,False
Indonesia,ID,IDN,722410,iron_steel,0.018,183.04,2024,2024,False
Indonesia,ID,IDN,722490,iron_steel,7.3392,105202.75,2024,2024,False
Indonesia,ID,IDN,722511,iron_steel,,84429.03,2024,2024,False
Indonesia,ID,IDN,722519,iron_steel,0.0473,28.65,2024,2024,False
Indonesia,ID,IDN,722530,iron_steel,49.0535,42643.38,2024,2024,False
Indonesia,ID,IDN,722540,iron_steel,1026.3932,1896832.75,2024,2024,False
Indonesia,ID,IDN,722550,iron_steel,34.8744,20853.71,2024,2024,False
Indonesia,ID,IDN,722591,iron_steel,6.685,6659.42,2024,2024,False
Israel,IL,ISR,721990,iron_steel,0.898,10165.42,2024,2024,False
Israel,IL,ISR,722012,iron_steel,,8317.16,2024,2024,False
Israel,IL,ISR,722020,iron_steel,3.0267,12013.68,2024,2024,False
Israel,IL,ISR,722090,iron_steel,3.1136,24951.48,2024,2024,False
Israel,IL,ISR,7221,iron_steel,5.1522,16634.32,2024,2024,False
Israel,IL,ISR,722211,iron_steel,96.242,1471213.38,2024,2024,False
Israel,IL,ISR,722219,iron_steel,0.2112,924.13,2024,2024,False
Ukraine,UA,UKR,721932,iron_steel,0.3459,770.85,2024,2024,False
Ukraine,UA,UKR,721931,iron_steel,3.227,31543.54,2024,2024,False
Ukraine,UA,UKR,721923,iron_steel,16.598,6499.41,2024,2024,False
South Korea,KR,KOR,721924,iron_steel,614.1417,1433904.45,2024,2024,False
South Korea,KR,KOR,721720,iron_steel,17591.5228,29814930.23,2024,2024,False
South Korea,KR,KOR,721730,iron_steel,77318.4456,108738891.05,2024,2024,False
South Korea,KR,KOR,721790,iron_steel,15821.2235,28289494.5,2024,2024,False
South Korea,KR,KOR,721810,iron_steel,409.6885,280722.67,2024,2024,False
South Korea,KR,KOR,721891,iron_steel,3.0032,32074.67,2024,2024,False
South Korea,KR,KOR,721899,iron_steel,4352.9617,10614566.12,2024,2024,False
South Korea,KR,KOR,721911,iron_steel,3017.5946,7623897.05,2024,2024,False
South Korea,KR,KOR,721912,iron_steel,101072.062,170676236.02,2024,2024,False
South Korea,KR,KOR,721913,iron_steel,411890.062,655427247.94,2024,2024,False
South Korea,KR,KOR,721914,iron_steel,12618.7715,23845206.54,2024,2024,False
South Korea,KR,KOR,721921,iron_steel,25217.9341,70320128.45,2024,2024,False
South Korea,KR,KOR,721922,iron_steel,4291.0018,13649252.38,2024,2024,False
South Korea,KR,KOR,721923,iron_steel,208.4897,585371.04,2024,2024,False
South Korea,KR,KOR,721931,iron_steel,112.041,286678.68,2024,2024,False
Kenya,KE,KEN,721934,iron_steel,1.872,3826.2,2024,2024,False
South Korea,KR,KOR,721932,iron_steel,5656.2614,12662179.1,2024,2024,False
South Korea,KR,KOR,721933,iron_steel,172953.7817,315615982.81,2024,2024,False
South Korea,KR,KOR,721934,iron_steel,178601.0609,340796986.42,2024,2024,False
South Korea,KR,KOR,721935,iron_steel,18626.4987,43201551.61,2024,2024,False
Kuwait,KW,KWT,721720,iron_steel,0.7816,901.95,2024,2024,False
Kuwait,KW,KWT,721730,iron_steel,2.3252,3125.4,2024,2024,False
Kuwait,KW,KWT,721790,iron_steel,1.2553,1832.55,2024,2024,False
Kuwait,KW,KWT,721899,iron_steel,0.3127,1963.77,2024,2024,False
Kuwait,KW,KWT,721911,iron_steel,3.9583,11134.83,2024,2024,False
Kuwait,KW,KWT,721922,iron_steel,13.5891,45126.14,2024,2024,False
Kuwait,KW,KWT,721931,iron_steel,0.3849,1176.42,2024,2024,False
Lebanon,LB,LBN,721710,iron_steel,14.2408,14409.94,2024,2024,False
Lebanon,LB,LBN,721720,iron_steel,8.0706,9375.29,2024,2024,False
South Korea,KR,KOR,721710,iron_steel,79026.7671,127189621.11,2024,2024,False
Kenya,KE,KEN,721933,iron_steel,1.332,5309.22,2024,2024,False
Kazakhstan,KZ,KAZ,721710,iron_steel,7896.6604,7082793.61,2024,2024,False
Jordan,JO,JOR,721790,iron_steel,353.34,220920.63,2024,2024,False
Kazakhstan,KZ,KAZ,721730,iron_steel,18.61,94345.88,2024,2024,False
Kazakhstan,KZ,KAZ,721790,iron_steel,56.2646,51515.4,2024,2024,False
Kazakhstan,KZ,KAZ,721899,iron_steel,599.645,765369.19,2024,2024,False
Kazakhstan,KZ,KAZ,721921,iron_steel,0.17,11274.37,2024,2024,False
Kazakhstan,KZ,KAZ,721922,iron_steel,0.1042,4101.9,2024,2024,False
Kazakhstan,KZ,KAZ,721923,iron_steel,2.6242,31874.26,2024,2024,False
Kazakhstan,KZ,KAZ,721924,iron_steel,0.005,205.42,2024,2024,False
Kazakhstan,KZ,KAZ,721931,iron_steel,4.3404,331412.16,2024,2024,False
Kazakhstan,KZ,KAZ,721932,iron_steel,1.105,13517.84,2024,2024,False
Kazakhstan,KZ,KAZ,721933,iron_steel,5.625,69064.41,2024,2024,False
Kazakhstan,KZ,KAZ,721934,iron_steel,0.8,1654.33,2024,2024,False
Jordan,JO,JOR,721720,iron_steel,44.769,26195.23,2024,2024,False
Jordan,JO,JOR,721730,iron_steel,6.0,4487.88,2024,2024,False
Jordan,JO,JOR,721899,iron_steel,1.125,28382.47,2024,2024,False
Kenya,KE,KEN,721932,iron_steel,0.37,1076.74,2024,2024,False
Jordan,JO,JOR,721922,iron_steel,1987.16,3366434.87,2024,2024,False
Jordan,JO,JOR,721931,iron_steel,5.71,12646.43,2024,2024,False
Jordan,JO,JOR,721935,iron_steel,6.7155,25446.09,2024,2024,False
Kenya,KE,KEN,721710,iron_steel,13.085,23639.16,2024,2024,False
Kenya,KE,KEN,721720,iron_steel,4633.829,4182826.33,2024,2024,False
Kenya,KE,KEN,721790,iron_steel,11375.246,9813589.58,2024,2024,False
Kenya,KE,KEN,721899,iron_steel,0.8972,38832.26,2024,2024,False
Kenya,KE,KEN,721911,iron_steel,0.2,992.17,2024,2024,False
Kenya,KE,KEN,721912,iron_steel,0.702,1952.92,2024,2024,False
Kenya,KE,KEN,721914,iron_steel,0.548,1403.26,2024,2024,False
Kenya,KE,KEN,721922,iron_steel,3.5112,15277.66,2024,2024,False
Kenya,KE,KEN,721923,iron_steel,1.88,8851.32,2024,2024,False
Kenya,KE,KEN,721924,iron_steel,1.43,4496.26,2024,2024,False
Lebanon,LB,LBN,721790,iron_steel,3.8875,5908.88,2024,2024,False
Lebanon,LB,LBN,721810,iron_steel,,203.31,2024,2024,False
Lebanon,LB,LBN,721891,iron_steel,,32920.25,2024,2024,False
Mexico,MX,MEX,721932,iron_steel,898.787,2630089.64,2024,2024,False
Malaysia,MY,MYS,721935,iron_steel,1656.289,3938309.25,2024,2024,False
Mauritius,MU,MUS,721720,iron_steel,0.076,413.39,2024,2024,False
Mauritius,MU,MUS,721790,iron_steel,0.217,898.69,2024,2024,False
Mauritius,MU,MUS,721891,iron_steel,0.058,278.43,2024,2024,False
Mauritius,MU,MUS,721931,iron_steel,0.189,1897.63,2024,2024,False
Mexico,MX,MEX,721710,iron_steel,100298.68,92201947.14,2024,2024,False
Mexico,MX,MEX,721720,iron_steel,56009.375,53117375.47,2024,2024,False
Mexico,MX,MEX,721730,iron_steel,592.858,2979271.79,2024,2024,False
Mexico,MX,MEX,721790,iron_steel,3520.327,3962851.86,2024,2024,False
Mexico,MX,MEX,721810,iron_steel,1.101,7866.19,2024,2024,False
Mexico,MX,MEX,721921,iron_steel,5.835,30351.17,2024,2024,False
Mexico,MX,MEX,721922,iron_steel,49.385,275013.4,2024,2024,False
Mexico,MX,MEX,721924,iron_steel,1.647,11769.71,2024,2024,False
Mexico,MX,MEX,721933,iron_steel,15666.849,34652810.28,2024,2024,False
Lebanon,LB,LBN,721899,iron_steel,26.9422,168423.44,2024,2024,False
Mexico,MX,MEX,721934,iron_steel,17916.455,35365523.52,2024,2024,False
Mexico,MX,MEX,721935,iron_steel,1413.511,4246787.73,2024,2024,False
Moldova,MD,MDA,721710,iron_steel,7.029,5738.84,2024,2024,False
Moldova,MD,MDA,721720,iron_steel,32.52,32747.44,2024,2024,False
Moldova,MD,MDA,721912,iron_steel,1.5,9076.8,2024,2024,False
Moldova,MD,MDA,721932,iron_steel,0.311,492.56,2024,2024,False
Moldova,MD,MDA,721933,iron_steel,5.12,6601.05,2024,2024,False
Moldova,MD,MDA,721934,iron_steel,6.284,7374.55,2024,2024,False
Morocco,MA,MAR,721710,iron_steel,528.3001,413691.41,2024,2024,False
Morocco,MA,MAR,721720,iron_steel,455.754,408505.91,2024,2024,False
Morocco,MA,MAR,721730,iron_steel,45.382,56271.3,2024,2024,False
Morocco,MA,MAR,721790,iron_steel,6.992,31679.78,2024,2024,False
Morocco,MA,MAR,721924,iron_steel,0.141,3274.67,2024,2024,False
Malaysia,MY,MYS,721934,iron_steel,9997.6987,21621786.57,2024,2024,False
Malaysia,MY,MYS,721933,iron_steel,25436.0239,50302322.88,2024,2024,False
Malaysia,MY,MYS,721932,iron_steel,5879.0688,12506836.53,2024,2024,False
Malaysia,MY,MYS,721931,iron_steel,1400.3335,2406038.46,2024,2024,False
Lebanon,LB,LBN,721911,iron_steel,15.8056,45789.67,2024,2024,False
Lebanon,LB,LBN,721912,iron_steel,6.5565,16488.31,2024,2024,False
Lebanon,LB,LBN,721913,iron_steel,38.8307,74592.92,2024,2024,False
Lebanon,LB,LBN,721921,iron_steel,6.041,22436.93,2024,2024,False
Lebanon,LB,LBN,721922,iron_steel,20.5145,68595.32,2024,2024,False
Lebanon,LB,LBN,721924,iron_steel,3.2399,6524.35,2024,2024,False
Lebanon,LB,LBN,721932,iron_steel,1.2549,3541.26,2024,2024,False
Lebanon,LB,LBN,721933,iron_steel,21.6638,55447.74,2024,2024,False
Lebanon,LB,LBN,721934,iron_steel,22.4464,57478.98,2024,2024,False
Madagascar,MG,MDG,721710,iron_steel,0.03,18.79,2024,2024,False
Madagascar,MG,MDG,721720,iron_steel,20.145,27957.73,2024,2024,False
Madagascar,MG,MDG,721790,iron_steel,89.496,112726.74,2024,2024,False
Malaysia,MY,MYS,721710,iron_steel,34890.6452,27878649.29,2024,2024,False
Malaysia,MY,MYS,721720,iron_steel,72592.7859,61325296.25,2024,2024,False
Malaysia,MY,MYS,721730,iron_steel,63823.9091,61730048.51,2024,2024,False
Malaysia,MY,MYS,721790,iron_steel,1805.0213,1356485.82,2024,2024,False
Malaysia,MY,MYS,721810,iron_steel,17.3613,490180.56,2024,2024,False
Malaysia,MY,MYS,721891,iron_steel,6.2071,7076.11,2024,2024,False
Malaysia,MY,MYS,721899,iron_steel,71.4993,371441.49,2024,2024,False
Malaysia,MY,MYS,721911,iron_steel,91.5036,231688.53,2024,2024,False
Malaysia,MY,MYS,721912,iron_steel,7708.1841,15084567.79,2024,2024,False
Malaysia,MY,MYS,721913,iron_steel,917.3724,1666954.03,2024,2024,False
Malaysia,MY,MYS,721914,iron_steel,819.3214,1812743.35,2024,2024,False
Malaysia,MY,MYS,721921,iron_steel,550.6275,1084660.2,2024,2024,False
Malaysia,MY,MYS,721922,iron_steel,1619.9214,3228364.67,2024,2024,False
Malaysia,MY,MYS,721923,iron_steel,1581.9791,2810214.6,2024,2024,False
Malaysia,MY,MYS,721924,iron_steel,596.3558,1448651.19,2024,2024,False
Kazakhstan,KZ,KAZ,721720,iron_steel,1201.9388,1218365.1,2024,2024,False
Japan,JP,JPN,721935,iron_steel,8877.86,34583012.31,2024,2024,False
Ukraine,UA,UKR,721922,iron_steel,20.4572,9998.25,2024,2024,False
Guatemala,GT,GTM,721934,iron_steel,73.578,215086.41,2024,2024,False
Guatemala,GT,GTM,721730,iron_steel,1400.48,1600814.16,2024,2024,False
Guatemala,GT,GTM,721790,iron_steel,208.36,34104.06,2024,2024,False
Guatemala,GT,GTM,721899,iron_steel,0.487,20998.06,2024,2024,False
Guatemala,GT,GTM,721911,iron_steel,1.151,12544.13,2024,2024,False
Guatemala,GT,GTM,721912,iron_steel,0.656,8821.74,2024,2024,False
Guatemala,GT,GTM,721913,iron_steel,1.945,14665.0,2024,2024,False
Guatemala,GT,GTM,721914,iron_steel,8.58,51953.61,2024,2024,False
Guatemala,GT,GTM,721921,iron_steel,32.571,110742.08,2024,2024,False
Guatemala,GT,GTM,721922,iron_steel,114.564,447396.73,2024,2024,False
Guatemala,GT,GTM,721923,iron_steel,22.952,92799.19,2024,2024,False
Guatemala,GT,GTM,721924,iron_steel,2.66,8453.93,2024,2024,False
Guatemala,GT,GTM,721932,iron_steel,41.398,126768.32,2024,2024,False
Guatemala,GT,GTM,721933,iron_steel,76.297,235700.95,2024,2024,False
Guatemala,GT,GTM,721935,iron_steel,0.125,963.87,2024,2024,False
Guatemala,GT,GTM,721710,iron_steel,9875.254,8863840.68,2024,2024,False
Honduras,HN,HND,721710,iron_steel,447.1175,413179.41,2024,2024,False
Honduras,HN,HND,721730,iron_steel,0.2727,1005.3,2024,2024,False
Honduras,HN,HND,721933,iron_steel,0.51,8104.24,2024,2024,False
Hong Kong,HK,HKG,721710,iron_steel,769.162,1628908.41,2024,2024,False
Hong Kong,HK,HKG,721720,iron_steel,8.205,27542.57,2024,2024,False
Hong Kong,HK,HKG,721730,iron_steel,82.64,675623.18,2024,2024,False
Hong Kong,HK,HKG,721790,iron_steel,63.188,721477.37,2024,2024,False
Hong Kong,HK,HKG,721810,iron_steel,105.542,194277.52,2024,2024,False
Hong Kong,HK,HKG,721891,iron_steel,11.155,384850.04,2024,2024,False
Hong Kong,HK,HKG,721899,iron_steel,9.507,305841.24,2024,2024,False
Hong Kong,HK,HKG,721911,iron_steel,0.027,6021.77,2024,2024,False
Hong Kong,HK,HKG,721912,iron_steel,264.297,1863066.19,2024,2024,False
Hong Kong,HK,HKG,721913,iron_steel,287.937,1545906.97,2024,2024,False
Guatemala,GT,GTM,721720,iron_steel,30.758,50108.12,2024,2024,False
Georgia,GE,GEO,721935,iron_steel,0.512,1433.89,2024,2024,False
Japan,JP,JPN,721934,iron_steel,75821.418,154618271.2,2024,2024,False
Ecuador,EC,ECU,721923,iron_steel,0.064,342.28,2024,2024,False
Dominican Republic,DO,DOM,721720,iron_steel,1259.3273,1198927.55,2024,2024,False
Dominican Republic,DO,DOM,721730,iron_steel,1.417,1651.61,2024,2024,False
Dominican Republic,DO,DOM,721912,iron_steel,0.288,2810.14,2024,2024,False
Dominican Republic,DO,DOM,721922,iron_steel,2.6111,9886.22,2024,2024,False
Dominican Republic,DO,DOM,721932,iron_steel,1.338,8519.75,2024,2024,False
Dominican Republic,DO,DOM,721933,iron_steel,27.239,118980.52,2024,2024,False
Ecuador,EC,ECU,721710,iron_steel,81.373,88831.72,2024,2024,False
Ecuador,EC,ECU,721720,iron_steel,140.2199,149385.52,2024,2024,False
Ecuador,EC,ECU,721730,iron_steel,10.6213,10593.66,2024,2024,False
Ecuador,EC,ECU,721790,iron_steel,620.1,597120.26,2024,2024,False
Ecuador,EC,ECU,721899,iron_steel,0.4962,22.25,2024,2024,False
Ecuador,EC,ECU,721921,iron_steel,0.0055,3484.15,2024,2024,False
Ecuador,EC,ECU,721922,iron_steel,11.9126,80681.12,2024,2024,False
Ecuador,EC,ECU,721924,iron_steel,2.2665,1457.43,2024,2024,False
Georgia,GE,GEO,721934,iron_steel,3.364,9742.41,2024,2024,False
Ecuador,EC,ECU,721933,iron_steel,11.755,31809.44,2024,2024,False
El Salvador,SV,SLV,721710,iron_steel,12978.7037,13242223.7,2024,2024,False
El Salvador,SV,SLV,721720,iron_steel,0.914,1398.97,2024,2024,False
El Salvador,SV,SLV,721730,iron_steel,181.4346,194380.27,2024,2024,False
El Salvador,SV,SLV,721790,iron_steel,1.058,4367.34,2024,2024,False
El Salvador,SV,SLV,721923,iron_steel,0.525,1583.96,2024,2024,False
El Salvador,SV,SLV,721935,iron_steel,0.0455,352.46,2024,2024,False
Georgia,GE,GEO,721710,iron_steel,30.3252,27442.27,2024,2024,False
Georgia,GE,GEO,721720,iron_steel,392.493,312116.61,2024,2024,False
Georgia,GE,GEO,721790,iron_steel,0.0175,48.0,2024,2024,False
Georgia,GE,GEO,721810,iron_steel,42.92,63065.15,2024,2024,False
Georgia,GE,GEO,721923,iron_steel,0.249,685.91,2024,2024,False
Georgia,GE,GEO,721933,iron_steel,12.962,27735.12,2024,2024,False
Hong Kong,HK,HKG,721914,iron_steel,303.651,787735.42,2024,2024,False
Hong Kong,HK,HKG,721921,iron_steel,38.098,74599.79,2024,2024,False
Hong Kong,HK,HKG,721922,iron_steel,27.811,224381.51,2024,2024,False
Japan,JP,JPN,721790,iron_steel,2222.945,10845022.52,2024,2024,False
Israel,IL,ISR,721914,iron_steel,0.537,2772.39,2024,2024,False
Israel,IL,ISR,721922,iron_steel,1.159,5544.77,2024,2024,False
Israel,IL,ISR,721923,iron_steel,0.569,924.13,2024,2024,False
Israel,IL,ISR,721931,iron_steel,4.2394,12937.81,2024,2024,False
Israel,IL,ISR,721933,iron_steel,13.3593,34192.77,2024,2024,False
Ivory Coast,CI,CIV,721710,iron_steel,872.37,569826.05,2024,2024,False
Ivory Coast,CI,CIV,721720,iron_steel,330.684,357315.86,2024,2024,False
Ivory Coast,CI,CIV,721790,iron_steel,0.525,4085.16,2024,2024,False
Ivory Coast,CI,CIV,721922,iron_steel,0.588,3009.3,2024,2024,False
Jamaica,JM,JAM,721710,iron_steel,3.4091,5499.49,2024,2024,False
Japan,JP,JPN,721710,iron_steel,34397.001,76637958.1,2024,2024,False
Japan,JP,JPN,721720,iron_steel,5589.4435,17286414.38,2024,2024,False
Japan,JP,JPN,721730,iron_steel,,16626955.9,2024,2024,False
Japan,JP,JPN,721810,iron_steel,74.3,483181.62,2024,2024,False
Hong Kong,HK,HKG,721923,iron_steel,47.681,337797.32,2024,2024,False
Japan,JP,JPN,721891,iron_steel,136.076,1074578.78,2024,2024,False
Japan,JP,JPN,721899,iron_steel,315.749,6303669.65,2024,2024,False
Japan,JP,JPN,721911,iron_steel,46.399,232896.94,2024,2024,False
Japan,JP,JPN,721912,iron_steel,26166.862,47824418.35,2024,2024,False
Japan,JP,JPN,721913,iron_steel,63060.253,92488228.64,2024,2024,False
Japan,JP,JPN,721914,iron_steel,1968.932,2658060.6,2024,2024,False
Japan,JP,JPN,721921,iron_steel,15853.79,60494934.76,2024,2024,False
Japan,JP,JPN,721922,iron_steel,12312.48,51686012.8,2024,2024,False
Japan,JP,JPN,721923,iron_steel,1449.94,5289367.99,2024,2024,False
Japan,JP,JPN,721924,iron_steel,171.211,212474.88,2024,2024,False
Japan,JP,JPN,721931,iron_steel,751.524,4722367.41,2024,2024,False
Japan,JP,JPN,721932,iron_steel,6553.659,20471473.97,2024,2024,False
Japan,JP,JPN,721933,iron_steel,135701.092,295575510.39,2024,2024,False
Israel,IL,ISR,721911,iron_steel,0.319,924.13,2024,2024,False
Israel,IL,ISR,721899,iron_steel,9.3133,58220.13,2024,2024,False
Israel,IL,ISR,721810,iron_steel,,12013.68,2024,2024,False
Israel,IL,ISR,721790,iron_steel,1056.6864,1606136.22,2024,2024,False
Hong Kong,HK,HKG,721924,iron_steel,513.096,2084311.71,2024,2024,False
Hong Kong,HK,HKG,721931,iron_steel,75.071,363215.32,2024,2024,False
Hong Kong,HK,HKG,721932,iron_steel,212.722,466818.5,2024,2024,False
Hong Kong,HK,HKG,721933,iron_steel,1081.761,3549314.69,2024,2024,False
Hong Kong,HK,HKG,721934,iron_steel,786.107,2075931.61,2024,2024,False
Hong Kong,HK,HKG,721935,iron_steel,134.082,427362.54,2024,2024,False
Indonesia,ID,IDN,721710,iron_steel,1227.692,2414607.65,2024,2024,False
Indonesia,ID,IDN,721720,iron_steel,,2110942.37,2024,2024,False
Indonesia,ID,IDN,721730,iron_steel,1621.6266,2860566.25,2024,2024,False
Indonesia,ID,IDN,721790,iron_steel,8.6877,15325.22,2024,2024,False
Indonesia,ID,IDN,721810,iron_steel,8045.0127,8470560.96,2024,2024,False
Indonesia,ID,IDN,721891,iron_steel,911144.77,1421971138.49,2024,2024,False
Indonesia,ID,IDN,721899,iron_steel,522037.368,759509983.33,2024,2024,False
Indonesia,ID,IDN,721911,iron_steel,25958.6049,46174579.54,2024,2024,False
Indonesia,ID,IDN,721912,iron_steel,606862.6057,1057516738.49,2024,2024,False
Indonesia,ID,IDN,721913,iron_steel,1179657.71,1946308996.4,2024,2024,False
Indonesia,ID,IDN,721914,iron_steel,365178.9265,588555473.59,2024,2024,False
Indonesia,ID,IDN,721921,iron_steel,4.0589,21243.51,2024,2024,False
Indonesia,ID,IDN,721922,iron_steel,0.1,1787.12,2024,2024,False
Indonesia,ID,IDN,721923,iron_steel,0.189,2742.77,2024,2024,False
Indonesia,ID,IDN,721931,iron_steel,17.461,9050.46,2024,2024,False
Indonesia,ID,IDN,721932,iron_steel,120346.4635,191836744.29,2024,2024,False
Indonesia,ID,IDN,721933,iron_steel,612624.4281,985367710.28,2024,2024,False
Indonesia,ID,IDN,721934,iron_steel,281782.4917,453427784.04,2024,2024,False
Indonesia,ID,IDN,721935,iron_steel,47615.5146,80661206.86,2024,2024,False
Israel,IL,ISR,721710,iron_steel,22.0,36965.16,2024,2024,False
Israel,IL,ISR,721730,iron_steel,269.374,292948.9,2024,2024,False
Oman,OM,OMN,721710,iron_steel,58.151,38986.47,2024,2024,False
Oman,OM,OMN,721720,iron_steel,28484.264,25355778.21,2024,2024,False
Oman,OM,OMN,721790,iron_steel,4810.596,3318591.73,2024,2024,False
South Africa,ZA,ZAF,721924,iron_steel,194.5228,597101.71,2024,2024,False
South Africa,ZA,ZAF,721720,iron_steel,46623.9268,44156985.93,2024,2024,False
South Africa,ZA,ZAF,721730,iron_steel,546.5117,739680.4,2024,2024,False
South Africa,ZA,ZAF,721790,iron_steel,11701.3718,11106863.77,2024,2024,False
South Africa,ZA,ZAF,721810,iron_steel,39.9431,112729.86,2024,2024,False
South Africa,ZA,ZAF,721891,iron_steel,38.2246,111523.57,2024,2024,False
South Africa,ZA,ZAF,721899,iron_steel,96.0107,674894.42,2024,2024,False
South Africa,ZA,ZAF,721911,iron_steel,315.7515,491997.5,2024,2024,False
South Africa,ZA,ZAF,721912,iron_steel,658.2256,1117787.53,2024,2024,False
South Africa,ZA,ZAF,721913,iron_steel,1123.7084,2127804.79,2024,2024,False
South Africa,ZA,ZAF,721914,iron_steel,96.3955,352613.97,2024,2024,False
South Africa,ZA,ZAF,721921,iron_steel,1478.7536,3233295.46,2024,2024,False
South Africa,ZA,ZAF,721922,iron_steel,4702.3452,9207298.61,2024,2024,False
South Africa,ZA,ZAF,721923,iron_steel,3760.825,6449626.79,2024,2024,False
South Africa,ZA,ZAF,721931,iron_steel,,857934.67,2024,2024,False
Singapore,SG,SGP,721935,iron_steel,77.46,397353.11,2024,2024,False
South Africa,ZA,ZAF,721932,iron_steel,,2338200.46,2024,2024,False
South Africa,ZA,ZAF,721933,iron_steel,15520.8164,29561792.57,2024,2024,False
South Africa,ZA,ZAF,721934,iron_steel,,17399391.44,2024,2024,False
South Africa,ZA,ZAF,721935,iron_steel,616.8312,1225338.66,2024,2024,False
Zimbabwe,ZW,ZWE,721710,iron_steel,30.288,24842.72,2024,2024,False
Zimbabwe,ZW,ZWE,721720,iron_steel,25.472,45199.04,2024,2024,False
Suriname,SR,SUR,721790,iron_steel,0.078,1142.41,2024,2024,False
Suriname,SR,SUR,721913,iron_steel,6.0,3604.1,2024,2024,False
Thailand,TH,THA,721710,iron_steel,,22852367.44,2024,2024,False
Thailand,TH,THA,721720,iron_steel,,15663069.7,2024,2024,False
Thailand,TH,THA,721730,iron_steel,21748.1468,20330696.13,2024,2024,False
Thailand,TH,THA,721790,iron_steel,2098.8228,2174976.82,2024,2024,False
Thailand,TH,THA,721891,iron_steel,0.018,612.99,2024,2024,False
South Africa,ZA,ZAF,721710,iron_steel,10543.8558,8639835.33,2024,2024,False
Singapore,SG,SGP,721934,iron_steel,689.7209,1466102.88,2024,2024,False
Oman,OM,OMN,721810,iron_steel,0.3992,5037.64,2024,2024,False
Singapore,SG,SGP,721730,iron_steel,324.1711,1349994.87,2024,2024,False
India,IN,IND,721913,iron_steel,16053.285,35790630.6,2024,2024,False
India,IN,IND,721914,iron_steel,4777.812,9072764.15,2024,2024,False
India,IN,IND,721921,iron_steel,41500.3576,101062602.76,2024,2024,False
India,IN,IND,721922,iron_steel,31521.4804,72418095.28,2024,2024,False
India,IN,IND,721923,iron_steel,9138.0334,18605990.51,2024,2024,False
India,IN,IND,721924,iron_steel,202.6702,365521.57,2024,2024,False
India,IN,IND,721931,iron_steel,,7361901.47,2024,2024,False
India,IN,IND,721932,iron_steel,10888.278,22652023.95,2024,2024,False
India,IN,IND,721933,iron_steel,37708.1079,75298259.51,2024,2024,False
India,IN,IND,721934,iron_steel,20309.286,39211268.43,2024,2024,False
India,IN,IND,721935,iron_steel,5063.145,9915429.47,2024,2024,False
Singapore,SG,SGP,721710,iron_steel,14257.837,11181290.61,2024,2024,False
Singapore,SG,SGP,721720,iron_steel,4304.7094,4296060.83,2024,2024,False
Singapore,SG,SGP,721790,iron_steel,28838.7,16507677.72,2024,2024,False
Singapore,SG,SGP,721933,iron_steel,,7996533.24,2024,2024,False
Singapore,SG,SGP,721810,iron_steel,37.9922,474391.68,2024,2024,False
Singapore,SG,SGP,721891,iron_steel,0.6321,175207.36,2024,2024,False
Singapore,SG,SGP,721899,iron_steel,751.1268,3458471.72,2024,2024,False
Singapore,SG,SGP,721911,iron_steel,27.3,160287.64,2024,2024,False
Singapore,SG,SGP,721912,iron_steel,31.69,47789.04,2024,2024,False
Singapore,SG,SGP,721913,iron_steel,29.9756,169487.2,2024,2024,False
Singapore,SG,SGP,721914,iron_steel,44.09,122425.71,2024,2024,False
Singapore,SG,SGP,721921,iron_steel,1620.7272,3751056.17,2024,2024,False
Singapore,SG,SGP,721922,iron_steel,6083.05,15942503.45,2024,2024,False
Singapore,SG,SGP,721923,iron_steel,3718.86,9505850.28,2024,2024,False
Singapore,SG,SGP,721924,iron_steel,125.6,389256.64,2024,2024,False
Singapore,SG,SGP,721931,iron_steel,127.9214,433579.42,2024,2024,False
Singapore,SG,SGP,721932,iron_steel,200.6242,651050.0,2024,2024,False
Thailand,TH,THA,721899,iron_steel,770.5865,452546.15,2024,2024,False
Thailand,TH,THA,721911,iron_steel,1.049,3218.82,2024,2024,False
Thailand,TH,THA,721912,iron_steel,2145.957,3711620.28,2024,2024,False
Turkey,TR,TUR,721934,iron_steel,42152.011,88559277.33,2024,2024,False
Turkey,TR,TUR,721891,iron_steel,46.786,57018.76,2024,2024,False
Turkey,TR,TUR,721899,iron_steel,106.972,1128754.27,2024,2024,False
Turkey,TR,TUR,721911,iron_steel,65.615,145199.15,2024,2024,False
Turkey,TR,TUR,721912,iron_steel,577.674,1547438.31,2024,2024,False
Turkey,TR,TUR,721913,iron_steel,1147.342,2246400.52,2024,2024,False
Turkey,TR,TUR,721914,iron_steel,44.737,153669.72,2024,2024,False
Turkey,TR,TUR,721921,iron_steel,2159.602,6861816.84,2024,2024,False
Turkey,TR,TUR,721922,iron_steel,4300.451,10825940.3,2024,2024,False
Turkey,TR,TUR,721923,iron_steel,2661.124,5839644.21,2024,2024,False
Turkey,TR,TUR,721924,iron_steel,452.298,671981.33,2024,2024,False
Turkey,TR,TUR,721931,iron_steel,527.681,1440548.93,2024,2024,False
Turkey,TR,TUR,721932,iron_steel,6566.623,15775652.9,2024,2024,False
Turkey,TR,TUR,721933,iron_steel,28588.831,62059395.62,2024,2024,False
Turkey,TR,TUR,721935,iron_steel,12790.654,30121736.44,2024,2024,False
Thailand,TH,THA,721913,iron_steel,7422.11,12923502.07,2024,2024,False
Uganda,UG,UGA,721710,iron_steel,51.507,60887.48,2024,2024,False
Uganda,UG,UGA,721720,iron_steel,2501.6552,2288713.89,2024,2024,False
Uganda,UG,UGA,721730,iron_steel,158.88,140830.06,2024,2024,False
Uganda,UG,UGA,721790,iron_steel,21.41,25950.61,2024,2024,False
Uganda,UG,UGA,721899,iron_steel,6.0,2021.3,2024,2024,False
Uganda,UG,UGA,721911,iron_steel,0.05,91.44,2024,2024,False
Uganda,UG,UGA,721933,iron_steel,0.697,3099.71,2024,2024,False
Ukraine,UA,UKR,721710,iron_steel,90727.658,68899804.69,2024,2024,False
Ukraine,UA,UKR,721720,iron_steel,46164.813,39699094.88,2024,2024,False
Ukraine,UA,UKR,721730,iron_steel,703.7176,727459.96,2024,2024,False
Ukraine,UA,UKR,721790,iron_steel,472.0705,511466.68,2024,2024,False
Ukraine,UA,UKR,721891,iron_steel,5.998,34001.63,2024,2024,False
Ukraine,UA,UKR,721921,iron_steel,7.354,28382.64,2024,2024,False
Turkey,TR,TUR,721810,iron_steel,58.144,145947.69,2024,2024,False
Turkey,TR,TUR,721790,iron_steel,16581.179,16215846.96,2024,2024,False
Turkey,TR,TUR,721730,iron_steel,6882.995,10286755.38,2024,2024,False
Turkey,TR,TUR,721720,iron_steel,211950.938,173993958.97,2024,2024,False
Thailand,TH,THA,721914,iron_steel,1372.636,1498317.42,2024,2024,False
Thailand,TH,THA,721921,iron_steel,46.668,237482.89,2024,2024,False
Thailand,TH,THA,721922,iron_steel,391.494,793206.71,2024,2024,False
Thailand,TH,THA,721923,iron_steel,10.029,39174.36,2024,2024,False
Thailand,TH,THA,721924,iron_steel,3.756,15516.87,2024,2024,False
Thailand,TH,THA,721931,iron_steel,0.013,46.21,2024,2024,False
Thailand,TH,THA,721932,iron_steel,1260.577,2644214.81,2024,2024,False
Thailand,TH,THA,721933,iron_steel,13078.104,23643032.08,2024,2024,False
Thailand,TH,THA,721934,iron_steel,22897.65,44478943.68,2024,2024,False
Thailand,TH,THA,721935,iron_steel,9235.403,16399472.85,2024,2024,False
Togo,TG,TGO,721710,iron_steel,5.0,2952.54,2024,2024,False
Togo,TG,TGO,721720,iron_steel,728.0,599955.46,2024,2024,False
Togo,TG,TGO,721790,iron_steel,30.0,37201.96,2024,2024,False
Trinidad and Tobago,TT,TTO,721710,iron_steel,38.2327,44520.57,2024,2024,False
Trinidad and Tobago,TT,TTO,721720,iron_steel,1.815,6451.4,2024,2024,False
Trinidad and Tobago,TT,TTO,721790,iron_steel,89.5965,153314.04,2024,2024,False
Trinidad and Tobago,TT,TTO,721891,iron_steel,0.009,191.67,2024,2024,False
Trinidad and Tobago,TT,TTO,721899,iron_steel,0.526,46462.03,2024,2024,False
Tunisia,TN,TUN,721710,iron_steel,2375.5562,2403771.16,2024,2024,False
Tunisia,TN,TUN,721790,iron_steel,920.5426,1399201.07,2024,2024,False
Tunisia,TN,TUN,721899,iron_steel,0.0587,366.98,2024,2024,False
Tunisia,TN,TUN,721921,iron_steel,7.3331,27236.0,2024,2024,False
Tunisia,TN,TUN,721931,iron_steel,6.8348,20858.44,2024,2024,False
Tunisia,TN,TUN,721933,iron_steel,3.1364,8027.49,2024,2024,False
Tunisia,TN,TUN,721934,iron_steel,16.4189,42044.31,2024,2024,False
Tunisia,TN,TUN,721935,iron_steel,2.8206,7795.22,2024,2024,False
Turkey,TR,TUR,721710,iron_steel,56359.159,45678381.85,2024,2024,False
India,IN,IND,721912,iron_steel,32255.926,77820508.37,2024,2024,False
India,IN,IND,721911,iron_steel,312.3254,1123038.96,2024,2024,False
India,IN,IND,721899,iron_steel,12278.4089,27030585.17,2024,2024,False
Pakistan,PK,PAK,721921,iron_steel,1.0,1013.4,2024,2024,False
New Zealand,NZ,NZL,721934,iron_steel,4.222,19676.02,2024,2024,False
Nicaragua,NI,NIC,721710,iron_steel,247.3028,226400.06,2024,2024,False
Nicaragua,NI,NIC,721720,iron_steel,174.9177,190125.13,2024,2024,False
Nicaragua,NI,NIC,721931,iron_steel,0.7431,5571.48,2024,2024,False
Nicaragua,NI,NIC,721932,iron_steel,1.2968,5630.44,2024,2024,False
Nicaragua,NI,NIC,721933,iron_steel,0.7557,11595.42,2024,2024,False
Nicaragua,NI,NIC,721934,iron_steel,1.9452,1448.94,2024,2024,False
Niger,NE,NER,721790,iron_steel,0.288,1261.3,2024,2024,False
Nigeria,NG,NGA,721710,iron_steel,101.0,87109.13,2024,2024,False
Nigeria,NG,NGA,721810,iron_steel,198.93,228933.23,2024,2024,False
Pakistan,PK,PAK,721810,iron_steel,7.0,40512.32,2024,2024,False
Pakistan,PK,PAK,721891,iron_steel,1.0,376.83,2024,2024,False
Pakistan,PK,PAK,721899,iron_steel,1.0,2709.61,2024,2024,False
Pakistan,PK,PAK,721923,iron_steel,1.0,166.41,2024,2024,False
Peru,PE,PER,721911,iron_steel,59.537,47426.57,2024,2024,False
Pakistan,PK,PAK,721933,iron_steel,12.0,10998.37,2024,2024,False
Panama,PA,PAN,721720,iron_steel,58.522,60874.23,2024,2024,False
Panama,PA,PAN,721913,iron_steel,0.468,51688.38,2024,2024,False
Panama,PA,PAN,721921,iron_steel,8.892,10478.7,2024,2024,False
Panama,PA,PAN,721922,iron_steel,0.37,964.79,2024,2024,False
Panama,PA,PAN,721932,iron_steel,0.211,412.16,2024,2024,False
Panama,PA,PAN,721933,iron_steel,14.915,54859.07,2024,2024,False
Panama,PA,PAN,721934,iron_steel,13.665,45455.13,2024,2024,False
Paraguay,PY,PRY,721934,iron_steel,10.316,12836.15,2024,2024,False
Peru,PE,PER,721710,iron_steel,2947.4151,2432271.8,2024,2024,False
Peru,PE,PER,721720,iron_steel,5789.5263,6495927.31,2024,2024,False
Peru,PE,PER,721730,iron_steel,7.0,6978.32,2024,2024,False
Peru,PE,PER,721790,iron_steel,170.9651,257151.64,2024,2024,False
New Zealand,NZ,NZL,721933,iron_steel,1.24,3354.1,2024,2024,False
New Zealand,NZ,NZL,721932,iron_steel,1.4,5665.67,2024,2024,False
New Zealand,NZ,NZL,721931,iron_steel,0.819,4799.88,2024,2024,False
New Zealand,NZ,NZL,721924,iron_steel,23.348,49451.25,2024,2024,False
Oman,OM,OMN,721891,iron_steel,21.0,123071.39,2024,2024,False
Oman,OM,OMN,721899,iron_steel,307.83,118728.35,2024,2024,False
Oman,OM,OMN,721911,iron_steel,52.0,12534.03,2024,2024,False
Oman,OM,OMN,721912,iron_steel,35.0,4566.57,2024,2024,False
Oman,OM,OMN,721914,iron_steel,19.126,13754.98,2024,2024,False
Oman,OM,OMN,721921,iron_steel,47.697,135177.6,2024,2024,False
Oman,OM,OMN,721933,iron_steel,141.254,22282.45,2024,2024,False
Oman,OM,OMN,721934,iron_steel,0.388,987.82,2024,2024,False
Namibia,,NAM,721710,iron_steel,0.004,2.4,2024,2024,False
Namibia,,NAM,721720,iron_steel,1.285,2879.0,2024,2024,False
Namibia,,NAM,721790,iron_steel,6.641,42313.38,2024,2024,False
Namibia,,NAM,721899,iron_steel,0.145,1718.34,2024,2024,False
Namibia,,NAM,721921,iron_steel,0.314,204.29,2024,2024,False
Namibia,,NAM,721923,iron_steel,0.651,809.95,2024,2024,False
Namibia,,NAM,721933,iron_steel,0.608,1166.14,2024,2024,False
New Zealand,NZ,NZL,721710,iron_steel,8.829,55930.13,2024,2024,False
New Zealand,NZ,NZL,721720,iron_steel,272.1214,663378.43,2024,2024,False
New Zealand,NZ,NZL,721730,iron_steel,12.101,88953.75,2024,2024,False
New Zealand,NZ,NZL,721790,iron_steel,1.077,15000.31,2024,2024,False
New Zealand,NZ,NZL,721810,iron_steel,0.002,2109.66,2024,2024,False
New Zealand,NZ,NZL,721891,iron_steel,0.02,113.54,2024,2024,False
New Zealand,NZ,NZL,721899,iron_steel,110.185,252166.87,2024,2024,False
New Zealand,NZ,NZL,721911,iron_steel,0.802,4849.09,2024,2024,False
New Zealand,NZ,NZL,721912,iron_steel,9.445,15188.23,2024,2024,False
New Zealand,NZ,NZL,721913,iron_steel,15.3,74086.55,2024,2024,False
New Zealand,NZ,NZL,721914,iron_steel,0.326,1873.64,2024,2024,False
New Zealand,NZ,NZL,721921,iron_steel,275.472,224037.09,2024,2024,False
Peru,PE,PER,721899,iron_steel,3.174,323.17,2024,2024,False
Peru,PE,PER,721912,iron_steel,20.1582,38327.71,2024,2024,False
India,IN,IND,721891,iron_steel,498.5351,1253845.23,2024,2024,False
Serbia,RS,SRB,721914,iron_steel,0.018,443.58,2024,2024,False
Saudi Arabia,SA,SAU,721924,iron_steel,0.059,1097.87,2024,2024,False
Saudi Arabia,SA,SAU,721933,iron_steel,608.597,429503.12,2024,2024,False
Senegal,SN,SEN,721710,iron_steel,1.365,4228.75,2024,2024,False
Senegal,SN,SEN,721720,iron_steel,188.6,198916.52,2024,2024,False
Senegal,SN,SEN,721790,iron_steel,280.505,238718.82,2024,2024,False
Senegal,SN,SEN,721810,iron_steel,21.5,9801.76,2024,2024,False
Senegal,SN,SEN,721914,iron_steel,0.005,578.7,2024,2024,False
Serbia,RS,SRB,721710,iron_steel,722.5072,682563.53,2024,2024,False
Serbia,RS,SRB,721720,iron_steel,1040.239,1256837.63,2024,2024,False
Serbia,RS,SRB,721730,iron_steel,65.7548,110194.07,2024,2024,False
Serbia,RS,SRB,721790,iron_steel,486.349,471053.51,2024,2024,False
Serbia,RS,SRB,721899,iron_steel,16.601,113008.04,2024,2024,False
Serbia,RS,SRB,721913,iron_steel,0.017,149.71,2024,2024,False
Serbia,RS,SRB,721921,iron_steel,4.511,15168.65,2024,2024,False
Peru,PE,PER,721913,iron_steel,14.5065,17950.31,2024,2024,False
Serbia,RS,SRB,721922,iron_steel,31.004,107658.26,2024,2024,False
Serbia,RS,SRB,721923,iron_steel,0.342,930.6,2024,2024,False
Serbia,RS,SRB,721924,iron_steel,0.56,564.64,2024,2024,False
Serbia,RS,SRB,721931,iron_steel,8.351,24730.62,2024,2024,False
Serbia,RS,SRB,721932,iron_steel,12.904,49813.33,2024,2024,False
Serbia,RS,SRB,721933,iron_steel,127.954,361109.88,2024,2024,False
Serbia,RS,SRB,721934,iron_steel,48.987,145260.14,2024,2024,False
Serbia,RS,SRB,721935,iron_steel,4.541,12006.28,2024,2024,False
India,IN,IND,721710,iron_steel,11975.0065,14995080.78,2024,2024,False
India,IN,IND,721720,iron_steel,33824.718,28629316.15,2024,2024,False
India,IN,IND,721730,iron_steel,5255.6506,5201033.5,2024,2024,False
India,IN,IND,721790,iron_steel,2729.9774,2420036.48,2024,2024,False
India,IN,IND,721810,iron_steel,242.0443,1352374.42,2024,2024,False
Saudi Arabia,SA,SAU,721922,iron_steel,24.745,57090.96,2024,2024,False
Saudi Arabia,SA,SAU,721921,iron_steel,42.162,44112.25,2024,2024,False
Saudi Arabia,SA,SAU,721913,iron_steel,3.0,557.68,2024,2024,False
Saudi Arabia,SA,SAU,721912,iron_steel,35.853,45648.52,2024,2024,False
Peru,PE,PER,721914,iron_steel,89.149,94429.51,2024,2024,False
Peru,PE,PER,721921,iron_steel,17.2822,22121.41,2024,2024,False
Peru,PE,PER,721922,iron_steel,105.9058,185537.63,2024,2024,False
Peru,PE,PER,721923,iron_steel,11.6847,39433.49,2024,2024,False
Peru,PE,PER,721924,iron_steel,37.9915,93504.25,2024,2024,False
Peru,PE,PER,721931,iron_steel,11.9432,38855.18,2024,2024,False
Peru,PE,PER,721932,iron_steel,7.023,14927.25,2024,2024,False
Peru,PE,PER,721933,iron_steel,14.7582,33936.56,2024,2024,False
Peru,PE,PER,721934,iron_steel,214.6141,220504.33,2024,2024,False
Peru,PE,PER,721935,iron_steel,29.592,84736.36,2024,2024,False
Philippines,PH,PHL,721710,iron_steel,0.0803,1888.0,2024,2024,False
Philippines,PH,PHL,721720,iron_steel,14.0525,26433.79,2024,2024,False
Philippines,PH,PHL,721790,iron_steel,2.838,13204.88,2024,2024,False
Philippines,PH,PHL,721810,iron_steel,118.509,474786.99,2024,2024,False
Philippines,PH,PHL,721899,iron_steel,0.3693,1290.08,2024,2024,False
Philippines,PH,PHL,721924,iron_steel,0.0042,266.15,2024,2024,False
Philippines,PH,PHL,721933,iron_steel,0.03,155.25,2024,2024,False
Philippines,PH,PHL,721934,iron_steel,1.936,4870.16,2024,2024,False
Philippines,PH,PHL,721935,iron_steel,1.786,9307.83,2024,2024,False
Saudi Arabia,SA,SAU,721710,iron_steel,180.123,87434.92,2024,2024,False
Saudi Arabia,SA,SAU,721720,iron_steel,1444.132,1090710.5,2024,2024,False
Saudi Arabia,SA,SAU,721730,iron_steel,56.508,195236.91,2024,2024,False
Saudi Arabia,SA,SAU,721790,iron_steel,335.901,253637.18,2024,2024,False
Saudi Arabia,SA,SAU,721810,iron_steel,128.665,235555.8,2024,2024,False
Saudi Arabia,SA,SAU,721891,iron_steel,0.04,295.72,2024,2024,False
Saudi Arabia,SA,SAU,721899,iron_steel,5.013,4462.19,2024,2024,False
Saudi Arabia,SA,SAU,721911,iron_steel,25.3,11646.49,2024,2024,False
Montenegro,ME,MNE,722211,iron_steel,0.05,99.97,2024,2024,False
Montenegro,ME,MNE,722540,iron_steel,63.174,131108.17,2024,2024,False
Thailand,TH,THA,722830,iron_steel,8131.614,5080154.85,2024,2024,False
Chile,CL,CHL,7301,iron_steel,0.7576,25705.92,2024,2024,False
Sri Lanka,LK,LKA,722860,iron_steel,0.357,2469.98,2024,2024,False
Sri Lanka,LK,LKA,722880,iron_steel,0.129,145.76,2024,2024,False
Sri Lanka,LK,LKA,7229,iron_steel,,3397.12,2024,2024,False
Sri Lanka,LK,LKA,7301,iron_steel,54.324,64821.18,2024,2024,False
Sri Lanka,LK,LKA,7302,iron_steel,5.292,48369.24,2024,2024,False
Chile,CL,CHL,722691,iron_steel,5.351,14943.11,2024,2024,False
Chile,CL,CHL,722699,iron_steel,0.0018,84.47,2024,2024,False
Chile,CL,CHL,7227,iron_steel,286.852,194808.91,2024,2024,False
Chile,CL,CHL,722830,iron_steel,118167.8641,75303748.17,2024,2024,False
Chile,CL,CHL,722860,iron_steel,4.3809,9417.78,2024,2024,False
Chile,CL,CHL,722870,iron_steel,2246.4273,1552145.67,2024,2024,False
Chile,CL,CHL,722880,iron_steel,1532.6547,6153139.07,2024,2024,False
Chile,CL,CHL,7229,iron_steel,29.008,140073.99,2024,2024,False
Chile,CL,CHL,7302,iron_steel,125.4921,148619.9,2024,2024,False
Sri Lanka,LK,LKA,722830,iron_steel,1.936,3135.95,2024,2024,False
China,CN,CHN,722592,iron_steel,881224.421,598751517.42,2024,2024,False
China,CN,CHN,722599,iron_steel,907417.0,626561559.01,2024,2024,False
China,CN,CHN,722611,iron_steel,35363.542,64253436.84,2024,2024,False
China,CN,CHN,722619,iron_steel,96510.875,132063359.21,2024,2024,False
China,CN,CHN,722620,iron_steel,805.136,4633310.23,2024,2024,False
China,CN,CHN,722691,iron_steel,78239.772,112252571.85,2024,2024,False
China,CN,CHN,722692,iron_steel,31027.8866,40783117.09,2024,2024,False
China,CN,CHN,722699,iron_steel,54179.0008,64335959.71,2024,2024,False
China,CN,CHN,7227,iron_steel,1431591.148,755359513.91,2024,2024,False
China,CN,CHN,722810,iron_steel,8940.6888,71813883.19,2024,2024,False
China,CN,CHN,722820,iron_steel,22575.368,15522967.38,2024,2024,False
China,CN,CHN,722830,iron_steel,2270475.0861,1542387143.52,2024,2024,False
China,CN,CHN,722840,iron_steel,334573.895,460350121.06,2024,2024,False
Sri Lanka,LK,LKA,722840,iron_steel,0.012,33.96,2024,2024,False
Sri Lanka,LK,LKA,722810,iron_steel,0.4,786.28,2024,2024,False
Brazil,BR,BRA,722870,iron_steel,49.2152,89151.65,2024,2024,False
Canada,CA,CAN,722691,iron_steel,10225.876,12452071.35,2024,2024,False
Brazil,BR,BRA,7229,iron_steel,6284.4365,9130783.66,2024,2024,False
Brazil,BR,BRA,7301,iron_steel,181.49,324566.12,2024,2024,False
Brazil,BR,BRA,7302,iron_steel,,10865517.05,2024,2024,False
Brunei Darussalam,BN,BRN,7227,iron_steel,90.0,12451.28,2024,2024,False
Brunei Darussalam,BN,BRN,722880,iron_steel,168.553,118318.82,2024,2024,False
Brunei Darussalam,BN,BRN,7301,iron_steel,33.2438,28358.96,2024,2024,False
Cambodia,KH,KHM,7229,iron_steel,0.3511,4536.81,2024,2024,False
Cambodia,KH,KHM,7301,iron_steel,1.3358,4068.2,2024,2024,False
Canada,CA,CAN,722592,iron_steel,284392.465,359404668.22,2024,2024,False
Canada,CA,CAN,722599,iron_steel,49210.675,71320464.78,2024,2024,False
Canada,CA,CAN,722611,iron_steel,8758.575,27930514.02,2024,2024,False
Canada,CA,CAN,722619,iron_steel,407.62,1138479.87,2024,2024,False
Canada,CA,CAN,722620,iron_steel,2.64,30204.66,2024,2024,False
Canada,CA,CAN,722692,iron_steel,1383.837,1759250.63,2024,2024,False
Sri Lanka,LK,LKA,722599,iron_steel,0.002,18.48,2024,2024,False
Canada,CA,CAN,722699,iron_steel,22933.908,30985943.4,2024,2024,False
Canada,CA,CAN,7227,iron_steel,217413.594,223025122.08,2024,2024,False
Canada,CA,CAN,722810,iron_steel,1002.614,3795256.86,2024,2024,False
Canada,CA,CAN,722820,iron_steel,65.245,61802.32,2024,2024,False
Canada,CA,CAN,722830,iron_steel,272064.535,272016068.15,2024,2024,False
Canada,CA,CAN,722840,iron_steel,1616.905,4222795.88,2024,2024,False
Canada,CA,CAN,722850,iron_steel,5783.57,18535920.16,2024,2024,False
Canada,CA,CAN,722860,iron_steel,251.929,852906.08,2024,2024,False
Canada,CA,CAN,722870,iron_steel,2894.376,3289253.64,2024,2024,False
Canada,CA,CAN,722880,iron_steel,268.409,1416286.23,2024,2024,False
Canada,CA,CAN,7229,iron_steel,19909.592,31501054.23,2024,2024,False
Canada,CA,CAN,7301,iron_steel,6486.2415,8390006.75,2024,2024,False
Canada,CA,CAN,7302,iron_steel,13481.908,21059232.0,2024,2024,False
China,CN,CHN,722850,iron_steel,62950.511,78746483.69,2024,2024,False
China,CN,CHN,722860,iron_steel,9051.3423,18568362.44,2024,2024,False
China,CN,CHN,722870,iron_steel,84781.204,53743658.63,2024,2024,False
Georgia,GE,GEO,7301,iron_steel,1.354,2383.68,2024,2024,False
Costa Rica,CR,CRI,722880,iron_steel,6.0246,123356.76,2024,2024,False
Costa Rica,CR,CRI,7229,iron_steel,1293.5285,1265275.35,2024,2024,False
Costa Rica,CR,CRI,7301,iron_steel,11.677,13924.41,2024,2024,False
Costa Rica,CR,CRI,7302,iron_steel,3.4661,6948.88,2024,2024,False
Benin,BJ,BEN,7227,iron_steel,48.0,31684.29,2024,2024,False
Benin,BJ,BEN,722820,iron_steel,0.16,701.56,2024,2024,False
Benin,BJ,BEN,7302,iron_steel,137.68,1714488.43,2024,2024,False
Dominican Republic,DO,DOM,722599,iron_steel,515.0274,404558.89,2024,2024,False
Dominican Republic,DO,DOM,7227,iron_steel,497.4191,330430.26,2024,2024,False
Dominican Republic,DO,DOM,7301,iron_steel,307.713,379226.34,2024,2024,False
Dominican Republic,DO,DOM,7302,iron_steel,6025.79,1197250.58,2024,2024,False
Georgia,GE,GEO,722840,iron_steel,22.2875,80495.18,2024,2024,False
Georgia,GE,GEO,7229,iron_steel,156.959,148236.76,2024,2024,False
Georgia,GE,GEO,7302,iron_steel,12.824,30909.52,2024,2024,False
China,CN,CHN,722880,iron_steel,3533.8945,6508317.16,2024,2024,False
Guatemala,GT,GTM,722599,iron_steel,1.83,15018.94,2024,2024,False
Guatemala,GT,GTM,722611,iron_steel,7.919,8044.54,2024,2024,False
Guatemala,GT,GTM,722691,iron_steel,1.649,28127.71,2024,2024,False
Guatemala,GT,GTM,722692,iron_steel,0.918,7081.6,2024,2024,False
Guatemala,GT,GTM,722699,iron_steel,8.476,31473.06,2024,2024,False
Guatemala,GT,GTM,722810,iron_steel,1.25,1045.19,2024,2024,False
Guatemala,GT,GTM,722820,iron_steel,0.759,2967.38,2024,2024,False
Guatemala,GT,GTM,722830,iron_steel,41.859,45885.78,2024,2024,False
Guatemala,GT,GTM,722840,iron_steel,0.149,2543.2,2024,2024,False
Guatemala,GT,GTM,722850,iron_steel,4.183,19345.72,2024,2024,False
Guatemala,GT,GTM,722860,iron_steel,184.99,260410.31,2024,2024,False
Guatemala,GT,GTM,722870,iron_steel,30.123,30189.45,2024,2024,False
Guatemala,GT,GTM,722880,iron_steel,4.179,12557.06,2024,2024,False
Costa Rica,CR,CRI,722870,iron_steel,808.0559,1161621.02,2024,2024,False
Costa Rica,CR,CRI,722860,iron_steel,7.5614,32447.95,2024,2024,False
Costa Rica,CR,CRI,722850,iron_steel,1.4697,18393.86,2024,2024,False
Costa Rica,CR,CRI,722830,iron_steel,713.8445,472843.1,2024,2024,False
China,CN,CHN,7229,iron_steel,466532.5037,411205694.48,2024,2024,False
China,CN,CHN,7301,iron_steel,1150102.9104,660250130.3,2024,2024,False
China,CN,CHN,7302,iron_steel,796013.539,667979165.51,2024,2024,False
Colombia,CO,COL,722592,iron_steel,5805.4511,5460985.03,2024,2024,False
Colombia,CO,COL,722599,iron_steel,2250.6768,2352823.53,2024,2024,False
Colombia,CO,COL,722611,iron_steel,608.2303,479721.99,2024,2024,False
Colombia,CO,COL,722619,iron_steel,2.6135,5514.17,2024,2024,False
Colombia,CO,COL,722691,iron_steel,11.323,99713.21,2024,2024,False
Colombia,CO,COL,722692,iron_steel,138.702,121536.71,2024,2024,False
Colombia,CO,COL,722699,iron_steel,152.003,150788.44,2024,2024,False
Colombia,CO,COL,7227,iron_steel,2192.0089,1631259.5,2024,2024,False
Colombia,CO,COL,722810,iron_steel,6.242,80491.83,2024,2024,False
Colombia,CO,COL,722820,iron_steel,0.49,1615.04,2024,2024,False
Colombia,CO,COL,722830,iron_steel,89.0056,123294.34,2024,2024,False
Colombia,CO,COL,722840,iron_steel,1.583,2740.62,2024,2024,False
Colombia,CO,COL,722850,iron_steel,17.9939,90235.1,2024,2024,False
Colombia,CO,COL,722860,iron_steel,1.0349,14642.91,2024,2024,False
Colombia,CO,COL,722870,iron_steel,2149.6791,2758632.0,2024,2024,False
Colombia,CO,COL,722880,iron_steel,3.1697,66817.46,2024,2024,False
Colombia,CO,COL,7229,iron_steel,2039.4141,1877263.89,2024,2024,False
Colombia,CO,COL,7301,iron_steel,20.1734,148375.15,2024,2024,False
Colombia,CO,COL,7302,iron_steel,15.5402,63747.15,2024,2024,False
Costa Rica,CR,CRI,722592,iron_steel,138.1444,138326.62,2024,2024,False
Costa Rica,CR,CRI,722599,iron_steel,,534586.1,2024,2024,False
Costa Rica,CR,CRI,722620,iron_steel,2.591,5221.33,2024,2024,False
Costa Rica,CR,CRI,722699,iron_steel,1.5207,220131.47,2024,2024,False
Costa Rica,CR,CRI,7227,iron_steel,258.581,243672.62,2024,2024,False
Brazil,BR,BRA,722880,iron_steel,31.307,80270.77,2024,2024,False
Brazil,BR,BRA,722860,iron_steel,,206186.12,2024,2024,False
Guatemala,GT,GTM,7301,iron_steel,4.843,10240.27,2024,2024,False
Turkey,TR,TUR,722870,iron_steel,21264.58,14898346.73,2024,2024,False
Turkey,TR,TUR,722611,iron_steel,7729.782,24848268.18,2024,2024,False
Turkey,TR,TUR,722619,iron_steel,1450.689,1104816.56,2024,2024,False
Turkey,TR,TUR,722620,iron_steel,0.389,10234.73,2024,2024,False
Turkey,TR,TUR,722691,iron_steel,836.4,1366431.01,2024,2024,False
Turkey,TR,TUR,722692,iron_steel,9000.008,8426430.09,2024,2024,False
Turkey,TR,TUR,722699,iron_steel,15023.182,14681347.38,2024,2024,False
Turkey,TR,TUR,7227,iron_steel,19972.796,11997661.03,2024,2024,False
Turkey,TR,TUR,722810,iron_steel,28.252,402044.17,2024,2024,False
Turkey,TR,TUR,722820,iron_steel,85.169,226900.47,2024,2024,False
Turkey,TR,TUR,722830,iron_steel,252285.701,181684766.66,2024,2024,False
Turkey,TR,TUR,722840,iron_steel,2540.243,7522645.78,2024,2024,False
Turkey,TR,TUR,722850,iron_steel,42056.803,41977299.7,2024,2024,False
Turkey,TR,TUR,722860,iron_steel,669.702,1066289.62,2024,2024,False
Turkey,TR,TUR,722880,iron_steel,56.139,138730.25,2024,2024,False
Turkey,TR,TUR,722592,iron_steel,28953.505,27235767.49,2024,2024,False
Turkey,TR,TUR,7229,iron_steel,123112.531,112113694.67,2024,2024,False
Turkey,TR,TUR,7301,iron_steel,2165.88,5174287.96,2024,2024,False
Turkey,TR,TUR,7302,iron_steel,48865.7594,63133382.31,2024,2024,False
Albania,AL,ALB,7301,iron_steel,121.352,276575.16,2024,2024,False
Algeria,DZ,DZA,7227,iron_steel,4880.3176,4625338.96,2024,2024,False
Algeria,DZ,DZA,7229,iron_steel,113.4629,206128.16,2024,2024,False
Algeria,DZ,DZA,7302,iron_steel,2.5735,3188.64,2024,2024,False
Angola,AO,AGO,722699,iron_steel,,236.58,2024,2024,False
Angola,AO,AGO,722850,iron_steel,0.789,59.14,2024,2024,False
Angola,AO,AGO,722860,iron_steel,0.05,635.89,2024,2024,False
Angola,AO,AGO,7229,iron_steel,0.025,506.44,2024,2024,False
Angola,AO,AGO,7301,iron_steel,1.2089,34254.61,2024,2024,False
Angola,AO,AGO,7302,iron_steel,76.633,536669.79,2024,2024,False
Turkey,TR,TUR,722599,iron_steel,25785.629,22572314.02,2024,2024,False
Suriname,SR,SUR,722870,iron_steel,4.043,29433.39,2024,2024,False
Brazil,BR,BRA,722850,iron_steel,19548.9909,59786920.8,2024,2024,False
Peru,PE,PER,722860,iron_steel,27.428,106882.15,2024,2024,False
Panama,PA,PAN,722830,iron_steel,39.445,30748.54,2024,2024,False
Panama,PA,PAN,722860,iron_steel,2.496,1996.12,2024,2024,False
Panama,PA,PAN,722870,iron_steel,161.974,128774.6,2024,2024,False
Panama,PA,PAN,722880,iron_steel,38.136,59715.37,2024,2024,False
Panama,PA,PAN,7229,iron_steel,4.032,4582.76,2024,2024,False
Panama,PA,PAN,7301,iron_steel,79.494,109091.58,2024,2024,False
Paraguay,PY,PRY,7229,iron_steel,77.76,121164.4,2024,2024,False
Peru,PE,PER,722599,iron_steel,487.7258,844762.42,2024,2024,False
Peru,PE,PER,722699,iron_steel,106.5886,113722.91,2024,2024,False
Peru,PE,PER,722810,iron_steel,128.9449,159963.54,2024,2024,False
Peru,PE,PER,722830,iron_steel,1968.9077,1270500.73,2024,2024,False
Peru,PE,PER,722840,iron_steel,18.7375,38318.04,2024,2024,False
Peru,PE,PER,722850,iron_steel,7.2505,16890.15,2024,2024,False
Peru,PE,PER,722870,iron_steel,114.1625,128545.05,2024,2024,False
Philippines,PH,PHL,7302,iron_steel,337.0509,1273551.43,2024,2024,False
Peru,PE,PER,722880,iron_steel,72.5009,701557.98,2024,2024,False
Peru,PE,PER,7229,iron_steel,0.2171,8092.84,2024,2024,False
Peru,PE,PER,7302,iron_steel,41.5049,87665.25,2024,2024,False
Philippines,PH,PHL,722592,iron_steel,10.618,3121.71,2024,2024,False
Philippines,PH,PHL,722699,iron_steel,0.0781,138.62,2024,2024,False
Philippines,PH,PHL,7227,iron_steel,0.097,92.41,2024,2024,False
Philippines,PH,PHL,722810,iron_steel,0.3284,1851.95,2024,2024,False
Philippines,PH,PHL,722840,iron_steel,6.465,8265.41,2024,2024,False
Philippines,PH,PHL,722850,iron_steel,5.708,48730.25,2024,2024,False
Philippines,PH,PHL,722860,iron_steel,0.0919,1311.34,2024,2024,False
Philippines,PH,PHL,722870,iron_steel,43.2948,15864.52,2024,2024,False
Philippines,PH,PHL,7229,iron_steel,65.5028,2502480.36,2024,2024,False
Philippines,PH,PHL,7301,iron_steel,,98700.67,2024,2024,False
Azerbaijan,AZ,AZE,7301,iron_steel,0.0115,13.86,2024,2024,False
Azerbaijan,AZ,AZE,7302,iron_steel,30.56,51910.07,2024,2024,False
Australia,AU,AUS,722599,iron_steel,1688.947,9013791.93,2024,2024,False
Bosnia and Herzegovina,BA,BIH,7301,iron_steel,147.1011,88626.63,2024,2024,False
Bolivia,BO,BOL,7229,iron_steel,150.9571,141929.99,2024,2024,False
Bolivia,BO,BOL,7301,iron_steel,0.034,2530.4,2024,2024,False
Bosnia and Herzegovina,BA,BIH,722592,iron_steel,9.06,135349.19,2024,2024,False
Bosnia and Herzegovina,BA,BIH,722599,iron_steel,0.307,1214.49,2024,2024,False
Bosnia and Herzegovina,BA,BIH,722692,iron_steel,0.1,748.85,2024,2024,False
Bosnia and Herzegovina,BA,BIH,722699,iron_steel,6.0629,19461.47,2024,2024,False
Bosnia and Herzegovina,BA,BIH,7227,iron_steel,1.763,1685.6,2024,2024,False
Bosnia and Herzegovina,BA,BIH,722810,iron_steel,0.1176,270.98,2024,2024,False
Bosnia and Herzegovina,BA,BIH,722830,iron_steel,3.9901,12185.25,2024,2024,False
Bosnia and Herzegovina,BA,BIH,722850,iron_steel,20.2546,101229.56,2024,2024,False
Bosnia and Herzegovina,BA,BIH,722860,iron_steel,14.4599,39908.07,2024,2024,False
Bosnia and Herzegovina,BA,BIH,722870,iron_steel,0.2514,902.38,2024,2024,False
Bosnia and Herzegovina,BA,BIH,7229,iron_steel,21.3902,34652.71,2024,2024,False
Bosnia and Herzegovina,BA,BIH,7302,iron_steel,404.5207,285461.28,2024,2024,False
Australia,AU,AUS,722691,iron_steel,2.0,9983.11,2024,2024,False
Brazil,BR,BRA,722592,iron_steel,46927.298,54218706.22,2024,2024,False
Brazil,BR,BRA,722599,iron_steel,2818.918,5248513.08,2024,2024,False
Brazil,BR,BRA,722611,iron_steel,256.428,353152.2,2024,2024,False
Brazil,BR,BRA,722619,iron_steel,9.314,7035.39,2024,2024,False
Brazil,BR,BRA,722620,iron_steel,0.6932,4954.26,2024,2024,False
Brazil,BR,BRA,722691,iron_steel,37.518,86795.12,2024,2024,False
Brazil,BR,BRA,722692,iron_steel,2741.465,4890339.16,2024,2024,False
Brazil,BR,BRA,722699,iron_steel,458.754,2713338.88,2024,2024,False
Brazil,BR,BRA,7227,iron_steel,,28848509.38,2024,2024,False
Brazil,BR,BRA,722810,iron_steel,862.7416,10295153.87,2024,2024,False
Brazil,BR,BRA,722820,iron_steel,1750.727,1570237.5,2024,2024,False
Brazil,BR,BRA,722830,iron_steel,,74807609.28,2024,2024,False
Brazil,BR,BRA,722840,iron_steel,164.3553,802782.55,2024,2024,False
Bolivia,BO,BOL,722880,iron_steel,0.001,1746.95,2024,2024,False
Bolivia,BO,BOL,722870,iron_steel,0.4986,1661.83,2024,2024,False
Bolivia,BO,BOL,722860,iron_steel,20.0,6216.04,2024,2024,False
Armenia,AM,ARM,7302,iron_steel,1331.06,430524.91,2024,2024,False
Australia,AU,AUS,722692,iron_steel,0.68,12464.56,2024,2024,False
Australia,AU,AUS,722699,iron_steel,3796.98,2753508.07,2024,2024,False
Australia,AU,AUS,7227,iron_steel,8.11,71681.44,2024,2024,False
Australia,AU,AUS,722810,iron_steel,65.62,438062.33,2024,2024,False
Australia,AU,AUS,722820,iron_steel,4.26,29095.56,2024,2024,False
Australia,AU,AUS,722830,iron_steel,23826.86,19417721.19,2024,2024,False
Australia,AU,AUS,722840,iron_steel,74.6,188196.64,2024,2024,False
Australia,AU,AUS,722850,iron_steel,87.05,217474.54,2024,2024,False
Australia,AU,AUS,722860,iron_steel,164.721,731442.69,2024,2024,False
Australia,AU,AUS,722870,iron_steel,738.374,1060946.43,2024,2024,False
Australia,AU,AUS,722880,iron_steel,660.446,2302359.75,2024,2024,False
Australia,AU,AUS,7229,iron_steel,346.725,183994.22,2024,2024,False
Australia,AU,AUS,7301,iron_steel,600.72,1340868.19,2024,2024,False
Australia,AU,AUS,7302,iron_steel,15264.1214,29836097.0,2024,2024,False
Bahrain,BH,BHR,722592,iron_steel,0.18,19.12,2024,2024,False
Bahrain,BH,BHR,722699,iron_steel,1.2,516.14,2024,2024,False
Bahrain,BH,BHR,7227,iron_steel,0.3,5376.22,2024,2024,False
Bahrain,BH,BHR,722810,iron_steel,0.077,70.81,2024,2024,False
Bahrain,BH,BHR,722830,iron_steel,1.578,3769.0,2024,2024,False
Bahrain,BH,BHR,722850,iron_steel,0.0177,25.24,2024,2024,False
Bahrain,BH,BHR,722860,iron_steel,2.7,13272.07,2024,2024,False
Bahrain,BH,BHR,722880,iron_steel,44.395,103452.65,2024,2024,False
Bahrain,BH,BHR,7229,iron_steel,1.0343,6070.57,2024,2024,False
Bahrain,BH,BHR,7301,iron_steel,36750.1487,30036217.56,2024,2024,False
Bahrain,BH,BHR,7302,iron_steel,6.929,58950.24,2024,2024,False
Armenia,AM,ARM,722692,iron_steel,0.0089,169.54,2024,2024,False
Armenia,AM,ARM,7229,iron_steel,0.315,2550.48,2024,2024,False
Guatemala,GT,GTM,7229,iron_steel,111.493,510621.94,2024,2024,False
Guatemala,GT,GTM,7302,iron_steel,4.379,21609.83,2024,2024,False
Morocco,MA,MAR,722012,iron_steel,0.175,2523.0,2024,2024,False
Serbia,RS,SRB,722860,iron_steel,0.1576,5607.61,2024,2024,False
Senegal,SN,SEN,7302,iron_steel,3.894,16490.2,2024,2024,False
Serbia,RS,SRB,722592,iron_steel,53.849,62984.94,2024,2024,False
Serbia,RS,SRB,722599,iron_steel,2.542,5478.24,2024,2024,False
Serbia,RS,SRB,722611,iron_steel,702.87,1769968.58,2024,2024,False
Serbia,RS,SRB,722619,iron_steel,1.0,1375.1,2024,2024,False
Serbia,RS,SRB,722691,iron_steel,8.302,151556.23,2024,2024,False
Serbia,RS,SRB,722692,iron_steel,5.38,1894.46,2024,2024,False
Serbia,RS,SRB,722699,iron_steel,49.948,275874.69,2024,2024,False
Serbia,RS,SRB,7227,iron_steel,0.026,253.21,2024,2024,False
Serbia,RS,SRB,722820,iron_steel,6.592,13325.02,2024,2024,False
Serbia,RS,SRB,722830,iron_steel,119.665,230443.58,2024,2024,False
Serbia,RS,SRB,722840,iron_steel,1.049,6364.48,2024,2024,False
Serbia,RS,SRB,722850,iron_steel,572.334,1534725.07,2024,2024,False
Serbia,RS,SRB,722870,iron_steel,2.022,7168.47,2024,2024,False
Senegal,SN,SEN,722860,iron_steel,18995.26,14934906.4,2024,2024,False
Serbia,RS,SRB,7229,iron_steel,3135.021,2539533.31,2024,2024,False
Serbia,RS,SRB,7301,iron_steel,406.315,436033.64,2024,2024,False
Serbia,RS,SRB,7302,iron_steel,200.1816,601076.61,2024,2024,False
India,IN,IND,722592,iron_steel,5406.37,4624004.61,2024,2024,False
India,IN,IND,722599,iron_steel,38243.2733,41025428.8,2024,2024,False
India,IN,IND,722611,iron_steel,5813.998,14397906.15,2024,2024,False
India,IN,IND,722619,iron_steel,205.385,292247.73,2024,2024,False
India,IN,IND,722620,iron_steel,12.5374,26892.15,2024,2024,False
India,IN,IND,722691,iron_steel,24.151,103210.25,2024,2024,False
India,IN,IND,722692,iron_steel,292.412,3672139.96,2024,2024,False
India,IN,IND,722699,iron_steel,1096.8212,3685648.63,2024,2024,False
India,IN,IND,7227,iron_steel,38531.0522,21906155.25,2024,2024,False
India,IN,IND,722810,iron_steel,1490.888,2837180.93,2024,2024,False
Senegal,SN,SEN,7301,iron_steel,4.0,607.86,2024,2024,False
Senegal,SN,SEN,7227,iron_steel,3102.485,1870858.83,2024,2024,False
Mexico,MX,MEX,722619,iron_steel,253.273,316211.07,2024,2024,False
Qatar,QA,QAT,7229,iron_steel,0.0,57573.24,2024,2024,False
Mexico,MX,MEX,722692,iron_steel,340.175,600010.17,2024,2024,False
Mexico,MX,MEX,722699,iron_steel,326.663,675918.12,2024,2024,False
Mexico,MX,MEX,7227,iron_steel,720.768,428229.37,2024,2024,False
Mexico,MX,MEX,722830,iron_steel,808.783,2268711.76,2024,2024,False
Mexico,MX,MEX,722840,iron_steel,2099.03,3968171.15,2024,2024,False
Mexico,MX,MEX,722850,iron_steel,1739.869,4372966.45,2024,2024,False
Mexico,MX,MEX,722860,iron_steel,108.175,156331.21,2024,2024,False
Mexico,MX,MEX,722870,iron_steel,31.768,107379.17,2024,2024,False
Mexico,MX,MEX,722880,iron_steel,1.384,17034.47,2024,2024,False
Mexico,MX,MEX,7229,iron_steel,0.0,46689023.2,2024,2024,False
Mexico,MX,MEX,7301,iron_steel,0.0,32129.19,2024,2024,False
Mexico,MX,MEX,7302,iron_steel,0.0,1229775.44,2024,2024,False
Qatar,QA,QAT,7227,iron_steel,0.0,7607.31,2024,2024,False
Qatar,QA,QAT,7301,iron_steel,0.0,92410692.77,2024,2024,False
Saudi Arabia,SA,SAU,7302,iron_steel,11500.677,8273767.71,2024,2024,False
Saudi Arabia,SA,SAU,722592,iron_steel,2.5,13011.74,2024,2024,False
Saudi Arabia,SA,SAU,722599,iron_steel,318.844,1170515.82,2024,2024,False
Saudi Arabia,SA,SAU,722619,iron_steel,0.8,15919.66,2024,2024,False
Saudi Arabia,SA,SAU,7227,iron_steel,38.714,155748.76,2024,2024,False
Saudi Arabia,SA,SAU,722820,iron_steel,8.4,24268.86,2024,2024,False
Saudi Arabia,SA,SAU,722830,iron_steel,101.108,187009.21,2024,2024,False
Saudi Arabia,SA,SAU,722840,iron_steel,786.83,750855.79,2024,2024,False
Saudi Arabia,SA,SAU,722850,iron_steel,7.73,21927.98,2024,2024,False
Saudi Arabia,SA,SAU,722860,iron_steel,99.988,94913.47,2024,2024,False
Saudi Arabia,SA,SAU,722870,iron_steel,26.94,27607.8,2024,2024,False
Saudi Arabia,SA,SAU,722880,iron_steel,9.958,19736.44,2024,2024,False
Saudi Arabia,SA,SAU,7229,iron_steel,525.276,568152.28,2024,2024,False
Saudi Arabia,SA,SAU,7301,iron_steel,4664.078,10328113.84,2024,2024,False
India,IN,IND,722820,iron_steel,5426.1139,4460358.6,2024,2024,False
India,IN,IND,722830,iron_steel,85546.7131,69226975.64,2024,2024,False
India,IN,IND,722840,iron_steel,655.717,2283341.56,2024,2024,False
South Africa,ZA,ZAF,7301,iron_steel,3474.8156,13764873.41,2024,2024,False
South Africa,ZA,ZAF,722691,iron_steel,2.3309,16618.85,2024,2024,False
South Africa,ZA,ZAF,722692,iron_steel,0.4297,3795.81,2024,2024,False
South Africa,ZA,ZAF,722699,iron_steel,188.1359,271519.21,2024,2024,False
South Africa,ZA,ZAF,7227,iron_steel,292.0055,433684.27,2024,2024,False
South Africa,ZA,ZAF,722810,iron_steel,282.2965,482205.65,2024,2024,False
South Africa,ZA,ZAF,722820,iron_steel,26.2601,104135.89,2024,2024,False
South Africa,ZA,ZAF,722830,iron_steel,360.6428,492985.58,2024,2024,False
South Africa,ZA,ZAF,722840,iron_steel,214.5216,270593.45,2024,2024,False
South Africa,ZA,ZAF,722850,iron_steel,276.867,334872.01,2024,2024,False
South Africa,ZA,ZAF,722860,iron_steel,4519.7339,5835153.81,2024,2024,False
South Africa,ZA,ZAF,722870,iron_steel,740.3652,1024925.72,2024,2024,False
South Africa,ZA,ZAF,722880,iron_steel,5938.4411,20104873.07,2024,2024,False
South Africa,ZA,ZAF,7229,iron_steel,876.13,1374599.86,2024,2024,False
South Africa,ZA,ZAF,7302,iron_steel,29622.1288,38391859.6,2024,2024,False
India,IN,IND,722850,iron_steel,10001.533,21566810.68,2024,2024,False
Zimbabwe,ZW,ZWE,722860,iron_steel,1.4,358.65,2024,2024,False
Zimbabwe,ZW,ZWE,722870,iron_steel,47.5,34095.21,2024,2024,False
Zimbabwe,ZW,ZWE,722880,iron_steel,0.191,523.46,2024,2024,False
Thailand,TH,THA,722592,iron_steel,532.294,596569.93,2024,2024,False
Thailand,TH,THA,722599,iron_steel,5486.169,6344558.32,2024,2024,False
Thailand,TH,THA,722611,iron_steel,691.368,332448.54,2024,2024,False
Thailand,TH,THA,722619,iron_steel,1092.707,1902903.19,2024,2024,False
Thailand,TH,THA,722620,iron_steel,0.437,5202.41,2024,2024,False
Thailand,TH,THA,722691,iron_steel,38.154,358356.89,2024,2024,False
Thailand,TH,THA,722692,iron_steel,74.6495,116599.93,2024,2024,False
Thailand,TH,THA,722699,iron_steel,,191628.38,2024,2024,False
Thailand,TH,THA,7227,iron_steel,2228.3289,2392716.75,2024,2024,False
Thailand,TH,THA,722810,iron_steel,253.511,370157.76,2024,2024,False
South Africa,ZA,ZAF,722620,iron_steel,5.1216,7173.24,2024,2024,False
South Africa,ZA,ZAF,722619,iron_steel,2.6926,22165.54,2024,2024,False
South Africa,ZA,ZAF,722611,iron_steel,1.4281,3941.73,2024,2024,False
South Africa,ZA,ZAF,722599,iron_steel,881.8414,1533106.85,2024,2024,False
India,IN,IND,722860,iron_steel,8275.8517,10677969.65,2024,2024,False
India,IN,IND,722870,iron_steel,326.847,276086.87,2024,2024,False
India,IN,IND,722880,iron_steel,,351679.35,2024,2024,False
India,IN,IND,7229,iron_steel,10134.7606,15184599.98,2024,2024,False
India,IN,IND,7301,iron_steel,9467.413,19083015.29,2024,2024,False
India,IN,IND,7302,iron_steel,74769.1748,82609693.74,2024,2024,False
Singapore,SG,SGP,722592,iron_steel,17149.7319,12033756.57,2024,2024,False
Singapore,SG,SGP,722599,iron_steel,,28251339.57,2024,2024,False
Singapore,SG,SGP,722611,iron_steel,3796.46,8957600.66,2024,2024,False
Singapore,SG,SGP,722619,iron_steel,1947.76,2199280.19,2024,2024,False
Singapore,SG,SGP,722620,iron_steel,112.92,1035854.17,2024,2024,False
Singapore,SG,SGP,722691,iron_steel,1974.56,10970595.56,2024,2024,False
Singapore,SG,SGP,722692,iron_steel,1137.3634,12476224.34,2024,2024,False
Singapore,SG,SGP,722699,iron_steel,82.4932,192298.0,2024,2024,False
Singapore,SG,SGP,7227,iron_steel,,506587.39,2024,2024,False
Singapore,SG,SGP,722810,iron_steel,392.4207,5002258.43,2024,2024,False
Singapore,SG,SGP,722820,iron_steel,12.8,167877.87,2024,2024,False
Singapore,SG,SGP,722830,iron_steel,,10569915.2,2024,2024,False
Singapore,SG,SGP,722840,iron_steel,3477.5705,20790482.8,2024,2024,False
Singapore,SG,SGP,722850,iron_steel,397.24,1743143.1,2024,2024,False
Singapore,SG,SGP,722860,iron_steel,2096.7492,6232620.23,2024,2024,False
Singapore,SG,SGP,722870,iron_steel,2130.0477,3302218.84,2024,2024,False
Singapore,SG,SGP,722880,iron_steel,263.52,440527.16,2024,2024,False
Singapore,SG,SGP,7229,iron_steel,535.1785,2834053.57,2024,2024,False
Singapore,SG,SGP,7301,iron_steel,17329.7679,10840044.33,2024,2024,False
Singapore,SG,SGP,7302,iron_steel,492.7749,5948751.23,2024,2024,False
South Africa,ZA,ZAF,722592,iron_steel,,265067.68,2024,2024,False
Mexico,MX,MEX,722691,iron_steel,274.868,352287.22,2024,2024,False
Mexico,MX,MEX,722611,iron_steel,2728.906,9778994.55,2024,2024,False
Honduras,HN,HND,722692,iron_steel,0.0544,1580.06,2024,2024,False
Kenya,KE,KEN,722810,iron_steel,6.636,12459.27,2024,2024,False
Jordan,JO,JOR,722599,iron_steel,57.462,137871.25,2024,2024,False
Jordan,JO,JOR,722619,iron_steel,28.0,9228.27,2024,2024,False
Jordan,JO,JOR,722699,iron_steel,1.285,884.44,2024,2024,False
Jordan,JO,JOR,722850,iron_steel,0.225,1015.11,2024,2024,False
Jordan,JO,JOR,722870,iron_steel,869.21,1050981.76,2024,2024,False
Jordan,JO,JOR,7301,iron_steel,12498.945,11096706.27,2024,2024,False
Jordan,JO,JOR,7302,iron_steel,27.0,17441.44,2024,2024,False
Kenya,KE,KEN,722599,iron_steel,2.62,5208.45,2024,2024,False
Kenya,KE,KEN,722611,iron_steel,0.0521,53.8,2024,2024,False
Kenya,KE,KEN,722619,iron_steel,5.385,3222.02,2024,2024,False
Kenya,KE,KEN,722620,iron_steel,207.802,198234.82,2024,2024,False
Kenya,KE,KEN,722691,iron_steel,159.135,120730.49,2024,2024,False
Kenya,KE,KEN,722699,iron_steel,91.2966,74324.38,2024,2024,False
Kenya,KE,KEN,722830,iron_steel,4.8742,2785.45,2024,2024,False
Kazakhstan,KZ,KAZ,7302,iron_steel,23802.2218,40679264.44,2024,2024,False
Kenya,KE,KEN,722840,iron_steel,1.77,4585.72,2024,2024,False
Kenya,KE,KEN,722850,iron_steel,1.307,4265.54,2024,2024,False
Kenya,KE,KEN,722860,iron_steel,10.485,24720.11,2024,2024,False
Kenya,KE,KEN,722870,iron_steel,6.0595,9144.89,2024,2024,False
Kenya,KE,KEN,722880,iron_steel,0.45,3155.68,2024,2024,False
Kenya,KE,KEN,7229,iron_steel,275.8405,187599.13,2024,2024,False
Kenya,KE,KEN,7301,iron_steel,1675.639,1935245.62,2024,2024,False
Kenya,KE,KEN,7302,iron_steel,5.613,3870.12,2024,2024,False
South Korea,KR,KOR,722592,iron_steel,481763.2364,442042693.84,2024,2024,False
South Korea,KR,KOR,722599,iron_steel,,268965883.93,2024,2024,False
South Korea,KR,KOR,722611,iron_steel,3887.1386,8164753.72,2024,2024,False
South Korea,KR,KOR,722619,iron_steel,2546.893,3533741.8,2024,2024,False
South Korea,KR,KOR,722620,iron_steel,2.8854,102038.63,2024,2024,False
Jordan,JO,JOR,722592,iron_steel,93.66,85472.51,2024,2024,False
Kazakhstan,KZ,KAZ,7301,iron_steel,2.6788,3682.2,2024,2024,False
Mexico,MX,MEX,722599,iron_steel,220.911,310254.14,2024,2024,False
Hong Kong,HK,HKG,722860,iron_steel,84.48,105809.23,2024,2024,False
Honduras,HN,HND,722830,iron_steel,28.0565,19922.8,2024,2024,False
Honduras,HN,HND,722880,iron_steel,5.2954,2553.87,2024,2024,False
Honduras,HN,HND,7302,iron_steel,4.9772,4257.37,2024,2024,False
Hong Kong,HK,HKG,722599,iron_steel,6687.446,7864322.24,2024,2024,False
Hong Kong,HK,HKG,722611,iron_steel,145.404,199230.08,2024,2024,False
Hong Kong,HK,HKG,722619,iron_steel,1.065,5925.97,2024,2024,False
Hong Kong,HK,HKG,722691,iron_steel,40.562,284265.02,2024,2024,False
Hong Kong,HK,HKG,722692,iron_steel,251.115,4056744.46,2024,2024,False
Hong Kong,HK,HKG,722699,iron_steel,225.74,8011441.65,2024,2024,False
Hong Kong,HK,HKG,722820,iron_steel,17.38,5145.34,2024,2024,False
Hong Kong,HK,HKG,722830,iron_steel,12085.701,8785653.17,2024,2024,False
Hong Kong,HK,HKG,722840,iron_steel,3.958,3233.45,2024,2024,False
Hong Kong,HK,HKG,722850,iron_steel,124.507,647226.8,2024,2024,False
Hong Kong,HK,HKG,722870,iron_steel,87.143,81424.44,2024,2024,False
Kazakhstan,KZ,KAZ,7229,iron_steel,55.1702,319630.75,2024,2024,False
Hong Kong,HK,HKG,722880,iron_steel,11.351,13117.96,2024,2024,False
Hong Kong,HK,HKG,7229,iron_steel,289.505,3965485.84,2024,2024,False
Hong Kong,HK,HKG,7301,iron_steel,9729.18,6977398.33,2024,2024,False
Hong Kong,HK,HKG,7302,iron_steel,172.125,428862.44,2024,2024,False
Kazakhstan,KZ,KAZ,722691,iron_steel,0.0256,1051.31,2024,2024,False
Kazakhstan,KZ,KAZ,7227,iron_steel,863.842,469672.27,2024,2024,False
Kazakhstan,KZ,KAZ,722820,iron_steel,814.003,483520.57,2024,2024,False
Kazakhstan,KZ,KAZ,722830,iron_steel,6.7415,21450.04,2024,2024,False
Kazakhstan,KZ,KAZ,722840,iron_steel,0.0385,1590.32,2024,2024,False
Kazakhstan,KZ,KAZ,722850,iron_steel,21.109,32938.03,2024,2024,False
Kazakhstan,KZ,KAZ,722860,iron_steel,0.4284,6555.05,2024,2024,False
Kazakhstan,KZ,KAZ,722870,iron_steel,129.4975,135990.63,2024,2024,False
Kazakhstan,KZ,KAZ,722880,iron_steel,0.0904,3739.38,2024,2024,False
South Korea,KR,KOR,722691,iron_steel,6673.9211,14754120.69,2024,2024,False
South Korea,KR,KOR,722692,iron_steel,15376.6438,23320405.69,2024,2024,False
South Korea,KR,KOR,722699,iron_steel,,14651182.89,2024,2024,False
Malaysia,MY,MYS,722840,iron_steel,3.6396,5075.57,2024,2024,False
Madagascar,MG,MDG,722619,iron_steel,0.2423,147.07,2024,2024,False
Malaysia,MY,MYS,722592,iron_steel,61.398,70962.88,2024,2024,False
Malaysia,MY,MYS,722599,iron_steel,,270257.41,2024,2024,False
Malaysia,MY,MYS,722611,iron_steel,32752.587,25568693.69,2024,2024,False
Malaysia,MY,MYS,722619,iron_steel,108.8147,264904.19,2024,2024,False
Malaysia,MY,MYS,722620,iron_steel,1.663,4239.97,2024,2024,False
Malaysia,MY,MYS,722691,iron_steel,32.1927,167057.85,2024,2024,False
Malaysia,MY,MYS,722692,iron_steel,78.6612,214696.53,2024,2024,False
Malaysia,MY,MYS,722699,iron_steel,27.7502,134094.81,2024,2024,False
Malaysia,MY,MYS,7227,iron_steel,,2106085.48,2024,2024,False
Malaysia,MY,MYS,722810,iron_steel,883.9604,596971.29,2024,2024,False
Malaysia,MY,MYS,722820,iron_steel,13.7039,28275.99,2024,2024,False
Malaysia,MY,MYS,722830,iron_steel,2535.705,1847657.66,2024,2024,False
Malaysia,MY,MYS,722850,iron_steel,284.8295,358623.83,2024,2024,False
South Korea,KR,KOR,7227,iron_steel,237324.489,194884052.31,2024,2024,False
Malaysia,MY,MYS,722860,iron_steel,875.4268,2347274.52,2024,2024,False
Malaysia,MY,MYS,722870,iron_steel,182.1619,665417.07,2024,2024,False
Malaysia,MY,MYS,722880,iron_steel,716.9707,5301363.12,2024,2024,False
Malaysia,MY,MYS,7229,iron_steel,39536.3951,51098771.65,2024,2024,False
Malaysia,MY,MYS,7301,iron_steel,8444.9503,5744479.1,2024,2024,False
Malaysia,MY,MYS,7302,iron_steel,2374.3424,2949020.5,2024,2024,False
Mauritania,MR,MRT,722830,iron_steel,0.1,11999.05,2024,2024,False
Mauritania,MR,MRT,7302,iron_steel,3.3,139.36,2024,2024,False
Mauritius,MU,MUS,7227,iron_steel,0.007,39.9,2024,2024,False
Mauritius,MU,MUS,7229,iron_steel,0.004,64.64,2024,2024,False
Mauritius,MU,MUS,7301,iron_steel,2.112,8034.01,2024,2024,False
Mauritius,MU,MUS,7302,iron_steel,0.004,62.28,2024,2024,False
Mexico,MX,MEX,722592,iron_steel,2662.912,3074414.56,2024,2024,False
Lebanon,LB,LBN,7302,iron_steel,9.4012,23751.96,2024,2024,False
Lebanon,LB,LBN,7301,iron_steel,130.9792,422631.92,2024,2024,False
Lebanon,LB,LBN,7229,iron_steel,19.1412,36773.87,2024,2024,False
Lebanon,LB,LBN,722870,iron_steel,18.2527,26842.25,2024,2024,False
South Korea,KR,KOR,722810,iron_steel,58.4469,261894.46,2024,2024,False
South Korea,KR,KOR,722820,iron_steel,176.118,343688.2,2024,2024,False
South Korea,KR,KOR,722830,iron_steel,251576.0233,258312656.87,2024,2024,False
South Korea,KR,KOR,722840,iron_steel,5102.0625,9155496.72,2024,2024,False
South Korea,KR,KOR,722850,iron_steel,28936.6206,40298174.85,2024,2024,False
South Korea,KR,KOR,722860,iron_steel,6894.9498,10007251.64,2024,2024,False
South Korea,KR,KOR,722870,iron_steel,10971.6824,9926771.09,2024,2024,False
South Korea,KR,KOR,722880,iron_steel,109.5077,632386.1,2024,2024,False
South Korea,KR,KOR,7229,iron_steel,171788.8415,255959601.7,2024,2024,False
South Korea,KR,KOR,7301,iron_steel,31144.4372,20694913.59,2024,2024,False
South Korea,KR,KOR,7302,iron_steel,,13001427.78,2024,2024,False
Kuwait,KW,KWT,722810,iron_steel,0.0157,274.47,2024,2024,False
Kuwait,KW,KWT,722870,iron_steel,447.1896,651123.74,2024,2024,False
Kuwait,KW,KWT,722880,iron_steel,0.0355,138.62,2024,2024,False
Kuwait,KW,KWT,7229,iron_steel,45.429,63192.87,2024,2024,False
Kuwait,KW,KWT,7301,iron_steel,711.1216,1441440.72,2024,2024,False
Kuwait,KW,KWT,7302,iron_steel,128.7165,255343.31,2024,2024,False
Kyrgyzstan,KG,KGZ,7229,iron_steel,25.466,350018.48,2024,2024,False
Kyrgyzstan,KG,KGZ,7301,iron_steel,38.429,113641.99,2024,2024,False
Kyrgyzstan,KG,KGZ,7302,iron_steel,1.7498,2465.58,2024,2024,False
Lebanon,LB,LBN,722592,iron_steel,0.2418,256.91,2024,2024,False
Lebanon,LB,LBN,722599,iron_steel,4.7986,6372.79,2024,2024,False
Lebanon,LB,LBN,722691,iron_steel,5.8055,11028.56,2024,2024,False
Lebanon,LB,LBN,722699,iron_steel,2.0957,3383.24,2024,2024,False
Lebanon,LB,LBN,722830,iron_steel,166.1581,197144.44,2024,2024,False
Lebanon,LB,LBN,722850,iron_steel,0.3323,677.39,2024,2024,False
Lebanon,LB,LBN,722860,iron_steel,0.4862,1253.12,2024,2024,False
Pakistan,PK,PAK,7302,iron_steel,2.0,702.57,2024,2024,False
Pakistan,PK,PAK,7301,iron_steel,1.0,37.4,2024,2024,False
Pakistan,PK,PAK,7229,iron_steel,315.0,281179.62,2024,2024,False
Singapore,SG,SGP,722240,iron_steel,877.17,3360978.61,2024,2024,False
India,IN,IND,722540,iron_steel,3466.6,3352425.63,2024,2024,False
India,IN,IND,722550,iron_steel,897.884,663126.08,2024,2024,False
India,IN,IND,722591,iron_steel,10.12,10736.06,2024,2024,False
Singapore,SG,SGP,721990,iron_steel,780.4019,23312465.6,2024,2024,False
Singapore,SG,SGP,722011,iron_steel,212.85,1016395.52,2024,2024,False
Singapore,SG,SGP,722012,iron_steel,683.4959,3922013.7,2024,2024,False
Singapore,SG,SGP,722020,iron_steel,2436.5294,20175275.96,2024,2024,False
Singapore,SG,SGP,722090,iron_steel,912.2794,3291978.43,2024,2024,False
Singapore,SG,SGP,7221,iron_steel,2080.8023,5127779.02,2024,2024,False
Singapore,SG,SGP,722211,iron_steel,1035.987,7988552.26,2024,2024,False
Singapore,SG,SGP,722219,iron_steel,188.55,1131182.59,2024,2024,False
Singapore,SG,SGP,722220,iron_steel,2580.7126,7813822.1,2024,2024,False
Singapore,SG,SGP,722230,iron_steel,3257.4557,16469715.51,2024,2024,False
Singapore,SG,SGP,722300,iron_steel,1613.697,11876993.98,2024,2024,False
India,IN,IND,722519,iron_steel,2228.6829,1952100.57,2024,2024,False
Singapore,SG,SGP,722410,iron_steel,40.01,116056.14,2024,2024,False
Singapore,SG,SGP,722490,iron_steel,19.1359,244250.43,2024,2024,False
Singapore,SG,SGP,722511,iron_steel,3921.38,9068227.12,2024,2024,False
Singapore,SG,SGP,722519,iron_steel,586.01,921238.61,2024,2024,False
Singapore,SG,SGP,722530,iron_steel,,2022303.04,2024,2024,False
Singapore,SG,SGP,722540,iron_steel,,42307735.3,2024,2024,False
Singapore,SG,SGP,722550,iron_steel,189.33,224398.27,2024,2024,False
Singapore,SG,SGP,722591,iron_steel,842.5,1067774.62,2024,2024,False
South Africa,ZA,ZAF,721990,iron_steel,443.1795,1405892.26,2024,2024,False
South Africa,ZA,ZAF,722011,iron_steel,186.4865,313507.99,2024,2024,False
South Africa,ZA,ZAF,722012,iron_steel,201.8289,306099.04,2024,2024,False
South Africa,ZA,ZAF,722020,iron_steel,2138.6373,3746972.96,2024,2024,False
South Africa,ZA,ZAF,722090,iron_steel,681.6194,554014.43,2024,2024,False
India,IN,IND,722530,iron_steel,4443.197,2480666.49,2024,2024,False
India,IN,IND,722511,iron_steel,835.167,2076620.85,2024,2024,False
Serbia,RS,SRB,721990,iron_steel,23.421,136477.22,2024,2024,False
Serbia,RS,SRB,722540,iron_steel,941.769,1931449.96,2024,2024,False
Serbia,RS,SRB,722012,iron_steel,44.719,82387.03,2024,2024,False
Serbia,RS,SRB,722020,iron_steel,32.786,132150.45,2024,2024,False
Serbia,RS,SRB,722090,iron_steel,2.227,86745.22,2024,2024,False
Serbia,RS,SRB,7221,iron_steel,0.004,1104.33,2024,2024,False
Serbia,RS,SRB,722211,iron_steel,2.971,74684.41,2024,2024,False
Serbia,RS,SRB,722219,iron_steel,1.016,4029.2,2024,2024,False
Serbia,RS,SRB,722220,iron_steel,29.509,148453.93,2024,2024,False
Serbia,RS,SRB,722230,iron_steel,1.73,20325.29,2024,2024,False
Serbia,RS,SRB,722240,iron_steel,8.4672,75628.87,2024,2024,False
Serbia,RS,SRB,722300,iron_steel,24.3224,112121.8,2024,2024,False
Serbia,RS,SRB,722410,iron_steel,0.009,1071.07,2024,2024,False
Serbia,RS,SRB,722490,iron_steel,30.023,247524.26,2024,2024,False
Serbia,RS,SRB,722511,iron_steel,21.001,57036.32,2024,2024,False
Serbia,RS,SRB,722550,iron_steel,7.628,17793.18,2024,2024,False
India,IN,IND,722490,iron_steel,233431.1151,129114617.73,2024,2024,False
India,IN,IND,721990,iron_steel,19866.0709,43273487.88,2024,2024,False
India,IN,IND,722011,iron_steel,6883.1617,18340779.91,2024,2024,False
India,IN,IND,722012,iron_steel,1212.7414,3295883.57,2024,2024,False
India,IN,IND,722020,iron_steel,37006.1951,134732357.0,2024,2024,False
India,IN,IND,722090,iron_steel,385.2821,1827669.74,2024,2024,False
India,IN,IND,7221,iron_steel,44872.0663,99744429.57,2024,2024,False
India,IN,IND,722211,iron_steel,42619.897,139042564.52,2024,2024,False
India,IN,IND,722219,iron_steel,21811.1093,52885114.18,2024,2024,False
India,IN,IND,722220,iron_steel,184095.7042,462882676.61,2024,2024,False
India,IN,IND,722230,iron_steel,64886.2205,158787716.68,2024,2024,False
India,IN,IND,722240,iron_steel,66436.327,174855696.76,2024,2024,False
India,IN,IND,722300,iron_steel,133038.7634,373517449.48,2024,2024,False
India,IN,IND,722410,iron_steel,1332.52,6114000.56,2024,2024,False
South Africa,ZA,ZAF,7221,iron_steel,,375764.16,2024,2024,False
South Africa,ZA,ZAF,722211,iron_steel,172.3758,251962.29,2024,2024,False
South Africa,ZA,ZAF,722219,iron_steel,595.1002,1214256.11,2024,2024,False
Trinidad and Tobago,TT,TTO,722540,iron_steel,126.28,278073.28,2024,2024,False
Togo,TG,TGO,722012,iron_steel,200.506,69384.61,2024,2024,False
Togo,TG,TGO,722020,iron_steel,0.136,486.21,2024,2024,False
Togo,TG,TGO,722300,iron_steel,0.054,1540.33,2024,2024,False
Trinidad and Tobago,TT,TTO,721990,iron_steel,2.083,10289.0,2024,2024,False
Trinidad and Tobago,TT,TTO,722090,iron_steel,0.441,3383.76,2024,2024,False
Trinidad and Tobago,TT,TTO,722219,iron_steel,0.014,68.45,2024,2024,False
Trinidad and Tobago,TT,TTO,722220,iron_steel,0.017,668.1,2024,2024,False
Trinidad and Tobago,TT,TTO,722230,iron_steel,28.3577,50405.87,2024,2024,False
Trinidad and Tobago,TT,TTO,722240,iron_steel,1.071,3636.89,2024,2024,False
Trinidad and Tobago,TT,TTO,722300,iron_steel,0.337,1576.33,2024,2024,False
Trinidad and Tobago,TT,TTO,722410,iron_steel,0.0086,17.66,2024,2024,False
Trinidad and Tobago,TT,TTO,722490,iron_steel,1.736,145479.48,2024,2024,False
Trinidad and Tobago,TT,TTO,722519,iron_steel,0.839,8991.54,2024,2024,False
Trinidad and Tobago,TT,TTO,722550,iron_steel,0.15,92.82,2024,2024,False
South Africa,ZA,ZAF,722220,iron_steel,81.7495,179535.87,2024,2024,False
Tunisia,TN,TUN,721990,iron_steel,32.9154,106737.05,2024,2024,False
Tunisia,TN,TUN,722020,iron_steel,95.2885,378227.47,2024,2024,False
Tunisia,TN,TUN,722090,iron_steel,2.3108,18517.97,2024,2024,False
Tunisia,TN,TUN,7221,iron_steel,15.1019,48758.22,2024,2024,False
Tunisia,TN,TUN,722230,iron_steel,15.7255,85930.06,2024,2024,False
Tunisia,TN,TUN,722240,iron_steel,148.072,782726.2,2024,2024,False
Tunisia,TN,TUN,722300,iron_steel,0.0012,6.84,2024,2024,False
Turkey,TR,TUR,721990,iron_steel,1374.749,3617842.16,2024,2024,False
Turkey,TR,TUR,722011,iron_steel,123.059,204826.73,2024,2024,False
Turkey,TR,TUR,722012,iron_steel,274.614,351571.94,2024,2024,False
Turkey,TR,TUR,722020,iron_steel,14349.439,27532275.21,2024,2024,False
Turkey,TR,TUR,722090,iron_steel,170.069,680932.45,2024,2024,False
Turkey,TR,TUR,7221,iron_steel,7.885,68198.87,2024,2024,False
Thailand,TH,THA,722591,iron_steel,1233.301,578228.01,2024,2024,False
Thailand,TH,THA,722550,iron_steel,423.741,412749.79,2024,2024,False
Thailand,TH,THA,722540,iron_steel,686.4457,1822648.65,2024,2024,False
Thailand,TH,THA,722530,iron_steel,216.746,195861.57,2024,2024,False
South Africa,ZA,ZAF,722230,iron_steel,2488.7351,2993538.06,2024,2024,False
South Africa,ZA,ZAF,722240,iron_steel,868.0019,1623250.06,2024,2024,False
South Africa,ZA,ZAF,722300,iron_steel,654.1578,1141338.91,2024,2024,False
South Africa,ZA,ZAF,722410,iron_steel,3267.8231,1578382.71,2024,2024,False
South Africa,ZA,ZAF,722490,iron_steel,22042.9439,9627476.3,2024,2024,False
South Africa,ZA,ZAF,722511,iron_steel,199.8968,41887.39,2024,2024,False
South Africa,ZA,ZAF,722519,iron_steel,295.852,619447.4,2024,2024,False
South Africa,ZA,ZAF,722530,iron_steel,2089.6036,1995094.88,2024,2024,False
South Africa,ZA,ZAF,722540,iron_steel,385.5134,950773.79,2024,2024,False
South Africa,ZA,ZAF,722550,iron_steel,330.762,654433.57,2024,2024,False
South Africa,ZA,ZAF,722591,iron_steel,0.91,1222.68,2024,2024,False
Zimbabwe,ZW,ZWE,722300,iron_steel,0.15,236.54,2024,2024,False
Thailand,TH,THA,721990,iron_steel,8095.7616,9256166.37,2024,2024,False
Thailand,TH,THA,722011,iron_steel,,2136638.96,2024,2024,False
Thailand,TH,THA,722012,iron_steel,74.5688,195495.99,2024,2024,False
Thailand,TH,THA,722020,iron_steel,10171.6291,18938438.26,2024,2024,False
Thailand,TH,THA,722090,iron_steel,803.2987,6637841.91,2024,2024,False
Thailand,TH,THA,7221,iron_steel,17.1464,63483.43,2024,2024,False
Thailand,TH,THA,722211,iron_steel,152.684,208124.07,2024,2024,False
Thailand,TH,THA,722219,iron_steel,22.0758,119764.96,2024,2024,False
Thailand,TH,THA,722220,iron_steel,698.192,3537316.55,2024,2024,False
Thailand,TH,THA,722230,iron_steel,1068.2178,3280926.43,2024,2024,False
Thailand,TH,THA,722240,iron_steel,,792289.44,2024,2024,False
Thailand,TH,THA,722300,iron_steel,6993.844,33203799.1,2024,2024,False
Thailand,TH,THA,722490,iron_steel,99.9397,262266.92,2024,2024,False
Thailand,TH,THA,722511,iron_steel,131.884,255962.83,2024,2024,False
Thailand,TH,THA,722519,iron_steel,164.475,198025.89,2024,2024,False
Serbia,RS,SRB,722011,iron_steel,13.066,26122.35,2024,2024,False
Senegal,SN,SEN,722540,iron_steel,82.561,231711.18,2024,2024,False
Pakistan,PK,PAK,722840,iron_steel,3.0,20786.15,2024,2024,False
New Zealand,NZ,NZL,722240,iron_steel,71.258,199966.12,2024,2024,False
Namibia,,NAM,722240,iron_steel,20.056,11980.9,2024,2024,False
Namibia,,NAM,722300,iron_steel,40.0993,96590.24,2024,2024,False
Namibia,,NAM,722530,iron_steel,3.016,315.2,2024,2024,False
New Zealand,NZ,NZL,721990,iron_steel,58.112,98069.71,2024,2024,False
New Zealand,NZ,NZL,722011,iron_steel,3.082,9538.79,2024,2024,False
New Zealand,NZ,NZL,722012,iron_steel,5.464,10167.44,2024,2024,False
New Zealand,NZ,NZL,722020,iron_steel,0.0015,251.68,2024,2024,False
New Zealand,NZ,NZL,722090,iron_steel,7.772,32176.84,2024,2024,False
New Zealand,NZ,NZL,7221,iron_steel,125.892,145578.53,2024,2024,False
New Zealand,NZ,NZL,722211,iron_steel,0.998,3912.83,2024,2024,False
New Zealand,NZ,NZL,722219,iron_steel,6.924,32849.12,2024,2024,False
New Zealand,NZ,NZL,722220,iron_steel,1.053,10869.35,2024,2024,False
New Zealand,NZ,NZL,722230,iron_steel,71.657,108325.52,2024,2024,False
New Zealand,NZ,NZL,722300,iron_steel,10.3141,125074.19,2024,2024,False
Namibia,,NAM,722220,iron_steel,0.202,361.82,2024,2024,False
New Zealand,NZ,NZL,722410,iron_steel,0.186,12724.54,2024,2024,False
New Zealand,NZ,NZL,722490,iron_steel,0.002,251.68,2024,2024,False
New Zealand,NZ,NZL,722511,iron_steel,88.425,62028.69,2024,2024,False
New Zealand,NZ,NZL,722540,iron_steel,2.386,10271.47,2024,2024,False
New Zealand,NZ,NZL,722591,iron_steel,12.859,22682.8,2024,2024,False
Nicaragua,NI,NIC,722211,iron_steel,0.1611,1497.09,2024,2024,False
Nicaragua,NI,NIC,722220,iron_steel,10.2852,25743.92,2024,2024,False
Nicaragua,NI,NIC,722230,iron_steel,0.5317,4654.84,2024,2024,False
Nicaragua,NI,NIC,722300,iron_steel,0.045,277.24,2024,2024,False
Nicaragua,NI,NIC,722540,iron_steel,1.7436,6358.01,2024,2024,False
Niger,NE,NER,722490,iron_steel,0.3,151.97,2024,2024,False
Nigeria,NG,NGA,7221,iron_steel,104.0,40954.97,2024,2024,False
Pakistan,PK,PAK,721990,iron_steel,2.0,307.83,2024,2024,False
Namibia,,NAM,722230,iron_steel,2.1087,2104.18,2024,2024,False
Namibia,,NAM,722211,iron_steel,0.1894,1274.15,2024,2024,False
Senegal,SN,SEN,722240,iron_steel,0.107,1661.81,2024,2024,False
Mozambique,MZ,MOZ,722530,iron_steel,,23882.54,2024,2024,False
Morocco,MA,MAR,722020,iron_steel,1.6806,13355.14,2024,2024,False
Morocco,MA,MAR,722090,iron_steel,0.9584,5006.77,2024,2024,False
Morocco,MA,MAR,722211,iron_steel,0.0451,1255.55,2024,2024,False
Morocco,MA,MAR,722220,iron_steel,1.9442,116843.9,2024,2024,False
Morocco,MA,MAR,722230,iron_steel,17.4538,42138.98,2024,2024,False
Morocco,MA,MAR,722240,iron_steel,64.915,178258.14,2024,2024,False
Morocco,MA,MAR,722300,iron_steel,5.7419,3776.11,2024,2024,False
Morocco,MA,MAR,722410,iron_steel,2.0,817.95,2024,2024,False
Morocco,MA,MAR,722490,iron_steel,0.0008,1861.39,2024,2024,False
Morocco,MA,MAR,722511,iron_steel,89.408,180580.28,2024,2024,False
Morocco,MA,MAR,722540,iron_steel,0.32,15.43,2024,2024,False
Mozambique,MZ,MOZ,722230,iron_steel,0.001,1878.75,2024,2024,False
Mozambique,MZ,MOZ,722240,iron_steel,37.015,62573.14,2024,2024,False
Oman,OM,OMN,721990,iron_steel,1.17,9012.96,2024,2024,False
Namibia,,NAM,7221,iron_steel,5.5875,8436.75,2024,2024,False
Oman,OM,OMN,722012,iron_steel,1.648,721.04,2024,2024,False
Oman,OM,OMN,722020,iron_steel,0.037,944.56,2024,2024,False
Oman,OM,OMN,722090,iron_steel,1.409,11180.88,2024,2024,False
Oman,OM,OMN,7221,iron_steel,0.515,531.16,2024,2024,False
Oman,OM,OMN,722211,iron_steel,1.142,4468.03,2024,2024,False
Oman,OM,OMN,722219,iron_steel,0.055,240.35,2024,2024,False
Oman,OM,OMN,722220,iron_steel,6860.624,5069668.38,2024,2024,False
Oman,OM,OMN,722240,iron_steel,1578.884,1044775.31,2024,2024,False
Oman,OM,OMN,722300,iron_steel,5418.106,1912836.49,2024,2024,False
Oman,OM,OMN,722490,iron_steel,0.302,461.46,2024,2024,False
Oman,OM,OMN,722540,iron_steel,232.065,1902150.72,2024,2024,False
Namibia,,NAM,722011,iron_steel,0.013,1053.03,2024,2024,False
Namibia,,NAM,722090,iron_steel,0.176,3244.64,2024,2024,False
Pakistan,PK,PAK,722020,iron_steel,1.0,267.08,2024,2024,False
Pakistan,PK,PAK,722090,iron_steel,1.0,2771.6,2024,2024,False
Pakistan,PK,PAK,722219,iron_steel,2.0,14062.11,2024,2024,False
Saudi Arabia,SA,SAU,722090,iron_steel,17.179,22996.52,2024,2024,False
Philippines,PH,PHL,722219,iron_steel,0.1482,15354.4,2024,2024,False
Philippines,PH,PHL,722220,iron_steel,0.9384,9952.87,2024,2024,False
Philippines,PH,PHL,722230,iron_steel,14.6772,62863.88,2024,2024,False
Philippines,PH,PHL,722240,iron_steel,241.6818,158674.8,2024,2024,False
Philippines,PH,PHL,722300,iron_steel,19.3519,9386651.88,2024,2024,False
Philippines,PH,PHL,722490,iron_steel,10.1935,3608293.13,2024,2024,False
Philippines,PH,PHL,722519,iron_steel,67.977,187284.91,2024,2024,False
Philippines,PH,PHL,722540,iron_steel,4.355,22693.84,2024,2024,False
Philippines,PH,PHL,722550,iron_steel,,16345.99,2024,2024,False
Philippines,PH,PHL,722591,iron_steel,122.685,34114.22,2024,2024,False
Saudi Arabia,SA,SAU,721990,iron_steel,46.711,139926.19,2024,2024,False
Saudi Arabia,SA,SAU,722011,iron_steel,0.018,763.21,2024,2024,False
Saudi Arabia,SA,SAU,722020,iron_steel,48.22,53473.8,2024,2024,False
Saudi Arabia,SA,SAU,7221,iron_steel,0.75,2772.39,2024,2024,False
Pakistan,PK,PAK,722220,iron_steel,1.0,47.76,2024,2024,False
Saudi Arabia,SA,SAU,722211,iron_steel,5.51,46553.43,2024,2024,False
Saudi Arabia,SA,SAU,722220,iron_steel,1166.375,2491956.44,2024,2024,False
Saudi Arabia,SA,SAU,722230,iron_steel,1.001,16122.72,2024,2024,False
Saudi Arabia,SA,SAU,722240,iron_steel,1367.948,1560570.46,2024,2024,False
Saudi Arabia,SA,SAU,722300,iron_steel,1234.093,1035734.69,2024,2024,False
Saudi Arabia,SA,SAU,722410,iron_steel,1143.002,1984356.79,2024,2024,False
Saudi Arabia,SA,SAU,722490,iron_steel,2.5,2424.91,2024,2024,False
Saudi Arabia,SA,SAU,722519,iron_steel,297.149,225823.12,2024,2024,False
Saudi Arabia,SA,SAU,722530,iron_steel,157.86,103964.76,2024,2024,False
Saudi Arabia,SA,SAU,722540,iron_steel,95.716,149158.85,2024,2024,False
Senegal,SN,SEN,722020,iron_steel,0.745,4172.15,2024,2024,False
Senegal,SN,SEN,722090,iron_steel,0.02,379.91,2024,2024,False
Senegal,SN,SEN,722219,iron_steel,128.943,58784.82,2024,2024,False
Philippines,PH,PHL,722211,iron_steel,0.41,4019.04,2024,2024,False
Philippines,PH,PHL,7221,iron_steel,1.519,1629.24,2024,2024,False
Philippines,PH,PHL,722090,iron_steel,20.437,1156738.75,2024,2024,False
Philippines,PH,PHL,722012,iron_steel,1.6851,4560.58,2024,2024,False
Pakistan,PK,PAK,722230,iron_steel,2.0,1728.83,2024,2024,False
Pakistan,PK,PAK,722240,iron_steel,3.0,3216.29,2024,2024,False
Pakistan,PK,PAK,722300,iron_steel,11.0,10782.33,2024,2024,False
Pakistan,PK,PAK,722410,iron_steel,78.0,549712.3,2024,2024,False
Pakistan,PK,PAK,722490,iron_steel,2.0,158.42,2024,2024,False
Panama,PA,PAN,721990,iron_steel,1.05,15451.44,2024,2024,False
Panama,PA,PAN,722020,iron_steel,0.033,149.71,2024,2024,False
Panama,PA,PAN,722219,iron_steel,113.199,86544.68,2024,2024,False
Panama,PA,PAN,722220,iron_steel,2.363,11106.18,2024,2024,False
Panama,PA,PAN,722230,iron_steel,6.119,494.41,2024,2024,False
Panama,PA,PAN,722540,iron_steel,77.448,115346.09,2024,2024,False
Paraguay,PY,PRY,722220,iron_steel,2.4521,4199.72,2024,2024,False
Paraguay,PY,PRY,722240,iron_steel,1.0029,1805.93,2024,2024,False
Peru,PE,PER,721990,iron_steel,,7347.09,2024,2024,False
Peru,PE,PER,722011,iron_steel,6.4623,9947.08,2024,2024,False
Peru,PE,PER,722012,iron_steel,0.1032,108.24,2024,2024,False
Peru,PE,PER,722020,iron_steel,0.5764,849.27,2024,2024,False
Peru,PE,PER,722090,iron_steel,16.4174,21960.26,2024,2024,False
Peru,PE,PER,722211,iron_steel,15.9182,29676.11,2024,2024,False
Peru,PE,PER,722220,iron_steel,5.9371,5393.32,2024,2024,False
Peru,PE,PER,722230,iron_steel,5.2408,27295.97,2024,2024,False
Peru,PE,PER,722240,iron_steel,82.8048,93210.22,2024,2024,False
Peru,PE,PER,722300,iron_steel,2.2904,21136.18,2024,2024,False
Peru,PE,PER,722490,iron_steel,1.1859,1680.78,2024,2024,False
Peru,PE,PER,722540,iron_steel,1576.8882,2126146.77,2024,2024,False
Philippines,PH,PHL,721990,iron_steel,18.065,48846.69,2024,2024,False
Philippines,PH,PHL,722011,iron_steel,9.24,4510.67,2024,2024,False
Turkey,TR,TUR,722211,iron_steel,119.282,590584.05,2024,2024,False
Turkey,TR,TUR,722219,iron_steel,1370.091,1272051.57,2024,2024,False
Turkey,TR,TUR,722220,iron_steel,3750.235,10581367.71,2024,2024,False
Japan,JP,JPN,722810,iron_steel,2911.242,39164537.73,2024,2024,False
Ivory Coast,CI,CIV,7302,iron_steel,4.112,4490.03,2024,2024,False
Jamaica,JM,JAM,722830,iron_steel,676.848,550818.78,2024,2024,False
Jamaica,JM,JAM,7229,iron_steel,0.002,58.22,2024,2024,False
Jamaica,JM,JAM,7302,iron_steel,6.2664,168023.29,2024,2024,False
Japan,JP,JPN,722592,iron_steel,374546.04,419173902.52,2024,2024,False
Japan,JP,JPN,722599,iron_steel,222468.549,275493563.52,2024,2024,False
Japan,JP,JPN,722611,iron_steel,15131.773,40287695.97,2024,2024,False
Japan,JP,JPN,722619,iron_steel,18861.088,23628138.04,2024,2024,False
Japan,JP,JPN,722620,iron_steel,558.847,6578515.75,2024,2024,False
Japan,JP,JPN,722691,iron_steel,9004.283,43044203.71,2024,2024,False
Japan,JP,JPN,722692,iron_steel,13031.767,79200575.34,2024,2024,False
Japan,JP,JPN,722699,iron_steel,5937.813,24060407.99,2024,2024,False
Japan,JP,JPN,7227,iron_steel,450227.224,581719693.09,2024,2024,False
Japan,JP,JPN,722820,iron_steel,29846.639,31429858.76,2024,2024,False
Ivory Coast,CI,CIV,7229,iron_steel,1.545,3071.27,2024,2024,False
Japan,JP,JPN,722830,iron_steel,415372.274,453326476.46,2024,2024,False
Japan,JP,JPN,722840,iron_steel,19825.323,71934907.7,2024,2024,False
Japan,JP,JPN,722850,iron_steel,26755.661,75478968.15,2024,2024,False
Japan,JP,JPN,722860,iron_steel,1571.731,6636521.72,2024,2024,False
Japan,JP,JPN,722870,iron_steel,9888.911,16076085.38,2024,2024,False
Japan,JP,JPN,722880,iron_steel,3598.769,9702162.64,2024,2024,False
Japan,JP,JPN,7229,iron_steel,93093.473,226223525.98,2024,2024,False
Japan,JP,JPN,7301,iron_steel,61605.3073,44742775.58,2024,2024,False
Japan,JP,JPN,7302,iron_steel,366567.244,374532980.81,2024,2024,False
Moldova,MD,MDA,7227,iron_steel,0.084,1867.66,2024,2024,False
Moldova,MD,MDA,722860,iron_steel,7.856,57846.78,2024,2024,False
Moldova,MD,MDA,7229,iron_steel,0.0241,46.21,2024,2024,False
Moldova,MD,MDA,7301,iron_steel,0.07,27.72,2024,2024,False
Ivory Coast,CI,CIV,7301,iron_steel,247.033,23408.74,2024,2024,False
Ivory Coast,CI,CIV,722880,iron_steel,0.711,1258.72,2024,2024,False
Turkey,TR,TUR,722230,iron_steel,837.27,4250204.23,2024,2024,False
Indonesia,ID,IDN,7229,iron_steel,6089.091,17617563.1,2024,2024,False
Indonesia,ID,IDN,722620,iron_steel,348.5835,251769.38,2024,2024,False
Indonesia,ID,IDN,722691,iron_steel,1.099,2414.53,2024,2024,False
Indonesia,ID,IDN,722692,iron_steel,9.429,24198.57,2024,2024,False
Indonesia,ID,IDN,722699,iron_steel,31.599,119277.74,2024,2024,False
Indonesia,ID,IDN,7227,iron_steel,,21240.44,2024,2024,False
Indonesia,ID,IDN,722810,iron_steel,35.9465,206013.39,2024,2024,False
Indonesia,ID,IDN,722820,iron_steel,8.395,12764.07,2024,2024,False
Indonesia,ID,IDN,722830,iron_steel,114.2431,115858.89,2024,2024,False
Indonesia,ID,IDN,722840,iron_steel,,213865.33,2024,2024,False
Indonesia,ID,IDN,722850,iron_steel,71.4944,58596.57,2024,2024,False
Indonesia,ID,IDN,722860,iron_steel,210.4954,164299.42,2024,2024,False
Indonesia,ID,IDN,722870,iron_steel,5.0108,5245.12,2024,2024,False
Indonesia,ID,IDN,722880,iron_steel,37.9167,121786.72,2024,2024,False
Indonesia,ID,IDN,7301,iron_steel,,692793.07,2024,2024,False
Ivory Coast,CI,CIV,722810,iron_steel,0.001,1147.35,2024,2024,False
Indonesia,ID,IDN,7302,iron_steel,2113.896,3274727.24,2024,2024,False
Israel,IL,ISR,722599,iron_steel,40.3598,53599.48,2024,2024,False
Israel,IL,ISR,722619,iron_steel,0.934,43434.06,2024,2024,False
Israel,IL,ISR,722810,iron_steel,7.3953,129378.06,2024,2024,False
Israel,IL,ISR,722820,iron_steel,375.5729,367803.35,2024,2024,False
Israel,IL,ISR,722830,iron_steel,66.9835,79475.09,2024,2024,False
Israel,IL,ISR,722840,iron_steel,2.2544,6468.9,2024,2024,False
Israel,IL,ISR,722850,iron_steel,0.9068,1848.26,2024,2024,False
Israel,IL,ISR,722860,iron_steel,7.5295,19406.71,2024,2024,False
Israel,IL,ISR,722870,iron_steel,30.792,45282.32,2024,2024,False
Israel,IL,ISR,7229,iron_steel,187.066,210701.41,2024,2024,False
Israel,IL,ISR,7301,iron_steel,38.3325,124757.42,2024,2024,False
Israel,IL,ISR,7302,iron_steel,35.534,111819.61,2024,2024,False
Montenegro,ME,MNE,722840,iron_steel,12.8022,45348.3,2024,2024,False
Montenegro,ME,MNE,7302,iron_steel,42.56,37607.9,2024,2024,False
Morocco,MA,MAR,722599,iron_steel,16.1,10921.47,2024,2024,False
New Zealand,NZ,NZL,722880,iron_steel,3.958,28580.57,2024,2024,False
Namibia,,NAM,7229,iron_steel,0.0167,200.77,2024,2024,False
Namibia,,NAM,7301,iron_steel,0.8704,6444.41,2024,2024,False
Namibia,,NAM,7302,iron_steel,41.467,2485.81,2024,2024,False
New Zealand,NZ,NZL,722692,iron_steel,0.395,1185.71,2024,2024,False
New Zealand,NZ,NZL,722699,iron_steel,15.693,147869.96,2024,2024,False
New Zealand,NZ,NZL,7227,iron_steel,,1462.0,2024,2024,False
New Zealand,NZ,NZL,722810,iron_steel,1.236,6266.35,2024,2024,False
New Zealand,NZ,NZL,722820,iron_steel,0.04,1540.86,2024,2024,False
New Zealand,NZ,NZL,722830,iron_steel,,5067.22,2024,2024,False
New Zealand,NZ,NZL,722840,iron_steel,3.2057,10779.87,2024,2024,False
New Zealand,NZ,NZL,722850,iron_steel,0.043,743.86,2024,2024,False
New Zealand,NZ,NZL,722860,iron_steel,62.765,86679.65,2024,2024,False
New Zealand,NZ,NZL,722870,iron_steel,68.864,113009.62,2024,2024,False
New Zealand,NZ,NZL,7229,iron_steel,31.13,52275.13,2024,2024,False
Morocco,MA,MAR,722611,iron_steel,3220.282,8123088.91,2024,2024,False
New Zealand,NZ,NZL,7301,iron_steel,47.8487,231408.61,2024,2024,False
New Zealand,NZ,NZL,7302,iron_steel,17.898,187502.22,2024,2024,False
Nicaragua,NI,NIC,722599,iron_steel,116.419,157354.77,2024,2024,False
Nicaragua,NI,NIC,722691,iron_steel,0.887,1859.26,2024,2024,False
Nicaragua,NI,NIC,722860,iron_steel,0.0142,95.19,2024,2024,False
Nicaragua,NI,NIC,722870,iron_steel,1445.161,1222549.49,2024,2024,False
Nicaragua,NI,NIC,722880,iron_steel,20.318,76156.36,2024,2024,False
Nicaragua,NI,NIC,7301,iron_steel,0.0732,536.55,2024,2024,False
Nicaragua,NI,NIC,7302,iron_steel,0.03,255.06,2024,2024,False
Pakistan,PK,PAK,722599,iron_steel,1.0,41.53,2024,2024,False
Pakistan,PK,PAK,722620,iron_steel,51.0,196398.0,2024,2024,False
Pakistan,PK,PAK,7227,iron_steel,3.0,396.56,2024,2024,False
Pakistan,PK,PAK,722820,iron_steel,19.0,18273.11,2024,2024,False
Namibia,,NAM,722880,iron_steel,12.7,65003.96,2024,2024,False
Namibia,,NAM,722870,iron_steel,8.6548,4277.37,2024,2024,False
Namibia,,NAM,722860,iron_steel,0.6586,4589.29,2024,2024,False
Namibia,,NAM,722850,iron_steel,0.1,300.43,2024,2024,False
Morocco,MA,MAR,722692,iron_steel,1.956,14519.31,2024,2024,False
Morocco,MA,MAR,722830,iron_steel,0.4975,408.97,2024,2024,False
Morocco,MA,MAR,722840,iron_steel,50.281,183570.53,2024,2024,False
Morocco,MA,MAR,722850,iron_steel,0.85,6709.44,2024,2024,False
Morocco,MA,MAR,722860,iron_steel,0.006,367.15,2024,2024,False
Morocco,MA,MAR,7229,iron_steel,0.206,494.12,2024,2024,False
Morocco,MA,MAR,7301,iron_steel,0.01,153.62,2024,2024,False
Morocco,MA,MAR,7302,iron_steel,26.1738,39160.66,2024,2024,False
Mozambique,MZ,MOZ,722880,iron_steel,0.96,2643.75,2024,2024,False
Mozambique,MZ,MOZ,7301,iron_steel,0.072,39914.43,2024,2024,False
Mozambique,MZ,MOZ,7302,iron_steel,26.489,31062.75,2024,2024,False
Oman,OM,OMN,722620,iron_steel,7.2,2268.86,2024,2024,False
Oman,OM,OMN,7227,iron_steel,0.01,12.02,2024,2024,False
Oman,OM,OMN,722810,iron_steel,1.484,382.15,2024,2024,False
Oman,OM,OMN,722830,iron_steel,94.82,460403.71,2024,2024,False
Oman,OM,OMN,722840,iron_steel,2.205,18920.01,2024,2024,False
Oman,OM,OMN,722850,iron_steel,137.577,197554.51,2024,2024,False
Oman,OM,OMN,722860,iron_steel,5.655,4725.2,2024,2024,False
Oman,OM,OMN,722870,iron_steel,0.21,480.69,2024,2024,False
Oman,OM,OMN,7229,iron_steel,5.752,2408.26,2024,2024,False
Oman,OM,OMN,7301,iron_steel,41321.327,28115335.58,2024,2024,False
Oman,OM,OMN,7302,iron_steel,1.286,2453.93,2024,2024,False
Namibia,,NAM,722592,iron_steel,0.096,1551.76,2024,2024,False
Namibia,,NAM,722699,iron_steel,0.0101,92.89,2024,2024,False
Namibia,,NAM,7227,iron_steel,,380.84,2024,2024,False
Namibia,,NAM,722830,iron_steel,2124.066,25145424.31,2024,2024,False
Namibia,,NAM,722840,iron_steel,1.384,1949.12,2024,2024,False
Indonesia,ID,IDN,722619,iron_steel,3.742,4656.19,2024,2024,False
Indonesia,ID,IDN,722611,iron_steel,864.128,871212.98,2024,2024,False
Indonesia,ID,IDN,722599,iron_steel,71.408,38019.23,2024,2024,False
United Kingdom,GB,GBR,722090,iron_steel,114.1496,2905627.13,2024,2024,False
North Macedonia,MK,MKD,722090,iron_steel,0.106,5494.09,2024,2024,False
North Macedonia,MK,MKD,722220,iron_steel,1.4462,5945.43,2024,2024,False
North Macedonia,MK,MKD,722240,iron_steel,0.189,851.22,2024,2024,False
North Macedonia,MK,MKD,722490,iron_steel,0.16,5788.25,2024,2024,False
North Macedonia,MK,MKD,722540,iron_steel,33620.67,22974722.9,2024,2024,False
Egypt,EG,EGY,721990,iron_steel,66.5762,233989.62,2024,2024,False
Egypt,EG,EGY,722020,iron_steel,14.2012,58397.72,2024,2024,False
Egypt,EG,EGY,722240,iron_steel,3.6465,23639.22,2024,2024,False
Egypt,EG,EGY,722300,iron_steel,20.9113,131384.57,2024,2024,False
United Kingdom,GB,GBR,721990,iron_steel,,8359240.94,2024,2024,False
United Kingdom,GB,GBR,722011,iron_steel,,2136771.97,2024,2024,False
United Kingdom,GB,GBR,722012,iron_steel,421.3446,1912782.99,2024,2024,False
United Kingdom,GB,GBR,722020,iron_steel,3109.1672,16681263.89,2024,2024,False
United Kingdom,GB,GBR,7221,iron_steel,,42354534.5,2024,2024,False
Tanzania,TZ,TZA,722090,iron_steel,0.4,586.07,2024,2024,False
United Kingdom,GB,GBR,722211,iron_steel,6869.136,58415127.22,2024,2024,False
United Kingdom,GB,GBR,722219,iron_steel,423.139,2765763.68,2024,2024,False
United Kingdom,GB,GBR,722220,iron_steel,6932.0637,67720269.61,2024,2024,False
United Kingdom,GB,GBR,722230,iron_steel,1057.3095,17994140.16,2024,2024,False
United Kingdom,GB,GBR,722240,iron_steel,1778.7619,26502848.52,2024,2024,False
United Kingdom,GB,GBR,722300,iron_steel,1911.6041,19188913.69,2024,2024,False
United Kingdom,GB,GBR,722410,iron_steel,230.745,5659350.1,2024,2024,False
United Kingdom,GB,GBR,722490,iron_steel,31490.953,42306622.5,2024,2024,False
United Kingdom,GB,GBR,722511,iron_steel,16.512,67718.85,2024,2024,False
United Kingdom,GB,GBR,722519,iron_steel,38.936,231546.5,2024,2024,False
United Kingdom,GB,GBR,722530,iron_steel,,18638716.92,2024,2024,False
United Kingdom,GB,GBR,722540,iron_steel,4642.5996,10195488.75,2024,2024,False
United Kingdom,GB,GBR,722550,iron_steel,180889.882,150755310.36,2024,2024,False
North Macedonia,MK,MKD,722020,iron_steel,155.8012,394445.14,2024,2024,False
North Macedonia,MK,MKD,721990,iron_steel,7.762,26193.01,2024,2024,False
Ukraine,UA,UKR,722550,iron_steel,3.1608,1549.99,2024,2024,False
Ukraine,UA,UKR,722540,iron_steel,13239.4017,10972783.22,2024,2024,False
Turkey,TR,TUR,722240,iron_steel,3287.987,17511422.23,2024,2024,False
Turkey,TR,TUR,722300,iron_steel,494.684,2229338.32,2024,2024,False
Turkey,TR,TUR,722410,iron_steel,690.702,723681.73,2024,2024,False
Turkey,TR,TUR,722490,iron_steel,71750.93,106551266.98,2024,2024,False
Turkey,TR,TUR,722511,iron_steel,3151.462,10273517.24,2024,2024,False
Turkey,TR,TUR,722519,iron_steel,49956.409,32110220.87,2024,2024,False
Turkey,TR,TUR,722530,iron_steel,704.184,525135.38,2024,2024,False
Turkey,TR,TUR,722540,iron_steel,2695.359,4143344.42,2024,2024,False
Turkey,TR,TUR,722550,iron_steel,14642.406,11322746.51,2024,2024,False
Uganda,UG,UGA,721990,iron_steel,2.0,1596.29,2024,2024,False
Uganda,UG,UGA,722220,iron_steel,74.835,72077.9,2024,2024,False
Uganda,UG,UGA,722230,iron_steel,6.5,2743.3,2024,2024,False
Uganda,UG,UGA,722240,iron_steel,46.798,29826.73,2024,2024,False
Uganda,UG,UGA,722300,iron_steel,4.418,4618.59,2024,2024,False
Uganda,UG,UGA,722530,iron_steel,303.225,220426.19,2024,2024,False
Uganda,UG,UGA,722540,iron_steel,45.76,36938.5,2024,2024,False
Ukraine,UA,UKR,721990,iron_steel,8.408,42058.55,2024,2024,False
Ukraine,UA,UKR,722020,iron_steel,0.3604,14111.73,2024,2024,False
Ukraine,UA,UKR,722211,iron_steel,216.2795,389835.02,2024,2024,False
Ukraine,UA,UKR,722219,iron_steel,0.064,572.83,2024,2024,False
Ukraine,UA,UKR,722220,iron_steel,4878.667,19797334.69,2024,2024,False
Ukraine,UA,UKR,722230,iron_steel,73.5514,300870.68,2024,2024,False
Ukraine,UA,UKR,722240,iron_steel,0.1788,479.53,2024,2024,False
Ukraine,UA,UKR,722300,iron_steel,16.1352,132165.39,2024,2024,False
Ukraine,UA,UKR,722410,iron_steel,19.125,45052.14,2024,2024,False
Ukraine,UA,UKR,722490,iron_steel,33620.8298,18317543.12,2024,2024,False
Ukraine,UA,UKR,722519,iron_steel,1.71,1337.15,2024,2024,False
United Kingdom,GB,GBR,722591,iron_steel,10.225,86332.54,2024,2024,False
Tanzania,TZ,TZA,7221,iron_steel,173.011,132925.24,2024,2024,False
Indonesia,ID,IDN,722592,iron_steel,600.983,563754.77,2024,2024,False
Ecuador,EC,ECU,722619,iron_steel,303.0,28001.11,2024,2024,False
Uzbekistan,UZ,UZB,722240,iron_steel,0.0371,195.92,2024,2024,False
Uzbekistan,UZ,UZB,722300,iron_steel,12.63,472266.89,2024,2024,False
Uzbekistan,UZ,UZB,722540,iron_steel,7.33,14619.72,2024,2024,False
Uzbekistan,UZ,UZB,722550,iron_steel,1.4,1201.37,2024,2024,False
Zambia,ZM,ZMB,721990,iron_steel,25.81,24914.37,2024,2024,False
Zambia,ZM,ZMB,722020,iron_steel,75.5001,144624.25,2024,2024,False
Zambia,ZM,ZMB,722090,iron_steel,335.463,42238.5,2024,2024,False
Zambia,ZM,ZMB,722220,iron_steel,1.0493,6780.1,2024,2024,False
Zambia,ZM,ZMB,722230,iron_steel,1.3268,1492.12,2024,2024,False
Zambia,ZM,ZMB,722240,iron_steel,244.829,140588.21,2024,2024,False
Zambia,ZM,ZMB,722300,iron_steel,0.9708,1128.61,2024,2024,False
Zambia,ZM,ZMB,722519,iron_steel,184.72,24148.63,2024,2024,False
Zambia,ZM,ZMB,722540,iron_steel,34.84,54949.61,2024,2024,False
Ecuador,EC,ECU,722699,iron_steel,0.0008,161.35,2024,2024,False
Tanzania,TZ,TZA,722219,iron_steel,242.5766,167939.45,2024,2024,False
Ecuador,EC,ECU,722830,iron_steel,17.1116,14856.47,2024,2024,False
Ecuador,EC,ECU,7229,iron_steel,4063.731,4085006.27,2024,2024,False
Ecuador,EC,ECU,7302,iron_steel,0.7588,4180.46,2024,2024,False
El Salvador,SV,SLV,722592,iron_steel,1125.153,1534075.0,2024,2024,False
El Salvador,SV,SLV,722599,iron_steel,17375.2926,27132630.36,2024,2024,False
El Salvador,SV,SLV,722620,iron_steel,0.288,2434.29,2024,2024,False
El Salvador,SV,SLV,722699,iron_steel,3326.3801,4548253.82,2024,2024,False
El Salvador,SV,SLV,722830,iron_steel,0.0029,2.77,2024,2024,False
El Salvador,SV,SLV,722860,iron_steel,16.3768,29155.9,2024,2024,False
El Salvador,SV,SLV,722880,iron_steel,36.809,42388.36,2024,2024,False
El Salvador,SV,SLV,7229,iron_steel,15.123,14126.62,2024,2024,False
El Salvador,SV,SLV,7301,iron_steel,5.521,8367.58,2024,2024,False
El Salvador,SV,SLV,7302,iron_steel,0.0939,47.59,2024,2024,False
Uzbekistan,UZ,UZB,721990,iron_steel,2.9085,9431.66,2024,2024,False
Uruguay,UY,URY,722230,iron_steel,0.074,131.23,2024,2024,False
Uruguay,UY,URY,722220,iron_steel,0.197,436.19,2024,2024,False
Uruguay,UY,URY,722219,iron_steel,0.004,283.71,2024,2024,False
Tanzania,TZ,TZA,722220,iron_steel,1.62,187.23,2024,2024,False
Tanzania,TZ,TZA,722230,iron_steel,645.636,443964.77,2024,2024,False
Tanzania,TZ,TZA,722240,iron_steel,35.0602,15690.13,2024,2024,False
Tanzania,TZ,TZA,722300,iron_steel,2.746,3890.52,2024,2024,False
Tanzania,TZ,TZA,722519,iron_steel,13.5,13977.43,2024,2024,False
Tanzania,TZ,TZA,722530,iron_steel,183.2183,88777.45,2024,2024,False
United States,US,USA,721990,iron_steel,8095.554,36015075.32,2024,2024,False
United States,US,USA,722011,iron_steel,4151.88,20314514.37,2024,2024,False
United States,US,USA,722012,iron_steel,4642.738,17692889.75,2024,2024,False
United States,US,USA,722020,iron_steel,43395.3864,410791784.49,2024,2024,False
United States,US,USA,722090,iron_steel,4756.861,46373856.39,2024,2024,False
United States,US,USA,7221,iron_steel,2126.763,14551827.93,2024,2024,False
United States,US,USA,722211,iron_steel,7293.781,102746320.12,2024,2024,False
United States,US,USA,722219,iron_steel,3810.318,32367403.2,2024,2024,False
United States,US,USA,722220,iron_steel,,269905011.55,2024,2024,False
United States,US,USA,722230,iron_steel,6360.156,127188867.02,2024,2024,False
United States,US,USA,722240,iron_steel,2857.518,28095520.75,2024,2024,False
United States,US,USA,722300,iron_steel,8736.721,187781093.24,2024,2024,False
United States,US,USA,722410,iron_steel,17720.994,75550341.0,2024,2024,False
United States,US,USA,722490,iron_steel,,58943680.81,2024,2024,False
United States,US,USA,722511,iron_steel,27773.244,103753919.23,2024,2024,False
United States,US,USA,722519,iron_steel,17672.292,17182186.49,2024,2024,False
United States,US,USA,722530,iron_steel,204586.201,215499271.79,2024,2024,False
United States,US,USA,722540,iron_steel,186639.269,337291204.14,2024,2024,False
United States,US,USA,722550,iron_steel,169389.369,227185259.22,2024,2024,False
United States,US,USA,722591,iron_steel,105873.261,80564953.33,2024,2024,False
Uruguay,UY,URY,722020,iron_steel,36.795,105429.26,2024,2024,False
Dominican Republic,DO,DOM,721710,iron_steel,318.3406,204640.42,2024,2024,False
Benin,BJ,BEN,721710,iron_steel,26.025,23781.11,2024,2024,False
Costa Rica,CR,CRI,721934,iron_steel,58.095,165699.17,2024,2024,False
Egypt,EG,EGY,310540,fertilizers,138080.4262,123294107.8,2024,2024,False
Ukraine,UA,UKR,720712,iron_steel,118303.79,57890835.96,2024,2024,False
North Macedonia,MK,MKD,310290,fertilizers,13.702,18215.23,2024,2024,False
North Macedonia,MK,MKD,310520,fertilizers,319.087,172460.37,2024,2024,False
North Macedonia,MK,MKD,310530,fertilizers,0.6,2181.75,2024,2024,False
North Macedonia,MK,MKD,310590,fertilizers,20.535,33165.83,2024,2024,False
North Macedonia,MK,MKD,720211,iron_steel,181.958,196778.28,2024,2024,False
North Macedonia,MK,MKD,720260,iron_steel,0.622,28.67,2024,2024,False
North Macedonia,MK,MKD,7205,iron_steel,300.92,275452.48,2024,2024,False
North Macedonia,MK,MKD,720690,iron_steel,0.2,422.33,2024,2024,False
North Macedonia,MK,MKD,720712,iron_steel,16.843,13308.33,2024,2024,False
Egypt,EG,EGY,310290,fertilizers,167.7157,175159.28,2024,2024,False
Egypt,EG,EGY,310520,fertilizers,12359.6574,14452015.45,2024,2024,False
Egypt,EG,EGY,310530,fertilizers,83065.604,52545851.52,2024,2024,False
Egypt,EG,EGY,310551,fertilizers,68.3299,46391.28,2024,2024,False
Ukraine,UA,UKR,720610,iron_steel,33.88,18343.81,2024,2024,False
Egypt,EG,EGY,310559,fertilizers,180.8469,173205.64,2024,2024,False
Egypt,EG,EGY,310590,fertilizers,3328.067,8565443.73,2024,2024,False
Egypt,EG,EGY,7201,iron_steel,,58079.97,2024,2024,False
Egypt,EG,EGY,720211,iron_steel,1748.2105,1703720.77,2024,2024,False
Egypt,EG,EGY,720219,iron_steel,670.5939,935343.31,2024,2024,False
Egypt,EG,EGY,7203,iron_steel,1.6606,1101.56,2024,2024,False
Egypt,EG,EGY,7205,iron_steel,11536.6469,17411070.35,2024,2024,False
Egypt,EG,EGY,720690,iron_steel,,788509.76,2024,2024,False
Egypt,EG,EGY,720711,iron_steel,26.3744,18552.57,2024,2024,False
United Kingdom,GB,GBR,310290,fertilizers,6629.945,10187475.29,2024,2024,False
United Kingdom,GB,GBR,310510,fertilizers,,20907351.77,2024,2024,False
United Kingdom,GB,GBR,310520,fertilizers,72616.901,61165887.19,2024,2024,False
United Kingdom,GB,GBR,310530,fertilizers,280.187,516712.99,2024,2024,False
Ukraine,UA,UKR,720711,iron_steel,1129345.8,511208682.5,2024,2024,False
Ukraine,UA,UKR,7205,iron_steel,11078.582,8741733.7,2024,2024,False
Turkey,TR,TUR,7201,iron_steel,,5662916.55,2024,2024,False
Uganda,UG,UGA,7203,iron_steel,30074.4,43032210.78,2024,2024,False
Turkey,TR,TUR,720219,iron_steel,2587.994,5161298.4,2024,2024,False
Turkey,TR,TUR,720241,iron_steel,40164.642,67979675.63,2024,2024,False
Turkey,TR,TUR,720249,iron_steel,29543.48,92043112.47,2024,2024,False
Turkey,TR,TUR,720260,iron_steel,0.5196,7003.97,2024,2024,False
Turkey,TR,TUR,7203,iron_steel,1.545,8925.24,2024,2024,False
Turkey,TR,TUR,7205,iron_steel,,14169626.65,2024,2024,False
Turkey,TR,TUR,720610,iron_steel,678.263,441007.3,2024,2024,False
Turkey,TR,TUR,720690,iron_steel,196.154,124098.51,2024,2024,False
Turkey,TR,TUR,720711,iron_steel,53514.493,27867328.34,2024,2024,False
Turkey,TR,TUR,720712,iron_steel,178876.681,92606354.31,2024,2024,False
Uganda,UG,UGA,310520,fertilizers,5.8875,30577.48,2024,2024,False
Uganda,UG,UGA,310590,fertilizers,290.85,191295.74,2024,2024,False
Uganda,UG,UGA,720211,iron_steel,28.5,15539.21,2024,2024,False
Uganda,UG,UGA,7205,iron_steel,298.959,295297.5,2024,2024,False
Ukraine,UA,UKR,7203,iron_steel,136.28,11265.84,2024,2024,False
Uganda,UG,UGA,720610,iron_steel,0.89,1920.49,2024,2024,False
Uganda,UG,UGA,720690,iron_steel,83.5511,63274.7,2024,2024,False
Uganda,UG,UGA,720711,iron_steel,4295.14,2325314.43,2024,2024,False
Ukraine,UA,UKR,310290,fertilizers,0.675,1398.41,2024,2024,False
Ukraine,UA,UKR,310510,fertilizers,107.0213,299333.21,2024,2024,False
Ukraine,UA,UKR,310520,fertilizers,148.7157,228462.39,2024,2024,False
Ukraine,UA,UKR,310551,fertilizers,14.0,5767.47,2024,2024,False
Ukraine,UA,UKR,310559,fertilizers,4.831,14841.1,2024,2024,False
Ukraine,UA,UKR,310590,fertilizers,95.1479,238574.6,2024,2024,False
Ukraine,UA,UKR,7201,iron_steel,1290623.34,462379716.01,2024,2024,False
Ukraine,UA,UKR,720211,iron_steel,339.0,219638.82,2024,2024,False
Ukraine,UA,UKR,720219,iron_steel,141.083,597006.71,2024,2024,False
Ukraine,UA,UKR,720260,iron_steel,1182.23,1495367.09,2024,2024,False
United Kingdom,GB,GBR,310540,fertilizers,433.452,1323805.85,2024,2024,False
United Kingdom,GB,GBR,310551,fertilizers,2685.041,3078659.07,2024,2024,False
United Kingdom,GB,GBR,310559,fertilizers,1426.306,2294640.8,2024,2024,False
Uruguay,UY,URY,310520,fertilizers,2518.89,1352243.79,2024,2024,False
United States,US,USA,7201,iron_steel,4425.0,2315989.28,2024,2024,False
United States,US,USA,720211,iron_steel,8746.639,10745507.81,2024,2024,False
United States,US,USA,720219,iron_steel,6170.756,10469101.75,2024,2024,False
United States,US,USA,720241,iron_steel,13371.323,13233591.17,2024,2024,False
United States,US,USA,720249,iron_steel,2508.595,4118128.64,2024,2024,False
United States,US,USA,720260,iron_steel,120.39,1831947.14,2024,2024,False
United States,US,USA,7203,iron_steel,1143486.0,356895474.54,2024,2024,False
United States,US,USA,7205,iron_steel,87938.4621,172389128.55,2024,2024,False
United States,US,USA,720610,iron_steel,6269.882,24642800.11,2024,2024,False
United States,US,USA,720690,iron_steel,2613.178,16237454.02,2024,2024,False
United States,US,USA,720711,iron_steel,5985.678,5299106.37,2024,2024,False
United States,US,USA,720712,iron_steel,2050.5605,3825679.7,2024,2024,False
Uruguay,UY,URY,310290,fertilizers,16.0,6062.29,2024,2024,False
Uruguay,UY,URY,310530,fertilizers,595.432,394642.82,2024,2024,False
United Kingdom,GB,GBR,310590,fertilizers,,53087756.2,2024,2024,False
Uruguay,UY,URY,310540,fertilizers,1534.227,849818.87,2024,2024,False
Uruguay,UY,URY,310551,fertilizers,12.0,92318.64,2024,2024,False
Uruguay,UY,URY,310559,fertilizers,1663.136,938497.37,2024,2024,False
Uruguay,UY,URY,310590,fertilizers,62.063,155611.31,2024,2024,False
Uruguay,UY,URY,7205,iron_steel,15.546,73405.42,2024,2024,False
Uzbekistan,UZ,UZB,310510,fertilizers,10.0,7670.27,2024,2024,False
Uzbekistan,UZ,UZB,310520,fertilizers,41778.3,16034582.76,2024,2024,False
Uzbekistan,UZ,UZB,310530,fertilizers,55161.6,29841001.75,2024,2024,False
Uzbekistan,UZ,UZB,310551,fertilizers,204.0,47130.58,2024,2024,False
Uzbekistan,UZ,UZB,310559,fertilizers,19713.8,9274598.47,2024,2024,False
Uzbekistan,UZ,UZB,310590,fertilizers,559.0,118750.58,2024,2024,False
Uzbekistan,UZ,UZB,720211,iron_steel,3.0,7337.58,2024,2024,False
Yemen,YE,YEM,310590,fertilizers,26.0,6717.49,2024,2024,False
United States,US,USA,310590,fertilizers,375783.0,262273517.24,2024,2024,False
United States,US,USA,310559,fertilizers,1399920.0,650607890.21,2024,2024,False
United States,US,USA,310551,fertilizers,53018.0,38180897.33,2024,2024,False
United States,US,USA,310540,fertilizers,1852108.0,1137326712.87,2024,2024,False
United Kingdom,GB,GBR,7201,iron_steel,,29229461.45,2024,2024,False
United Kingdom,GB,GBR,720211,iron_steel,,412774.75,2024,2024,False
United Kingdom,GB,GBR,720219,iron_steel,,168770.28,2024,2024,False
United Kingdom,GB,GBR,720241,iron_steel,1490.3632,4182660.24,2024,2024,False
United Kingdom,GB,GBR,720249,iron_steel,,877597.73,2024,2024,False
United Kingdom,GB,GBR,720260,iron_steel,,998658.79,2024,2024,False
United Kingdom,GB,GBR,7203,iron_steel,,2081195.79,2024,2024,False
United Kingdom,GB,GBR,7205,iron_steel,,56496405.33,2024,2024,False
United Kingdom,GB,GBR,720610,iron_steel,174.93,1986508.72,2024,2024,False
United Kingdom,GB,GBR,720690,iron_steel,7593.108,4804925.42,2024,2024,False
United Kingdom,GB,GBR,720711,iron_steel,,20256166.86,2024,2024,False
United Kingdom,GB,GBR,720712,iron_steel,,386353.88,2024,2024,False
Tanzania,TZ,TZA,310520,fertilizers,2203.1362,1090206.43,2024,2024,False
Tanzania,TZ,TZA,310530,fertilizers,,18835252.06,2024,2024,False
Tanzania,TZ,TZA,310551,fertilizers,9758.0,4357073.69,2024,2024,False
Tanzania,TZ,TZA,310590,fertilizers,9855.2,2104397.37,2024,2024,False
Tanzania,TZ,TZA,720249,iron_steel,1.0,2759.05,2024,2024,False
Tanzania,TZ,TZA,7203,iron_steel,4.05,2100.84,2024,2024,False
Tanzania,TZ,TZA,7205,iron_steel,5.0,1373.97,2024,2024,False
Tanzania,TZ,TZA,720610,iron_steel,4719.608,3887725.73,2024,2024,False
Tanzania,TZ,TZA,720690,iron_steel,349.2085,264281.23,2024,2024,False
Tanzania,TZ,TZA,720711,iron_steel,2570.36,859794.63,2024,2024,False
Tanzania,TZ,TZA,720712,iron_steel,2.0,177.35,2024,2024,False
United States,US,USA,310290,fertilizers,49289.0,43864217.72,2024,2024,False
United States,US,USA,310510,fertilizers,9286.5276,31417166.62,2024,2024,False
United States,US,USA,310520,fertilizers,300006.0,75037821.83,2024,2024,False
United States,US,USA,310530,fertilizers,375396.0,184731841.79,2024,2024,False
Turkey,TR,TUR,720211,iron_steel,1053.662,1255330.38,2024,2024,False
Turkey,TR,TUR,310590,fertilizers,11597.849,10832538.58,2024,2024,False
Zambia,ZM,ZMB,310290,fertilizers,90.0,4680.05,2024,2024,False
Singapore,SG,SGP,720249,iron_steel,0.0617,31097.46,2024,2024,False
India,IN,IND,720711,iron_steel,4284.843,6002708.4,2024,2024,False
India,IN,IND,720712,iron_steel,463905.756,213295430.76,2024,2024,False
Singapore,SG,SGP,310290,fertilizers,8454.17,956139.14,2024,2024,False
Singapore,SG,SGP,310510,fertilizers,55.1966,168828.81,2024,2024,False
Singapore,SG,SGP,310520,fertilizers,317.4354,823813.97,2024,2024,False
Singapore,SG,SGP,310530,fertilizers,44.53,77008.83,2024,2024,False
Singapore,SG,SGP,310540,fertilizers,,472985.67,2024,2024,False
Singapore,SG,SGP,310551,fertilizers,0.81,47064.95,2024,2024,False
Singapore,SG,SGP,310559,fertilizers,21.12,49563.67,2024,2024,False
Singapore,SG,SGP,310590,fertilizers,254.3129,731034.07,2024,2024,False
Singapore,SG,SGP,7201,iron_steel,15.43,47167.3,2024,2024,False
Singapore,SG,SGP,720211,iron_steel,32.05,46719.84,2024,2024,False
Singapore,SG,SGP,720219,iron_steel,31.1365,21798.31,2024,2024,False
Singapore,SG,SGP,720260,iron_steel,109.01,9584.09,2024,2024,False
India,IN,IND,720610,iron_steel,159.2126,244897.41,2024,2024,False
Singapore,SG,SGP,7203,iron_steel,21.96,619034.8,2024,2024,False
Singapore,SG,SGP,7205,iron_steel,9024.6561,10023250.72,2024,2024,False
Singapore,SG,SGP,720610,iron_steel,18.15,50865.94,2024,2024,False
Singapore,SG,SGP,720690,iron_steel,105.252,271794.49,2024,2024,False
Singapore,SG,SGP,720711,iron_steel,2.884,167444.93,2024,2024,False
Singapore,SG,SGP,720712,iron_steel,377.93,388136.95,2024,2024,False
South Africa,ZA,ZAF,310290,fertilizers,117827.5495,59372806.21,2024,2024,False
South Africa,ZA,ZAF,310510,fertilizers,1743.5422,2456813.67,2024,2024,False
South Africa,ZA,ZAF,310520,fertilizers,40322.1696,26662148.81,2024,2024,False
South Africa,ZA,ZAF,310530,fertilizers,56.0596,60984.38,2024,2024,False
South Africa,ZA,ZAF,310540,fertilizers,82466.4875,48530880.39,2024,2024,False
South Africa,ZA,ZAF,310551,fertilizers,1595.8555,1006743.7,2024,2024,False
South Africa,ZA,ZAF,310559,fertilizers,1346.4516,745824.32,2024,2024,False
India,IN,IND,720690,iron_steel,292742.1037,169922291.45,2024,2024,False
India,IN,IND,7205,iron_steel,48472.0454,31847652.11,2024,2024,False
Turkey,TR,TUR,310559,fertilizers,144035.86,52529059.24,2024,2024,False
Serbia,RS,SRB,720712,iron_steel,3.963,3069.96,2024,2024,False
Serbia,RS,SRB,310510,fertilizers,178.8137,504780.52,2024,2024,False
Serbia,RS,SRB,310520,fertilizers,254140.71,112892997.87,2024,2024,False
Serbia,RS,SRB,310530,fertilizers,0.587,2424.91,2024,2024,False
Serbia,RS,SRB,310540,fertilizers,8527.5194,8227422.6,2024,2024,False
Serbia,RS,SRB,310559,fertilizers,62692.953,25794992.14,2024,2024,False
Serbia,RS,SRB,310590,fertilizers,1442.5249,1610970.34,2024,2024,False
Serbia,RS,SRB,7201,iron_steel,15309.062,3792636.54,2024,2024,False
Serbia,RS,SRB,720211,iron_steel,59.891,81589.5,2024,2024,False
Serbia,RS,SRB,720219,iron_steel,14.319,24829.5,2024,2024,False
Serbia,RS,SRB,720241,iron_steel,1.5,2919.32,2024,2024,False
Serbia,RS,SRB,720249,iron_steel,22.0,57313.56,2024,2024,False
Serbia,RS,SRB,7203,iron_steel,0.333,2251.18,2024,2024,False
Serbia,RS,SRB,7205,iron_steel,327.2193,659041.68,2024,2024,False
India,IN,IND,310290,fertilizers,815.339,354495.91,2024,2024,False
India,IN,IND,7203,iron_steel,1399996.8711,420205680.44,2024,2024,False
India,IN,IND,310510,fertilizers,320.12,2092677.28,2024,2024,False
India,IN,IND,310520,fertilizers,37969.7813,11030631.05,2024,2024,False
India,IN,IND,310530,fertilizers,73181.1165,41763878.93,2024,2024,False
India,IN,IND,310540,fertilizers,161.0812,191778.79,2024,2024,False
India,IN,IND,310551,fertilizers,19.915,63887.56,2024,2024,False
India,IN,IND,310559,fertilizers,7.319,34558.51,2024,2024,False
India,IN,IND,310590,fertilizers,1827.1715,6116285.94,2024,2024,False
India,IN,IND,7201,iron_steel,262693.9327,99398378.16,2024,2024,False
India,IN,IND,720211,iron_steel,558613.976,482470529.4,2024,2024,False
India,IN,IND,720219,iron_steel,166429.307,195344857.73,2024,2024,False
India,IN,IND,720241,iron_steel,515798.351,597704998.0,2024,2024,False
India,IN,IND,720249,iron_steel,33973.305,87780692.11,2024,2024,False
India,IN,IND,720260,iron_steel,1162.06,3459898.34,2024,2024,False
South Africa,ZA,ZAF,310590,fertilizers,67938.0898,46867182.83,2024,2024,False
South Africa,ZA,ZAF,7201,iron_steel,,231288358.87,2024,2024,False
South Africa,ZA,ZAF,720211,iron_steel,37626.9625,37532014.37,2024,2024,False
Trinidad and Tobago,TT,TTO,7203,iron_steel,1195.9,516439086.25,2024,2024,False
Thailand,TH,THA,720690,iron_steel,7.618,6072.9,2024,2024,False
Thailand,TH,THA,720711,iron_steel,37915.853,17534849.25,2024,2024,False
Thailand,TH,THA,720712,iron_steel,1393.992,2099267.27,2024,2024,False
Togo,TG,TGO,310520,fertilizers,700.0,103338.79,2024,2024,False
Togo,TG,TGO,720211,iron_steel,28.0,29527.27,2024,2024,False
Togo,TG,TGO,720610,iron_steel,998.0,368328.96,2024,2024,False
Trinidad and Tobago,TT,TTO,310290,fertilizers,13.8308,37902.97,2024,2024,False
Trinidad and Tobago,TT,TTO,310510,fertilizers,0.681,4817.29,2024,2024,False
Trinidad and Tobago,TT,TTO,310520,fertilizers,56.761,520368.78,2024,2024,False
Trinidad and Tobago,TT,TTO,310551,fertilizers,0.057,334.19,2024,2024,False
Trinidad and Tobago,TT,TTO,310559,fertilizers,0.006,39.02,2024,2024,False
Trinidad and Tobago,TT,TTO,310590,fertilizers,15.155,97466.59,2024,2024,False
Trinidad and Tobago,TT,TTO,7201,iron_steel,7.96,6011.11,2024,2024,False
Trinidad and Tobago,TT,TTO,720711,iron_steel,0.054,11757.31,2024,2024,False
South Africa,ZA,ZAF,720219,iron_steel,75407.8953,117425724.7,2024,2024,False
Tunisia,TN,TUN,310520,fertilizers,3222.9016,3506146.45,2024,2024,False
Tunisia,TN,TUN,310530,fertilizers,223571.1289,136587713.14,2024,2024,False
Tunisia,TN,TUN,310540,fertilizers,28020.0601,21041392.83,2024,2024,False
Tunisia,TN,TUN,310559,fertilizers,4659.6627,3658025.15,2024,2024,False
Tunisia,TN,TUN,310590,fertilizers,107.3902,253860.46,2024,2024,False
Tunisia,TN,TUN,7203,iron_steel,,5541.0,2024,2024,False
Tunisia,TN,TUN,7205,iron_steel,0.5478,790.47,2024,2024,False
Turkey,TR,TUR,310290,fertilizers,4642.827,2208919.69,2024,2024,False
Turkey,TR,TUR,310510,fertilizers,12834.427,20705681.55,2024,2024,False
Turkey,TR,TUR,310520,fertilizers,135459.872,70037983.55,2024,2024,False
Turkey,TR,TUR,310530,fertilizers,172442.47,96268688.66,2024,2024,False
Turkey,TR,TUR,310540,fertilizers,10835.966,6660073.01,2024,2024,False
Turkey,TR,TUR,310551,fertilizers,139.404,92765.92,2024,2024,False
Thailand,TH,THA,720610,iron_steel,0.2,170.74,2024,2024,False
Thailand,TH,THA,7205,iron_steel,24900.1251,35546860.87,2024,2024,False
Thailand,TH,THA,7203,iron_steel,749.697,164830.54,2024,2024,False
Thailand,TH,THA,720249,iron_steel,0.006,44.37,2024,2024,False
South Africa,ZA,ZAF,720241,iron_steel,3596158.6136,3467658864.38,2024,2024,False
South Africa,ZA,ZAF,720249,iron_steel,46935.4162,40484076.06,2024,2024,False
South Africa,ZA,ZAF,720260,iron_steel,1.045,1085.09,2024,2024,False
South Africa,ZA,ZAF,7203,iron_steel,27424.1288,7375428.41,2024,2024,False
South Africa,ZA,ZAF,7205,iron_steel,,6663994.44,2024,2024,False
South Africa,ZA,ZAF,720610,iron_steel,365.8196,382646.78,2024,2024,False
South Africa,ZA,ZAF,720690,iron_steel,179.504,429812.12,2024,2024,False
South Africa,ZA,ZAF,720711,iron_steel,78396.3954,39865352.24,2024,2024,False
South Africa,ZA,ZAF,720712,iron_steel,31566.7597,17885943.45,2024,2024,False
Zimbabwe,ZW,ZWE,310520,fertilizers,68.0,74084.3,2024,2024,False
Zimbabwe,ZW,ZWE,310590,fertilizers,706.85,145619.27,2024,2024,False
Zimbabwe,ZW,ZWE,7201,iron_steel,2666.0,406342.25,2024,2024,False
Zimbabwe,ZW,ZWE,720241,iron_steel,361869.91,308927940.69,2024,2024,False
Zimbabwe,ZW,ZWE,7203,iron_steel,458.16,94603.03,2024,2024,False
Zimbabwe,ZW,ZWE,720690,iron_steel,45083.055,7929305.77,2024,2024,False
Suriname,SR,SUR,310559,fertilizers,2.12,25007.12,2024,2024,False
Thailand,TH,THA,310290,fertilizers,1450.025,672425.7,2024,2024,False
Thailand,TH,THA,310510,fertilizers,8411.052,4223961.07,2024,2024,False
Thailand,TH,THA,310520,fertilizers,152541.553,75334886.19,2024,2024,False
Thailand,TH,THA,310530,fertilizers,3302.375,2092914.62,2024,2024,False
Thailand,TH,THA,310540,fertilizers,17239.869,10734142.58,2024,2024,False
Thailand,TH,THA,310551,fertilizers,7418.55,3265141.94,2024,2024,False
Thailand,TH,THA,310559,fertilizers,12844.178,6477866.82,2024,2024,False
Thailand,TH,THA,310590,fertilizers,58766.444,25006926.86,2024,2024,False
Thailand,TH,THA,7201,iron_steel,1535.2936,1042090.49,2024,2024,False
Thailand,TH,THA,720211,iron_steel,1.5,618.08,2024,2024,False
Thailand,TH,THA,720219,iron_steel,383.986,72966.02,2024,2024,False
Yemen,YE,YEM,7201,iron_steel,340.0,1571.02,2024,2024,False
Zambia,ZM,ZMB,310510,fertilizers,12.225,684137.8,2024,2024,False
Costa Rica,CR,CRI,721933,iron_steel,142.1262,203317.54,2024,2024,False
Sri Lanka,LK,LKA,721119,iron_steel,0.004,10.82,2024,2024,False
Myanmar,MM,MMR,7208,iron_steel,2.304,1809.81,2024,2024,False
Myanmar,MM,MMR,7210,iron_steel,18.27,13507.07,2024,2024,False
Myanmar,MM,MMR,7215,iron_steel,2.8576,88843.06,2024,2024,False
Myanmar,MM,MMR,7216,iron_steel,192.6802,237994.25,2024,2024,False
Cambodia,KH,KHM,7209,iron_steel,0.04,160.97,2024,2024,False
Cambodia,KH,KHM,7210,iron_steel,6.8509,14059.3,2024,2024,False
Cambodia,KH,KHM,721190,iron_steel,0.0036,128.22,2024,2024,False
Cambodia,KH,KHM,7212,iron_steel,18.584,11001.5,2024,2024,False
Cambodia,KH,KHM,721420,iron_steel,9321.264,5057147.36,2024,2024,False
Sri Lanka,LK,LKA,720719,iron_steel,0.038,162.52,2024,2024,False
Sri Lanka,LK,LKA,7208,iron_steel,17.748,64809.27,2024,2024,False
Sri Lanka,LK,LKA,7209,iron_steel,0.12,677.26,2024,2024,False
Sri Lanka,LK,LKA,7210,iron_steel,66.888,177400.65,2024,2024,False
Sri Lanka,LK,LKA,721190,iron_steel,0.046,32.34,2024,2024,False
Brunei Darussalam,BN,BRN,7215,iron_steel,0.05,1079.11,2024,2024,False
Sri Lanka,LK,LKA,7212,iron_steel,0.694,5521.93,2024,2024,False
Sri Lanka,LK,LKA,7213,iron_steel,12.445,9326.16,2024,2024,False
Sri Lanka,LK,LKA,721410,iron_steel,1907.78,1330508.34,2024,2024,False
Sri Lanka,LK,LKA,721430,iron_steel,15.25,11970.85,2024,2024,False
Sri Lanka,LK,LKA,7215,iron_steel,1.399,2974.74,2024,2024,False
Sri Lanka,LK,LKA,7216,iron_steel,70.3811,138570.57,2024,2024,False
Chile,CL,CHL,720719,iron_steel,0.262,5182.42,2024,2024,False
Chile,CL,CHL,720720,iron_steel,26956.13,12511669.31,2024,2024,False
Chile,CL,CHL,7208,iron_steel,2418.7835,1979677.99,2024,2024,False
Chile,CL,CHL,7209,iron_steel,24.2798,88917.75,2024,2024,False
Chile,CL,CHL,7210,iron_steel,,450934.21,2024,2024,False
Chile,CL,CHL,721123,iron_steel,335.558,339299.42,2024,2024,False
Chile,CL,CHL,721129,iron_steel,174.883,151434.32,2024,2024,False
Brunei Darussalam,BN,BRN,7216,iron_steel,75.802,63115.81,2024,2024,False
Brunei Darussalam,BN,BRN,721499,iron_steel,2.0,7885.81,2024,2024,False
Bosnia and Herzegovina,BA,BIH,721430,iron_steel,0.01,7.35,2024,2024,False
Brazil,BR,BRA,721190,iron_steel,295.8567,831604.29,2024,2024,False
Bosnia and Herzegovina,BA,BIH,721499,iron_steel,453.2603,389582.2,2024,2024,False
Bosnia and Herzegovina,BA,BIH,7215,iron_steel,302.4046,363461.28,2024,2024,False
Bosnia and Herzegovina,BA,BIH,7216,iron_steel,3830.8193,5426399.3,2024,2024,False
Brazil,BR,BRA,720719,iron_steel,42.0367,176260.97,2024,2024,False
Brazil,BR,BRA,720720,iron_steel,580871.9173,296699580.45,2024,2024,False
Brazil,BR,BRA,7208,iron_steel,,281102657.8,2024,2024,False
Brazil,BR,BRA,7209,iron_steel,,75565180.67,2024,2024,False
Brazil,BR,BRA,7210,iron_steel,,291106160.24,2024,2024,False
Brazil,BR,BRA,721113,iron_steel,0.4709,3702.98,2024,2024,False
Brazil,BR,BRA,721114,iron_steel,211.8252,297531.65,2024,2024,False
Brazil,BR,BRA,721119,iron_steel,130.9878,126611.22,2024,2024,False
Brazil,BR,BRA,721123,iron_steel,,8757733.11,2024,2024,False
Brazil,BR,BRA,721129,iron_steel,2953.342,5843691.9,2024,2024,False
Brazil,BR,BRA,7212,iron_steel,,17680485.17,2024,2024,False
Brunei Darussalam,BN,BRN,721410,iron_steel,0.1,906.18,2024,2024,False
Brazil,BR,BRA,7213,iron_steel,231100.3261,155459894.65,2024,2024,False
Brazil,BR,BRA,721410,iron_steel,166.9075,496835.78,2024,2024,False
Brazil,BR,BRA,721420,iron_steel,,204077639.77,2024,2024,False
Brazil,BR,BRA,721430,iron_steel,,1347105.63,2024,2024,False
Brazil,BR,BRA,721491,iron_steel,11787.0119,7960193.14,2024,2024,False
Brazil,BR,BRA,721499,iron_steel,,21124720.45,2024,2024,False
Brazil,BR,BRA,7215,iron_steel,4929.8787,6320220.87,2024,2024,False
Brazil,BR,BRA,7216,iron_steel,74506.5482,62312564.46,2024,2024,False
Brunei Darussalam,BN,BRN,7208,iron_steel,3622.392,3873422.1,2024,2024,False
Brunei Darussalam,BN,BRN,7210,iron_steel,32.226,19460.7,2024,2024,False
Brunei Darussalam,BN,BRN,721113,iron_steel,14.0,26147.68,2024,2024,False
Brunei Darussalam,BN,BRN,721114,iron_steel,12.0,4150.43,2024,2024,False
Brunei Darussalam,BN,BRN,721119,iron_steel,20.0,10721.93,2024,2024,False
Chile,CL,CHL,721190,iron_steel,3.2992,11019.05,2024,2024,False
Chile,CL,CHL,7212,iron_steel,,8044796.57,2024,2024,False
Chile,CL,CHL,7213,iron_steel,16924.647,9540980.38,2024,2024,False
Colombia,CO,COL,7216,iron_steel,3656.2347,2960248.55,2024,2024,False
Colombia,CO,COL,721114,iron_steel,,2646.87,2024,2024,False
Colombia,CO,COL,721119,iron_steel,1144.64,809329.17,2024,2024,False
Colombia,CO,COL,721123,iron_steel,5.51,4311.29,2024,2024,False
Colombia,CO,COL,721129,iron_steel,6.7682,25352.4,2024,2024,False
Colombia,CO,COL,721190,iron_steel,54.154,47115.11,2024,2024,False
Colombia,CO,COL,7212,iron_steel,175.8663,579689.36,2024,2024,False
Colombia,CO,COL,7213,iron_steel,735.2894,589590.05,2024,2024,False
Colombia,CO,COL,721410,iron_steel,1.213,1770.32,2024,2024,False
Colombia,CO,COL,721420,iron_steel,1747.5035,1573867.09,2024,2024,False
Colombia,CO,COL,721430,iron_steel,,589.13,2024,2024,False
Colombia,CO,COL,721491,iron_steel,36.3377,26372.78,2024,2024,False
Colombia,CO,COL,721499,iron_steel,117.958,109090.91,2024,2024,False
Colombia,CO,COL,7215,iron_steel,185.463,257396.65,2024,2024,False
Costa Rica,CR,CRI,7208,iron_steel,807.801,802872.92,2024,2024,False
Chile,CL,CHL,721410,iron_steel,322.746,273543.85,2024,2024,False
Costa Rica,CR,CRI,7209,iron_steel,910.5806,708248.3,2024,2024,False
Costa Rica,CR,CRI,7210,iron_steel,55531.7305,60349786.87,2024,2024,False
Costa Rica,CR,CRI,721114,iron_steel,0.1519,154.29,2024,2024,False
Costa Rica,CR,CRI,721119,iron_steel,,15241.35,2024,2024,False
Costa Rica,CR,CRI,721129,iron_steel,147.935,144560.58,2024,2024,False
Costa Rica,CR,CRI,7212,iron_steel,808.4716,1753792.75,2024,2024,False
Costa Rica,CR,CRI,7213,iron_steel,683.884,505705.24,2024,2024,False
Costa Rica,CR,CRI,721410,iron_steel,3.837,42307.37,2024,2024,False
Costa Rica,CR,CRI,721420,iron_steel,118551.1733,82308877.24,2024,2024,False
Costa Rica,CR,CRI,721430,iron_steel,4.8101,6992.42,2024,2024,False
Costa Rica,CR,CRI,721491,iron_steel,3760.536,2794873.93,2024,2024,False
Costa Rica,CR,CRI,721499,iron_steel,6701.0562,4196807.31,2024,2024,False
Costa Rica,CR,CRI,7215,iron_steel,254.6606,557811.39,2024,2024,False
Colombia,CO,COL,721113,iron_steel,0.0557,3009.76,2024,2024,False
Colombia,CO,COL,7210,iron_steel,18433.7503,18285124.18,2024,2024,False
Colombia,CO,COL,7209,iron_steel,6137.6577,5655081.43,2024,2024,False
Colombia,CO,COL,7208,iron_steel,7248.5362,5166431.53,2024,2024,False
Chile,CL,CHL,721420,iron_steel,5779.17,4331066.08,2024,2024,False
Chile,CL,CHL,721430,iron_steel,5.0597,4176.92,2024,2024,False
Chile,CL,CHL,721491,iron_steel,,12556.44,2024,2024,False
Chile,CL,CHL,721499,iron_steel,696.8031,576390.71,2024,2024,False
Chile,CL,CHL,7215,iron_steel,73.2632,95524.01,2024,2024,False
Chile,CL,CHL,7216,iron_steel,2097.736,3043198.5,2024,2024,False
China,CN,CHN,720719,iron_steel,53179.078,26666546.53,2024,2024,False
China,CN,CHN,720720,iron_steel,2065096.451,916476758.16,2024,2024,False
China,CN,CHN,7208,iron_steel,33789907.5169,17422758188.71,2024,2024,False
China,CN,CHN,7209,iron_steel,4767024.0907,2740339176.6,2024,2024,False
China,CN,CHN,7210,iron_steel,23931732.9488,15914483619.81,2024,2024,False
China,CN,CHN,721113,iron_steel,3685.42,2264386.84,2024,2024,False
China,CN,CHN,721114,iron_steel,78169.106,44936273.91,2024,2024,False
China,CN,CHN,721119,iron_steel,292597.4352,148851107.11,2024,2024,False
China,CN,CHN,721123,iron_steel,106022.288,66052615.29,2024,2024,False
China,CN,CHN,721129,iron_steel,60557.2004,52139343.87,2024,2024,False
China,CN,CHN,721190,iron_steel,66884.4756,44560324.37,2024,2024,False
China,CN,CHN,7212,iron_steel,1882228.6185,1179512394.42,2024,2024,False
China,CN,CHN,7213,iron_steel,4846463.6309,2359358190.56,2024,2024,False
China,CN,CHN,721410,iron_steel,158913.2812,113050827.1,2024,2024,False
China,CN,CHN,721420,iron_steel,2556364.804,1231623767.67,2024,2024,False
China,CN,CHN,721430,iron_steel,2396.786,1536881.99,2024,2024,False
China,CN,CHN,721491,iron_steel,104617.493,57289920.52,2024,2024,False
China,CN,CHN,721499,iron_steel,1251709.898,716789779.13,2024,2024,False
China,CN,CHN,7215,iron_steel,142312.2942,113808615.65,2024,2024,False
China,CN,CHN,7216,iron_steel,4639990.385,2575822238.24,2024,2024,False
Colombia,CO,COL,720719,iron_steel,0.0228,85.15,2024,2024,False
Bosnia and Herzegovina,BA,BIH,721491,iron_steel,550.5039,419543.03,2024,2024,False
Bosnia and Herzegovina,BA,BIH,721420,iron_steel,110556.464,69317804.77,2024,2024,False
Zambia,ZM,ZMB,310520,fertilizers,98593.252,74484701.5,2024,2024,False
Angola,AO,AGO,721420,iron_steel,49073.05,23622943.74,2024,2024,False
Algeria,DZ,DZA,7210,iron_steel,237.979,284763.82,2024,2024,False
Algeria,DZ,DZA,7212,iron_steel,0.0169,22.17,2024,2024,False
Algeria,DZ,DZA,7213,iron_steel,95041.0251,59090414.03,2024,2024,False
Algeria,DZ,DZA,721420,iron_steel,17564.4895,10481722.84,2024,2024,False
Algeria,DZ,DZA,721491,iron_steel,6784.0219,4885066.81,2024,2024,False
Algeria,DZ,DZA,721499,iron_steel,343113.7057,265911380.79,2024,2024,False
Algeria,DZ,DZA,7216,iron_steel,4413.9707,2852803.89,2024,2024,False
Angola,AO,AGO,7208,iron_steel,64.8845,3067414.91,2024,2024,False
Angola,AO,AGO,7209,iron_steel,18.3015,48171.3,2024,2024,False
Angola,AO,AGO,7210,iron_steel,353.256,1038336.15,2024,2024,False
Angola,AO,AGO,7212,iron_steel,0.0702,425.1,2024,2024,False
Angola,AO,AGO,7213,iron_steel,1.0,11172.18,2024,2024,False
Angola,AO,AGO,721410,iron_steel,1038.1027,660917.38,2024,2024,False
Angola,AO,AGO,721430,iron_steel,297.7737,1957001.67,2024,2024,False
Albania,AL,ALB,7216,iron_steel,0.0,827217.67,2024,2024,False
Angola,AO,AGO,721491,iron_steel,500.03,369663.55,2024,2024,False
Angola,AO,AGO,721499,iron_steel,2365.42,916743.63,2024,2024,False
Angola,AO,AGO,7215,iron_steel,,64728.52,2024,2024,False
Angola,AO,AGO,7216,iron_steel,4492.337,2633436.97,2024,2024,False
Azerbaijan,AZ,AZE,720720,iron_steel,810.8286,384402.37,2024,2024,False
Azerbaijan,AZ,AZE,7208,iron_steel,7.324,18157.7,2024,2024,False
Azerbaijan,AZ,AZE,7209,iron_steel,0.0018,63.21,2024,2024,False
Azerbaijan,AZ,AZE,7210,iron_steel,2.822,45126.92,2024,2024,False
Azerbaijan,AZ,AZE,7213,iron_steel,915.825,606676.95,2024,2024,False
Azerbaijan,AZ,AZE,721420,iron_steel,17255.9716,9976668.1,2024,2024,False
Azerbaijan,AZ,AZE,721499,iron_steel,38619.1,23088576.27,2024,2024,False
Azerbaijan,AZ,AZE,7216,iron_steel,301.6623,295456.17,2024,2024,False
Argentina,AR,ARG,721420,iron_steel,7241.32,4541545.13,2024,2024,False
Algeria,DZ,DZA,720719,iron_steel,,53103922.76,2024,2024,False
Albania,AL,ALB,721499,iron_steel,9.6818,13018.63,2024,2024,False
Bosnia and Herzegovina,BA,BIH,7213,iron_steel,146028.398,92535492.18,2024,2024,False
Canada,CA,CAN,721119,iron_steel,72107.962,65336040.98,2024,2024,False
Zambia,ZM,ZMB,310530,fertilizers,8437.0,6446860.95,2024,2024,False
Zambia,ZM,ZMB,310551,fertilizers,33.0,18931.32,2024,2024,False
Zambia,ZM,ZMB,310590,fertilizers,1531.325,1115235.68,2024,2024,False
Zambia,ZM,ZMB,720211,iron_steel,6860.04,5913642.65,2024,2024,False
Zambia,ZM,ZMB,720690,iron_steel,1008.78,237478.5,2024,2024,False
Zambia,ZM,ZMB,720711,iron_steel,3590.88,979398.75,2024,2024,False
Canada,CA,CAN,720719,iron_steel,232.0224,849680.09,2024,2024,False
Canada,CA,CAN,720720,iron_steel,21103.0,13158856.01,2024,2024,False
Canada,CA,CAN,7208,iron_steel,1314723.291,1083636043.03,2024,2024,False
Canada,CA,CAN,7209,iron_steel,484539.138,488296595.45,2024,2024,False
Canada,CA,CAN,7210,iron_steel,955883.074,1199429575.72,2024,2024,False
Canada,CA,CAN,721113,iron_steel,2.545,1078.16,2024,2024,False
Canada,CA,CAN,721114,iron_steel,134360.742,116393399.35,2024,2024,False
Canada,CA,CAN,721123,iron_steel,14040.396,16716584.82,2024,2024,False
Albania,AL,ALB,721420,iron_steel,142844.16,82843681.01,2024,2024,False
Canada,CA,CAN,721129,iron_steel,367.851,366501.31,2024,2024,False
Canada,CA,CAN,721190,iron_steel,190.052,511883.54,2024,2024,False
Canada,CA,CAN,7212,iron_steel,54187.452,61898569.58,2024,2024,False
Canada,CA,CAN,7213,iron_steel,366192.338,316911924.41,2024,2024,False
Canada,CA,CAN,721410,iron_steel,67.114,142974.95,2024,2024,False
Canada,CA,CAN,721420,iron_steel,83994.522,64778756.91,2024,2024,False
Canada,CA,CAN,721430,iron_steel,28303.4,30881215.61,2024,2024,False
Canada,CA,CAN,721491,iron_steel,30067.191,32259528.46,2024,2024,False
Canada,CA,CAN,721499,iron_steel,52182.24,55724608.06,2024,2024,False
Canada,CA,CAN,7215,iron_steel,40754.962,73650950.32,2024,2024,False
Canada,CA,CAN,7216,iron_steel,193400.622,233754929.28,2024,2024,False
Albania,AL,ALB,7208,iron_steel,0.0,154459.85,2024,2024,False
Albania,AL,ALB,7210,iron_steel,0.0,350969.16,2024,2024,False
Argentina,AR,ARG,721499,iron_steel,188.456,143297.9,2024,2024,False
Australia,AU,AUS,720719,iron_steel,4.14,83592.27,2024,2024,False
Australia,AU,AUS,720720,iron_steel,74.39,71025.86,2024,2024,False
Bolivia,BO,BOL,7212,iron_steel,30.117,32911.69,2024,2024,False
Armenia,AM,ARM,7208,iron_steel,189.9705,173571.87,2024,2024,False
Armenia,AM,ARM,7209,iron_steel,228.6553,226610.28,2024,2024,False
Armenia,AM,ARM,7210,iron_steel,161.6377,155654.92,2024,2024,False
Armenia,AM,ARM,721114,iron_steel,1.922,1921.36,2024,2024,False
Armenia,AM,ARM,721123,iron_steel,28.24,27788.58,2024,2024,False
Armenia,AM,ARM,721129,iron_steel,22.624,21189.33,2024,2024,False
Armenia,AM,ARM,721420,iron_steel,1.5845,2326.4,2024,2024,False
Armenia,AM,ARM,721491,iron_steel,0.0201,18.19,2024,2024,False
Armenia,AM,ARM,721499,iron_steel,41.0728,52266.87,2024,2024,False
Armenia,AM,ARM,7216,iron_steel,134.2992,192915.43,2024,2024,False
Bolivia,BO,BOL,7208,iron_steel,501.1504,360074.0,2024,2024,False
Bolivia,BO,BOL,7209,iron_steel,42.991,33700.96,2024,2024,False
Bolivia,BO,BOL,7210,iron_steel,456.319,441031.11,2024,2024,False
Bolivia,BO,BOL,7213,iron_steel,0.1276,284.89,2024,2024,False
Australia,AU,AUS,7208,iron_steel,545851.6446,295055173.09,2024,2024,False
Bolivia,BO,BOL,721499,iron_steel,4.38,33728.86,2024,2024,False
Bolivia,BO,BOL,7215,iron_steel,0.1448,2417.97,2024,2024,False
Bosnia and Herzegovina,BA,BIH,720719,iron_steel,50.6205,1056207.33,2024,2024,False
Bosnia and Herzegovina,BA,BIH,720720,iron_steel,0.4034,5042.59,2024,2024,False
Bosnia and Herzegovina,BA,BIH,7208,iron_steel,174.8749,181366.52,2024,2024,False
Bosnia and Herzegovina,BA,BIH,7209,iron_steel,5.981,18483.66,2024,2024,False
Bosnia and Herzegovina,BA,BIH,7210,iron_steel,812.1657,978060.54,2024,2024,False
Bosnia and Herzegovina,BA,BIH,721114,iron_steel,0.3768,299.71,2024,2024,False
Bosnia and Herzegovina,BA,BIH,721119,iron_steel,13.6391,29269.13,2024,2024,False
Bosnia and Herzegovina,BA,BIH,721123,iron_steel,86.435,72348.35,2024,2024,False
Bosnia and Herzegovina,BA,BIH,721129,iron_steel,0.6205,2564.86,2024,2024,False
Bosnia and Herzegovina,BA,BIH,721190,iron_steel,47.8975,67069.9,2024,2024,False
Bosnia and Herzegovina,BA,BIH,7212,iron_steel,528.2387,540332.6,2024,2024,False
Armenia,AM,ARM,720720,iron_steel,0.133,23367.8,2024,2024,False
Bahrain,BH,BHR,7216,iron_steel,160086.4042,105637781.71,2024,2024,False
Bahrain,BH,BHR,7215,iron_steel,0.1215,608.55,2024,2024,False
Bahrain,BH,BHR,721491,iron_steel,0.077,352.69,2024,2024,False
Australia,AU,AUS,7209,iron_steel,,17008917.78,2024,2024,False
Australia,AU,AUS,7210,iron_steel,377875.18,286538149.32,2024,2024,False
Australia,AU,AUS,721119,iron_steel,1.54,18354.42,2024,2024,False
Australia,AU,AUS,721123,iron_steel,5.22,26148.81,2024,2024,False
Australia,AU,AUS,721129,iron_steel,11.48,76137.56,2024,2024,False
Australia,AU,AUS,721190,iron_steel,67.96,123161.25,2024,2024,False
Australia,AU,AUS,7212,iron_steel,3526.48,5315914.22,2024,2024,False
Australia,AU,AUS,7213,iron_steel,523.3575,421730.15,2024,2024,False
Australia,AU,AUS,721410,iron_steel,3.61,78109.79,2024,2024,False
Australia,AU,AUS,721420,iron_steel,329.76,406684.13,2024,2024,False
Australia,AU,AUS,721430,iron_steel,0.1,275.65,2024,2024,False
Australia,AU,AUS,721491,iron_steel,,148385.54,2024,2024,False
Australia,AU,AUS,721499,iron_steel,83.51,365841.18,2024,2024,False
Australia,AU,AUS,7215,iron_steel,2322.917,4564152.81,2024,2024,False
Australia,AU,AUS,7216,iron_steel,3502.28,6450323.44,2024,2024,False
Bahrain,BH,BHR,720719,iron_steel,2.8324,12727.22,2024,2024,False
Bahrain,BH,BHR,720720,iron_steel,168.001,75858.26,2024,2024,False
Bahrain,BH,BHR,7208,iron_steel,277.3902,327984.67,2024,2024,False
Bahrain,BH,BHR,7209,iron_steel,2.781,5088.71,2024,2024,False
Bahrain,BH,BHR,7210,iron_steel,23.51,15087.12,2024,2024,False
Bahrain,BH,BHR,721114,iron_steel,0.667,260.26,2024,2024,False
Bahrain,BH,BHR,721119,iron_steel,26.273,23466.09,2024,2024,False
Bahrain,BH,BHR,721129,iron_steel,0.0082,68.94,2024,2024,False
Bahrain,BH,BHR,7212,iron_steel,1.05,978.84,2024,2024,False
Bahrain,BH,BHR,7213,iron_steel,0.289,5148.21,2024,2024,False
Bahrain,BH,BHR,721410,iron_steel,0.12,913.51,2024,2024,False
Bahrain,BH,BHR,721420,iron_steel,0.556,2449.19,2024,2024,False
Serbia,RS,SRB,310290,fertilizers,99.14,149047.22,2024,2024,False
Senegal,SN,SEN,720610,iron_steel,0.776,1218.11,2024,2024,False
Senegal,SN,SEN,7203,iron_steel,30.0,46390.45,2024,2024,False
China,CN,CHN,310290,fertilizers,95182.517,20556017.93,2024,2024,False
Chile,CL,CHL,310510,fertilizers,27.9158,103970.4,2024,2024,False
Chile,CL,CHL,310520,fertilizers,7481.4937,5901517.1,2024,2024,False
Chile,CL,CHL,310530,fertilizers,15.47,33757.11,2024,2024,False
Chile,CL,CHL,310540,fertilizers,110.125,109952.7,2024,2024,False
Chile,CL,CHL,310559,fertilizers,64.58,231009.28,2024,2024,False
Chile,CL,CHL,310590,fertilizers,258813.7673,202689236.44,2024,2024,False
Chile,CL,CHL,7201,iron_steel,12.7956,30211.45,2024,2024,False
Chile,CL,CHL,720211,iron_steel,273.0,488219.75,2024,2024,False
Chile,CL,CHL,720219,iron_steel,19.0,30608.08,2024,2024,False
Chile,CL,CHL,720241,iron_steel,99.0,216463.94,2024,2024,False
Chile,CL,CHL,720249,iron_steel,27.0,108745.96,2024,2024,False
Chile,CL,CHL,7203,iron_steel,14.88,494.07,2024,2024,False
Chile,CL,CHL,7205,iron_steel,10.8204,34710.71,2024,2024,False
China,CN,CHN,310510,fertilizers,510129.981,233124443.21,2024,2024,False
Sri Lanka,LK,LKA,720711,iron_steel,0.05,86.23,2024,2024,False
China,CN,CHN,310520,fertilizers,708137.197,254596702.71,2024,2024,False
China,CN,CHN,310530,fertilizers,4562210.9,2352521141.3,2024,2024,False
China,CN,CHN,310540,fertilizers,2004782.653,1050456551.15,2024,2024,False
China,CN,CHN,310551,fertilizers,1482.5,451018.39,2024,2024,False
China,CN,CHN,310559,fertilizers,1572229.792,578123633.68,2024,2024,False
China,CN,CHN,310590,fertilizers,475237.183,175107361.61,2024,2024,False
China,CN,CHN,7201,iron_steel,41533.624,22898181.31,2024,2024,False
China,CN,CHN,720211,iron_steel,2460.813,2257615.75,2024,2024,False
China,CN,CHN,720219,iron_steel,1342.941,2026308.1,2024,2024,False
China,CN,CHN,720241,iron_steel,192796.352,272414697.35,2024,2024,False
China,CN,CHN,720249,iron_steel,12867.007,35392062.66,2024,2024,False
China,CN,CHN,720260,iron_steel,12879.4274,18269067.55,2024,2024,False
China,CN,CHN,7203,iron_steel,91202.603,41480916.74,2024,2024,False
Chile,CL,CHL,310290,fertilizers,4478.3453,4640257.6,2024,2024,False
Sri Lanka,LK,LKA,7205,iron_steel,0.028,27.85,2024,2024,False
Brazil,BR,BRA,7205,iron_steel,12978.944,11378037.15,2024,2024,False
Canada,CA,CAN,310559,fertilizers,3144.765,1902353.35,2024,2024,False
Brazil,BR,BRA,720690,iron_steel,2620.573,689451.07,2024,2024,False
Brazil,BR,BRA,720711,iron_steel,78240.2563,38345410.78,2024,2024,False
Brazil,BR,BRA,720712,iron_steel,5515255.55,3236109635.89,2024,2024,False
Brunei Darussalam,BN,BRN,7205,iron_steel,132.02,24487.51,2024,2024,False
Brunei Darussalam,BN,BRN,720690,iron_steel,0.006,2506.82,2024,2024,False
Myanmar,MM,MMR,720260,iron_steel,617.8,2420935.92,2024,2024,False
Cambodia,KH,KHM,310590,fertilizers,3.18,23509.84,2024,2024,False
Canada,CA,CAN,310290,fertilizers,113400.535,38040395.89,2024,2024,False
Canada,CA,CAN,310510,fertilizers,3278.207,10849577.68,2024,2024,False
Canada,CA,CAN,310520,fertilizers,61009.426,38006952.85,2024,2024,False
Canada,CA,CAN,310530,fertilizers,8642.0,7316075.44,2024,2024,False
Canada,CA,CAN,310540,fertilizers,16091.993,10635705.18,2024,2024,False
Canada,CA,CAN,310551,fertilizers,762.0,376517.6,2024,2024,False
Canada,CA,CAN,310590,fertilizers,34785.519,22810179.4,2024,2024,False
Sri Lanka,LK,LKA,310590,fertilizers,180.442,41514.59,2024,2024,False
Canada,CA,CAN,7201,iron_steel,99328.0,41815199.07,2024,2024,False
Canada,CA,CAN,720211,iron_steel,1270.922,1318402.19,2024,2024,False
Canada,CA,CAN,720219,iron_steel,1026.72,1687255.37,2024,2024,False
Canada,CA,CAN,720241,iron_steel,36.714,107721.73,2024,2024,False
Canada,CA,CAN,720249,iron_steel,4.632,13971.05,2024,2024,False
Canada,CA,CAN,7203,iron_steel,12219.0,4679192.84,2024,2024,False
Canada,CA,CAN,7205,iron_steel,81032.896,117025016.21,2024,2024,False
Canada,CA,CAN,720610,iron_steel,1318.0,924415.07,2024,2024,False
Canada,CA,CAN,720690,iron_steel,71.6968,58942.67,2024,2024,False
Canada,CA,CAN,720711,iron_steel,56564.0,31367654.92,2024,2024,False
Canada,CA,CAN,720712,iron_steel,248429.0,153521773.75,2024,2024,False
Sri Lanka,LK,LKA,310290,fertilizers,0.951,6419.91,2024,2024,False
Sri Lanka,LK,LKA,310520,fertilizers,0.375,4437.65,2024,2024,False
China,CN,CHN,7205,iron_steel,207574.8044,206247266.43,2024,2024,False
China,CN,CHN,720610,iron_steel,77.0,76208.3,2024,2024,False
China,CN,CHN,720690,iron_steel,371.578,221054.43,2024,2024,False
Guatemala,GT,GTM,310520,fertilizers,23446.45,16090474.08,2024,2024,False
Dominican Republic,DO,DOM,310559,fertilizers,5109.561,2380835.6,2024,2024,False
Dominican Republic,DO,DOM,310590,fertilizers,1302.9216,974580.83,2024,2024,False
Dominican Republic,DO,DOM,7205,iron_steel,21.621,422646.71,2024,2024,False
Georgia,GE,GEO,310510,fertilizers,8.0427,38475.03,2024,2024,False
Georgia,GE,GEO,310520,fertilizers,1047.311,404267.39,2024,2024,False
Georgia,GE,GEO,310590,fertilizers,359.2083,254543.66,2024,2024,False
Georgia,GE,GEO,720211,iron_steel,10.0,15599.3,2024,2024,False
Georgia,GE,GEO,720241,iron_steel,5366.828,9293773.46,2024,2024,False
Georgia,GE,GEO,720249,iron_steel,17.0,46067.83,2024,2024,False
Georgia,GE,GEO,720610,iron_steel,41.66,17709.64,2024,2024,False
Georgia,GE,GEO,720711,iron_steel,1106.4,516231.21,2024,2024,False
Guatemala,GT,GTM,310290,fertilizers,4672.129,3511132.06,2024,2024,False
Guatemala,GT,GTM,310510,fertilizers,331.65,1017097.31,2024,2024,False
Guatemala,GT,GTM,310530,fertilizers,2646.321,1707576.93,2024,2024,False
China,CN,CHN,720711,iron_steel,3287270.104,1418358319.93,2024,2024,False
Guatemala,GT,GTM,310540,fertilizers,184.134,169997.23,2024,2024,False
Guatemala,GT,GTM,310551,fertilizers,38.366,113406.34,2024,2024,False
Guatemala,GT,GTM,310559,fertilizers,149.882,264783.29,2024,2024,False
Guatemala,GT,GTM,310590,fertilizers,40518.467,20832939.65,2024,2024,False
Guatemala,GT,GTM,7201,iron_steel,0.059,222.72,2024,2024,False
Guatemala,GT,GTM,720260,iron_steel,0.05,1673.6,2024,2024,False
Guatemala,GT,GTM,7205,iron_steel,13.835,40264.3,2024,2024,False
Guatemala,GT,GTM,720690,iron_steel,0.6,732.83,2024,2024,False
Guatemala,GT,GTM,720711,iron_steel,5002.6,2584602.16,2024,2024,False
Honduras,HN,HND,310520,fertilizers,10698.128,4116063.99,2024,2024,False
Honduras,HN,HND,310530,fertilizers,9938.1,5824036.98,2024,2024,False
Honduras,HN,HND,310540,fertilizers,320.0,415829.78,2024,2024,False
Honduras,HN,HND,310559,fertilizers,762.048,451141.3,2024,2024,False
Dominican Republic,DO,DOM,310520,fertilizers,9616.3263,5916391.74,2024,2024,False
Dominican Republic,DO,DOM,310510,fertilizers,2137.414,966324.29,2024,2024,False
Dominican Republic,DO,DOM,310290,fertilizers,161.239,1141640.04,2024,2024,False
Benin,BJ,BEN,310590,fertilizers,0.006,320.53,2024,2024,False
China,CN,CHN,720712,iron_steel,754932.572,383059584.14,2024,2024,False
Colombia,CO,COL,310290,fertilizers,11965.3373,5117606.35,2024,2024,False
Colombia,CO,COL,310510,fertilizers,374.1035,1578871.2,2024,2024,False
Colombia,CO,COL,310520,fertilizers,55122.8787,27278482.89,2024,2024,False
Colombia,CO,COL,310530,fertilizers,151.5,88767.72,2024,2024,False
Colombia,CO,COL,310540,fertilizers,1478.564,1143245.04,2024,2024,False
Colombia,CO,COL,310551,fertilizers,515.1792,191120.04,2024,2024,False
Colombia,CO,COL,310559,fertilizers,165.2634,224624.0,2024,2024,False
Colombia,CO,COL,310590,fertilizers,25004.1586,9967108.94,2024,2024,False
Colombia,CO,COL,7201,iron_steel,10.225,56387.39,2024,2024,False
Colombia,CO,COL,720211,iron_steel,84.25,110247.83,2024,2024,False
Colombia,CO,COL,720219,iron_steel,3.25,4587.95,2024,2024,False
Colombia,CO,COL,720241,iron_steel,6.0,10918.99,2024,2024,False
Colombia,CO,COL,720260,iron_steel,151519.9871,501013426.28,2024,2024,False
Colombia,CO,COL,7205,iron_steel,21.95,32066.52,2024,2024,False
Colombia,CO,COL,720712,iron_steel,3.811,35012.48,2024,2024,False
Costa Rica,CR,CRI,310290,fertilizers,2835.5396,1766414.07,2024,2024,False
Costa Rica,CR,CRI,310510,fertilizers,96.3632,472484.13,2024,2024,False
Costa Rica,CR,CRI,310520,fertilizers,19349.5365,12198383.52,2024,2024,False
Costa Rica,CR,CRI,310530,fertilizers,528.0,365671.19,2024,2024,False
Costa Rica,CR,CRI,310559,fertilizers,2.984,15480.62,2024,2024,False
Costa Rica,CR,CRI,310590,fertilizers,33175.4027,19420673.78,2024,2024,False
Costa Rica,CR,CRI,720219,iron_steel,94.0,4676.09,2024,2024,False
Costa Rica,CR,CRI,7203,iron_steel,83.33,12321.23,2024,2024,False
Costa Rica,CR,CRI,7205,iron_steel,274.517,68256.01,2024,2024,False
Costa Rica,CR,CRI,720690,iron_steel,10.399,43052.88,2024,2024,False
Benin,BJ,BEN,310520,fertilizers,125.0,35252.39,2024,2024,False
Brazil,BR,BRA,720610,iron_steel,0.4227,739.3,2024,2024,False
Brazil,BR,BRA,7203,iron_steel,47.6645,48307.0,2024,2024,False
Senegal,SN,SEN,7201,iron_steel,537.0,77502.31,2024,2024,False
Namibia,,NAM,310520,fertilizers,685.8,3652784.92,2024,2024,False
Oman,OM,OMN,310520,fertilizers,442.963,823227.1,2024,2024,False
Oman,OM,OMN,310590,fertilizers,6371.261,2176901.84,2024,2024,False
Oman,OM,OMN,7201,iron_steel,4.5,600.86,2024,2024,False
Oman,OM,OMN,720219,iron_steel,0.02,240.35,2024,2024,False
Oman,OM,OMN,720241,iron_steel,49946.744,59784020.5,2024,2024,False
Oman,OM,OMN,720249,iron_steel,5008.564,11011712.15,2024,2024,False
Oman,OM,OMN,7203,iron_steel,2113.082,275933.63,2024,2024,False
Oman,OM,OMN,7205,iron_steel,193.745,56762.43,2024,2024,False
Oman,OM,OMN,720610,iron_steel,0.704,9286.96,2024,2024,False
Oman,OM,OMN,720690,iron_steel,300.82,94893.27,2024,2024,False
Oman,OM,OMN,720711,iron_steel,826113.895,403279965.15,2024,2024,False
Oman,OM,OMN,720712,iron_steel,0.6,60.09,2024,2024,False
Namibia,,NAM,310510,fertilizers,0.0055,296.51,2024,2024,False
Namibia,,NAM,310530,fertilizers,10699.9,8080479.22,2024,2024,False
Mozambique,MZ,MOZ,7205,iron_steel,72.0,5710.56,2024,2024,False
Namibia,,NAM,310540,fertilizers,33593.4121,27676064.83,2024,2024,False
Namibia,,NAM,310590,fertilizers,295.6302,66158.16,2024,2024,False
Namibia,,NAM,7201,iron_steel,0.3,575.65,2024,2024,False
Namibia,,NAM,7205,iron_steel,0.041,2206.81,2024,2024,False
Namibia,,NAM,720610,iron_steel,1.01,1366.45,2024,2024,False
Namibia,,NAM,720690,iron_steel,0.189,412.34,2024,2024,False
Albania,AL,ALB,310520,fertilizers,80.572,76207.63,2024,2024,False
Albania,AL,ALB,720241,iron_steel,31785.4,61292066.97,2024,2024,False
Albania,AL,ALB,720690,iron_steel,34.176,61616.91,2024,2024,False
Algeria,DZ,DZA,7203,iron_steel,,26466670.8,2024,2024,False
Algeria,DZ,DZA,7205,iron_steel,0.0031,4.63,2024,2024,False
Algeria,DZ,DZA,720711,iron_steel,219207.2436,136145310.63,2024,2024,False
Algeria,DZ,DZA,720712,iron_steel,143912.7958,78314616.4,2024,2024,False
Oman,OM,OMN,310290,fertilizers,2.24,3107.67,2024,2024,False
Mozambique,MZ,MOZ,310590,fertilizers,1866.587,1155451.44,2024,2024,False
Brazil,BR,BRA,720260,iron_steel,173748.443,536534031.05,2024,2024,False
Montenegro,ME,MNE,720610,iron_steel,15.3,23708.88,2024,2024,False
Ecuador,EC,ECU,310520,fertilizers,,2299356.85,2024,2024,False
Ecuador,EC,ECU,310540,fertilizers,101.4,128353.78,2024,2024,False
Ecuador,EC,ECU,310559,fertilizers,90.0,87413.36,2024,2024,False
Ecuador,EC,ECU,310590,fertilizers,347.1509,545695.86,2024,2024,False
Ecuador,EC,ECU,720711,iron_steel,32.03,17718.09,2024,2024,False
El Salvador,SV,SLV,310520,fertilizers,14075.1376,7041056.21,2024,2024,False
El Salvador,SV,SLV,310530,fertilizers,2305.7042,1407832.23,2024,2024,False
El Salvador,SV,SLV,310559,fertilizers,29.09,72336.6,2024,2024,False
El Salvador,SV,SLV,310590,fertilizers,7.062,39929.77,2024,2024,False
Moldova,MD,MDA,310290,fertilizers,1.769,239.35,2024,2024,False
Moldova,MD,MDA,310520,fertilizers,0.899,1647.72,2024,2024,False
Moldova,MD,MDA,310590,fertilizers,45.696,128272.8,2024,2024,False
Montenegro,ME,MNE,310520,fertilizers,8.61,5421.6,2024,2024,False
Morocco,MA,MAR,310290,fertilizers,15.675,6476.1,2024,2024,False
Mozambique,MZ,MOZ,310540,fertilizers,725.44,431494.04,2024,2024,False
Morocco,MA,MAR,310510,fertilizers,15.116,57394.59,2024,2024,False
Morocco,MA,MAR,310520,fertilizers,1489400.6455,730901026.18,2024,2024,False
Morocco,MA,MAR,310530,fertilizers,7830592.298,3809070334.4,2024,2024,False
Morocco,MA,MAR,310540,fertilizers,7523742.4635,3638333373.7,2024,2024,False
Morocco,MA,MAR,310551,fertilizers,0.102,304.59,2024,2024,False
Morocco,MA,MAR,310559,fertilizers,2246346.5413,1040690442.45,2024,2024,False
Morocco,MA,MAR,310590,fertilizers,2149.8756,902102.72,2024,2024,False
Morocco,MA,MAR,7205,iron_steel,2555.59,167481.58,2024,2024,False
Morocco,MA,MAR,720690,iron_steel,17.583,17466.26,2024,2024,False
Morocco,MA,MAR,720711,iron_steel,0.2,49.91,2024,2024,False
Mozambique,MZ,MOZ,310290,fertilizers,608.713,596707.05,2024,2024,False
Mozambique,MZ,MOZ,310520,fertilizers,330.0,207178.17,2024,2024,False
Mozambique,MZ,MOZ,310530,fertilizers,12000.0,6167866.74,2024,2024,False
Angola,AO,AGO,310520,fertilizers,942.628,266069.63,2024,2024,False
Angola,AO,AGO,310559,fertilizers,0.87,172.3,2024,2024,False
Angola,AO,AGO,7201,iron_steel,5.5366,3465.43,2024,2024,False
Bosnia and Herzegovina,BA,BIH,720610,iron_steel,4.2365,17408.55,2024,2024,False
Armenia,AM,ARM,310530,fertilizers,0.0035,332.22,2024,2024,False
Armenia,AM,ARM,310590,fertilizers,11.1373,49102.26,2024,2024,False
Armenia,AM,ARM,7205,iron_steel,43.5,232566.54,2024,2024,False
Armenia,AM,ARM,720610,iron_steel,90.76,32298.31,2024,2024,False
Armenia,AM,ARM,720711,iron_steel,54327.73,23604484.54,2024,2024,False
Bolivia,BO,BOL,310590,fertilizers,2080.0,693207.65,2024,2024,False
Bolivia,BO,BOL,7205,iron_steel,2.512,7824.9,2024,2024,False
Bosnia and Herzegovina,BA,BIH,310510,fertilizers,0.7353,1244.46,2024,2024,False
Bosnia and Herzegovina,BA,BIH,310520,fertilizers,132.4877,123232.43,2024,2024,False
Bosnia and Herzegovina,BA,BIH,310590,fertilizers,12.0754,13835.34,2024,2024,False
Bosnia and Herzegovina,BA,BIH,720211,iron_steel,2.535,3467.27,2024,2024,False
Bosnia and Herzegovina,BA,BIH,7203,iron_steel,2.82,6620.58,2024,2024,False
Bosnia and Herzegovina,BA,BIH,7205,iron_steel,2917.4062,2964317.92,2024,2024,False
Bosnia and Herzegovina,BA,BIH,720690,iron_steel,0.56,18529.95,2024,2024,False
Angola,AO,AGO,720249,iron_steel,0.675,676.2,2024,2024,False
Bosnia and Herzegovina,BA,BIH,720712,iron_steel,15.065,21456.62,2024,2024,False
Brazil,BR,BRA,310290,fertilizers,30110.153,18549585.07,2024,2024,False
Brazil,BR,BRA,310510,fertilizers,2542.669,17111138.53,2024,2024,False
Brazil,BR,BRA,310520,fertilizers,252106.771,103914058.77,2024,2024,False
Brazil,BR,BRA,310540,fertilizers,6009.59,3965651.05,2024,2024,False
Brazil,BR,BRA,310551,fertilizers,826.828,670623.79,2024,2024,False
Brazil,BR,BRA,310559,fertilizers,65158.2368,31049907.59,2024,2024,False
Brazil,BR,BRA,310590,fertilizers,21933.2177,21969778.21,2024,2024,False
Brazil,BR,BRA,7201,iron_steel,,1527578192.4,2024,2024,False
Brazil,BR,BRA,720211,iron_steel,2707.898,2952165.23,2024,2024,False
Brazil,BR,BRA,720219,iron_steel,,925706.5,2024,2024,False
Brazil,BR,BRA,720241,iron_steel,47954.38,53317925.33,2024,2024,False
Brazil,BR,BRA,720249,iron_steel,11358.122,25492652.25,2024,2024,False
Armenia,AM,ARM,310520,fertilizers,33.5428,101807.79,2024,2024,False
Armenia,AM,ARM,310510,fertilizers,0.007,56.79,2024,2024,False
Bahrain,BH,BHR,720711,iron_steel,449241.7,227437036.41,2024,2024,False
Bahrain,BH,BHR,720690,iron_steel,0.226,1140.41,2024,2024,False
Angola,AO,AGO,7203,iron_steel,24.823,8257897.61,2024,2024,False
Angola,AO,AGO,720610,iron_steel,32746.8,18244271.32,2024,2024,False
Angola,AO,AGO,720690,iron_steel,5.605,924.06,2024,2024,False
Azerbaijan,AZ,AZE,720241,iron_steel,6.403,12752.98,2024,2024,False
Argentina,AR,ARG,310510,fertilizers,4.1934,19258.11,2024,2024,False
Australia,AU,AUS,310290,fertilizers,1730.3513,8353770.28,2024,2024,False
Australia,AU,AUS,310510,fertilizers,282.8545,956707.96,2024,2024,False
Australia,AU,AUS,310520,fertilizers,1499.3271,3337433.03,2024,2024,False
Australia,AU,AUS,310530,fertilizers,406751.72,213000114.53,2024,2024,False
Australia,AU,AUS,310540,fertilizers,,219541.3,2024,2024,False
Australia,AU,AUS,310551,fertilizers,,237563.96,2024,2024,False
Australia,AU,AUS,310559,fertilizers,82.169,230312.94,2024,2024,False
Australia,AU,AUS,310590,fertilizers,12111.9819,24935307.73,2024,2024,False
Australia,AU,AUS,7201,iron_steel,353.2,2797017.25,2024,2024,False
Australia,AU,AUS,720219,iron_steel,2.0,10038.0,2024,2024,False
Australia,AU,AUS,720241,iron_steel,746.59,805482.39,2024,2024,False
Australia,AU,AUS,720249,iron_steel,7.0,53474.0,2024,2024,False
Australia,AU,AUS,7203,iron_steel,174.62,53581.94,2024,2024,False
Australia,AU,AUS,7205,iron_steel,294.7,681649.7,2024,2024,False
Australia,AU,AUS,720610,iron_steel,1303.04,1228313.91,2024,2024,False
Australia,AU,AUS,720690,iron_steel,55.43,86578.05,2024,2024,False
Australia,AU,AUS,720711,iron_steel,2.88,28061.27,2024,2024,False
Australia,AU,AUS,720712,iron_steel,10.55,23247.18,2024,2024,False
Bahrain,BH,BHR,7201,iron_steel,87.0,61116.56,2024,2024,False
Bahrain,BH,BHR,7203,iron_steel,157718.994,51368686.4,2024,2024,False
Bahrain,BH,BHR,7205,iron_steel,18.9505,5122.87,2024,2024,False
Bahrain,BH,BHR,720610,iron_steel,19.9057,17453.55,2024,2024,False
Honduras,HN,HND,310590,fertilizers,202.2345,849957.93,2024,2024,False
Honduras,HN,HND,7205,iron_steel,2.734,1306.07,2024,2024,False
Honduras,HN,HND,720690,iron_steel,178.574,147784.34,2024,2024,False
Mexico,MX,MEX,720211,iron_steel,195.453,189147.95,2024,2024,False
Malaysia,MY,MYS,720711,iron_steel,1442333.979,684522583.26,2024,2024,False
Malaysia,MY,MYS,720712,iron_steel,1978746.995,956666778.66,2024,2024,False
Mauritius,MU,MUS,310520,fertilizers,83.5,58497.39,2024,2024,False
Mauritius,MU,MUS,310530,fertilizers,0.5,487.04,2024,2024,False
Mauritius,MU,MUS,310590,fertilizers,4.0,16806.73,2024,2024,False
Mexico,MX,MEX,310290,fertilizers,90.569,135364.57,2024,2024,False
Mexico,MX,MEX,310510,fertilizers,1520.419,6872155.99,2024,2024,False
Mexico,MX,MEX,310520,fertilizers,4647.039,6703682.65,2024,2024,False
Mexico,MX,MEX,310530,fertilizers,14291.793,8018583.31,2024,2024,False
Mexico,MX,MEX,310540,fertilizers,172057.741,96903181.78,2024,2024,False
Mexico,MX,MEX,310551,fertilizers,1.853,4249.15,2024,2024,False
Mexico,MX,MEX,310559,fertilizers,1.435,3809.26,2024,2024,False
Mexico,MX,MEX,310590,fertilizers,21118.459,16223365.68,2024,2024,False
Mexico,MX,MEX,720219,iron_steel,433.224,761059.98,2024,2024,False
Malaysia,MY,MYS,720610,iron_steel,3683.7824,5212819.61,2024,2024,False
Mexico,MX,MEX,7205,iron_steel,0.0,156081.69,2024,2024,False
New Zealand,NZ,NZL,310290,fertilizers,345.266,402821.56,2024,2024,False
New Zealand,NZ,NZL,310510,fertilizers,10.1455,35539.33,2024,2024,False
New Zealand,NZ,NZL,310520,fertilizers,355.851,302782.01,2024,2024,False
New Zealand,NZ,NZL,310551,fertilizers,24.94,51210.79,2024,2024,False
New Zealand,NZ,NZL,310559,fertilizers,2.824,8516.95,2024,2024,False
New Zealand,NZ,NZL,310590,fertilizers,696.798,1168249.09,2024,2024,False
New Zealand,NZ,NZL,7205,iron_steel,1.601,7124.31,2024,2024,False
New Zealand,NZ,NZL,720610,iron_steel,0.025,1409.98,2024,2024,False
New Zealand,NZ,NZL,720690,iron_steel,0.002,41.39,2024,2024,False
New Zealand,NZ,NZL,720711,iron_steel,10020.5,6231758.6,2024,2024,False
New Zealand,NZ,NZL,720712,iron_steel,0.178,2652.74,2024,2024,False
Nicaragua,NI,NIC,310520,fertilizers,0.0016,16.17,2024,2024,False
Malaysia,MY,MYS,720690,iron_steel,375.8942,663031.24,2024,2024,False
Malaysia,MY,MYS,7205,iron_steel,7302.2002,2496584.34,2024,2024,False
Hong Kong,HK,HKG,310510,fertilizers,0.44,29594.55,2024,2024,False
Madagascar,MG,MDG,310520,fertilizers,5.0,3544.77,2024,2024,False
Kuwait,KW,KWT,720712,iron_steel,2.8988,1577.49,2024,2024,False
Kyrgyzstan,KG,KGZ,310290,fertilizers,0.3,6975.33,2024,2024,False
Kyrgyzstan,KG,KGZ,310510,fertilizers,0.005,55.45,2024,2024,False
Kyrgyzstan,KG,KGZ,310530,fertilizers,12.0,8130.49,2024,2024,False
Kyrgyzstan,KG,KGZ,310590,fertilizers,5.775,26328.44,2024,2024,False
Lebanon,LB,LBN,310290,fertilizers,1.0747,1053.51,2024,2024,False
Lebanon,LB,LBN,310510,fertilizers,20.0063,64705.66,2024,2024,False
Lebanon,LB,LBN,310520,fertilizers,204.373,222334.35,2024,2024,False
Lebanon,LB,LBN,310559,fertilizers,2.0918,1642.18,2024,2024,False
Lebanon,LB,LBN,310590,fertilizers,3.9191,9264.39,2024,2024,False
Lebanon,LB,LBN,7203,iron_steel,0.7789,1155.16,2024,2024,False
Lebanon,LB,LBN,7205,iron_steel,28.6181,42196.65,2024,2024,False
Lebanon,LB,LBN,720690,iron_steel,,84108.68,2024,2024,False
Madagascar,MG,MDG,7205,iron_steel,0.0007,29.94,2024,2024,False
Malaysia,MY,MYS,7203,iron_steel,657291.0185,241530537.99,2024,2024,False
Malaysia,MY,MYS,310290,fertilizers,2381.055,1497962.88,2024,2024,False
Malaysia,MY,MYS,310510,fertilizers,3341.4736,1545669.81,2024,2024,False
Malaysia,MY,MYS,310520,fertilizers,88136.3597,38417959.88,2024,2024,False
Malaysia,MY,MYS,310530,fertilizers,4938.0508,5305603.09,2024,2024,False
Malaysia,MY,MYS,310540,fertilizers,2914.15,1949848.37,2024,2024,False
Malaysia,MY,MYS,310551,fertilizers,1.8,14073.48,2024,2024,False
Malaysia,MY,MYS,310559,fertilizers,2465.7615,1054669.0,2024,2024,False
Malaysia,MY,MYS,310590,fertilizers,52732.1733,18728367.34,2024,2024,False
Malaysia,MY,MYS,7201,iron_steel,,18582553.59,2024,2024,False
Malaysia,MY,MYS,720211,iron_steel,283895.2501,288960290.35,2024,2024,False
Malaysia,MY,MYS,720219,iron_steel,21.9001,24746.01,2024,2024,False
Malaysia,MY,MYS,720249,iron_steel,6.107,1615.46,2024,2024,False
Malaysia,MY,MYS,720260,iron_steel,16565.3775,44477069.82,2024,2024,False
Nicaragua,NI,NIC,310590,fertilizers,151.4109,27253.67,2024,2024,False
Nicaragua,NI,NIC,720690,iron_steel,0.07,489.79,2024,2024,False
Niger,NE,NER,310290,fertilizers,30.0,5901.3,2024,2024,False
Saudi Arabia,SA,SAU,310540,fertilizers,1423810.0,818841374.35,2024,2024,False
Philippines,PH,PHL,310530,fertilizers,0.05,869.61,2024,2024,False
Philippines,PH,PHL,310590,fertilizers,3.41,21254.97,2024,2024,False
Philippines,PH,PHL,7201,iron_steel,0.0496,290.18,2024,2024,False
Philippines,PH,PHL,720249,iron_steel,,378799.56,2024,2024,False
Philippines,PH,PHL,7203,iron_steel,40.0,14786.06,2024,2024,False
Philippines,PH,PHL,7205,iron_steel,11823.5045,1689157.19,2024,2024,False
Philippines,PH,PHL,720711,iron_steel,127.7874,617950.28,2024,2024,False
Qatar,QA,QAT,7201,iron_steel,0.0,209392160.95,2024,2024,False
Qatar,QA,QAT,7203,iron_steel,0.0,5930.42,2024,2024,False
Qatar,QA,QAT,7205,iron_steel,0.0,151027.3,2024,2024,False
Saudi Arabia,SA,SAU,310290,fertilizers,0.2,788.59,2024,2024,False
Saudi Arabia,SA,SAU,310520,fertilizers,68664.294,42521820.33,2024,2024,False
Saudi Arabia,SA,SAU,310530,fertilizers,3901845.0,2130147569.58,2024,2024,False
Saudi Arabia,SA,SAU,310551,fertilizers,12.5,8625.2,2024,2024,False
Nigeria,NG,NGA,310510,fertilizers,100.0,28906.81,2024,2024,False
Saudi Arabia,SA,SAU,310559,fertilizers,281022.64,94442021.6,2024,2024,False
Saudi Arabia,SA,SAU,310590,fertilizers,1925.989,1240540.4,2024,2024,False
Saudi Arabia,SA,SAU,7201,iron_steel,124963.7,66125430.75,2024,2024,False
Saudi Arabia,SA,SAU,720241,iron_steel,7.881,9132.86,2024,2024,False
Saudi Arabia,SA,SAU,720249,iron_steel,0.09,44358.19,2024,2024,False
Saudi Arabia,SA,SAU,720260,iron_steel,0.204,1807.6,2024,2024,False
Saudi Arabia,SA,SAU,7205,iron_steel,28148.137,4571852.39,2024,2024,False
Saudi Arabia,SA,SAU,720711,iron_steel,85217.28,42668188.07,2024,2024,False
Senegal,SN,SEN,310290,fertilizers,30.0,13676.88,2024,2024,False
Senegal,SN,SEN,310520,fertilizers,29086.5,16323684.05,2024,2024,False
Senegal,SN,SEN,310530,fertilizers,930.0,573349.66,2024,2024,False
Senegal,SN,SEN,310540,fertilizers,,22894334.01,2024,2024,False
Senegal,SN,SEN,310590,fertilizers,598.011,432912.58,2024,2024,False
Philippines,PH,PHL,310520,fertilizers,36140.4,17104281.49,2024,2024,False
Philippines,PH,PHL,310510,fertilizers,19.0,24276.87,2024,2024,False
Peru,PE,PER,720711,iron_steel,0.2175,14.42,2024,2024,False
Peru,PE,PER,7205,iron_steel,10.503,14890.23,2024,2024,False
Pakistan,PK,PAK,720241,iron_steel,1.0,207.23,2024,2024,False
Pakistan,PK,PAK,720249,iron_steel,1.0,345.39,2024,2024,False
Pakistan,PK,PAK,7203,iron_steel,25.0,2278.32,2024,2024,False
Pakistan,PK,PAK,7205,iron_steel,7251.0,517291.07,2024,2024,False
Pakistan,PK,PAK,720690,iron_steel,5.0,1175.39,2024,2024,False
Pakistan,PK,PAK,720711,iron_steel,3.0,21029.38,2024,2024,False
Panama,PA,PAN,310510,fertilizers,26.95,21644.95,2024,2024,False
Panama,PA,PAN,310540,fertilizers,100.0,122652.25,2024,2024,False
Panama,PA,PAN,310559,fertilizers,57.393,37981.7,2024,2024,False
Panama,PA,PAN,310590,fertilizers,9.637,43570.83,2024,2024,False
Paraguay,PY,PRY,310510,fertilizers,77.6126,375865.08,2024,2024,False
Paraguay,PY,PRY,310520,fertilizers,95.385,161984.57,2024,2024,False
Paraguay,PY,PRY,310540,fertilizers,1231.34,682750.21,2024,2024,False
Paraguay,PY,PRY,310590,fertilizers,54.3773,109348.84,2024,2024,False
Paraguay,PY,PRY,7205,iron_steel,0.174,466.3,2024,2024,False
Paraguay,PY,PRY,720711,iron_steel,2620.0,1351095.09,2024,2024,False
Peru,PE,PER,310290,fertilizers,985.35,501702.31,2024,2024,False
Peru,PE,PER,310510,fertilizers,303.5391,855555.86,2024,2024,False
Peru,PE,PER,310520,fertilizers,3069.7489,2743857.81,2024,2024,False
Peru,PE,PER,310530,fertilizers,7828.95,5358463.89,2024,2024,False
Peru,PE,PER,310540,fertilizers,19160.675,12865981.63,2024,2024,False
Peru,PE,PER,310559,fertilizers,1031.4225,189457.68,2024,2024,False
Peru,PE,PER,310590,fertilizers,4352.0478,2267251.98,2024,2024,False
Peru,PE,PER,720211,iron_steel,7.2716,13113.51,2024,2024,False
Peru,PE,PER,720241,iron_steel,25.75,41731.55,2024,2024,False
Peru,PE,PER,720249,iron_steel,13.5495,50127.28,2024,2024,False
Peru,PE,PER,7203,iron_steel,0.0691,1374.22,2024,2024,False
Kuwait,KW,KWT,720711,iron_steel,6407.9431,3979847.52,2024,2024,False
Kuwait,KW,KWT,720690,iron_steel,,3312.08,2024,2024,False
Kuwait,KW,KWT,720610,iron_steel,0.38,487.02,2024,2024,False
Japan,JP,JPN,310520,fertilizers,33718.9696,41713253.31,2024,2024,False
Ivory Coast,CI,CIV,310510,fertilizers,23.55,86012.03,2024,2024,False
Ivory Coast,CI,CIV,310520,fertilizers,127918.08,35431575.37,2024,2024,False
Ivory Coast,CI,CIV,310530,fertilizers,850.0,660580.87,2024,2024,False
Ivory Coast,CI,CIV,310540,fertilizers,2.925,2630.78,2024,2024,False
Ivory Coast,CI,CIV,310590,fertilizers,366.433,85893.4,2024,2024,False
Ivory Coast,CI,CIV,7201,iron_steel,0.016,348.67,2024,2024,False
Ivory Coast,CI,CIV,7203,iron_steel,5000.16,1940533.21,2024,2024,False
Ivory Coast,CI,CIV,7205,iron_steel,225.025,19703.88,2024,2024,False
Ivory Coast,CI,CIV,720610,iron_steel,5.0,152.44,2024,2024,False
Ivory Coast,CI,CIV,720712,iron_steel,0.321,70.29,2024,2024,False
Jamaica,JM,JAM,310590,fertilizers,46.456,58989.93,2024,2024,False
Japan,JP,JPN,310290,fertilizers,14227.2932,3544567.18,2024,2024,False
Japan,JP,JPN,310510,fertilizers,1268.7649,2081682.35,2024,2024,False
Japan,JP,JPN,310530,fertilizers,15.8127,174671.18,2024,2024,False
Japan,JP,JPN,720712,iron_steel,1776857.092,834034348.9,2024,2024,False
Japan,JP,JPN,310540,fertilizers,36.9643,121811.93,2024,2024,False
Japan,JP,JPN,310559,fertilizers,60.0,42040.74,2024,2024,False
Japan,JP,JPN,310590,fertilizers,3702.1641,3171231.2,2024,2024,False
Japan,JP,JPN,7201,iron_steel,57060.61,21552005.37,2024,2024,False
Japan,JP,JPN,720211,iron_steel,666.99,1066880.06,2024,2024,False
Japan,JP,JPN,720219,iron_steel,2815.46,4324671.48,2024,2024,False
Japan,JP,JPN,720241,iron_steel,64.9,401664.34,2024,2024,False
Japan,JP,JPN,720249,iron_steel,2750.25,14328940.16,2024,2024,False
Japan,JP,JPN,720260,iron_steel,6025.512,11763233.67,2024,2024,False
Japan,JP,JPN,7203,iron_steel,1484.7,6763749.0,2024,2024,False
Japan,JP,JPN,7205,iron_steel,65773.05,193447691.81,2024,2024,False
Japan,JP,JPN,720610,iron_steel,549.7826,259570.77,2024,2024,False
Japan,JP,JPN,720690,iron_steel,57.9736,189085.67,2024,2024,False
Ivory Coast,CI,CIV,310290,fertilizers,3154.0,678370.38,2024,2024,False
Israel,IL,ISR,720690,iron_steel,,81323.35,2024,2024,False
Israel,IL,ISR,720610,iron_steel,2.1721,2772.39,2024,2024,False
Israel,IL,ISR,7205,iron_steel,188.8072,298493.67,2024,2024,False
Hong Kong,HK,HKG,310520,fertilizers,1364.435,2825008.03,2024,2024,False
Hong Kong,HK,HKG,310530,fertilizers,0.065,2787.25,2024,2024,False
Hong Kong,HK,HKG,310590,fertilizers,67.013,269419.79,2024,2024,False
Hong Kong,HK,HKG,7205,iron_steel,1673.003,6552141.89,2024,2024,False
Hong Kong,HK,HKG,720610,iron_steel,0.282,13250.0,2024,2024,False
Indonesia,ID,IDN,310290,fertilizers,0.2455,2225.16,2024,2024,False
Indonesia,ID,IDN,310510,fertilizers,28.046,81980.72,2024,2024,False
Indonesia,ID,IDN,310520,fertilizers,3605.1815,1755368.45,2024,2024,False
Indonesia,ID,IDN,310540,fertilizers,27.0,11617.54,2024,2024,False
Indonesia,ID,IDN,310551,fertilizers,399.2,97315.8,2024,2024,False
Indonesia,ID,IDN,310559,fertilizers,58312.58,19595190.04,2024,2024,False
Indonesia,ID,IDN,310590,fertilizers,8093.8602,2879220.44,2024,2024,False
Indonesia,ID,IDN,7201,iron_steel,435741.2,283052096.62,2024,2024,False
Indonesia,ID,IDN,720260,iron_steel,9668184.4956,12994601897.89,2024,2024,False
Indonesia,ID,IDN,7203,iron_steel,0.3801,558.91,2024,2024,False
Indonesia,ID,IDN,7205,iron_steel,138.8692,110029.48,2024,2024,False
Indonesia,ID,IDN,720610,iron_steel,0.5394,1675.75,2024,2024,False
Indonesia,ID,IDN,720690,iron_steel,111.6935,1957863.05,2024,2024,False
Indonesia,ID,IDN,720711,iron_steel,1453006.56,657012890.45,2024,2024,False
Indonesia,ID,IDN,720712,iron_steel,1360854.951,633950382.58,2024,2024,False
Israel,IL,ISR,310510,fertilizers,334.048,1462896.22,2024,2024,False
Israel,IL,ISR,310520,fertilizers,109273.433,127306163.94,2024,2024,False
Israel,IL,ISR,310540,fertilizers,8927.306,10879770.82,2024,2024,False
Israel,IL,ISR,310590,fertilizers,3604219.695,959436281.3,2024,2024,False
Israel,IL,ISR,7201,iron_steel,342.6473,391830.7,2024,2024,False
Israel,IL,ISR,720219,iron_steel,58.9915,86868.13,2024,2024,False
Israel,IL,ISR,7203,iron_steel,0.6231,924.13,2024,2024,False
Japan,JP,JPN,720711,iron_steel,351622.558,167685793.64,2024,2024,False
Kazakhstan,KZ,KAZ,310290,fertilizers,4.937,80229.93,2024,2024,False
Kuwait,KW,KWT,7205,iron_steel,2.4576,2259.5,2024,2024,False
South Korea,KR,KOR,720211,iron_steel,8744.3635,8314280.57,2024,2024,False
Kenya,KE,KEN,310559,fertilizers,109.912,137062.74,2024,2024,False
Kenya,KE,KEN,310590,fertilizers,60758.5854,19639583.85,2024,2024,False
Kenya,KE,KEN,7205,iron_steel,429.029,67228.53,2024,2024,False
Kenya,KE,KEN,720690,iron_steel,1.485,2075.15,2024,2024,False
South Korea,KR,KOR,310290,fertilizers,273.1997,113108.77,2024,2024,False
South Korea,KR,KOR,310510,fertilizers,668.1665,837489.14,2024,2024,False
South Korea,KR,KOR,310520,fertilizers,157944.4663,69535171.43,2024,2024,False
South Korea,KR,KOR,310530,fertilizers,29631.5592,20397332.96,2024,2024,False
South Korea,KR,KOR,310540,fertilizers,38058.0572,21416024.4,2024,2024,False
South Korea,KR,KOR,310551,fertilizers,21.0,26690.69,2024,2024,False
South Korea,KR,KOR,310559,fertilizers,406904.4475,125282965.53,2024,2024,False
South Korea,KR,KOR,310590,fertilizers,6789.3684,2514997.69,2024,2024,False
South Korea,KR,KOR,7201,iron_steel,,8204969.97,2024,2024,False
South Korea,KR,KOR,720219,iron_steel,8459.125,11194833.19,2024,2024,False
Kazakhstan,KZ,KAZ,310510,fertilizers,36.8731,87476.13,2024,2024,False
South Korea,KR,KOR,720241,iron_steel,434.124,620465.76,2024,2024,False
South Korea,KR,KOR,720249,iron_steel,408.2694,5061522.04,2024,2024,False
South Korea,KR,KOR,720260,iron_steel,66870.849,255102300.16,2024,2024,False
South Korea,KR,KOR,7203,iron_steel,204.5261,1185953.24,2024,2024,False
South Korea,KR,KOR,7205,iron_steel,29649.6171,63383110.62,2024,2024,False
South Korea,KR,KOR,720610,iron_steel,9951.7703,6720660.75,2024,2024,False
South Korea,KR,KOR,720690,iron_steel,214.5429,756495.7,2024,2024,False
South Korea,KR,KOR,720711,iron_steel,2300.4319,1228685.89,2024,2024,False
South Korea,KR,KOR,720712,iron_steel,550440.1903,277935278.62,2024,2024,False
Kuwait,KW,KWT,310540,fertilizers,55.4997,40929.67,2024,2024,False
Kuwait,KW,KWT,7201,iron_steel,40.3767,18917.84,2024,2024,False
Kuwait,KW,KWT,720219,iron_steel,30.3951,44350.8,2024,2024,False
Kuwait,KW,KWT,7203,iron_steel,,11968128.64,2024,2024,False
Kenya,KE,KEN,310551,fertilizers,0.5,172.21,2024,2024,False
Kenya,KE,KEN,310540,fertilizers,164.551,197555.66,2024,2024,False
Kenya,KE,KEN,310530,fertilizers,8771.21,5362188.38,2024,2024,False
Kenya,KE,KEN,310520,fertilizers,13707.798,7439623.06,2024,2024,False
Kazakhstan,KZ,KAZ,310520,fertilizers,13410.705,3546137.3,2024,2024,False
Kazakhstan,KZ,KAZ,310540,fertilizers,616.3066,552854.01,2024,2024,False
Kazakhstan,KZ,KAZ,310559,fertilizers,387836.91,159215691.05,2024,2024,False
Kazakhstan,KZ,KAZ,310590,fertilizers,507.016,1605001.95,2024,2024,False
Kazakhstan,KZ,KAZ,7201,iron_steel,36.9596,19581.93,2024,2024,False
Kazakhstan,KZ,KAZ,720211,iron_steel,4964.76,4605217.46,2024,2024,False
Kazakhstan,KZ,KAZ,720241,iron_steel,1466015.8433,1771619472.97,2024,2024,False
Kazakhstan,KZ,KAZ,720249,iron_steel,62311.192,177536699.7,2024,2024,False
Kazakhstan,KZ,KAZ,720260,iron_steel,2581.524,3240773.79,2024,2024,False
Kazakhstan,KZ,KAZ,7203,iron_steel,20618.94,2720668.04,2024,2024,False
Kazakhstan,KZ,KAZ,7205,iron_steel,0.36,18209.46,2024,2024,False
Kazakhstan,KZ,KAZ,720690,iron_steel,0.0004,442.66,2024,2024,False
Kazakhstan,KZ,KAZ,720711,iron_steel,200250.66,87929451.75,2024,2024,False
Kazakhstan,KZ,KAZ,720712,iron_steel,88178.5,38028048.01,2024,2024,False
Jordan,JO,JOR,310290,fertilizers,712602.02,385587378.65,2024,2024,False
Jordan,JO,JOR,310510,fertilizers,320.6428,314671.54,2024,2024,False
Jordan,JO,JOR,310520,fertilizers,96622.084,51486882.71,2024,2024,False
Jordan,JO,JOR,310530,fertilizers,191646.0,114662929.05,2024,2024,False
Jordan,JO,JOR,310540,fertilizers,51656.0,31291110.37,2024,2024,False
Jordan,JO,JOR,310551,fertilizers,1271.081,1018138.67,2024,2024,False
Jordan,JO,JOR,310559,fertilizers,3207.7,1380039.1,2024,2024,False
Jordan,JO,JOR,310590,fertilizers,89439.218,74130434.3,2024,2024,False
Jordan,JO,JOR,7201,iron_steel,661.368,621676.54,2024,2024,False
Jordan,JO,JOR,7205,iron_steel,20.7,4775.64,2024,2024,False
Jordan,JO,JOR,720711,iron_steel,6.691,86415.64,2024,2024,False
Kenya,KE,KEN,310290,fertilizers,23.537,8336.71,2024,2024,False
Kenya,KE,KEN,310510,fertilizers,1.34,10232.63,2024,2024,False
Costa Rica,CR,CRI,7216,iron_steel,14586.7995,12148819.41,2024,2024,False
Benin,BJ,BEN,7208,iron_steel,473.532,278316.88,2024,2024,False
Benin,BJ,BEN,7209,iron_steel,1065.0,631005.68,2024,2024,False
Uganda,UG,UGA,721123,iron_steel,14.99,16404.1,2024,2024,False
Turkey,TR,TUR,7213,iron_steel,920071.068,518343724.24,2024,2024,False
Turkey,TR,TUR,721410,iron_steel,2181.232,2940184.83,2024,2024,False
Turkey,TR,TUR,721420,iron_steel,3424384.143,1848046366.32,2024,2024,False
Turkey,TR,TUR,721430,iron_steel,,992761.3,2024,2024,False
Turkey,TR,TUR,721491,iron_steel,30088.073,18943552.35,2024,2024,False
Turkey,TR,TUR,721499,iron_steel,204215.718,128932385.18,2024,2024,False
Turkey,TR,TUR,7215,iron_steel,,78767168.47,2024,2024,False
Turkey,TR,TUR,7216,iron_steel,1818356.5644,1231825979.11,2024,2024,False
Uganda,UG,UGA,7208,iron_steel,3027.6564,2657927.44,2024,2024,False
Uganda,UG,UGA,7209,iron_steel,294.327,236765.55,2024,2024,False
Uganda,UG,UGA,7210,iron_steel,53535.3399,49450775.21,2024,2024,False
Uganda,UG,UGA,721114,iron_steel,9.789,7154.13,2024,2024,False
Uganda,UG,UGA,721119,iron_steel,43.6,33505.36,2024,2024,False
Uganda,UG,UGA,721129,iron_steel,15.258,13648.39,2024,2024,False
Turkey,TR,TUR,721190,iron_steel,10851.348,11145240.74,2024,2024,False
Uganda,UG,UGA,721190,iron_steel,1586.879,1172733.84,2024,2024,False
Uganda,UG,UGA,7212,iron_steel,0.48,652.44,2024,2024,False
Uganda,UG,UGA,7213,iron_steel,776.639,464856.48,2024,2024,False
Uganda,UG,UGA,721410,iron_steel,743.308,580564.16,2024,2024,False
Uganda,UG,UGA,721420,iron_steel,62406.193,47849666.81,2024,2024,False
Uganda,UG,UGA,721430,iron_steel,2511.303,2109652.41,2024,2024,False
Uganda,UG,UGA,721491,iron_steel,33.19,17437.83,2024,2024,False
Uganda,UG,UGA,721499,iron_steel,1210.497,1054004.49,2024,2024,False
Uganda,UG,UGA,7215,iron_steel,4367.46,3960521.04,2024,2024,False
Uganda,UG,UGA,7216,iron_steel,8151.2054,6142341.02,2024,2024,False
Ukraine,UA,UKR,720719,iron_steel,6920.57,4670059.99,2024,2024,False
Ukraine,UA,UKR,720720,iron_steel,631548.446,283427313.33,2024,2024,False
Ukraine,UA,UKR,7208,iron_steel,1363358.1512,748044088.27,2024,2024,False
Turkey,TR,TUR,7212,iron_steel,105234.916,95192872.19,2024,2024,False
Turkey,TR,TUR,721129,iron_steel,3323.963,4305277.7,2024,2024,False
Trinidad and Tobago,TT,TTO,721190,iron_steel,21.0845,6503.7,2024,2024,False
Tunisia,TN,TUN,7213,iron_steel,26862.9397,16801287.9,2024,2024,False
Trinidad and Tobago,TT,TTO,7213,iron_steel,588.979,502826.94,2024,2024,False
Trinidad and Tobago,TT,TTO,721420,iron_steel,2861.497,2354438.93,2024,2024,False
Trinidad and Tobago,TT,TTO,721491,iron_steel,2.2123,33404.12,2024,2024,False
Trinidad and Tobago,TT,TTO,721499,iron_steel,70.392,67266.05,2024,2024,False
Trinidad and Tobago,TT,TTO,7215,iron_steel,19.796,110229.33,2024,2024,False
Trinidad and Tobago,TT,TTO,7216,iron_steel,2124.2914,3543829.98,2024,2024,False
Tunisia,TN,TUN,7208,iron_steel,997.8961,740885.01,2024,2024,False
Tunisia,TN,TUN,7209,iron_steel,10814.3984,7999293.41,2024,2024,False
Tunisia,TN,TUN,7210,iron_steel,100271.5417,87819101.67,2024,2024,False
Tunisia,TN,TUN,721123,iron_steel,1.2479,1350.75,2024,2024,False
Tunisia,TN,TUN,721129,iron_steel,13.5404,26341.45,2024,2024,False
Tunisia,TN,TUN,721190,iron_steel,11.794,14362.82,2024,2024,False
Tunisia,TN,TUN,7212,iron_steel,4774.3056,4843140.68,2024,2024,False
Tunisia,TN,TUN,721420,iron_steel,5408.6159,3274748.57,2024,2024,False
Turkey,TR,TUR,721123,iron_steel,58213.466,47972509.93,2024,2024,False
Tunisia,TN,TUN,721430,iron_steel,0.129,107.95,2024,2024,False
Tunisia,TN,TUN,721491,iron_steel,542.2765,391544.36,2024,2024,False
Tunisia,TN,TUN,721499,iron_steel,3947.0582,3098243.48,2024,2024,False
Tunisia,TN,TUN,7215,iron_steel,14.0183,20865.58,2024,2024,False
Tunisia,TN,TUN,7216,iron_steel,8266.9189,5881805.5,2024,2024,False
Turkey,TR,TUR,720719,iron_steel,26064.322,15249933.46,2024,2024,False
Turkey,TR,TUR,720720,iron_steel,16174.169,11414132.7,2024,2024,False
Turkey,TR,TUR,7208,iron_steel,2992561.875,1784215874.69,2024,2024,False
Turkey,TR,TUR,7209,iron_steel,691745.284,473063329.64,2024,2024,False
Turkey,TR,TUR,7210,iron_steel,,1262577734.04,2024,2024,False
Turkey,TR,TUR,721113,iron_steel,523.198,791458.28,2024,2024,False
Turkey,TR,TUR,721114,iron_steel,2797.943,3042922.1,2024,2024,False
Turkey,TR,TUR,721119,iron_steel,90871.664,59192545.98,2024,2024,False
Ukraine,UA,UKR,7209,iron_steel,201711.062,118718463.29,2024,2024,False
Ukraine,UA,UKR,7210,iron_steel,56017.325,51473001.96,2024,2024,False
Ukraine,UA,UKR,721114,iron_steel,0.7525,884.67,2024,2024,False
United Kingdom,GB,GBR,721119,iron_steel,,1022641.74,2024,2024,False
Egypt,EG,EGY,721420,iron_steel,957170.1015,582523058.33,2024,2024,False
Egypt,EG,EGY,721430,iron_steel,0.1068,92.41,2024,2024,False
Egypt,EG,EGY,721491,iron_steel,0.1387,102.43,2024,2024,False
Egypt,EG,EGY,721499,iron_steel,4509.3339,3746800.28,2024,2024,False
Egypt,EG,EGY,7215,iron_steel,32.0394,56015.75,2024,2024,False
Egypt,EG,EGY,7216,iron_steel,3624.0744,5465646.08,2024,2024,False
United Kingdom,GB,GBR,720719,iron_steel,2517.2626,15374398.0,2024,2024,False
United Kingdom,GB,GBR,720720,iron_steel,15598.6606,23457041.48,2024,2024,False
United Kingdom,GB,GBR,7208,iron_steel,,182472835.1,2024,2024,False
United Kingdom,GB,GBR,7209,iron_steel,,62870252.2,2024,2024,False
United Kingdom,GB,GBR,7210,iron_steel,,443580974.61,2024,2024,False
United Kingdom,GB,GBR,721113,iron_steel,,246308.76,2024,2024,False
United Kingdom,GB,GBR,721114,iron_steel,,587509.71,2024,2024,False
United Kingdom,GB,GBR,721123,iron_steel,,1709713.17,2024,2024,False
Ukraine,UA,UKR,721119,iron_steel,440.8218,311870.04,2024,2024,False
United Kingdom,GB,GBR,721129,iron_steel,827.058,1506626.94,2024,2024,False
United Kingdom,GB,GBR,721190,iron_steel,125.2286,645943.4,2024,2024,False
United Kingdom,GB,GBR,7212,iron_steel,,94931741.63,2024,2024,False
United Kingdom,GB,GBR,7213,iron_steel,,149502053.91,2024,2024,False
United Kingdom,GB,GBR,721410,iron_steel,,883555.38,2024,2024,False
United Kingdom,GB,GBR,721420,iron_steel,,10212285.73,2024,2024,False
United Kingdom,GB,GBR,721430,iron_steel,,437813.74,2024,2024,False
United Kingdom,GB,GBR,721491,iron_steel,,50765254.05,2024,2024,False
United Kingdom,GB,GBR,721499,iron_steel,,5585407.54,2024,2024,False
United Kingdom,GB,GBR,7215,iron_steel,,17988613.84,2024,2024,False
United Kingdom,GB,GBR,7216,iron_steel,,286974254.78,2024,2024,False
Tanzania,TZ,TZA,7208,iron_steel,7879.7059,6599604.22,2024,2024,False
Tanzania,TZ,TZA,7209,iron_steel,854.942,1270642.61,2024,2024,False
Egypt,EG,EGY,721410,iron_steel,873.2724,1189829.15,2024,2024,False
Egypt,EG,EGY,7213,iron_steel,449913.8308,298716577.71,2024,2024,False
Egypt,EG,EGY,7212,iron_steel,10220.5513,11008774.96,2024,2024,False
Egypt,EG,EGY,721129,iron_steel,1226.6422,2510942.2,2024,2024,False
Ukraine,UA,UKR,721123,iron_steel,200.3224,155923.72,2024,2024,False
Ukraine,UA,UKR,721190,iron_steel,26.351,38454.3,2024,2024,False
Ukraine,UA,UKR,7212,iron_steel,403.0296,580617.87,2024,2024,False
Ukraine,UA,UKR,7213,iron_steel,258326.573,144827200.32,2024,2024,False
Ukraine,UA,UKR,721420,iron_steel,147849.774,82123702.23,2024,2024,False
Ukraine,UA,UKR,721491,iron_steel,141.9336,93270.75,2024,2024,False
Ukraine,UA,UKR,721499,iron_steel,999.137,672535.84,2024,2024,False
Ukraine,UA,UKR,7215,iron_steel,1366.5865,1357616.05,2024,2024,False
Ukraine,UA,UKR,7216,iron_steel,10489.1091,9980885.63,2024,2024,False
North Macedonia,MK,MKD,7208,iron_steel,262842.974,190826044.1,2024,2024,False
North Macedonia,MK,MKD,7209,iron_steel,422.2962,206992.45,2024,2024,False
North Macedonia,MK,MKD,7210,iron_steel,69572.006,67651273.99,2024,2024,False
North Macedonia,MK,MKD,721113,iron_steel,0.935,779.69,2024,2024,False
North Macedonia,MK,MKD,721119,iron_steel,0.1574,159.95,2024,2024,False
North Macedonia,MK,MKD,721190,iron_steel,2.43,2487.14,2024,2024,False
North Macedonia,MK,MKD,7212,iron_steel,13827.824,16821592.35,2024,2024,False
North Macedonia,MK,MKD,7213,iron_steel,138.812,89155.65,2024,2024,False
North Macedonia,MK,MKD,721420,iron_steel,599.54,438403.83,2024,2024,False
North Macedonia,MK,MKD,721491,iron_steel,37270.438,24763185.88,2024,2024,False
North Macedonia,MK,MKD,721499,iron_steel,17150.863,11359327.22,2024,2024,False
North Macedonia,MK,MKD,7215,iron_steel,8.328,9949.53,2024,2024,False
North Macedonia,MK,MKD,7216,iron_steel,33768.992,26903375.45,2024,2024,False
Egypt,EG,EGY,720719,iron_steel,,3551267.61,2024,2024,False
Egypt,EG,EGY,7208,iron_steel,1108673.6736,792884368.2,2024,2024,False
Egypt,EG,EGY,7209,iron_steel,,53049666.95,2024,2024,False
Egypt,EG,EGY,7210,iron_steel,135762.4772,138655551.69,2024,2024,False
Egypt,EG,EGY,721114,iron_steel,2.1487,2148.72,2024,2024,False
Trinidad and Tobago,TT,TTO,7212,iron_steel,171.838,280144.53,2024,2024,False
Trinidad and Tobago,TT,TTO,721119,iron_steel,97.286,137452.85,2024,2024,False
Senegal,SN,SEN,7213,iron_steel,29177.454,12954637.67,2024,2024,False
Singapore,SG,SGP,720719,iron_steel,233.2412,1044591.75,2024,2024,False
India,IN,IND,721119,iron_steel,4861.1461,3182780.73,2024,2024,False
India,IN,IND,721123,iron_steel,5893.6242,5464761.17,2024,2024,False
India,IN,IND,721129,iron_steel,13814.0404,19464044.92,2024,2024,False
India,IN,IND,721190,iron_steel,385.105,302544.4,2024,2024,False
India,IN,IND,7212,iron_steel,28699.4939,29953772.46,2024,2024,False
India,IN,IND,7213,iron_steel,,121196818.66,2024,2024,False
India,IN,IND,721410,iron_steel,23017.2671,12574189.37,2024,2024,False
India,IN,IND,721420,iron_steel,,24686235.12,2024,2024,False
India,IN,IND,721430,iron_steel,586.166,481714.91,2024,2024,False
India,IN,IND,721491,iron_steel,10562.9459,8046786.16,2024,2024,False
India,IN,IND,721499,iron_steel,23621.1139,16307603.36,2024,2024,False
India,IN,IND,7215,iron_steel,100279.9786,132567433.09,2024,2024,False
India,IN,IND,7216,iron_steel,96528.2813,78048435.21,2024,2024,False
Singapore,SG,SGP,720720,iron_steel,256.1133,1937842.3,2024,2024,False
India,IN,IND,721113,iron_steel,,41023.21,2024,2024,False
Singapore,SG,SGP,7208,iron_steel,,203166240.61,2024,2024,False
Singapore,SG,SGP,7209,iron_steel,13186.0916,14860711.63,2024,2024,False
Singapore,SG,SGP,7210,iron_steel,76307.6972,82493245.58,2024,2024,False
Singapore,SG,SGP,721113,iron_steel,299.09,196697.22,2024,2024,False
Singapore,SG,SGP,721114,iron_steel,3.96,5646.85,2024,2024,False
Singapore,SG,SGP,721119,iron_steel,307.86,427566.72,2024,2024,False
Singapore,SG,SGP,721123,iron_steel,2780.07,3516777.12,2024,2024,False
Singapore,SG,SGP,721129,iron_steel,22.9194,125203.15,2024,2024,False
Singapore,SG,SGP,721190,iron_steel,18553.293,3711039.24,2024,2024,False
Singapore,SG,SGP,7212,iron_steel,5118.3393,5656175.77,2024,2024,False
Singapore,SG,SGP,7213,iron_steel,60551.5539,40500603.99,2024,2024,False
Singapore,SG,SGP,721410,iron_steel,9072.09,4639831.43,2024,2024,False
Singapore,SG,SGP,721420,iron_steel,66671.96,41903237.35,2024,2024,False
India,IN,IND,721114,iron_steel,2688.5927,1882897.72,2024,2024,False
India,IN,IND,7210,iron_steel,1481017.4115,1147760521.97,2024,2024,False
Trinidad and Tobago,TT,TTO,7210,iron_steel,,1290899.5,2024,2024,False
Serbia,RS,SRB,721119,iron_steel,454.284,395161.26,2024,2024,False
Senegal,SN,SEN,721420,iron_steel,24159.095,17715646.19,2024,2024,False
Senegal,SN,SEN,721430,iron_steel,1.5,33.43,2024,2024,False
Senegal,SN,SEN,721491,iron_steel,118.075,80296.11,2024,2024,False
Senegal,SN,SEN,721499,iron_steel,354.351,244459.41,2024,2024,False
Senegal,SN,SEN,7215,iron_steel,35999.298,31126642.49,2024,2024,False
Senegal,SN,SEN,7216,iron_steel,10272.84,7649087.01,2024,2024,False
Serbia,RS,SRB,720719,iron_steel,129.681,253581.0,2024,2024,False
Serbia,RS,SRB,720720,iron_steel,37.312,49078.64,2024,2024,False
Serbia,RS,SRB,7208,iron_steel,543026.0497,380542095.92,2024,2024,False
Serbia,RS,SRB,7209,iron_steel,,55452437.85,2024,2024,False
Serbia,RS,SRB,7210,iron_steel,88616.163,106754218.65,2024,2024,False
Serbia,RS,SRB,721113,iron_steel,5.756,5361.8,2024,2024,False
Serbia,RS,SRB,721114,iron_steel,191.431,242752.98,2024,2024,False
Serbia,RS,SRB,721123,iron_steel,243.8701,368346.73,2024,2024,False
India,IN,IND,7209,iron_steel,501850.7777,312627643.9,2024,2024,False
Serbia,RS,SRB,721129,iron_steel,27.272,41354.77,2024,2024,False
Serbia,RS,SRB,721190,iron_steel,186.3152,187741.43,2024,2024,False
Serbia,RS,SRB,7212,iron_steel,10664.2317,14600478.7,2024,2024,False
Serbia,RS,SRB,7213,iron_steel,17478.313,11256514.19,2024,2024,False
Serbia,RS,SRB,721410,iron_steel,0.02,107.2,2024,2024,False
Serbia,RS,SRB,721420,iron_steel,26776.5,16789508.36,2024,2024,False
Serbia,RS,SRB,721491,iron_steel,154.888,128903.06,2024,2024,False
Serbia,RS,SRB,721499,iron_steel,291.851,248391.09,2024,2024,False
Serbia,RS,SRB,7215,iron_steel,580.174,591933.28,2024,2024,False
Serbia,RS,SRB,7216,iron_steel,15125.9789,17781689.31,2024,2024,False
India,IN,IND,720719,iron_steel,267525.8157,131952587.64,2024,2024,False
India,IN,IND,720720,iron_steel,724.9768,2677239.36,2024,2024,False
India,IN,IND,7208,iron_steel,,1431013304.07,2024,2024,False
Singapore,SG,SGP,721430,iron_steel,239.36,497814.54,2024,2024,False
Singapore,SG,SGP,721491,iron_steel,16608.1528,9591519.92,2024,2024,False
Singapore,SG,SGP,721499,iron_steel,18759.82,12170710.57,2024,2024,False
Thailand,TH,THA,721430,iron_steel,,2751280.38,2024,2024,False
Thailand,TH,THA,7208,iron_steel,,19130239.33,2024,2024,False
Thailand,TH,THA,7209,iron_steel,,45261283.98,2024,2024,False
Thailand,TH,THA,7210,iron_steel,107728.8626,108517698.79,2024,2024,False
Thailand,TH,THA,721113,iron_steel,41.715,33678.18,2024,2024,False
Thailand,TH,THA,721114,iron_steel,116.848,107293.28,2024,2024,False
Thailand,TH,THA,721119,iron_steel,76.353,74332.05,2024,2024,False
Thailand,TH,THA,721123,iron_steel,132.9369,232570.06,2024,2024,False
Thailand,TH,THA,721129,iron_steel,819.2974,1244697.63,2024,2024,False
Thailand,TH,THA,721190,iron_steel,1209.1378,1162467.37,2024,2024,False
Thailand,TH,THA,7212,iron_steel,7991.8983,10715444.38,2024,2024,False
Thailand,TH,THA,7213,iron_steel,,39887188.87,2024,2024,False
Thailand,TH,THA,721410,iron_steel,,1691248.88,2024,2024,False
Thailand,TH,THA,721420,iron_steel,268771.238,151190922.02,2024,2024,False
Thailand,TH,THA,721491,iron_steel,,2016188.45,2024,2024,False
Singapore,SG,SGP,7215,iron_steel,17175.8395,12054357.73,2024,2024,False
Thailand,TH,THA,721499,iron_steel,9251.181,5901244.34,2024,2024,False
Thailand,TH,THA,7215,iron_steel,9376.0735,10620989.09,2024,2024,False
Thailand,TH,THA,7216,iron_steel,298825.6441,193192008.07,2024,2024,False
Togo,TG,TGO,7208,iron_steel,1.35,1752.75,2024,2024,False
Togo,TG,TGO,7209,iron_steel,1312.217,720908.16,2024,2024,False
Togo,TG,TGO,721410,iron_steel,306.18,254116.57,2024,2024,False
Togo,TG,TGO,721420,iron_steel,416.115,254867.72,2024,2024,False
Togo,TG,TGO,721499,iron_steel,0.036,3351.13,2024,2024,False
Togo,TG,TGO,7215,iron_steel,4532.61,1685156.65,2024,2024,False
Togo,TG,TGO,7216,iron_steel,501.0,480746.79,2024,2024,False
Trinidad and Tobago,TT,TTO,720720,iron_steel,0.005,444.94,2024,2024,False
Trinidad and Tobago,TT,TTO,7208,iron_steel,108.232,151404.2,2024,2024,False
Trinidad and Tobago,TT,TTO,7209,iron_steel,0.663,4028.58,2024,2024,False
Thailand,TH,THA,720720,iron_steel,49746.49,24358260.96,2024,2024,False
Thailand,TH,THA,720719,iron_steel,165.0835,5957869.09,2024,2024,False
Suriname,SR,SUR,7216,iron_steel,71.5187,186164.53,2024,2024,False
Suriname,SR,SUR,721420,iron_steel,1.5,3801.93,2024,2024,False
Singapore,SG,SGP,7216,iron_steel,103326.5885,76231262.41,2024,2024,False
South Africa,ZA,ZAF,720719,iron_steel,267006.514,122614118.05,2024,2024,False
South Africa,ZA,ZAF,720720,iron_steel,26506.242,12273124.13,2024,2024,False
South Africa,ZA,ZAF,7208,iron_steel,,138334119.95,2024,2024,False
South Africa,ZA,ZAF,7209,iron_steel,,25200530.32,2024,2024,False
South Africa,ZA,ZAF,7210,iron_steel,206589.0297,209338750.35,2024,2024,False
South Africa,ZA,ZAF,721113,iron_steel,5.4906,11529.52,2024,2024,False
South Africa,ZA,ZAF,721114,iron_steel,268.7976,566344.56,2024,2024,False
South Africa,ZA,ZAF,721119,iron_steel,,1362945.35,2024,2024,False
South Africa,ZA,ZAF,721123,iron_steel,80.2184,92527.72,2024,2024,False
South Africa,ZA,ZAF,721129,iron_steel,67.7244,78853.49,2024,2024,False
South Africa,ZA,ZAF,721190,iron_steel,1966.2178,2108584.17,2024,2024,False
South Africa,ZA,ZAF,7212,iron_steel,2641.1534,3600611.36,2024,2024,False
South Africa,ZA,ZAF,7213,iron_steel,158990.5284,85450607.88,2024,2024,False
South Africa,ZA,ZAF,721410,iron_steel,1758.6708,1375861.36,2024,2024,False
South Africa,ZA,ZAF,721420,iron_steel,,138788692.23,2024,2024,False
South Africa,ZA,ZAF,721430,iron_steel,215.2326,192314.75,2024,2024,False
South Africa,ZA,ZAF,721491,iron_steel,,3485954.3,2024,2024,False
South Africa,ZA,ZAF,721499,iron_steel,13333.4112,11231871.18,2024,2024,False
South Africa,ZA,ZAF,7215,iron_steel,12352.9677,11258422.3,2024,2024,False
South Africa,ZA,ZAF,7216,iron_steel,,83959217.8,2024,2024,False
Zimbabwe,ZW,ZWE,721119,iron_steel,147.3,117833.52,2024,2024,False
Zimbabwe,ZW,ZWE,7216,iron_steel,351.497,299306.37,2024,2024,False
Suriname,SR,SUR,7208,iron_steel,54.273,104363.51,2024,2024,False
Suriname,SR,SUR,7210,iron_steel,18.1,30413.09,2024,2024,False
Suriname,SR,SUR,721114,iron_steel,8.0099,11049.15,2024,2024,False
Suriname,SR,SUR,721190,iron_steel,5.5,9695.13,2024,2024,False
Tanzania,TZ,TZA,7210,iron_steel,26772.5314,25007661.34,2024,2024,False
Tanzania,TZ,TZA,721119,iron_steel,140.0,93712.01,2024,2024,False
Tanzania,TZ,TZA,721129,iron_steel,31.0,24775.26,2024,2024,False
Canada,CA,CAN,721923,iron_steel,238.041,768199.79,2024,2024,False
Cambodia,KH,KHM,721933,iron_steel,5.3319,19464.93,2024,2024,False
Canada,CA,CAN,721710,iron_steel,51852.769,82086244.84,2024,2024,False
Canada,CA,CAN,721720,iron_steel,53858.775,84216344.61,2024,2024,False
Canada,CA,CAN,721730,iron_steel,145.779,245227.02,2024,2024,False
Canada,CA,CAN,721790,iron_steel,2817.965,8273269.97,2024,2024,False
Canada,CA,CAN,721810,iron_steel,10120.0391,27826209.27,2024,2024,False
Canada,CA,CAN,721891,iron_steel,2664.8258,10268750.83,2024,2024,False
Canada,CA,CAN,721899,iron_steel,1028.7134,3576426.4,2024,2024,False
Canada,CA,CAN,721911,iron_steel,99.695,318726.75,2024,2024,False
Canada,CA,CAN,721912,iron_steel,113.452,372096.12,2024,2024,False
Canada,CA,CAN,721914,iron_steel,12.529,52513.5,2024,2024,False
Canada,CA,CAN,721921,iron_steel,531.855,2722709.42,2024,2024,False
Canada,CA,CAN,721922,iron_steel,612.18,3003442.58,2024,2024,False
Canada,CA,CAN,721924,iron_steel,29.946,69507.16,2024,2024,False
Brunei Darussalam,BN,BRN,721790,iron_steel,43.293,36475.27,2024,2024,False
Canada,CA,CAN,721931,iron_steel,311.128,1071281.55,2024,2024,False
Canada,CA,CAN,721932,iron_steel,324.376,994813.31,2024,2024,False
Canada,CA,CAN,721933,iron_steel,1720.052,4791794.95,2024,2024,False
Canada,CA,CAN,721934,iron_steel,455.337,1167150.73,2024,2024,False
Canada,CA,CAN,721935,iron_steel,151.845,497227.39,2024,2024,False
Sri Lanka,LK,LKA,721710,iron_steel,0.024,11.04,2024,2024,False
Sri Lanka,LK,LKA,721720,iron_steel,1057.147,961141.49,2024,2024,False
Sri Lanka,LK,LKA,721730,iron_steel,10.319,288.63,2024,2024,False
Sri Lanka,LK,LKA,721790,iron_steel,12.492,17114.92,2024,2024,False
Sri Lanka,LK,LKA,721899,iron_steel,1.118,2259.46,2024,2024,False
Sri Lanka,LK,LKA,721935,iron_steel,0.2,501.82,2024,2024,False
Chile,CL,CHL,721710,iron_steel,270.4719,282924.95,2024,2024,False
Chile,CL,CHL,721720,iron_steel,2015.2206,2416828.99,2024,2024,False
Cambodia,KH,KHM,721730,iron_steel,42.732,36526.0,2024,2024,False
Brunei Darussalam,BN,BRN,721720,iron_steel,36.0,8300.85,2024,2024,False
Tanzania,TZ,TZA,721190,iron_steel,0.15,102.76,2024,2024,False
Brazil,BR,BRA,721790,iron_steel,683.4394,1435278.62,2024,2024,False
Bosnia and Herzegovina,BA,BIH,721899,iron_steel,1.1671,11469.06,2024,2024,False
Bosnia and Herzegovina,BA,BIH,721914,iron_steel,0.02,34.79,2024,2024,False
Bosnia and Herzegovina,BA,BIH,721921,iron_steel,7.13,41547.13,2024,2024,False
Bosnia and Herzegovina,BA,BIH,721922,iron_steel,5.206,27105.99,2024,2024,False
Bosnia and Herzegovina,BA,BIH,721923,iron_steel,5.114,29185.17,2024,2024,False
Bosnia and Herzegovina,BA,BIH,721931,iron_steel,0.7604,2513.89,2024,2024,False
Bosnia and Herzegovina,BA,BIH,721932,iron_steel,6.4764,26662.39,2024,2024,False
Bosnia and Herzegovina,BA,BIH,721933,iron_steel,20.32,62648.25,2024,2024,False
Bosnia and Herzegovina,BA,BIH,721934,iron_steel,48.2024,139669.91,2024,2024,False
Bosnia and Herzegovina,BA,BIH,721935,iron_steel,1.318,4586.53,2024,2024,False
Brazil,BR,BRA,721710,iron_steel,,12055237.96,2024,2024,False
Brazil,BR,BRA,721720,iron_steel,17970.1249,22092008.13,2024,2024,False
Brazil,BR,BRA,721730,iron_steel,4264.1301,7833030.22,2024,2024,False
Brazil,BR,BRA,721810,iron_steel,0.0927,16772.02,2024,2024,False
Brazil,BR,BRA,721935,iron_steel,1016.189,1918618.43,2024,2024,False
Brazil,BR,BRA,721899,iron_steel,82.1233,2069701.51,2024,2024,False
Brazil,BR,BRA,721911,iron_steel,0.138,2052.49,2024,2024,False
Brazil,BR,BRA,721912,iron_steel,111.752,278236.76,2024,2024,False
Brazil,BR,BRA,721913,iron_steel,48.2908,107829.22,2024,2024,False
Brazil,BR,BRA,721914,iron_steel,241.326,402368.54,2024,2024,False
Brazil,BR,BRA,721921,iron_steel,719.1095,2289846.59,2024,2024,False
Brazil,BR,BRA,721922,iron_steel,,1762917.48,2024,2024,False
Brazil,BR,BRA,721923,iron_steel,91.0426,343804.64,2024,2024,False
Brazil,BR,BRA,721924,iron_steel,4.938,125009.7,2024,2024,False
Brazil,BR,BRA,721931,iron_steel,12.295,40500.88,2024,2024,False
Brazil,BR,BRA,721932,iron_steel,396.8052,1081261.44,2024,2024,False
Brazil,BR,BRA,721933,iron_steel,,11165221.33,2024,2024,False
Brazil,BR,BRA,721934,iron_steel,4952.1723,10089493.58,2024,2024,False
Chile,CL,CHL,721730,iron_steel,0.3629,5919.05,2024,2024,False
Chile,CL,CHL,721790,iron_steel,8.2634,14035.08,2024,2024,False
Chile,CL,CHL,721891,iron_steel,34.028,43262.7,2024,2024,False
Colombia,CO,COL,721932,iron_steel,10.0932,27796.88,2024,2024,False
Colombia,CO,COL,721710,iron_steel,1666.2124,1482683.09,2024,2024,False
Colombia,CO,COL,721720,iron_steel,68.5654,159783.19,2024,2024,False
Colombia,CO,COL,721730,iron_steel,300.6434,739148.2,2024,2024,False
Colombia,CO,COL,721790,iron_steel,348.7222,904950.46,2024,2024,False
Colombia,CO,COL,721810,iron_steel,0.0367,1908.65,2024,2024,False
Colombia,CO,COL,721891,iron_steel,0.0093,426.9,2024,2024,False
Colombia,CO,COL,721899,iron_steel,10.9368,202069.81,2024,2024,False
Colombia,CO,COL,721911,iron_steel,0.7486,20809.04,2024,2024,False
Colombia,CO,COL,721912,iron_steel,0.027,637.65,2024,2024,False
Colombia,CO,COL,721914,iron_steel,0.7773,7681.66,2024,2024,False
Colombia,CO,COL,721921,iron_steel,1.6376,5045.74,2024,2024,False
Colombia,CO,COL,721922,iron_steel,1.8458,5239.69,2024,2024,False
Colombia,CO,COL,721923,iron_steel,6.8904,20075.46,2024,2024,False
Colombia,CO,COL,721933,iron_steel,112.3854,304383.92,2024,2024,False
Chile,CL,CHL,721912,iron_steel,2.3411,18922.41,2024,2024,False
Colombia,CO,COL,721934,iron_steel,95.4839,231263.26,2024,2024,False
Colombia,CO,COL,721935,iron_steel,15.778,32450.08,2024,2024,False
Costa Rica,CR,CRI,721710,iron_steel,411.3037,457339.95,2024,2024,False
Costa Rica,CR,CRI,721720,iron_steel,21.062,29990.68,2024,2024,False
Costa Rica,CR,CRI,721730,iron_steel,161.755,1245792.07,2024,2024,False
Costa Rica,CR,CRI,721790,iron_steel,32.2986,135554.51,2024,2024,False
Costa Rica,CR,CRI,721899,iron_steel,28.106,16410.04,2024,2024,False
Costa Rica,CR,CRI,721911,iron_steel,1.1191,3900.71,2024,2024,False
Costa Rica,CR,CRI,721914,iron_steel,0.011,143.79,2024,2024,False
Costa Rica,CR,CRI,721922,iron_steel,26.616,102449.03,2024,2024,False
Costa Rica,CR,CRI,721923,iron_steel,73.5777,158223.47,2024,2024,False
Costa Rica,CR,CRI,721924,iron_steel,4.3882,14221.93,2024,2024,False
Costa Rica,CR,CRI,721932,iron_steel,3.7908,9293.62,2024,2024,False
China,CN,CHN,721935,iron_steel,474840.419,425244009.8,2024,2024,False
China,CN,CHN,721934,iron_steel,976104.8788,1139855570.65,2024,2024,False
China,CN,CHN,721933,iron_steel,775592.188,1044141866.74,2024,2024,False
China,CN,CHN,721932,iron_steel,143767.1958,250663140.19,2024,2024,False
Chile,CL,CHL,721913,iron_steel,4.96,17900.38,2024,2024,False
Chile,CL,CHL,721914,iron_steel,3.6789,3883.19,2024,2024,False
Chile,CL,CHL,721921,iron_steel,16.456,43346.75,2024,2024,False
Chile,CL,CHL,721922,iron_steel,33.4481,120396.68,2024,2024,False
Chile,CL,CHL,721923,iron_steel,11.105,46514.74,2024,2024,False
Chile,CL,CHL,721924,iron_steel,2.672,11505.41,2024,2024,False
Chile,CL,CHL,721931,iron_steel,28.7777,66544.94,2024,2024,False
Chile,CL,CHL,721932,iron_steel,97.7846,240389.72,2024,2024,False
Chile,CL,CHL,721933,iron_steel,191.5267,432096.13,2024,2024,False
Chile,CL,CHL,721934,iron_steel,302.965,421704.19,2024,2024,False
Chile,CL,CHL,721935,iron_steel,102.008,105930.79,2024,2024,False
China,CN,CHN,721710,iron_steel,500517.0844,327741040.57,2024,2024,False
China,CN,CHN,721720,iron_steel,1106319.0933,766070628.41,2024,2024,False
China,CN,CHN,721730,iron_steel,394607.0966,390184165.97,2024,2024,False
China,CN,CHN,721790,iron_steel,61326.2035,64105934.76,2024,2024,False
China,CN,CHN,721810,iron_steel,20.0,45383.98,2024,2024,False
China,CN,CHN,721891,iron_steel,2.712,34567.05,2024,2024,False
China,CN,CHN,721899,iron_steel,21.416,227540.89,2024,2024,False
China,CN,CHN,721911,iron_steel,30708.982,60621504.48,2024,2024,False
China,CN,CHN,721912,iron_steel,170158.192,302713266.8,2024,2024,False
China,CN,CHN,721913,iron_steel,415696.5982,484345222.25,2024,2024,False
China,CN,CHN,721914,iron_steel,174348.365,190896590.89,2024,2024,False
China,CN,CHN,721921,iron_steel,116172.826,265231096.02,2024,2024,False
China,CN,CHN,721922,iron_steel,110641.3186,208981031.33,2024,2024,False
China,CN,CHN,721923,iron_steel,39156.2898,63862588.49,2024,2024,False
China,CN,CHN,721924,iron_steel,16922.9939,19094816.56,2024,2024,False
China,CN,CHN,721931,iron_steel,45753.8547,77375382.13,2024,2024,False
Bosnia and Herzegovina,BA,BIH,721810,iron_steel,0.55,9010.4,2024,2024,False
Bosnia and Herzegovina,BA,BIH,721790,iron_steel,1.2156,1285.06,2024,2024,False
Bosnia and Herzegovina,BA,BIH,721730,iron_steel,0.081,199.0,2024,2024,False
Uzbekistan,UZ,UZB,721499,iron_steel,,1311895.37,2024,2024,False
Uruguay,UY,URY,721491,iron_steel,2.534,2834.3,2024,2024,False
Uruguay,UY,URY,721499,iron_steel,0.075,84.1,2024,2024,False
Uruguay,UY,URY,7215,iron_steel,1.214,3116.16,2024,2024,False
Uruguay,UY,URY,7216,iron_steel,0.692,1400.98,2024,2024,False
Uzbekistan,UZ,UZB,720719,iron_steel,594.36,3072695.68,2024,2024,False
Uzbekistan,UZ,UZB,7208,iron_steel,4069.133,2614810.07,2024,2024,False
Uzbekistan,UZ,UZB,7209,iron_steel,2595.9,1661025.77,2024,2024,False
Uzbekistan,UZ,UZB,7210,iron_steel,114101.9825,108743866.45,2024,2024,False
Uzbekistan,UZ,UZB,721119,iron_steel,26460.19,15422926.71,2024,2024,False
Uzbekistan,UZ,UZB,721190,iron_steel,0.88,1293.78,2024,2024,False
Uzbekistan,UZ,UZB,7212,iron_steel,5208.839,3956989.15,2024,2024,False
Uzbekistan,UZ,UZB,7213,iron_steel,,1209896.5,2024,2024,False
Uzbekistan,UZ,UZB,721420,iron_steel,,9624424.71,2024,2024,False
Uzbekistan,UZ,UZB,7215,iron_steel,67.57,40587.75,2024,2024,False
Zambia,ZM,ZMB,721499,iron_steel,5605.92,4117824.6,2024,2024,False
Uzbekistan,UZ,UZB,7216,iron_steel,,6729158.08,2024,2024,False
Yemen,YE,YEM,721491,iron_steel,42.0,10165.42,2024,2024,False
Yemen,YE,YEM,7215,iron_steel,6.0,1386.19,2024,2024,False
Yemen,YE,YEM,7216,iron_steel,0.5,2310.32,2024,2024,False
Zambia,ZM,ZMB,7208,iron_steel,2213.5449,1972210.16,2024,2024,False
Zambia,ZM,ZMB,7209,iron_steel,255.8294,160116.04,2024,2024,False
Zambia,ZM,ZMB,7210,iron_steel,2152.5061,2035875.67,2024,2024,False
Zambia,ZM,ZMB,721190,iron_steel,0.11,855.17,2024,2024,False
Zambia,ZM,ZMB,7212,iron_steel,63.6093,65900.2,2024,2024,False
Zambia,ZM,ZMB,7213,iron_steel,146.388,116088.34,2024,2024,False
Zambia,ZM,ZMB,721410,iron_steel,96.714,9544.8,2024,2024,False
Zambia,ZM,ZMB,721420,iron_steel,36632.7,48936112.25,2024,2024,False
Zambia,ZM,ZMB,721430,iron_steel,2.1058,334.98,2024,2024,False
Uruguay,UY,URY,721420,iron_steel,0.227,254.14,2024,2024,False
Uruguay,UY,URY,7210,iron_steel,0.484,2717.86,2024,2024,False
Uruguay,UY,URY,7208,iron_steel,3.108,6771.09,2024,2024,False
United States,US,USA,7216,iron_steel,426193.955,453673376.77,2024,2024,False
Tanzania,TZ,TZA,7212,iron_steel,46.448,55578.43,2024,2024,False
Tanzania,TZ,TZA,7213,iron_steel,64.732,31993.62,2024,2024,False
Tanzania,TZ,TZA,721410,iron_steel,10.367,5444.72,2024,2024,False
Tanzania,TZ,TZA,721420,iron_steel,16727.83,9916770.21,2024,2024,False
Tanzania,TZ,TZA,721491,iron_steel,2.0,68.85,2024,2024,False
Tanzania,TZ,TZA,721499,iron_steel,,319559.38,2024,2024,False
Tanzania,TZ,TZA,7215,iron_steel,,664263.9,2024,2024,False
Tanzania,TZ,TZA,7216,iron_steel,3367.2368,4457085.32,2024,2024,False
United States,US,USA,720719,iron_steel,829.01,3246448.57,2024,2024,False
United States,US,USA,720720,iron_steel,,53461051.66,2024,2024,False
United States,US,USA,7208,iron_steel,1686796.1377,1746360084.1,2024,2024,False
United States,US,USA,7209,iron_steel,597028.182,638466716.57,2024,2024,False
United States,US,USA,7210,iron_steel,1239435.233,1624334431.2,2024,2024,False
United States,US,USA,721113,iron_steel,14141.446,15436484.61,2024,2024,False
United States,US,USA,721114,iron_steel,53117.024,58139638.67,2024,2024,False
United States,US,USA,721119,iron_steel,108561.361,122074793.46,2024,2024,False
United States,US,USA,721123,iron_steel,76741.183,102737071.44,2024,2024,False
United States,US,USA,721129,iron_steel,41536.08,63096190.74,2024,2024,False
United States,US,USA,721190,iron_steel,14618.284,27176145.46,2024,2024,False
United States,US,USA,7212,iron_steel,155445.8575,298281553.46,2024,2024,False
United States,US,USA,7213,iron_steel,,97966823.77,2024,2024,False
United States,US,USA,721410,iron_steel,8078.2022,21417459.57,2024,2024,False
United States,US,USA,721420,iron_steel,165376.957,125171381.57,2024,2024,False
United States,US,USA,721430,iron_steel,14205.721,13765204.69,2024,2024,False
United States,US,USA,721491,iron_steel,37517.693,45575183.44,2024,2024,False
United States,US,USA,721499,iron_steel,103311.455,124410343.78,2024,2024,False
United States,US,USA,7215,iron_steel,80216.326,121355871.92,2024,2024,False
Zambia,ZM,ZMB,721491,iron_steel,24.97,7158.01,2024,2024,False
Zambia,ZM,ZMB,7215,iron_steel,797.897,333883.94,2024,2024,False
Bosnia and Herzegovina,BA,BIH,721720,iron_steel,32.1941,46426.34,2024,2024,False
Bahrain,BH,BHR,721922,iron_steel,39.4368,370570.25,2024,2024,False
Australia,AU,AUS,721933,iron_steel,64.46,450103.66,2024,2024,False
Australia,AU,AUS,721934,iron_steel,231.26,425638.02,2024,2024,False
Australia,AU,AUS,721935,iron_steel,0.31,7089.41,2024,2024,False
Bahrain,BH,BHR,721710,iron_steel,0.22,3487.75,2024,2024,False
Bahrain,BH,BHR,721720,iron_steel,0.1308,902.67,2024,2024,False
Bahrain,BH,BHR,721730,iron_steel,127.609,353617.62,2024,2024,False
Bahrain,BH,BHR,721790,iron_steel,5.2008,12375.41,2024,2024,False
Bahrain,BH,BHR,721810,iron_steel,0.017,8290.35,2024,2024,False
Bahrain,BH,BHR,721899,iron_steel,0.0156,19.66,2024,2024,False
Bahrain,BH,BHR,721911,iron_steel,5.6,517.61,2024,2024,False
Bahrain,BH,BHR,721912,iron_steel,0.26,3449.58,2024,2024,False
Bahrain,BH,BHR,721914,iron_steel,4.54,2655.72,2024,2024,False
Bahrain,BH,BHR,721921,iron_steel,28.4917,705522.28,2024,2024,False
Bahrain,BH,BHR,721924,iron_steel,0.12,1201.61,2024,2024,False
Zambia,ZM,ZMB,7216,iron_steel,11958.9474,8884135.42,2024,2024,False
Bahrain,BH,BHR,721931,iron_steel,2.88,41795.95,2024,2024,False
Bahrain,BH,BHR,721932,iron_steel,2.7592,48042.25,2024,2024,False
Bahrain,BH,BHR,721933,iron_steel,0.072,368.67,2024,2024,False
Bahrain,BH,BHR,721934,iron_steel,1.273,8578.42,2024,2024,False
Armenia,AM,ARM,721710,iron_steel,5.132,8589.1,2024,2024,False
Armenia,AM,ARM,721720,iron_steel,0.006,18.2,2024,2024,False
Armenia,AM,ARM,721790,iron_steel,1.6842,1857.0,2024,2024,False
Armenia,AM,ARM,721810,iron_steel,42.92,49182.89,2024,2024,False
Armenia,AM,ARM,721923,iron_steel,0.0475,3542.89,2024,2024,False
Bolivia,BO,BOL,721710,iron_steel,154.5265,189044.92,2024,2024,False
Bolivia,BO,BOL,721720,iron_steel,661.0112,684485.91,2024,2024,False
Bolivia,BO,BOL,721790,iron_steel,15.2547,12750.85,2024,2024,False
Bosnia and Herzegovina,BA,BIH,721710,iron_steel,10161.9611,6486907.38,2024,2024,False
Australia,AU,AUS,721932,iron_steel,0.18,731.81,2024,2024,False
Australia,AU,AUS,721931,iron_steel,6.79,30879.96,2024,2024,False
Australia,AU,AUS,721924,iron_steel,2.16,34259.71,2024,2024,False
Australia,AU,AUS,721923,iron_steel,15.9,60410.34,2024,2024,False
Albania,AL,ALB,721720,iron_steel,15977.888,14000304.19,2024,2024,False
Algeria,DZ,DZA,721710,iron_steel,908.2553,913964.64,2024,2024,False
Algeria,DZ,DZA,721720,iron_steel,2775.2632,3202776.71,2024,2024,False
Algeria,DZ,DZA,721730,iron_steel,153.3833,206169.05,2024,2024,False
Algeria,DZ,DZA,721790,iron_steel,715.6021,1044639.09,2024,2024,False
Algeria,DZ,DZA,721810,iron_steel,,658970.88,2024,2024,False
Algeria,DZ,DZA,721899,iron_steel,12.3276,77426.64,2024,2024,False
Algeria,DZ,DZA,721934,iron_steel,0.0016,4.03,2024,2024,False
Angola,AO,AGO,721710,iron_steel,257.151,53334.53,2024,2024,False
Angola,AO,AGO,721790,iron_steel,30.47,19526.85,2024,2024,False
Angola,AO,AGO,721921,iron_steel,0.002,61.92,2024,2024,False
Azerbaijan,AZ,AZE,721730,iron_steel,0.447,11009.15,2024,2024,False
Azerbaijan,AZ,AZE,721810,iron_steel,1773.722,1943145.86,2024,2024,False
Argentina,AR,ARG,721710,iron_steel,10.7405,8845.52,2024,2024,False
Australia,AU,AUS,721710,iron_steel,,343908.82,2024,2024,False
Australia,AU,AUS,721720,iron_steel,184.636,338550.14,2024,2024,False
Australia,AU,AUS,721730,iron_steel,2.697,39751.33,2024,2024,False
Australia,AU,AUS,721790,iron_steel,2106.87,4430435.8,2024,2024,False
Australia,AU,AUS,721810,iron_steel,536.61,8636470.48,2024,2024,False
Australia,AU,AUS,721891,iron_steel,59.34,1337071.92,2024,2024,False
Australia,AU,AUS,721899,iron_steel,26.9,124654.76,2024,2024,False
Australia,AU,AUS,721911,iron_steel,36.48,145450.98,2024,2024,False
Australia,AU,AUS,721912,iron_steel,355.04,237502.97,2024,2024,False
Australia,AU,AUS,721913,iron_steel,3.63,30350.01,2024,2024,False
Australia,AU,AUS,721914,iron_steel,30.39,144103.84,2024,2024,False
Australia,AU,AUS,721921,iron_steel,26.22,111749.89,2024,2024,False
Australia,AU,AUS,721922,iron_steel,20.46,101356.35,2024,2024,False
Senegal,SN,SEN,721410,iron_steel,47.508,32941.11,2024,2024,False
Senegal,SN,SEN,721190,iron_steel,,13.5,2024,2024,False
Benin,BJ,BEN,7210,iron_steel,1250.679,1066608.18,2024,2024,False
Kazakhstan,KZ,KAZ,7208,iron_steel,1120892.6439,600464953.77,2024,2024,False
Japan,JP,JPN,721129,iron_steel,7304.16,20160753.42,2024,2024,False
Japan,JP,JPN,721190,iron_steel,1213.214,2075766.36,2024,2024,False
Japan,JP,JPN,7212,iron_steel,63932.9791,149138419.44,2024,2024,False
Japan,JP,JPN,7213,iron_steel,642771.9591,531806864.4,2024,2024,False
Japan,JP,JPN,721410,iron_steel,205.851,399435.92,2024,2024,False
Japan,JP,JPN,721420,iron_steel,170007.201,78496493.59,2024,2024,False
Japan,JP,JPN,721430,iron_steel,2813.459,3870679.06,2024,2024,False
Japan,JP,JPN,721491,iron_steel,20620.87,17016336.48,2024,2024,False
Japan,JP,JPN,721499,iron_steel,244425.4677,216462252.32,2024,2024,False
Japan,JP,JPN,7215,iron_steel,22658.8382,37261922.33,2024,2024,False
Japan,JP,JPN,7216,iron_steel,589865.132,387963704.52,2024,2024,False
Kazakhstan,KZ,KAZ,720719,iron_steel,8.0808,11872.5,2024,2024,False
Kazakhstan,KZ,KAZ,720720,iron_steel,71803.2734,35235746.14,2024,2024,False
Kazakhstan,KZ,KAZ,7209,iron_steel,539842.6341,336700153.18,2024,2024,False
Japan,JP,JPN,721119,iron_steel,,6983922.6,2024,2024,False
Kazakhstan,KZ,KAZ,7210,iron_steel,405411.416,359184348.09,2024,2024,False
Kazakhstan,KZ,KAZ,721114,iron_steel,0.5629,14886.33,2024,2024,False
Kazakhstan,KZ,KAZ,721119,iron_steel,316.4359,247141.76,2024,2024,False
Kazakhstan,KZ,KAZ,721129,iron_steel,4.6685,22942.66,2024,2024,False
Kazakhstan,KZ,KAZ,721190,iron_steel,195.6278,50192.47,2024,2024,False
Kazakhstan,KZ,KAZ,7212,iron_steel,652.882,775541.49,2024,2024,False
Kazakhstan,KZ,KAZ,7213,iron_steel,5064.0769,2704487.68,2024,2024,False
Kazakhstan,KZ,KAZ,721420,iron_steel,433407.6,234761660.25,2024,2024,False
Kazakhstan,KZ,KAZ,721430,iron_steel,120.0,66611.22,2024,2024,False
Kazakhstan,KZ,KAZ,721491,iron_steel,0.0005,34.19,2024,2024,False
Kazakhstan,KZ,KAZ,721499,iron_steel,17359.3014,8982277.35,2024,2024,False
Kazakhstan,KZ,KAZ,7215,iron_steel,19.0431,77545.03,2024,2024,False
Kazakhstan,KZ,KAZ,7216,iron_steel,22794.0406,17289523.14,2024,2024,False
Japan,JP,JPN,721123,iron_steel,14698.1747,16334227.53,2024,2024,False
Japan,JP,JPN,721114,iron_steel,,8072830.4,2024,2024,False
Israel,IL,ISR,721123,iron_steel,16.2219,17558.45,2024,2024,False
Ivory Coast,CI,CIV,721410,iron_steel,455.788,117539.63,2024,2024,False
Israel,IL,ISR,721190,iron_steel,36.4247,44358.19,2024,2024,False
Israel,IL,ISR,7212,iron_steel,186.3305,786433.79,2024,2024,False
Israel,IL,ISR,7213,iron_steel,5.9955,3696.52,2024,2024,False
Israel,IL,ISR,721410,iron_steel,29.4461,26799.74,2024,2024,False
Israel,IL,ISR,721499,iron_steel,3.5319,2772.39,2024,2024,False
Israel,IL,ISR,7215,iron_steel,30.1682,40661.68,2024,2024,False
Israel,IL,ISR,7216,iron_steel,2598.6166,6979022.27,2024,2024,False
Ivory Coast,CI,CIV,720719,iron_steel,53.124,9526.61,2024,2024,False
Ivory Coast,CI,CIV,7208,iron_steel,351.605,605196.46,2024,2024,False
Ivory Coast,CI,CIV,7209,iron_steel,4.204,4009.66,2024,2024,False
Ivory Coast,CI,CIV,7210,iron_steel,1107.048,2407672.36,2024,2024,False
Ivory Coast,CI,CIV,7212,iron_steel,0.002,1237.23,2024,2024,False
Ivory Coast,CI,CIV,7213,iron_steel,98.002,96325.17,2024,2024,False
Ivory Coast,CI,CIV,721420,iron_steel,9931.159,6493531.67,2024,2024,False
Japan,JP,JPN,721113,iron_steel,584.049,365289.26,2024,2024,False
Ivory Coast,CI,CIV,721491,iron_steel,17.745,8552.04,2024,2024,False
Ivory Coast,CI,CIV,721499,iron_steel,96.063,70613.58,2024,2024,False
Ivory Coast,CI,CIV,7215,iron_steel,1.05,457.33,2024,2024,False
Ivory Coast,CI,CIV,7216,iron_steel,2504.752,1784447.32,2024,2024,False
Jamaica,JM,JAM,7208,iron_steel,77.32,127877.28,2024,2024,False
Jamaica,JM,JAM,7210,iron_steel,177.73,311059.98,2024,2024,False
Jamaica,JM,JAM,7213,iron_steel,10134.464,14432700.3,2024,2024,False
Jamaica,JM,JAM,7216,iron_steel,43.8333,35047.59,2024,2024,False
Japan,JP,JPN,720719,iron_steel,3590.494,2722782.34,2024,2024,False
Japan,JP,JPN,720720,iron_steel,682164.899,308420832.29,2024,2024,False
Japan,JP,JPN,7208,iron_steel,14663669.78,8202486580.72,2024,2024,False
Japan,JP,JPN,7209,iron_steel,1469288.1274,1012716355.45,2024,2024,False
Japan,JP,JPN,7210,iron_steel,2235187.3679,2149281564.77,2024,2024,False
Jordan,JO,JOR,7208,iron_steel,3102.578,2216988.78,2024,2024,False
Jordan,JO,JOR,7209,iron_steel,2121.503,1105397.01,2024,2024,False
Jordan,JO,JOR,7210,iron_steel,24703.358,28662524.39,2024,2024,False
Kuwait,KW,KWT,7210,iron_steel,540.1805,449798.54,2024,2024,False
South Korea,KR,KOR,721129,iron_steel,73630.5805,98935945.85,2024,2024,False
South Korea,KR,KOR,721190,iron_steel,16442.4058,17204159.5,2024,2024,False
South Korea,KR,KOR,7212,iron_steel,165383.653,224064397.01,2024,2024,False
South Korea,KR,KOR,7213,iron_steel,536668.4816,346534928.38,2024,2024,False
South Korea,KR,KOR,721410,iron_steel,855.7119,1816070.6,2024,2024,False
South Korea,KR,KOR,721420,iron_steel,39269.3018,24370723.59,2024,2024,False
South Korea,KR,KOR,721491,iron_steel,230.1909,340286.48,2024,2024,False
South Korea,KR,KOR,721499,iron_steel,165490.105,132734683.49,2024,2024,False
South Korea,KR,KOR,7215,iron_steel,24611.8142,37759267.17,2024,2024,False
South Korea,KR,KOR,7216,iron_steel,871787.8801,591761588.58,2024,2024,False
Kuwait,KW,KWT,720719,iron_steel,,25564.18,2024,2024,False
Kuwait,KW,KWT,7208,iron_steel,6941.5523,5424263.01,2024,2024,False
Kuwait,KW,KWT,7209,iron_steel,3.469,3001.57,2024,2024,False
Kuwait,KW,KWT,721119,iron_steel,56.8297,52727.1,2024,2024,False
Jordan,JO,JOR,721113,iron_steel,4796.616,3517363.63,2024,2024,False
Kuwait,KW,KWT,721190,iron_steel,14.5962,17545.51,2024,2024,False
Kuwait,KW,KWT,7212,iron_steel,229.8597,261718.88,2024,2024,False
Kuwait,KW,KWT,7213,iron_steel,3.3101,2582.02,2024,2024,False
Kuwait,KW,KWT,721410,iron_steel,26.9853,24214.03,2024,2024,False
Kuwait,KW,KWT,721499,iron_steel,72.9125,56506.79,2024,2024,False
Kuwait,KW,KWT,7215,iron_steel,0.7615,830.79,2024,2024,False
Kuwait,KW,KWT,7216,iron_steel,438.8583,310377.97,2024,2024,False
Kyrgyzstan,KG,KGZ,7208,iron_steel,920.63,740179.28,2024,2024,False
Kyrgyzstan,KG,KGZ,7209,iron_steel,25.35,9241.29,2024,2024,False
Kyrgyzstan,KG,KGZ,7210,iron_steel,1113.941,1458324.55,2024,2024,False
Kyrgyzstan,KG,KGZ,721119,iron_steel,29.0,5359.95,2024,2024,False
Kyrgyzstan,KG,KGZ,721123,iron_steel,118.249,142060.81,2024,2024,False
Kyrgyzstan,KG,KGZ,721129,iron_steel,590.5,109139.64,2024,2024,False
South Korea,KR,KOR,721123,iron_steel,,19937521.49,2024,2024,False
South Korea,KR,KOR,721119,iron_steel,5025.4129,5593475.65,2024,2024,False
South Korea,KR,KOR,721114,iron_steel,2741.366,2573132.8,2024,2024,False
South Korea,KR,KOR,721113,iron_steel,56.754,41615.38,2024,2024,False
Jordan,JO,JOR,721119,iron_steel,35.796,84084.96,2024,2024,False
Jordan,JO,JOR,721190,iron_steel,25.0,18110.33,2024,2024,False
Jordan,JO,JOR,7212,iron_steel,422.275,466747.34,2024,2024,False
Jordan,JO,JOR,7213,iron_steel,1333.7,762251.57,2024,2024,False
Jordan,JO,JOR,721420,iron_steel,79705.0561,50451392.35,2024,2024,False
Jordan,JO,JOR,721430,iron_steel,7.415,5993.82,2024,2024,False
Jordan,JO,JOR,721499,iron_steel,2959.92,1680383.39,2024,2024,False
Jordan,JO,JOR,7216,iron_steel,2870.076,3193985.56,2024,2024,False
Kenya,KE,KEN,720719,iron_steel,5.0,3243.37,2024,2024,False
Kenya,KE,KEN,7208,iron_steel,3495.1291,3338813.21,2024,2024,False
Kenya,KE,KEN,7209,iron_steel,3416.8649,2663245.85,2024,2024,False
Kenya,KE,KEN,7210,iron_steel,96056.3883,113427692.36,2024,2024,False
Kenya,KE,KEN,721114,iron_steel,177.082,142813.41,2024,2024,False
Kenya,KE,KEN,721129,iron_steel,98.8395,70081.78,2024,2024,False
Kenya,KE,KEN,721190,iron_steel,59.006,45228.16,2024,2024,False
Kenya,KE,KEN,7212,iron_steel,1088.95,2843263.31,2024,2024,False
Kenya,KE,KEN,7213,iron_steel,263.9301,203601.37,2024,2024,False
Kenya,KE,KEN,721420,iron_steel,13339.879,9873861.11,2024,2024,False
Kenya,KE,KEN,721430,iron_steel,126.716,99397.65,2024,2024,False
Kenya,KE,KEN,721499,iron_steel,4300.7567,3187243.35,2024,2024,False
Kenya,KE,KEN,7215,iron_steel,173.032,138945.45,2024,2024,False
Kenya,KE,KEN,7216,iron_steel,5281.0173,4627890.37,2024,2024,False
South Korea,KR,KOR,720719,iron_steel,542.9151,1443830.51,2024,2024,False
South Korea,KR,KOR,720720,iron_steel,107346.8262,53219650.68,2024,2024,False
South Korea,KR,KOR,7208,iron_steel,8841504.7519,5566247280.29,2024,2024,False
South Korea,KR,KOR,7209,iron_steel,3332667.0397,2260414434.9,2024,2024,False
South Korea,KR,KOR,7210,iron_steel,6454569.8866,6132008707.14,2024,2024,False
Israel,IL,ISR,721129,iron_steel,9.5007,18482.58,2024,2024,False
Israel,IL,ISR,721114,iron_steel,6.0226,5544.77,2024,2024,False
Senegal,SN,SEN,721119,iron_steel,678.761,470442.02,2024,2024,False
Georgia,GE,GEO,7208,iron_steel,24.2634,18871.34,2024,2024,False
El Salvador,SV,SLV,7210,iron_steel,25949.8836,25555167.46,2024,2024,False
El Salvador,SV,SLV,721114,iron_steel,1.1319,5375.89,2024,2024,False
El Salvador,SV,SLV,721119,iron_steel,456.998,321502.03,2024,2024,False
El Salvador,SV,SLV,721129,iron_steel,329.482,288017.68,2024,2024,False
El Salvador,SV,SLV,7212,iron_steel,1283.335,1263488.21,2024,2024,False
El Salvador,SV,SLV,7213,iron_steel,68.457,41121.01,2024,2024,False
El Salvador,SV,SLV,721410,iron_steel,0.5496,2721.24,2024,2024,False
El Salvador,SV,SLV,721420,iron_steel,43535.4971,32121952.61,2024,2024,False
El Salvador,SV,SLV,721430,iron_steel,703.422,497883.65,2024,2024,False
El Salvador,SV,SLV,721491,iron_steel,363.7937,457718.53,2024,2024,False
El Salvador,SV,SLV,721499,iron_steel,2875.0832,2173248.85,2024,2024,False
El Salvador,SV,SLV,7215,iron_steel,2148.2826,1822950.32,2024,2024,False
El Salvador,SV,SLV,7216,iron_steel,25488.4047,24796145.04,2024,2024,False
Georgia,GE,GEO,7209,iron_steel,23.255,23750.62,2024,2024,False
El Salvador,SV,SLV,7208,iron_steel,16818.6666,12205731.43,2024,2024,False
Georgia,GE,GEO,7210,iron_steel,591.4965,537856.39,2024,2024,False
Georgia,GE,GEO,721114,iron_steel,0.7242,671.29,2024,2024,False
Georgia,GE,GEO,721119,iron_steel,62.56,46509.74,2024,2024,False
Georgia,GE,GEO,721190,iron_steel,11.57,7302.75,2024,2024,False
Georgia,GE,GEO,7212,iron_steel,82.719,68037.66,2024,2024,False
Georgia,GE,GEO,721420,iron_steel,13730.6967,7575393.76,2024,2024,False
Georgia,GE,GEO,721499,iron_steel,167.305,126705.12,2024,2024,False
Georgia,GE,GEO,7215,iron_steel,33.4,21800.57,2024,2024,False
Georgia,GE,GEO,7216,iron_steel,1710.5971,1970924.99,2024,2024,False
Guatemala,GT,GTM,720719,iron_steel,0.085,290.18,2024,2024,False
Guatemala,GT,GTM,720720,iron_steel,2.209,12631.92,2024,2024,False
Guatemala,GT,GTM,7208,iron_steel,14652.0631,12477251.64,2024,2024,False
Guatemala,GT,GTM,7209,iron_steel,5840.9661,4763468.26,2024,2024,False
El Salvador,SV,SLV,7209,iron_steel,7541.7425,5538292.05,2024,2024,False
El Salvador,SV,SLV,720719,iron_steel,0.0008,125.13,2024,2024,False
Israel,IL,ISR,7210,iron_steel,25.8248,27723.87,2024,2024,False
Dominican Republic,DO,DOM,721499,iron_steel,23039.9863,14640576.23,2024,2024,False
Benin,BJ,BEN,721119,iron_steel,,0.92,2024,2024,False
Benin,BJ,BEN,7213,iron_steel,16704.869,9777885.34,2024,2024,False
Benin,BJ,BEN,721420,iron_steel,25461.336,22529059.27,2024,2024,False
Benin,BJ,BEN,721491,iron_steel,16.0,11136.68,2024,2024,False
Benin,BJ,BEN,7216,iron_steel,1201.197,1178007.17,2024,2024,False
Dominican Republic,DO,DOM,7208,iron_steel,5223.2588,4398026.05,2024,2024,False
Dominican Republic,DO,DOM,7209,iron_steel,,94049.37,2024,2024,False
Dominican Republic,DO,DOM,7210,iron_steel,,7231578.27,2024,2024,False
Dominican Republic,DO,DOM,7213,iron_steel,1123.324,954879.98,2024,2024,False
Dominican Republic,DO,DOM,721410,iron_steel,9770.995,6154468.69,2024,2024,False
Dominican Republic,DO,DOM,721420,iron_steel,120399.857,80217033.38,2024,2024,False
Dominican Republic,DO,DOM,721430,iron_steel,230.7,170326.22,2024,2024,False
Dominican Republic,DO,DOM,721491,iron_steel,180.3047,131892.78,2024,2024,False
Dominican Republic,DO,DOM,7215,iron_steel,548.2454,398479.81,2024,2024,False
Ecuador,EC,ECU,7216,iron_steel,4397.7916,3459184.15,2024,2024,False
Dominican Republic,DO,DOM,7216,iron_steel,10452.7891,9818020.1,2024,2024,False
Ecuador,EC,ECU,720720,iron_steel,9855.66,5244328.56,2024,2024,False
Ecuador,EC,ECU,7208,iron_steel,260.5943,195950.65,2024,2024,False
Ecuador,EC,ECU,7209,iron_steel,293.022,351465.23,2024,2024,False
Ecuador,EC,ECU,7210,iron_steel,1312.302,1001622.68,2024,2024,False
Ecuador,EC,ECU,721190,iron_steel,1.712,5615.01,2024,2024,False
Ecuador,EC,ECU,7212,iron_steel,771.1909,1534661.22,2024,2024,False
Ecuador,EC,ECU,7213,iron_steel,952.826,664501.84,2024,2024,False
Ecuador,EC,ECU,721410,iron_steel,1.8858,2288.89,2024,2024,False
Ecuador,EC,ECU,721420,iron_steel,1781.4403,1265135.91,2024,2024,False
Ecuador,EC,ECU,721491,iron_steel,668.779,455835.9,2024,2024,False
Ecuador,EC,ECU,721499,iron_steel,267.6662,201198.39,2024,2024,False
Ecuador,EC,ECU,7215,iron_steel,25.383,19695.04,2024,2024,False
Guatemala,GT,GTM,7210,iron_steel,47043.907,46078619.35,2024,2024,False
Guatemala,GT,GTM,721114,iron_steel,147.779,147110.25,2024,2024,False
Guatemala,GT,GTM,721119,iron_steel,619.119,499499.12,2024,2024,False
Indonesia,ID,IDN,721123,iron_steel,199.2648,95536.09,2024,2024,False
Hong Kong,HK,HKG,7213,iron_steel,,69047.2,2024,2024,False
Hong Kong,HK,HKG,721410,iron_steel,21.962,12513.19,2024,2024,False
Hong Kong,HK,HKG,721420,iron_steel,87328.057,48525991.39,2024,2024,False
Hong Kong,HK,HKG,721491,iron_steel,406.543,311755.6,2024,2024,False
Hong Kong,HK,HKG,721499,iron_steel,3048.789,1674870.24,2024,2024,False
Hong Kong,HK,HKG,7215,iron_steel,2029.099,3545394.28,2024,2024,False
Hong Kong,HK,HKG,7216,iron_steel,23331.334,18591231.29,2024,2024,False
Indonesia,ID,IDN,720720,iron_steel,1127943.871,523082457.31,2024,2024,False
Indonesia,ID,IDN,7208,iron_steel,,562862508.23,2024,2024,False
Indonesia,ID,IDN,7209,iron_steel,221.558,129227.67,2024,2024,False
Indonesia,ID,IDN,7210,iron_steel,64890.4175,59259000.35,2024,2024,False
Indonesia,ID,IDN,721113,iron_steel,17.6923,53224.68,2024,2024,False
Indonesia,ID,IDN,721119,iron_steel,7.6516,20940.3,2024,2024,False
Indonesia,ID,IDN,721129,iron_steel,0.047,47.49,2024,2024,False
Guatemala,GT,GTM,721129,iron_steel,4.885,18082.43,2024,2024,False
Indonesia,ID,IDN,721190,iron_steel,18.812,15084.78,2024,2024,False
Indonesia,ID,IDN,7212,iron_steel,12035.6912,10096427.45,2024,2024,False
Indonesia,ID,IDN,7213,iron_steel,805893.3751,381549405.68,2024,2024,False
Indonesia,ID,IDN,721410,iron_steel,666.6187,572426.42,2024,2024,False
Indonesia,ID,IDN,721420,iron_steel,73794.7923,40556081.18,2024,2024,False
Indonesia,ID,IDN,721430,iron_steel,228.4401,52717.24,2024,2024,False
Indonesia,ID,IDN,721491,iron_steel,0.007,28.64,2024,2024,False
Indonesia,ID,IDN,721499,iron_steel,162167.8535,9669490.39,2024,2024,False
Indonesia,ID,IDN,7215,iron_steel,74.4242,61063.03,2024,2024,False
Indonesia,ID,IDN,7216,iron_steel,6906.233,4854043.7,2024,2024,False
Israel,IL,ISR,720719,iron_steel,,289252.38,2024,2024,False
Israel,IL,ISR,7208,iron_steel,179.8178,148784.77,2024,2024,False
Israel,IL,ISR,7209,iron_steel,30.6024,24027.35,2024,2024,False
Hong Kong,HK,HKG,7212,iron_steel,2063.613,3233487.69,2024,2024,False
Hong Kong,HK,HKG,721190,iron_steel,5.592,7016.02,2024,2024,False
Hong Kong,HK,HKG,721129,iron_steel,746.458,1241456.92,2024,2024,False
Hong Kong,HK,HKG,721123,iron_steel,1928.515,3737178.11,2024,2024,False
Guatemala,GT,GTM,721190,iron_steel,7.332,7423.53,2024,2024,False
Guatemala,GT,GTM,7212,iron_steel,1980.723,2066060.44,2024,2024,False
Guatemala,GT,GTM,7213,iron_steel,78.818,57090.84,2024,2024,False
Guatemala,GT,GTM,721410,iron_steel,0.104,231.03,2024,2024,False
Guatemala,GT,GTM,721420,iron_steel,104596.137,87598849.46,2024,2024,False
Guatemala,GT,GTM,721430,iron_steel,,2836557.62,2024,2024,False
Guatemala,GT,GTM,721491,iron_steel,4599.505,4160431.57,2024,2024,False
Guatemala,GT,GTM,721499,iron_steel,5220.295,4318350.43,2024,2024,False
Guatemala,GT,GTM,7215,iron_steel,15423.881,11048396.64,2024,2024,False
Guatemala,GT,GTM,7216,iron_steel,52634.16,47779233.9,2024,2024,False
Honduras,HN,HND,7208,iron_steel,65.9655,55700.42,2024,2024,False
Honduras,HN,HND,7209,iron_steel,282.0297,250983.97,2024,2024,False
Honduras,HN,HND,7210,iron_steel,46579.1058,42646383.93,2024,2024,False
Honduras,HN,HND,721190,iron_steel,38.8828,26877.47,2024,2024,False
Honduras,HN,HND,7212,iron_steel,92.4794,137410.03,2024,2024,False
Honduras,HN,HND,7213,iron_steel,441.249,284608.57,2024,2024,False
Honduras,HN,HND,721420,iron_steel,36265.1,28304891.06,2024,2024,False
Honduras,HN,HND,721430,iron_steel,2159.39,1703710.6,2024,2024,False
Honduras,HN,HND,721491,iron_steel,0.019,13.86,2024,2024,False
Honduras,HN,HND,721499,iron_steel,4546.2847,3969800.0,2024,2024,False
Honduras,HN,HND,7215,iron_steel,2445.04,1666190.63,2024,2024,False
Honduras,HN,HND,7216,iron_steel,18142.5288,16741000.91,2024,2024,False
Hong Kong,HK,HKG,7208,iron_steel,7736.899,5455291.86,2024,2024,False
Hong Kong,HK,HKG,7209,iron_steel,4936.333,3939448.38,2024,2024,False
Hong Kong,HK,HKG,7210,iron_steel,67134.647,62446712.02,2024,2024,False
Hong Kong,HK,HKG,721114,iron_steel,442.775,324648.92,2024,2024,False
Hong Kong,HK,HKG,721119,iron_steel,94.031,125824.32,2024,2024,False
Kyrgyzstan,KG,KGZ,7213,iron_steel,2446.95,916659.27,2024,2024,False
Kyrgyzstan,KG,KGZ,721420,iron_steel,69697.435,34886472.6,2024,2024,False
Kyrgyzstan,KG,KGZ,721499,iron_steel,777.548,688462.25,2024,2024,False
Pakistan,PK,PAK,721190,iron_steel,1.0,3495.96,2024,2024,False
Nigeria,NG,NGA,7209,iron_steel,16.77,14925.27,2024,2024,False
Nigeria,NG,NGA,7210,iron_steel,105.47,66131.87,2024,2024,False
Nigeria,NG,NGA,7213,iron_steel,3656.23,1294340.74,2024,2024,False
Nigeria,NG,NGA,721420,iron_steel,449.8,271275.57,2024,2024,False
Nigeria,NG,NGA,721491,iron_steel,300.0,124882.42,2024,2024,False
Nigeria,NG,NGA,7215,iron_steel,3220.53,1473498.19,2024,2024,False
Nigeria,NG,NGA,7216,iron_steel,0.222,208.04,2024,2024,False
Pakistan,PK,PAK,720720,iron_steel,1.0,767.69,2024,2024,False
Pakistan,PK,PAK,7208,iron_steel,21.0,14897.2,2024,2024,False
Pakistan,PK,PAK,7209,iron_steel,14543.0,9792582.9,2024,2024,False
Pakistan,PK,PAK,7210,iron_steel,52595.0,43649779.02,2024,2024,False
Pakistan,PK,PAK,721113,iron_steel,1.0,43.93,2024,2024,False
Pakistan,PK,PAK,721119,iron_steel,2.0,2674.45,2024,2024,False
Pakistan,PK,PAK,7212,iron_steel,1.0,6769.69,2024,2024,False
Niger,NE,NER,7216,iron_steel,0.125,106.38,2024,2024,False
Pakistan,PK,PAK,721410,iron_steel,3.0,3265.53,2024,2024,False
Pakistan,PK,PAK,721420,iron_steel,1.0,9268.18,2024,2024,False
Pakistan,PK,PAK,721499,iron_steel,1.0,17.03,2024,2024,False
Pakistan,PK,PAK,7215,iron_steel,5.0,1667.69,2024,2024,False
Pakistan,PK,PAK,7216,iron_steel,,6183.63,2024,2024,False
Panama,PA,PAN,7208,iron_steel,150.151,171491.54,2024,2024,False
Panama,PA,PAN,7209,iron_steel,106.664,373005.27,2024,2024,False
Panama,PA,PAN,7210,iron_steel,1100.632,1467197.12,2024,2024,False
Panama,PA,PAN,7212,iron_steel,90.288,104574.44,2024,2024,False
Panama,PA,PAN,7213,iron_steel,20.085,15504.11,2024,2024,False
Panama,PA,PAN,721420,iron_steel,278.046,280220.87,2024,2024,False
Panama,PA,PAN,721499,iron_steel,0.167,152.48,2024,2024,False
Panama,PA,PAN,7215,iron_steel,25.086,18000.18,2024,2024,False
Nigeria,NG,NGA,7208,iron_steel,8.1614,7606.81,2024,2024,False
Niger,NE,NER,721420,iron_steel,0.2,303.93,2024,2024,False
Kyrgyzstan,KG,KGZ,7216,iron_steel,1347.405,350971.26,2024,2024,False
New Zealand,NZ,NZL,721491,iron_steel,1.888,3298.17,2024,2024,False
New Zealand,NZ,NZL,7209,iron_steel,49515.489,35597986.42,2024,2024,False
New Zealand,NZ,NZL,7210,iron_steel,40493.7776,45874683.61,2024,2024,False
New Zealand,NZ,NZL,721113,iron_steel,0.003,10.63,2024,2024,False
New Zealand,NZ,NZL,721114,iron_steel,2.8023,5261.85,2024,2024,False
New Zealand,NZ,NZL,721119,iron_steel,0.641,1477.1,2024,2024,False
New Zealand,NZ,NZL,721123,iron_steel,0.045,2393.79,2024,2024,False
New Zealand,NZ,NZL,721129,iron_steel,0.09,855.72,2024,2024,False
New Zealand,NZ,NZL,721190,iron_steel,3.244,4564.41,2024,2024,False
New Zealand,NZ,NZL,7212,iron_steel,7955.7,3269338.58,2024,2024,False
New Zealand,NZ,NZL,7213,iron_steel,2789.0869,1748169.97,2024,2024,False
New Zealand,NZ,NZL,721410,iron_steel,202.406,306871.03,2024,2024,False
New Zealand,NZ,NZL,721420,iron_steel,170.221,236596.08,2024,2024,False
New Zealand,NZ,NZL,721430,iron_steel,9.539,25159.36,2024,2024,False
New Zealand,NZ,NZL,721499,iron_steel,,58463.74,2024,2024,False
Niger,NE,NER,7210,iron_steel,69.0,35617.55,2024,2024,False
New Zealand,NZ,NZL,7215,iron_steel,1675.0112,684447.1,2024,2024,False
New Zealand,NZ,NZL,7216,iron_steel,207.415,523597.56,2024,2024,False
Nicaragua,NI,NIC,7208,iron_steel,35.9947,34334.9,2024,2024,False
Nicaragua,NI,NIC,7209,iron_steel,12.8866,8849.18,2024,2024,False
Nicaragua,NI,NIC,7210,iron_steel,78.0018,61560.11,2024,2024,False
Nicaragua,NI,NIC,721114,iron_steel,0.05,109.05,2024,2024,False
Nicaragua,NI,NIC,7213,iron_steel,1416.903,964055.17,2024,2024,False
Nicaragua,NI,NIC,721420,iron_steel,1443.944,1068910.27,2024,2024,False
Nicaragua,NI,NIC,721430,iron_steel,1898.04,1251054.34,2024,2024,False
Nicaragua,NI,NIC,721491,iron_steel,0.0169,55.45,2024,2024,False
Nicaragua,NI,NIC,721499,iron_steel,13.3645,29423.9,2024,2024,False
Nicaragua,NI,NIC,7215,iron_steel,0.1415,609.46,2024,2024,False
Nicaragua,NI,NIC,7216,iron_steel,589.477,454780.8,2024,2024,False
Panama,PA,PAN,7216,iron_steel,1717.187,1824061.55,2024,2024,False
Paraguay,PY,PRY,720720,iron_steel,1062.0,570732.83,2024,2024,False
Paraguay,PY,PRY,7210,iron_steel,56.0,21142.68,2024,2024,False
Saudi Arabia,SA,SAU,721123,iron_steel,14.174,15461.79,2024,2024,False
Philippines,PH,PHL,7216,iron_steel,6181.3351,5270076.7,2024,2024,False
Qatar,QA,QAT,7208,iron_steel,0.0,1632702.87,2024,2024,False
Qatar,QA,QAT,7209,iron_steel,0.0,805601.07,2024,2024,False
Qatar,QA,QAT,7210,iron_steel,0.0,187436.97,2024,2024,False
Qatar,QA,QAT,7212,iron_steel,0.0,20539.78,2024,2024,False
Qatar,QA,QAT,7215,iron_steel,0.0,195542.14,2024,2024,False
Qatar,QA,QAT,7216,iron_steel,0.0,9188806.0,2024,2024,False
Saudi Arabia,SA,SAU,7208,iron_steel,278626.802,191068642.98,2024,2024,False
Saudi Arabia,SA,SAU,7209,iron_steel,7587.571,6676458.32,2024,2024,False
Saudi Arabia,SA,SAU,7210,iron_steel,40730.8211,37299054.85,2024,2024,False
Saudi Arabia,SA,SAU,721113,iron_steel,1654.244,1027141.27,2024,2024,False
Saudi Arabia,SA,SAU,721114,iron_steel,1.824,4208.85,2024,2024,False
Saudi Arabia,SA,SAU,721119,iron_steel,333.989,207531.03,2024,2024,False
Saudi Arabia,SA,SAU,721129,iron_steel,12.0,14601.24,2024,2024,False
Paraguay,PY,PRY,721119,iron_steel,46.109,40612.96,2024,2024,False
Saudi Arabia,SA,SAU,721190,iron_steel,21.696,11228.04,2024,2024,False
Saudi Arabia,SA,SAU,7212,iron_steel,,1288207.71,2024,2024,False
Saudi Arabia,SA,SAU,7213,iron_steel,189921.113,100865258.24,2024,2024,False
Saudi Arabia,SA,SAU,721410,iron_steel,195602.28,109511121.93,2024,2024,False
Saudi Arabia,SA,SAU,721420,iron_steel,29357.23,16135590.52,2024,2024,False
Saudi Arabia,SA,SAU,7215,iron_steel,154.351,174193.14,2024,2024,False
Saudi Arabia,SA,SAU,7216,iron_steel,34825.59,25725027.36,2024,2024,False
Senegal,SN,SEN,720719,iron_steel,13994.954,5248149.1,2024,2024,False
Senegal,SN,SEN,7208,iron_steel,10136.102,7583638.2,2024,2024,False
Senegal,SN,SEN,7209,iron_steel,18845.683,11653507.09,2024,2024,False
Senegal,SN,SEN,7210,iron_steel,6608.252,6768473.91,2024,2024,False
Senegal,SN,SEN,721113,iron_steel,249.903,172036.97,2024,2024,False
Senegal,SN,SEN,721114,iron_steel,206.405,147868.73,2024,2024,False
Philippines,PH,PHL,7215,iron_steel,0.2146,771.65,2024,2024,False
Philippines,PH,PHL,721499,iron_steel,123.4725,215838.65,2024,2024,False
Philippines,PH,PHL,721491,iron_steel,3.8,7327.42,2024,2024,False
Philippines,PH,PHL,721420,iron_steel,14261.3954,8154955.18,2024,2024,False
Paraguay,PY,PRY,721129,iron_steel,0.0004,152.48,2024,2024,False
Paraguay,PY,PRY,721190,iron_steel,0.0004,283.71,2024,2024,False
Paraguay,PY,PRY,721420,iron_steel,2496.0,2469830.88,2024,2024,False
Paraguay,PY,PRY,7215,iron_steel,132.164,163875.8,2024,2024,False
Paraguay,PY,PRY,7216,iron_steel,220.256,256506.33,2024,2024,False
Peru,PE,PER,7208,iron_steel,528.8237,518995.54,2024,2024,False
Peru,PE,PER,7209,iron_steel,,622534.51,2024,2024,False
Peru,PE,PER,7210,iron_steel,2867.8147,5230583.39,2024,2024,False
Peru,PE,PER,721119,iron_steel,200.44,227165.53,2024,2024,False
Peru,PE,PER,721190,iron_steel,,273.49,2024,2024,False
Peru,PE,PER,7212,iron_steel,208.8137,285261.97,2024,2024,False
Peru,PE,PER,7213,iron_steel,4637.651,3046876.68,2024,2024,False
Peru,PE,PER,721410,iron_steel,1.1117,9481.69,2024,2024,False
Peru,PE,PER,721420,iron_steel,136308.1559,84747905.0,2024,2024,False
Peru,PE,PER,721430,iron_steel,,26081.95,2024,2024,False
Peru,PE,PER,721491,iron_steel,3123.156,2102898.75,2024,2024,False
Peru,PE,PER,721499,iron_steel,,2854784.7,2024,2024,False
Peru,PE,PER,7215,iron_steel,158.9311,161590.92,2024,2024,False
Peru,PE,PER,7216,iron_steel,,11811746.65,2024,2024,False
Philippines,PH,PHL,720719,iron_steel,0.225,379.82,2024,2024,False
Philippines,PH,PHL,7208,iron_steel,86.7942,59417.8,2024,2024,False
Philippines,PH,PHL,7209,iron_steel,126.5582,43339.8,2024,2024,False
Philippines,PH,PHL,7210,iron_steel,7444.2214,8497871.73,2024,2024,False
Philippines,PH,PHL,721113,iron_steel,1.8,454.67,2024,2024,False
Philippines,PH,PHL,721123,iron_steel,1.056,1227.24,2024,2024,False
Philippines,PH,PHL,7212,iron_steel,8.0107,21140.38,2024,2024,False
Philippines,PH,PHL,721410,iron_steel,,462.06,2024,2024,False
New Zealand,NZ,NZL,7208,iron_steel,,10964401.06,2024,2024,False
Namibia,,NAM,7216,iron_steel,51.8942,71551.96,2024,2024,False
Namibia,,NAM,7215,iron_steel,4.3729,39639.8,2024,2024,False
Mauritius,MU,MUS,7212,iron_steel,15.364,20674.25,2024,2024,False
Malaysia,MY,MYS,7212,iron_steel,,34447486.24,2024,2024,False
Malaysia,MY,MYS,7213,iron_steel,1578318.66,773241649.77,2024,2024,False
Malaysia,MY,MYS,721410,iron_steel,2445761.19,1161163707.04,2024,2024,False
Malaysia,MY,MYS,721420,iron_steel,145295.6681,79113847.67,2024,2024,False
Malaysia,MY,MYS,721430,iron_steel,5145.2121,2973866.66,2024,2024,False
Malaysia,MY,MYS,721491,iron_steel,895.2211,592499.49,2024,2024,False
Malaysia,MY,MYS,721499,iron_steel,8307.3705,5340356.06,2024,2024,False
Malaysia,MY,MYS,7215,iron_steel,5367.3117,5517958.62,2024,2024,False
Malaysia,MY,MYS,7216,iron_steel,,57446757.98,2024,2024,False
Mauritius,MU,MUS,7208,iron_steel,9.406,25870.14,2024,2024,False
Mauritius,MU,MUS,7209,iron_steel,2.0,5536.43,2024,2024,False
Mauritius,MU,MUS,7210,iron_steel,,57904.15,2024,2024,False
Mauritius,MU,MUS,721119,iron_steel,0.002,236.83,2024,2024,False
Mauritius,MU,MUS,721420,iron_steel,307.947,192755.75,2024,2024,False
Mexico,MX,MEX,721499,iron_steel,15612.77,11357852.32,2024,2024,False
Mauritius,MU,MUS,7215,iron_steel,5.56,4769.21,2024,2024,False
Mauritius,MU,MUS,7216,iron_steel,,7307.51,2024,2024,False
Mexico,MX,MEX,7208,iron_steel,0.0,185168497.37,2024,2024,False
Mexico,MX,MEX,7209,iron_steel,0.0,91417207.28,2024,2024,False
Mexico,MX,MEX,7210,iron_steel,0.0,728403639.22,2024,2024,False
Mexico,MX,MEX,721114,iron_steel,1408.055,1679275.48,2024,2024,False
Mexico,MX,MEX,721119,iron_steel,48724.0,44938459.48,2024,2024,False
Mexico,MX,MEX,721123,iron_steel,3971.587,4989606.32,2024,2024,False
Mexico,MX,MEX,721129,iron_steel,99.5393,286032.71,2024,2024,False
Mexico,MX,MEX,721190,iron_steel,725.181,825570.65,2024,2024,False
Mexico,MX,MEX,7212,iron_steel,0.0,23043490.44,2024,2024,False
Mexico,MX,MEX,7213,iron_steel,0.0,6719232.05,2024,2024,False
Mexico,MX,MEX,721420,iron_steel,102543.698,64651747.53,2024,2024,False
Malaysia,MY,MYS,721190,iron_steel,50.139,33271.99,2024,2024,False
Malaysia,MY,MYS,721129,iron_steel,12.2989,8806.07,2024,2024,False
Malaysia,MY,MYS,721123,iron_steel,6764.1091,8935017.59,2024,2024,False
Malaysia,MY,MYS,721119,iron_steel,2171.5108,2823848.47,2024,2024,False
Lebanon,LB,LBN,7208,iron_steel,3635.4223,2530073.93,2024,2024,False
Lebanon,LB,LBN,7209,iron_steel,75.4939,75432.95,2024,2024,False
Lebanon,LB,LBN,7210,iron_steel,989.1481,1063774.14,2024,2024,False
Lebanon,LB,LBN,721119,iron_steel,0.9848,924.13,2024,2024,False
Lebanon,LB,LBN,721123,iron_steel,79.1133,85631.64,2024,2024,False
Lebanon,LB,LBN,721129,iron_steel,1.5971,3106.92,2024,2024,False
Lebanon,LB,LBN,721190,iron_steel,46.2798,56359.86,2024,2024,False
Lebanon,LB,LBN,7212,iron_steel,95.1944,135225.03,2024,2024,False
Lebanon,LB,LBN,7213,iron_steel,0.5889,462.06,2024,2024,False
Lebanon,LB,LBN,721410,iron_steel,54.3981,49509.29,2024,2024,False
Lebanon,LB,LBN,721491,iron_steel,7.431,5365.49,2024,2024,False
Lebanon,LB,LBN,721499,iron_steel,2.3852,1872.29,2024,2024,False
Lebanon,LB,LBN,7215,iron_steel,22.8819,37544.59,2024,2024,False
Lebanon,LB,LBN,7216,iron_steel,539.0592,562094.08,2024,2024,False
Madagascar,MG,MDG,7210,iron_steel,4.025,6097.9,2024,2024,False
Madagascar,MG,MDG,721410,iron_steel,0.004,357.84,2024,2024,False
Madagascar,MG,MDG,721420,iron_steel,2.55,1232.61,2024,2024,False
Madagascar,MG,MDG,721499,iron_steel,4.51,3414.05,2024,2024,False
Madagascar,MG,MDG,7215,iron_steel,0.64,1730.05,2024,2024,False
Madagascar,MG,MDG,7216,iron_steel,0.05,352.42,2024,2024,False
Malaysia,MY,MYS,720719,iron_steel,30.7891,119884.02,2024,2024,False
Malaysia,MY,MYS,720720,iron_steel,400483.083,187260903.13,2024,2024,False
Malaysia,MY,MYS,7208,iron_steel,,113307576.59,2024,2024,False
Malaysia,MY,MYS,7209,iron_steel,88633.7873,61437107.02,2024,2024,False
Malaysia,MY,MYS,7210,iron_steel,,117178213.86,2024,2024,False
Malaysia,MY,MYS,721113,iron_steel,0.1,12.32,2024,2024,False
Malaysia,MY,MYS,721114,iron_steel,42.2,29424.98,2024,2024,False
Mexico,MX,MEX,721491,iron_steel,15987.62,12976342.3,2024,2024,False
Mexico,MX,MEX,7215,iron_steel,0.0,10433434.99,2024,2024,False
Namibia,,NAM,721499,iron_steel,2.4327,1499.98,2024,2024,False
Oman,OM,OMN,721410,iron_steel,50040.389,32417474.57,2024,2024,False
Mozambique,MZ,MOZ,7216,iron_steel,760.314,700653.73,2024,2024,False
Oman,OM,OMN,720719,iron_steel,448057.357,303420642.02,2024,2024,False
Oman,OM,OMN,720720,iron_steel,63423.555,28703362.84,2024,2024,False
Oman,OM,OMN,7208,iron_steel,7718.819,4539461.08,2024,2024,False
Oman,OM,OMN,7209,iron_steel,490.892,207069.79,2024,2024,False
Oman,OM,OMN,7210,iron_steel,5978.78,4655795.59,2024,2024,False
Oman,OM,OMN,721113,iron_steel,16421.301,9900349.07,2024,2024,False
Oman,OM,OMN,721114,iron_steel,12.63,8210.21,2024,2024,False
Oman,OM,OMN,721119,iron_steel,51895.189,32394225.93,2024,2024,False
Oman,OM,OMN,721123,iron_steel,27.75,18617.17,2024,2024,False
Oman,OM,OMN,721190,iron_steel,11776.363,7115906.32,2024,2024,False
Oman,OM,OMN,7212,iron_steel,210.832,427418.68,2024,2024,False
Oman,OM,OMN,7213,iron_steel,72909.034,39727897.42,2024,2024,False
Oman,OM,OMN,721420,iron_steel,1126460.063,628458211.74,2024,2024,False
Mexico,MX,MEX,7216,iron_steel,0.0,314974034.75,2024,2024,False
Oman,OM,OMN,7215,iron_steel,169.497,185078.16,2024,2024,False
Oman,OM,OMN,7216,iron_steel,95395.419,61739338.08,2024,2024,False
Namibia,,NAM,720720,iron_steel,0.1,1003.89,2024,2024,False
Namibia,,NAM,7208,iron_steel,,3723085.64,2024,2024,False
Namibia,,NAM,7209,iron_steel,13.32,23778.98,2024,2024,False
Namibia,,NAM,7210,iron_steel,148.7423,66467.41,2024,2024,False
Namibia,,NAM,721114,iron_steel,2.103,2608.81,2024,2024,False
Namibia,,NAM,721129,iron_steel,4.535,107.14,2024,2024,False
Namibia,,NAM,721190,iron_steel,1.7009,5655.02,2024,2024,False
Namibia,,NAM,7212,iron_steel,12.6185,13193.18,2024,2024,False
Namibia,,NAM,7213,iron_steel,0.571,20801.02,2024,2024,False
Namibia,,NAM,721420,iron_steel,0.357,590.96,2024,2024,False
Namibia,,NAM,721491,iron_steel,0.424,789.18,2024,2024,False
Mozambique,MZ,MOZ,7215,iron_steel,32.496,31016.82,2024,2024,False
Mozambique,MZ,MOZ,721499,iron_steel,,78842.53,2024,2024,False
Mozambique,MZ,MOZ,7210,iron_steel,3698.6801,3722013.31,2024,2024,False
Mozambique,MZ,MOZ,7209,iron_steel,5077.964,4619141.95,2024,2024,False
Moldova,MD,MDA,7210,iron_steel,110.715,227476.2,2024,2024,False
Moldova,MD,MDA,7212,iron_steel,0.54,2744.66,2024,2024,False
Moldova,MD,MDA,7215,iron_steel,0.008,16.63,2024,2024,False
Moldova,MD,MDA,7216,iron_steel,29.0134,37492.84,2024,2024,False
Montenegro,ME,MNE,7209,iron_steel,3.0562,5665.34,2024,2024,False
Montenegro,ME,MNE,7210,iron_steel,56.499,62074.57,2024,2024,False
Montenegro,ME,MNE,7213,iron_steel,0.3,359.91,2024,2024,False
Montenegro,ME,MNE,721420,iron_steel,23.47,10941.68,2024,2024,False
Montenegro,ME,MNE,721499,iron_steel,5.2954,15420.02,2024,2024,False
Montenegro,ME,MNE,7216,iron_steel,49.9287,70899.55,2024,2024,False
Morocco,MA,MAR,7208,iron_steel,39011.1809,24439995.64,2024,2024,False
Morocco,MA,MAR,7209,iron_steel,7314.513,5177913.09,2024,2024,False
Morocco,MA,MAR,7210,iron_steel,41763.222,36708146.67,2024,2024,False
Morocco,MA,MAR,721114,iron_steel,0.048,213.22,2024,2024,False
Morocco,MA,MAR,721119,iron_steel,1556.114,830221.64,2024,2024,False
Morocco,MA,MAR,721123,iron_steel,186.46,104807.88,2024,2024,False
Morocco,MA,MAR,721129,iron_steel,820.278,585402.96,2024,2024,False
Morocco,MA,MAR,721190,iron_steel,5.5702,30822.98,2024,2024,False
Morocco,MA,MAR,7212,iron_steel,3703.3418,3086540.01,2024,2024,False
Morocco,MA,MAR,7213,iron_steel,0.1,520.51,2024,2024,False
Morocco,MA,MAR,721410,iron_steel,0.23,1263.82,2024,2024,False
Morocco,MA,MAR,721420,iron_steel,208.031,155355.22,2024,2024,False
Morocco,MA,MAR,721491,iron_steel,0.115,102.97,2024,2024,False
Morocco,MA,MAR,721499,iron_steel,27940.6156,17419840.33,2024,2024,False
Morocco,MA,MAR,7215,iron_steel,21.7967,31243.15,2024,2024,False
Morocco,MA,MAR,7216,iron_steel,436.3389,692071.02,2024,2024,False
Mozambique,MZ,MOZ,7208,iron_steel,2025.9165,1526399.78,2024,2024,False
Thailand,TH,THA,722820,iron_steel,0.45,4083.24,2024,2024,False
Thailand,TH,THA,722840,iron_steel,209.666,511449.9,2024,2024,False
Ecuador,EC,ECU,310290,fertilizers,238.6204,428631.66,2024,2024,False
Argentina,AR,ARG,730729,iron_steel,2.0831,225847.32,2024,2024,False
Azerbaijan,AZ,AZE,730792,iron_steel,1.2154,26347.14,2024,2024,False
Azerbaijan,AZ,AZE,730793,iron_steel,0.1441,6593.73,2024,2024,False
Azerbaijan,AZ,AZE,730799,iron_steel,12.5858,483582.54,2024,2024,False
Azerbaijan,AZ,AZE,7308,iron_steel,1355.5313,1705296.25,2024,2024,False
Azerbaijan,AZ,AZE,7309,iron_steel,23.3816,116672.21,2024,2024,False
Azerbaijan,AZ,AZE,7310,iron_steel,40.543,125522.91,2024,2024,False
Azerbaijan,AZ,AZE,731100,iron_steel,21.1182,203936.41,2024,2024,False
Azerbaijan,AZ,AZE,731811,iron_steel,0.0207,4864.83,2024,2024,False
Argentina,AR,ARG,730650,iron_steel,0.069,335.4,2024,2024,False
Argentina,AR,ARG,730661,iron_steel,57.265,53732.73,2024,2024,False
Argentina,AR,ARG,730690,iron_steel,6.5692,19936.28,2024,2024,False
Argentina,AR,ARG,730711,iron_steel,0.1603,1934.85,2024,2024,False
Argentina,AR,ARG,730719,iron_steel,0.8285,17129.09,2024,2024,False
Argentina,AR,ARG,730791,iron_steel,1.8598,29234.27,2024,2024,False
Azerbaijan,AZ,AZE,730729,iron_steel,0.7087,88706.88,2024,2024,False
Argentina,AR,ARG,730792,iron_steel,528.2101,1762401.83,2024,2024,False
Argentina,AR,ARG,730799,iron_steel,31.5446,669728.07,2024,2024,False
Argentina,AR,ARG,7308,iron_steel,729.7943,1729614.79,2024,2024,False
Argentina,AR,ARG,7309,iron_steel,4.5491,34137.33,2024,2024,False
Argentina,AR,ARG,7310,iron_steel,229.7574,708142.39,2024,2024,False
Argentina,AR,ARG,731100,iron_steel,101.4752,296310.23,2024,2024,False
Argentina,AR,ARG,731811,iron_steel,5.3596,31115.08,2024,2024,False
Australia,AU,AUS,730640,iron_steel,193.877,605309.67,2024,2024,False
Australia,AU,AUS,730650,iron_steel,36.055,215287.04,2024,2024,False
Australia,AU,AUS,730661,iron_steel,6336.86,8663660.89,2024,2024,False
Australia,AU,AUS,730669,iron_steel,29.47,69865.94,2024,2024,False
Australia,AU,AUS,730690,iron_steel,420.308,1866633.12,2024,2024,False
Australia,AU,AUS,730711,iron_steel,316.847,952947.68,2024,2024,False
Azerbaijan,AZ,AZE,730791,iron_steel,7.9262,61615.73,2024,2024,False
Azerbaijan,AZ,AZE,730723,iron_steel,0.0015,223.36,2024,2024,False
Algeria,DZ,DZA,730792,iron_steel,0.054,655.26,2024,2024,False
Angola,AO,AGO,730791,iron_steel,6.4184,117744.71,2024,2024,False
Algeria,DZ,DZA,7308,iron_steel,173.6804,504201.23,2024,2024,False
Algeria,DZ,DZA,7309,iron_steel,3.6823,21744.38,2024,2024,False
Algeria,DZ,DZA,7310,iron_steel,1.038,3600.61,2024,2024,False
Angola,AO,AGO,730640,iron_steel,0.123,1585.91,2024,2024,False
Angola,AO,AGO,730650,iron_steel,0.543,2378.5,2024,2024,False
Angola,AO,AGO,730661,iron_steel,0.349,2560.75,2024,2024,False
Angola,AO,AGO,730690,iron_steel,83.547,139217.6,2024,2024,False
Angola,AO,AGO,730711,iron_steel,0.003,4509.28,2024,2024,False
Angola,AO,AGO,730719,iron_steel,1.2327,75702.98,2024,2024,False
Angola,AO,AGO,730721,iron_steel,,25337.15,2024,2024,False
Angola,AO,AGO,730722,iron_steel,,10604.57,2024,2024,False
Angola,AO,AGO,730723,iron_steel,0.002,5141.7,2024,2024,False
Angola,AO,AGO,730729,iron_steel,1028.8794,160508.45,2024,2024,False
Angola,AO,AGO,730792,iron_steel,27.5259,105723.18,2024,2024,False
Azerbaijan,AZ,AZE,730722,iron_steel,0.4174,55098.48,2024,2024,False
Angola,AO,AGO,730793,iron_steel,1006.6854,36983.64,2024,2024,False
Angola,AO,AGO,730799,iron_steel,1071.6011,660899.13,2024,2024,False
Angola,AO,AGO,7308,iron_steel,1831.4434,8339769.98,2024,2024,False
Angola,AO,AGO,7309,iron_steel,538.6453,750275.53,2024,2024,False
Angola,AO,AGO,7310,iron_steel,2003.7363,375883.01,2024,2024,False
Angola,AO,AGO,731100,iron_steel,546.4798,2971203.82,2024,2024,False
Azerbaijan,AZ,AZE,730640,iron_steel,0.0012,12.51,2024,2024,False
Azerbaijan,AZ,AZE,730650,iron_steel,44.2954,27093.04,2024,2024,False
Azerbaijan,AZ,AZE,730661,iron_steel,3.489,13363.83,2024,2024,False
Azerbaijan,AZ,AZE,730690,iron_steel,0.0787,673.69,2024,2024,False
Azerbaijan,AZ,AZE,730711,iron_steel,28.1664,90853.97,2024,2024,False
Azerbaijan,AZ,AZE,730719,iron_steel,0.2079,1063.96,2024,2024,False
Azerbaijan,AZ,AZE,730721,iron_steel,0.6267,28848.14,2024,2024,False
Australia,AU,AUS,730719,iron_steel,8895.439,2495239.98,2024,2024,False
Australia,AU,AUS,730721,iron_steel,420.4234,3315251.24,2024,2024,False
Australia,AU,AUS,730722,iron_steel,,1532751.32,2024,2024,False
Armenia,AM,ARM,731100,iron_steel,20.548,15749.81,2024,2024,False
Armenia,AM,ARM,730661,iron_steel,90.9031,87797.34,2024,2024,False
Armenia,AM,ARM,730711,iron_steel,0.7807,14630.05,2024,2024,False
Armenia,AM,ARM,730719,iron_steel,0.0189,823.59,2024,2024,False
Armenia,AM,ARM,730721,iron_steel,0.0439,12151.27,2024,2024,False
Armenia,AM,ARM,730722,iron_steel,0.0102,3911.01,2024,2024,False
Armenia,AM,ARM,730729,iron_steel,1.43,99893.42,2024,2024,False
Armenia,AM,ARM,730791,iron_steel,0.0216,10124.6,2024,2024,False
Armenia,AM,ARM,730792,iron_steel,0.0697,5441.13,2024,2024,False
Armenia,AM,ARM,730793,iron_steel,0.0004,164.29,2024,2024,False
Armenia,AM,ARM,730799,iron_steel,0.264,90595.84,2024,2024,False
Armenia,AM,ARM,7308,iron_steel,6.5978,71552.68,2024,2024,False
Armenia,AM,ARM,7309,iron_steel,62.9816,248869.8,2024,2024,False
Armenia,AM,ARM,7310,iron_steel,75.6271,222214.94,2024,2024,False
Armenia,AM,ARM,731811,iron_steel,80.0,4712.08,2024,2024,False
Australia,AU,AUS,730723,iron_steel,1161.8,218678.37,2024,2024,False
Bolivia,BO,BOL,730661,iron_steel,0.2628,264.66,2024,2024,False
Bolivia,BO,BOL,730690,iron_steel,0.4153,7063.76,2024,2024,False
Bolivia,BO,BOL,730721,iron_steel,0.287,3013.51,2024,2024,False
Bolivia,BO,BOL,730722,iron_steel,0.0087,1934.79,2024,2024,False
Bolivia,BO,BOL,730729,iron_steel,0.0009,53.6,2024,2024,False
Bolivia,BO,BOL,730791,iron_steel,0.5415,6644.72,2024,2024,False
Bolivia,BO,BOL,730792,iron_steel,0.6142,32113.13,2024,2024,False
Bolivia,BO,BOL,730793,iron_steel,0.0015,11.64,2024,2024,False
Bolivia,BO,BOL,730799,iron_steel,0.1483,8857.21,2024,2024,False
Bolivia,BO,BOL,7308,iron_steel,228.5134,271184.83,2024,2024,False
Bolivia,BO,BOL,7309,iron_steel,119.92,366989.97,2024,2024,False
Bolivia,BO,BOL,7310,iron_steel,35.9861,138029.0,2024,2024,False
Bolivia,BO,BOL,731100,iron_steel,73.2975,72973.39,2024,2024,False
Armenia,AM,ARM,730650,iron_steel,0.053,469.46,2024,2024,False
Armenia,AM,ARM,730640,iron_steel,,633.04,2024,2024,False
Bahrain,BH,BHR,731811,iron_steel,0.4686,27009.24,2024,2024,False
Bahrain,BH,BHR,731100,iron_steel,951.9061,483105.13,2024,2024,False
Australia,AU,AUS,730729,iron_steel,524.5148,5435479.24,2024,2024,False
Australia,AU,AUS,730791,iron_steel,1782.206,2326232.63,2024,2024,False
Australia,AU,AUS,730792,iron_steel,,1809274.43,2024,2024,False
Australia,AU,AUS,730793,iron_steel,37.818,632564.12,2024,2024,False
Australia,AU,AUS,730799,iron_steel,14704.6104,23599392.68,2024,2024,False
Australia,AU,AUS,7308,iron_steel,30497.6697,78154937.11,2024,2024,False
Australia,AU,AUS,7309,iron_steel,2854.2512,18154088.88,2024,2024,False
Australia,AU,AUS,7310,iron_steel,5381.2432,23541529.04,2024,2024,False
Australia,AU,AUS,731100,iron_steel,1607.004,7267500.77,2024,2024,False
Australia,AU,AUS,731811,iron_steel,121.7963,849817.29,2024,2024,False
Bahrain,BH,BHR,730640,iron_steel,89.8731,82954.19,2024,2024,False
Bahrain,BH,BHR,730650,iron_steel,134.9597,169237.24,2024,2024,False
Bahrain,BH,BHR,730661,iron_steel,181.4004,187357.1,2024,2024,False
Bahrain,BH,BHR,730690,iron_steel,13.142,129767.87,2024,2024,False
Bahrain,BH,BHR,730711,iron_steel,473.8244,1544581.58,2024,2024,False
Bahrain,BH,BHR,730719,iron_steel,4.3655,78641.71,2024,2024,False
Bahrain,BH,BHR,730721,iron_steel,12.9289,120425.27,2024,2024,False
Bahrain,BH,BHR,730722,iron_steel,3.1408,42986.62,2024,2024,False
Bahrain,BH,BHR,730723,iron_steel,3.798,24226.43,2024,2024,False
Bahrain,BH,BHR,730729,iron_steel,17.2357,134317.85,2024,2024,False
Bahrain,BH,BHR,730791,iron_steel,73.0265,189273.81,2024,2024,False
Bahrain,BH,BHR,730792,iron_steel,1.1053,32512.19,2024,2024,False
Bahrain,BH,BHR,730793,iron_steel,36.2399,40237.51,2024,2024,False
Bahrain,BH,BHR,730799,iron_steel,104.4774,1085074.21,2024,2024,False
Bahrain,BH,BHR,7308,iron_steel,501625.9163,359309968.64,2024,2024,False
Bahrain,BH,BHR,7309,iron_steel,324.0402,504763.02,2024,2024,False
Bahrain,BH,BHR,7310,iron_steel,1010.4225,2154587.56,2024,2024,False
Algeria,DZ,DZA,730799,iron_steel,8.261,116196.69,2024,2024,False
Algeria,DZ,DZA,730791,iron_steel,0.9028,4881.49,2024,2024,False
Bosnia and Herzegovina,BA,BIH,730650,iron_steel,0.8544,1615.29,2024,2024,False
Argentina,AR,ARG,731823,iron_steel,0.0044,369.65,2024,2024,False
Australia,AU,AUS,731819,iron_steel,1674.2078,12494176.81,2024,2024,False
Australia,AU,AUS,731816,iron_steel,1316.3928,7524707.13,2024,2024,False
Australia,AU,AUS,731815,iron_steel,15066.0275,48568821.06,2024,2024,False
Australia,AU,AUS,731814,iron_steel,482.6947,1229768.39,2024,2024,False
Australia,AU,AUS,731813,iron_steel,27.5034,899214.5,2024,2024,False
Australia,AU,AUS,731812,iron_steel,56.0233,428704.3,2024,2024,False
Argentina,AR,ARG,760429,aluminium,46.6467,312379.34,2024,2024,False
Argentina,AR,ARG,760421,aluminium,94.555,474572.03,2024,2024,False
Argentina,AR,ARG,732690,iron_steel,2112.7907,12488162.65,2024,2024,False
Argentina,AR,ARG,732620,iron_steel,51.6375,196401.64,2024,2024,False
Argentina,AR,ARG,732619,iron_steel,0.027,660.35,2024,2024,False
Argentina,AR,ARG,731829,iron_steel,12.0562,192646.92,2024,2024,False
Argentina,AR,ARG,731824,iron_steel,4.0926,133371.48,2024,2024,False
Argentina,AR,ARG,731822,iron_steel,30.9918,360768.43,2024,2024,False
Australia,AU,AUS,731822,iron_steel,1596.3666,4017511.16,2024,2024,False
Argentina,AR,ARG,731821,iron_steel,1.1415,27526.27,2024,2024,False
Argentina,AR,ARG,731819,iron_steel,16.3205,49024.54,2024,2024,False
Argentina,AR,ARG,731816,iron_steel,79.206,650499.14,2024,2024,False
Argentina,AR,ARG,731815,iron_steel,1031.2471,7500630.2,2024,2024,False
Argentina,AR,ARG,731814,iron_steel,10.6709,47156.55,2024,2024,False
Azerbaijan,AZ,AZE,760429,aluminium,707.763,2345661.32,2024,2024,False
Azerbaijan,AZ,AZE,760421,aluminium,661.6528,2293701.4,2024,2024,False
Azerbaijan,AZ,AZE,760410,aluminium,42.962,363015.04,2024,2024,False
Azerbaijan,AZ,AZE,7601,aluminium,28903.4764,65381471.79,2024,2024,False
Azerbaijan,AZ,AZE,732690,iron_steel,217.1885,1648274.04,2024,2024,False
Azerbaijan,AZ,AZE,732620,iron_steel,1.4605,2209.08,2024,2024,False
Azerbaijan,AZ,AZE,732619,iron_steel,1.027,3107.51,2024,2024,False
Azerbaijan,AZ,AZE,731829,iron_steel,1.5014,59481.47,2024,2024,False
Australia,AU,AUS,731821,iron_steel,80.5457,697034.18,2024,2024,False
Australia,AU,AUS,731823,iron_steel,361.0812,4212591.09,2024,2024,False
Algeria,DZ,DZA,730729,iron_steel,0.0058,262.18,2024,2024,False
Bahrain,BH,BHR,731816,iron_steel,8.9629,161868.45,2024,2024,False
Bahrain,BH,BHR,760410,aluminium,35.1921,55337.61,2024,2024,False
Bahrain,BH,BHR,7603,aluminium,6850.862,23000212.33,2024,2024,False
Bahrain,BH,BHR,7601,aluminium,1228734.8288,3148972660.54,2024,2024,False
Bahrain,BH,BHR,732690,iron_steel,479.3649,1742110.46,2024,2024,False
Bahrain,BH,BHR,732620,iron_steel,407.8631,334192.5,2024,2024,False
Bahrain,BH,BHR,732619,iron_steel,0.6792,22975.0,2024,2024,False
Bahrain,BH,BHR,732611,iron_steel,1.54,2205.82,2024,2024,False
Bahrain,BH,BHR,731829,iron_steel,8.8832,150980.22,2024,2024,False
Bahrain,BH,BHR,731824,iron_steel,1.7327,56450.69,2024,2024,False
Bahrain,BH,BHR,731823,iron_steel,0.0008,28.44,2024,2024,False
Bahrain,BH,BHR,731822,iron_steel,4.4883,113763.65,2024,2024,False
Bahrain,BH,BHR,731821,iron_steel,4.2779,46080.81,2024,2024,False
Bahrain,BH,BHR,731819,iron_steel,50.9553,138023.26,2024,2024,False
Bahrain,BH,BHR,731815,iron_steel,98.3591,1208234.48,2024,2024,False
Australia,AU,AUS,731824,iron_steel,69.3387,1078467.19,2024,2024,False
Bahrain,BH,BHR,731814,iron_steel,28.5102,636273.83,2024,2024,False
Bahrain,BH,BHR,731813,iron_steel,187.8334,298273.48,2024,2024,False
Bahrain,BH,BHR,731812,iron_steel,0.43,111599.81,2024,2024,False
Australia,AU,AUS,760429,aluminium,1040.7895,7584981.48,2024,2024,False
Australia,AU,AUS,760421,aluminium,298.1902,2125764.14,2024,2024,False
Australia,AU,AUS,760410,aluminium,,915400.32,2024,2024,False
Australia,AU,AUS,7603,aluminium,17806.5895,49588146.39,2024,2024,False
Australia,AU,AUS,7601,aluminium,,3423932956.99,2024,2024,False
Australia,AU,AUS,732690,iron_steel,15000.1693,124399581.32,2024,2024,False
Australia,AU,AUS,732620,iron_steel,,11034251.6,2024,2024,False
Australia,AU,AUS,732619,iron_steel,499.9322,1557633.48,2024,2024,False
Australia,AU,AUS,732611,iron_steel,,6313216.93,2024,2024,False
Australia,AU,AUS,731829,iron_steel,12829.9151,46050562.6,2024,2024,False
Azerbaijan,AZ,AZE,731824,iron_steel,0.2554,15827.81,2024,2024,False
Azerbaijan,AZ,AZE,731823,iron_steel,0.002,100.11,2024,2024,False
Azerbaijan,AZ,AZE,731822,iron_steel,2.3239,41981.22,2024,2024,False
Albania,AL,ALB,731815,iron_steel,31.2748,411859.55,2024,2024,False
Algeria,DZ,DZA,731824,iron_steel,0.0249,346.05,2024,2024,False
Algeria,DZ,DZA,731823,iron_steel,0.0003,2.61,2024,2024,False
Algeria,DZ,DZA,731822,iron_steel,,60.34,2024,2024,False
Algeria,DZ,DZA,731821,iron_steel,0.0043,100.44,2024,2024,False
Algeria,DZ,DZA,731816,iron_steel,,935.56,2024,2024,False
Algeria,DZ,DZA,731815,iron_steel,,10895.45,2024,2024,False
Algeria,DZ,DZA,731814,iron_steel,6.3106,43373.45,2024,2024,False
Albania,AL,ALB,760429,aluminium,101.471,461800.47,2024,2024,False
Albania,AL,ALB,760421,aluminium,2.1416,13235.64,2024,2024,False
Albania,AL,ALB,760410,aluminium,6224.4683,26302816.32,2024,2024,False
Albania,AL,ALB,7601,aluminium,12106.113,31694833.86,2024,2024,False
Albania,AL,ALB,732690,iron_steel,3700.8498,8679740.5,2024,2024,False
Albania,AL,ALB,731829,iron_steel,6.1692,36071.09,2024,2024,False
Albania,AL,ALB,731814,iron_steel,0.3384,2432.16,2024,2024,False
Azerbaijan,AZ,AZE,731821,iron_steel,0.0977,5072.47,2024,2024,False
Albania,AL,ALB,730661,iron_steel,4441.03,3391735.35,2024,2024,False
Albania,AL,ALB,730719,iron_steel,6.5418,32407.67,2024,2024,False
Albania,AL,ALB,730723,iron_steel,3.6126,25187.02,2024,2024,False
Albania,AL,ALB,7308,iron_steel,0.0,57960356.61,2024,2024,False
Albania,AL,ALB,7309,iron_steel,47.605,53120.62,2024,2024,False
Albania,AL,ALB,7310,iron_steel,0.0,129050.43,2024,2024,False
Albania,AL,ALB,731100,iron_steel,3.43,3945.02,2024,2024,False
Algeria,DZ,DZA,730650,iron_steel,,62.05,2024,2024,False
Algeria,DZ,DZA,730661,iron_steel,3.6323,3367.97,2024,2024,False
Algeria,DZ,DZA,730690,iron_steel,42.3809,111800.66,2024,2024,False
Algeria,DZ,DZA,730721,iron_steel,0.4711,6876.05,2024,2024,False
Algeria,DZ,DZA,730722,iron_steel,,4687.03,2024,2024,False
Algeria,DZ,DZA,730723,iron_steel,0.0152,293.53,2024,2024,False
Algeria,DZ,DZA,731829,iron_steel,,789.74,2024,2024,False
Algeria,DZ,DZA,732619,iron_steel,2.7532,12736.54,2024,2024,False
Algeria,DZ,DZA,732620,iron_steel,0.9014,2624.99,2024,2024,False
Algeria,DZ,DZA,732690,iron_steel,,354254.09,2024,2024,False
Azerbaijan,AZ,AZE,731819,iron_steel,1.425,58952.25,2024,2024,False
Azerbaijan,AZ,AZE,731816,iron_steel,2.0608,177196.41,2024,2024,False
Azerbaijan,AZ,AZE,731815,iron_steel,10.0121,266454.58,2024,2024,False
Azerbaijan,AZ,AZE,731814,iron_steel,,4168.12,2024,2024,False
Azerbaijan,AZ,AZE,731813,iron_steel,0.1021,526.67,2024,2024,False
Azerbaijan,AZ,AZE,731812,iron_steel,41.3457,50844.65,2024,2024,False
Angola,AO,AGO,760429,aluminium,,1433875.28,2024,2024,False
Angola,AO,AGO,760410,aluminium,1336.684,402080.65,2024,2024,False
Angola,AO,AGO,7603,aluminium,0.012,92.41,2024,2024,False
Angola,AO,AGO,7601,aluminium,,1219264.25,2024,2024,False
Angola,AO,AGO,732690,iron_steel,2172.4482,16239587.84,2024,2024,False
Angola,AO,AGO,732620,iron_steel,,471060.53,2024,2024,False
Angola,AO,AGO,732619,iron_steel,158.0756,179757.5,2024,2024,False
Angola,AO,AGO,731829,iron_steel,6.2368,57917.72,2024,2024,False
Angola,AO,AGO,731824,iron_steel,16.7572,2817.28,2024,2024,False
Angola,AO,AGO,731823,iron_steel,0.005,64.3,2024,2024,False
Angola,AO,AGO,731822,iron_steel,0.646,7206.05,2024,2024,False
Angola,AO,AGO,731821,iron_steel,2.8288,14022.86,2024,2024,False
Angola,AO,AGO,731819,iron_steel,1.6958,21482.92,2024,2024,False
Angola,AO,AGO,731816,iron_steel,17.478,250272.44,2024,2024,False
Angola,AO,AGO,731815,iron_steel,,284365.34,2024,2024,False
Angola,AO,AGO,731814,iron_steel,0.084,353.93,2024,2024,False
Angola,AO,AGO,731813,iron_steel,0.001,175.58,2024,2024,False
Angola,AO,AGO,731812,iron_steel,0.442,434.58,2024,2024,False
Algeria,DZ,DZA,760421,aluminium,624.8021,2861647.95,2024,2024,False
Algeria,DZ,DZA,760410,aluminium,31.3908,195255.68,2024,2024,False
Algeria,DZ,DZA,7601,aluminium,341.3381,812905.97,2024,2024,False
Bosnia and Herzegovina,BA,BIH,730640,iron_steel,30.7436,155812.0,2024,2024,False
Bosnia and Herzegovina,BA,BIH,730661,iron_steel,3893.591,3558910.38,2024,2024,False
Georgia,GE,GEO,730661,iron_steel,66.7811,54731.46,2024,2024,False
Costa Rica,CR,CRI,730669,iron_steel,26.5271,34317.24,2024,2024,False
Colombia,CO,COL,730729,iron_steel,6.817,175698.76,2024,2024,False
Colombia,CO,COL,730791,iron_steel,168.8503,441633.74,2024,2024,False
Colombia,CO,COL,730792,iron_steel,11463.7812,57267987.71,2024,2024,False
Colombia,CO,COL,730793,iron_steel,7.6069,74331.36,2024,2024,False
Colombia,CO,COL,730799,iron_steel,124.2209,1629775.96,2024,2024,False
Colombia,CO,COL,7308,iron_steel,15787.02,38485371.05,2024,2024,False
Colombia,CO,COL,7309,iron_steel,,1829192.86,2024,2024,False
Colombia,CO,COL,7310,iron_steel,1092.2128,4211374.21,2024,2024,False
Colombia,CO,COL,731100,iron_steel,350.3063,1279437.93,2024,2024,False
Colombia,CO,COL,731811,iron_steel,1.41,18521.09,2024,2024,False
Costa Rica,CR,CRI,730640,iron_steel,37.3834,654037.68,2024,2024,False
Costa Rica,CR,CRI,730650,iron_steel,11.4735,49356.4,2024,2024,False
Costa Rica,CR,CRI,730661,iron_steel,45445.1945,41388070.96,2024,2024,False
Costa Rica,CR,CRI,730690,iron_steel,21.7369,1471303.18,2024,2024,False
Colombia,CO,COL,730722,iron_steel,6.4188,69152.44,2024,2024,False
Costa Rica,CR,CRI,730711,iron_steel,0.4023,3680.34,2024,2024,False
Costa Rica,CR,CRI,730719,iron_steel,13.8571,63611.79,2024,2024,False
Costa Rica,CR,CRI,730721,iron_steel,0.21,1303.48,2024,2024,False
Costa Rica,CR,CRI,730722,iron_steel,1.2095,8259.62,2024,2024,False
Costa Rica,CR,CRI,730723,iron_steel,0.0002,2.22,2024,2024,False
Costa Rica,CR,CRI,730729,iron_steel,4.7455,45160.81,2024,2024,False
Costa Rica,CR,CRI,730791,iron_steel,0.1473,602.0,2024,2024,False
Costa Rica,CR,CRI,730792,iron_steel,67.6019,228034.52,2024,2024,False
Costa Rica,CR,CRI,730793,iron_steel,0.1734,1047.04,2024,2024,False
Costa Rica,CR,CRI,730799,iron_steel,79.9141,380758.82,2024,2024,False
Costa Rica,CR,CRI,7308,iron_steel,1652.3819,5173706.67,2024,2024,False
Costa Rica,CR,CRI,7309,iron_steel,,454177.04,2024,2024,False
Costa Rica,CR,CRI,7310,iron_steel,6266.3848,13579291.23,2024,2024,False
Colombia,CO,COL,730723,iron_steel,3.871,36469.03,2024,2024,False
Colombia,CO,COL,730721,iron_steel,6.0294,63871.85,2024,2024,False
Chile,CL,CHL,7309,iron_steel,289.5884,955402.86,2024,2024,False
China,CN,CHN,730791,iron_steel,483680.0064,662828258.02,2024,2024,False
Chile,CL,CHL,731100,iron_steel,464.5336,865875.4,2024,2024,False
Chile,CL,CHL,731811,iron_steel,6.9818,13642.51,2024,2024,False
China,CN,CHN,730640,iron_steel,235031.4495,411900611.77,2024,2024,False
China,CN,CHN,730650,iron_steel,57205.1287,73833845.3,2024,2024,False
China,CN,CHN,730661,iron_steel,1760549.744,1064934022.73,2024,2024,False
China,CN,CHN,730669,iron_steel,17866.559,22138014.97,2024,2024,False
China,CN,CHN,730690,iron_steel,72336.4189,72754172.44,2024,2024,False
China,CN,CHN,730711,iron_steel,317712.1894,589003218.74,2024,2024,False
China,CN,CHN,730719,iron_steel,191910.4473,475753266.8,2024,2024,False
China,CN,CHN,730721,iron_steel,83723.0518,400346679.6,2024,2024,False
China,CN,CHN,730722,iron_steel,11179.3498,100448344.88,2024,2024,False
China,CN,CHN,730723,iron_steel,32066.2236,247358044.54,2024,2024,False
China,CN,CHN,730729,iron_steel,42227.4062,376976667.59,2024,2024,False
China,CN,CHN,730792,iron_steel,62566.3281,206092860.18,2024,2024,False
Colombia,CO,COL,730719,iron_steel,45.7062,513488.83,2024,2024,False
China,CN,CHN,730793,iron_steel,273435.336,373181143.15,2024,2024,False
China,CN,CHN,730799,iron_steel,224184.4258,660509916.83,2024,2024,False
China,CN,CHN,7308,iron_steel,12941952.4234,19515126418.08,2024,2024,False
China,CN,CHN,7309,iron_steel,355536.5294,968302486.83,2024,2024,False
China,CN,CHN,7310,iron_steel,325697.013,1163208953.89,2024,2024,False
China,CN,CHN,731100,iron_steel,522107.718,1160284538.4,2024,2024,False
China,CN,CHN,731811,iron_steel,28731.5335,38201048.89,2024,2024,False
Colombia,CO,COL,730640,iron_steel,60.8531,543979.45,2024,2024,False
Colombia,CO,COL,730650,iron_steel,94.5342,197275.33,2024,2024,False
Colombia,CO,COL,730661,iron_steel,3056.3208,2836537.09,2024,2024,False
Colombia,CO,COL,730669,iron_steel,157.635,151221.94,2024,2024,False
Colombia,CO,COL,730690,iron_steel,10.4546,152821.12,2024,2024,False
Colombia,CO,COL,730711,iron_steel,51.6571,245866.11,2024,2024,False
Costa Rica,CR,CRI,731100,iron_steel,3403.7305,1333743.86,2024,2024,False
Costa Rica,CR,CRI,731811,iron_steel,4.2636,7527.01,2024,2024,False
Benin,BJ,BEN,730661,iron_steel,61.035,75571.76,2024,2024,False
El Salvador,SV,SLV,730711,iron_steel,0.0084,103.5,2024,2024,False
Ecuador,EC,ECU,730791,iron_steel,2.8923,12425.51,2024,2024,False
Ecuador,EC,ECU,730792,iron_steel,25.1338,123830.67,2024,2024,False
Ecuador,EC,ECU,730793,iron_steel,1.4912,4258.52,2024,2024,False
Ecuador,EC,ECU,730799,iron_steel,23.3062,911833.43,2024,2024,False
Ecuador,EC,ECU,7308,iron_steel,3274.2983,5038781.55,2024,2024,False
Ecuador,EC,ECU,7309,iron_steel,833.6279,1195404.93,2024,2024,False
Ecuador,EC,ECU,7310,iron_steel,3281.5634,8990578.11,2024,2024,False
Ecuador,EC,ECU,731100,iron_steel,791.4815,383769.63,2024,2024,False
El Salvador,SV,SLV,730640,iron_steel,21.8236,117330.05,2024,2024,False
El Salvador,SV,SLV,730650,iron_steel,25.3634,35007.05,2024,2024,False
El Salvador,SV,SLV,730661,iron_steel,30563.8673,32996041.34,2024,2024,False
El Salvador,SV,SLV,730669,iron_steel,10.6984,36077.63,2024,2024,False
El Salvador,SV,SLV,730690,iron_steel,1148.964,1401467.13,2024,2024,False
El Salvador,SV,SLV,730719,iron_steel,3.4296,7246.11,2024,2024,False
Benin,BJ,BEN,730799,iron_steel,0.043,4944.23,2024,2024,False
El Salvador,SV,SLV,730721,iron_steel,4.8847,22682.74,2024,2024,False
El Salvador,SV,SLV,730722,iron_steel,6.072,47389.82,2024,2024,False
El Salvador,SV,SLV,730723,iron_steel,2.3314,22060.1,2024,2024,False
El Salvador,SV,SLV,730729,iron_steel,2.1594,50590.05,2024,2024,False
El Salvador,SV,SLV,730791,iron_steel,20.0568,39139.77,2024,2024,False
El Salvador,SV,SLV,730792,iron_steel,8.3492,37973.5,2024,2024,False
El Salvador,SV,SLV,730793,iron_steel,7.4105,12018.35,2024,2024,False
El Salvador,SV,SLV,730799,iron_steel,9.9385,67132.34,2024,2024,False
El Salvador,SV,SLV,7308,iron_steel,14401.0829,26109573.34,2024,2024,False
El Salvador,SV,SLV,7309,iron_steel,807.5691,3034955.48,2024,2024,False
El Salvador,SV,SLV,7310,iron_steel,130.0482,322128.53,2024,2024,False
El Salvador,SV,SLV,731100,iron_steel,3166.1379,3164668.82,2024,2024,False
Georgia,GE,GEO,730640,iron_steel,11.9814,16332.9,2024,2024,False
Ecuador,EC,ECU,730729,iron_steel,25.9357,358036.14,2024,2024,False
Ecuador,EC,ECU,730723,iron_steel,0.0056,9.61,2024,2024,False
Ecuador,EC,ECU,730722,iron_steel,1.5533,31132.77,2024,2024,False
Ecuador,EC,ECU,730721,iron_steel,0.2582,2509.79,2024,2024,False
Benin,BJ,BEN,7308,iron_steel,1286.1215,2347800.8,2024,2024,False
Benin,BJ,BEN,7309,iron_steel,4.792,23772.5,2024,2024,False
Benin,BJ,BEN,7310,iron_steel,2021.272,1030034.18,2024,2024,False
Benin,BJ,BEN,731100,iron_steel,9.54,182.93,2024,2024,False
Dominican Republic,DO,DOM,730640,iron_steel,6.7578,38146.73,2024,2024,False
Dominican Republic,DO,DOM,730650,iron_steel,3.8791,15244.94,2024,2024,False
Dominican Republic,DO,DOM,730661,iron_steel,11940.6384,11859236.25,2024,2024,False
Dominican Republic,DO,DOM,730690,iron_steel,75.4018,195264.2,2024,2024,False
Dominican Republic,DO,DOM,730711,iron_steel,0.0113,63.62,2024,2024,False
Dominican Republic,DO,DOM,730719,iron_steel,23.073,20388.52,2024,2024,False
Dominican Republic,DO,DOM,730721,iron_steel,0.0028,683.86,2024,2024,False
Dominican Republic,DO,DOM,730722,iron_steel,3.8562,73367.27,2024,2024,False
Dominican Republic,DO,DOM,730729,iron_steel,22.0834,91107.04,2024,2024,False
Dominican Republic,DO,DOM,730791,iron_steel,0.0335,172.22,2024,2024,False
Dominican Republic,DO,DOM,730792,iron_steel,4.6168,69244.36,2024,2024,False
Dominican Republic,DO,DOM,730799,iron_steel,3.936,20974.87,2024,2024,False
Dominican Republic,DO,DOM,7308,iron_steel,4905.9917,7736955.58,2024,2024,False
Dominican Republic,DO,DOM,7309,iron_steel,186.3994,454518.31,2024,2024,False
Dominican Republic,DO,DOM,7310,iron_steel,,42364.97,2024,2024,False
Dominican Republic,DO,DOM,731100,iron_steel,,2618597.1,2024,2024,False
Dominican Republic,DO,DOM,731811,iron_steel,12.6758,23626.43,2024,2024,False
Ecuador,EC,ECU,730650,iron_steel,4.0,36852.25,2024,2024,False
Ecuador,EC,ECU,730661,iron_steel,13594.1874,11703971.07,2024,2024,False
Ecuador,EC,ECU,730669,iron_steel,317.277,137211.49,2024,2024,False
Ecuador,EC,ECU,730690,iron_steel,8.1561,127723.09,2024,2024,False
Ecuador,EC,ECU,730711,iron_steel,0.4692,8754.69,2024,2024,False
Ecuador,EC,ECU,730719,iron_steel,3.0332,45691.28,2024,2024,False
Chile,CL,CHL,7310,iron_steel,26652.4554,40152114.21,2024,2024,False
Chile,CL,CHL,7308,iron_steel,11728.2828,20554388.95,2024,2024,False
Bosnia and Herzegovina,BA,BIH,730669,iron_steel,18.5205,34395.42,2024,2024,False
Brunei Darussalam,BN,BRN,730792,iron_steel,0.06,12226.43,2024,2024,False
Brazil,BR,BRA,7309,iron_steel,,21564605.86,2024,2024,False
Brazil,BR,BRA,7310,iron_steel,,16938872.56,2024,2024,False
Brazil,BR,BRA,731100,iron_steel,3250.6665,12349002.86,2024,2024,False
Brazil,BR,BRA,731811,iron_steel,262.4707,515741.61,2024,2024,False
Brunei Darussalam,BN,BRN,730640,iron_steel,599.395,98342.62,2024,2024,False
Brunei Darussalam,BN,BRN,730650,iron_steel,23.753,65941.35,2024,2024,False
Brunei Darussalam,BN,BRN,730690,iron_steel,786.186,661176.42,2024,2024,False
Brunei Darussalam,BN,BRN,730711,iron_steel,0.2,691.74,2024,2024,False
Brunei Darussalam,BN,BRN,730719,iron_steel,0.674,2924.82,2024,2024,False
Brunei Darussalam,BN,BRN,730721,iron_steel,0.06,698.11,2024,2024,False
Brunei Darussalam,BN,BRN,730722,iron_steel,0.855,42014.95,2024,2024,False
Brunei Darussalam,BN,BRN,730729,iron_steel,0.3627,41277.05,2024,2024,False
Brunei Darussalam,BN,BRN,730791,iron_steel,5.3215,85146.36,2024,2024,False
Brunei Darussalam,BN,BRN,730793,iron_steel,0.2423,9130.05,2024,2024,False
Brazil,BR,BRA,730799,iron_steel,483.552,9949397.47,2024,2024,False
Brunei Darussalam,BN,BRN,730799,iron_steel,57.6676,365144.72,2024,2024,False
Brunei Darussalam,BN,BRN,7308,iron_steel,3907.706,3158512.42,2024,2024,False
Brunei Darussalam,BN,BRN,7309,iron_steel,270.0309,262487.84,2024,2024,False
Brunei Darussalam,BN,BRN,7310,iron_steel,14388.9983,4379412.8,2024,2024,False
Brunei Darussalam,BN,BRN,731100,iron_steel,1024.969,1932506.3,2024,2024,False
Myanmar,MM,MMR,730690,iron_steel,84.96,24496.37,2024,2024,False
Myanmar,MM,MMR,730792,iron_steel,0.4,1108.95,2024,2024,False
Myanmar,MM,MMR,730799,iron_steel,52.6795,51302.12,2024,2024,False
Myanmar,MM,MMR,7308,iron_steel,10820.1641,10052742.19,2024,2024,False
Myanmar,MM,MMR,731100,iron_steel,9.2,6511.64,2024,2024,False
Cambodia,KH,KHM,730661,iron_steel,2000.1185,1233948.31,2024,2024,False
Cambodia,KH,KHM,730669,iron_steel,2668.93,2746736.9,2024,2024,False
Cambodia,KH,KHM,730690,iron_steel,0.0003,282.78,2024,2024,False
Brazil,BR,BRA,7308,iron_steel,43889.5238,116642772.39,2024,2024,False
Brazil,BR,BRA,730793,iron_steel,225.8709,2934125.31,2024,2024,False
Chile,CL,CHL,730799,iron_steel,100.3583,1501492.96,2024,2024,False
Bosnia and Herzegovina,BA,BIH,7310,iron_steel,1652.6519,6820324.23,2024,2024,False
Bosnia and Herzegovina,BA,BIH,730690,iron_steel,472.0332,629866.08,2024,2024,False
Bosnia and Herzegovina,BA,BIH,730711,iron_steel,3.7651,28830.02,2024,2024,False
Bosnia and Herzegovina,BA,BIH,730719,iron_steel,92.5215,416780.57,2024,2024,False
Bosnia and Herzegovina,BA,BIH,730721,iron_steel,5.8631,106889.87,2024,2024,False
Bosnia and Herzegovina,BA,BIH,730722,iron_steel,20.45,49329.77,2024,2024,False
Bosnia and Herzegovina,BA,BIH,730723,iron_steel,27.781,264086.33,2024,2024,False
Bosnia and Herzegovina,BA,BIH,730729,iron_steel,18.7173,406426.07,2024,2024,False
Bosnia and Herzegovina,BA,BIH,730791,iron_steel,118.9134,1180661.23,2024,2024,False
Bosnia and Herzegovina,BA,BIH,730792,iron_steel,13.8757,61256.17,2024,2024,False
Bosnia and Herzegovina,BA,BIH,730793,iron_steel,3.3338,13135.29,2024,2024,False
Bosnia and Herzegovina,BA,BIH,730799,iron_steel,1585.9693,4440073.62,2024,2024,False
Bosnia and Herzegovina,BA,BIH,7308,iron_steel,114291.2206,283461701.44,2024,2024,False
Bosnia and Herzegovina,BA,BIH,7309,iron_steel,5064.5613,16995937.48,2024,2024,False
Bosnia and Herzegovina,BA,BIH,731100,iron_steel,109.2996,500982.74,2024,2024,False
Brazil,BR,BRA,730792,iron_steel,,5812424.91,2024,2024,False
Bosnia and Herzegovina,BA,BIH,731811,iron_steel,2.5644,6008.15,2024,2024,False
Brazil,BR,BRA,730640,iron_steel,1612.846,8284452.45,2024,2024,False
Brazil,BR,BRA,730650,iron_steel,254.7026,740581.28,2024,2024,False
Brazil,BR,BRA,730661,iron_steel,29301.6198,26299712.6,2024,2024,False
Brazil,BR,BRA,730669,iron_steel,130.2862,244811.02,2024,2024,False
Brazil,BR,BRA,730690,iron_steel,864.8569,5503251.09,2024,2024,False
Brazil,BR,BRA,730711,iron_steel,3202.3097,11247123.19,2024,2024,False
Brazil,BR,BRA,730719,iron_steel,2581.064,14470631.18,2024,2024,False
Brazil,BR,BRA,730721,iron_steel,270.9402,4319089.73,2024,2024,False
Brazil,BR,BRA,730722,iron_steel,28.4959,2910560.02,2024,2024,False
Brazil,BR,BRA,730723,iron_steel,54.3296,1129510.21,2024,2024,False
Brazil,BR,BRA,730729,iron_steel,148.7221,5257176.79,2024,2024,False
Brazil,BR,BRA,730791,iron_steel,331.4197,3400626.56,2024,2024,False
Cambodia,KH,KHM,730711,iron_steel,207.7818,247706.83,2024,2024,False
Cambodia,KH,KHM,730719,iron_steel,185.1472,586593.87,2024,2024,False
Cambodia,KH,KHM,730791,iron_steel,1093.4051,5685926.59,2024,2024,False
Sri Lanka,LK,LKA,731811,iron_steel,2.7113,15985.32,2024,2024,False
Sri Lanka,LK,LKA,730711,iron_steel,0.018,496.66,2024,2024,False
Sri Lanka,LK,LKA,730719,iron_steel,2.4736,4867.2,2024,2024,False
Sri Lanka,LK,LKA,730721,iron_steel,84.173,196048.57,2024,2024,False
Sri Lanka,LK,LKA,730722,iron_steel,1.4281,5370.09,2024,2024,False
Sri Lanka,LK,LKA,730723,iron_steel,0.015,514.54,2024,2024,False
Sri Lanka,LK,LKA,730729,iron_steel,3.046,19163.27,2024,2024,False
Sri Lanka,LK,LKA,730791,iron_steel,4.0079,17341.49,2024,2024,False
Sri Lanka,LK,LKA,730792,iron_steel,1.4394,41942.93,2024,2024,False
Sri Lanka,LK,LKA,730799,iron_steel,34.6008,115007.26,2024,2024,False
Sri Lanka,LK,LKA,7308,iron_steel,4353.048,5482490.55,2024,2024,False
Sri Lanka,LK,LKA,7309,iron_steel,24.558,70379.24,2024,2024,False
Sri Lanka,LK,LKA,7310,iron_steel,1445.625,1216722.29,2024,2024,False
Sri Lanka,LK,LKA,731100,iron_steel,205.4855,160727.3,2024,2024,False
Chile,CL,CHL,730640,iron_steel,82.4526,466602.76,2024,2024,False
Cambodia,KH,KHM,730792,iron_steel,1271.08,2315732.03,2024,2024,False
Chile,CL,CHL,730650,iron_steel,2862.8071,6214599.96,2024,2024,False
Chile,CL,CHL,730661,iron_steel,73.0561,158175.95,2024,2024,False
Chile,CL,CHL,730669,iron_steel,32.5794,77944.63,2024,2024,False
Chile,CL,CHL,730690,iron_steel,387.2927,388217.07,2024,2024,False
Chile,CL,CHL,730711,iron_steel,2.669,6772.41,2024,2024,False
Chile,CL,CHL,730719,iron_steel,66.3241,678870.63,2024,2024,False
Chile,CL,CHL,730721,iron_steel,9.1207,126474.51,2024,2024,False
Chile,CL,CHL,730722,iron_steel,5.7468,34820.66,2024,2024,False
Chile,CL,CHL,730723,iron_steel,79.1297,207858.95,2024,2024,False
Chile,CL,CHL,730729,iron_steel,102.6263,1159036.31,2024,2024,False
Chile,CL,CHL,730791,iron_steel,71.038,310506.03,2024,2024,False
Chile,CL,CHL,730792,iron_steel,42.3028,306289.2,2024,2024,False
Chile,CL,CHL,730793,iron_steel,113.068,549168.57,2024,2024,False
Sri Lanka,LK,LKA,730690,iron_steel,46.209,54088.22,2024,2024,False
Sri Lanka,LK,LKA,730661,iron_steel,122.333,80164.29,2024,2024,False
Sri Lanka,LK,LKA,730650,iron_steel,43.254,39464.61,2024,2024,False
Sri Lanka,LK,LKA,730640,iron_steel,0.0957,711.93,2024,2024,False
Cambodia,KH,KHM,730793,iron_steel,7539.0143,13454277.63,2024,2024,False
Cambodia,KH,KHM,730799,iron_steel,5.0,11394.07,2024,2024,False
Cambodia,KH,KHM,7308,iron_steel,4873.4404,6928998.22,2024,2024,False
Cambodia,KH,KHM,7309,iron_steel,2435.8569,1189530.84,2024,2024,False
Cambodia,KH,KHM,7310,iron_steel,3961.5994,6726034.35,2024,2024,False
Cambodia,KH,KHM,731100,iron_steel,381.7932,447897.37,2024,2024,False
Cambodia,KH,KHM,731811,iron_steel,0.0136,110.31,2024,2024,False
Canada,CA,CAN,730640,iron_steel,13553.259,104558769.79,2024,2024,False
Canada,CA,CAN,730650,iron_steel,17258.127,32150518.03,2024,2024,False
Canada,CA,CAN,730661,iron_steel,334559.103,405351682.19,2024,2024,False
Canada,CA,CAN,730669,iron_steel,130.684,206341.71,2024,2024,False
Canada,CA,CAN,730690,iron_steel,7601.536,24899335.97,2024,2024,False
Canada,CA,CAN,730711,iron_steel,443.178,2389153.79,2024,2024,False
Canada,CA,CAN,730719,iron_steel,1861.6278,12124487.94,2024,2024,False
Canada,CA,CAN,730721,iron_steel,312.7829,4565573.85,2024,2024,False
Canada,CA,CAN,730722,iron_steel,,5366371.23,2024,2024,False
Canada,CA,CAN,730723,iron_steel,558.8176,10821732.05,2024,2024,False
Canada,CA,CAN,730729,iron_steel,606.5483,27337498.27,2024,2024,False
Canada,CA,CAN,730791,iron_steel,2643.9787,14296296.83,2024,2024,False
Canada,CA,CAN,730792,iron_steel,1303.2404,15816962.12,2024,2024,False
Canada,CA,CAN,730793,iron_steel,4556.7491,25835745.69,2024,2024,False
Canada,CA,CAN,730799,iron_steel,3136.6826,44119619.84,2024,2024,False
Canada,CA,CAN,7308,iron_steel,517121.0098,1589514196.38,2024,2024,False
Canada,CA,CAN,7309,iron_steel,30663.1881,181070235.98,2024,2024,False
Canada,CA,CAN,7310,iron_steel,16118.9254,65058698.73,2024,2024,False
Canada,CA,CAN,731100,iron_steel,9884.2766,36846549.39,2024,2024,False
Canada,CA,CAN,731811,iron_steel,53.7388,122883.7,2024,2024,False
Bahrain,BH,BHR,760421,aluminium,554.5421,2259877.02,2024,2024,False
Bahrain,BH,BHR,760429,aluminium,9531.6576,32317740.35,2024,2024,False
Armenia,AM,ARM,731812,iron_steel,0.6893,11512.2,2024,2024,False
Honduras,HN,HND,732620,iron_steel,83.6591,243277.73,2024,2024,False
Hong Kong,HK,HKG,731822,iron_steel,162.654,9811143.74,2024,2024,False
Hong Kong,HK,HKG,731821,iron_steel,69.511,2670366.71,2024,2024,False
Hong Kong,HK,HKG,731819,iron_steel,430.601,18350612.04,2024,2024,False
Hong Kong,HK,HKG,731816,iron_steel,431.315,18315898.2,2024,2024,False
Hong Kong,HK,HKG,731815,iron_steel,5437.153,114063763.37,2024,2024,False
Hong Kong,HK,HKG,731814,iron_steel,570.868,10289207.15,2024,2024,False
Hong Kong,HK,HKG,731813,iron_steel,66.172,2886212.75,2024,2024,False
Hong Kong,HK,HKG,731812,iron_steel,9.341,142653.91,2024,2024,False
Honduras,HN,HND,760429,aluminium,6307.9352,32897403.47,2024,2024,False
Honduras,HN,HND,760421,aluminium,3418.2933,15674486.53,2024,2024,False
Honduras,HN,HND,760410,aluminium,0.2573,514.36,2024,2024,False
Honduras,HN,HND,7601,aluminium,0.0335,231.03,2024,2024,False
Honduras,HN,HND,732690,iron_steel,2326.8285,3437418.27,2024,2024,False
Honduras,HN,HND,732619,iron_steel,9.4345,17218.98,2024,2024,False
Hong Kong,HK,HKG,731824,iron_steel,72.669,4929979.51,2024,2024,False
Honduras,HN,HND,731829,iron_steel,13.4523,55463.19,2024,2024,False
Honduras,HN,HND,731824,iron_steel,1.0131,25750.8,2024,2024,False
Honduras,HN,HND,731823,iron_steel,0.021,49.81,2024,2024,False
Honduras,HN,HND,731822,iron_steel,1.8125,36367.26,2024,2024,False
Honduras,HN,HND,731821,iron_steel,0.015,368.8,2024,2024,False
Honduras,HN,HND,731819,iron_steel,13.6845,71253.67,2024,2024,False
Honduras,HN,HND,731816,iron_steel,8.521,60487.15,2024,2024,False
Honduras,HN,HND,731815,iron_steel,53.9986,251639.79,2024,2024,False
Honduras,HN,HND,731814,iron_steel,1.6205,28803.57,2024,2024,False
Guatemala,GT,GTM,760429,aluminium,120.88,552986.78,2024,2024,False
Guatemala,GT,GTM,760421,aluminium,33.504,136374.64,2024,2024,False
Guatemala,GT,GTM,760410,aluminium,8.74,46853.34,2024,2024,False
Guatemala,GT,GTM,7603,aluminium,21.884,129740.32,2024,2024,False
Hong Kong,HK,HKG,731823,iron_steel,457.652,17238541.39,2024,2024,False
Hong Kong,HK,HKG,731829,iron_steel,443.553,8613988.4,2024,2024,False
Israel,IL,ISR,731813,iron_steel,63.4059,415858.05,2024,2024,False
Indonesia,ID,IDN,731821,iron_steel,19.374,146564.9,2024,2024,False
Indonesia,ID,IDN,760429,aluminium,25932.6238,97231802.37,2024,2024,False
Indonesia,ID,IDN,760421,aluminium,,35870771.37,2024,2024,False
Indonesia,ID,IDN,760410,aluminium,,3121915.19,2024,2024,False
Indonesia,ID,IDN,7603,aluminium,1455.3046,147689.54,2024,2024,False
Indonesia,ID,IDN,7601,aluminium,,901120138.89,2024,2024,False
Indonesia,ID,IDN,732690,iron_steel,,82770516.7,2024,2024,False
Indonesia,ID,IDN,732620,iron_steel,22448.6709,37647979.67,2024,2024,False
Indonesia,ID,IDN,732619,iron_steel,12299.3241,83399676.54,2024,2024,False
Indonesia,ID,IDN,732611,iron_steel,27413.6629,24565209.49,2024,2024,False
Indonesia,ID,IDN,731829,iron_steel,412.335,2939207.15,2024,2024,False
Indonesia,ID,IDN,731824,iron_steel,157.3836,2991562.46,2024,2024,False
Indonesia,ID,IDN,731823,iron_steel,35.7418,168043.5,2024,2024,False
Indonesia,ID,IDN,731822,iron_steel,305.8523,3359975.72,2024,2024,False
Indonesia,ID,IDN,731819,iron_steel,2839.3855,918193.8,2024,2024,False
Hong Kong,HK,HKG,732611,iron_steel,6.2256,6813.52,2024,2024,False
Indonesia,ID,IDN,731816,iron_steel,2190.8182,17661376.21,2024,2024,False
Indonesia,ID,IDN,731815,iron_steel,15182.8319,91552057.89,2024,2024,False
Indonesia,ID,IDN,731814,iron_steel,,1484407.15,2024,2024,False
Indonesia,ID,IDN,731813,iron_steel,,200613.71,2024,2024,False
Indonesia,ID,IDN,731812,iron_steel,,164069.4,2024,2024,False
Hong Kong,HK,HKG,760429,aluminium,1824.083,10733512.38,2024,2024,False
Hong Kong,HK,HKG,760421,aluminium,791.883,4902274.82,2024,2024,False
Hong Kong,HK,HKG,760410,aluminium,7.336,163936.93,2024,2024,False
Hong Kong,HK,HKG,7603,aluminium,1551.223,3411426.82,2024,2024,False
Hong Kong,HK,HKG,7601,aluminium,,14647524.88,2024,2024,False
Hong Kong,HK,HKG,732690,iron_steel,19713.7898,258494377.05,2024,2024,False
Hong Kong,HK,HKG,732620,iron_steel,4239.0951,14157055.21,2024,2024,False
Hong Kong,HK,HKG,732619,iron_steel,291.8022,1527101.54,2024,2024,False
Guatemala,GT,GTM,7601,aluminium,106.396,172335.27,2024,2024,False
Guatemala,GT,GTM,732690,iron_steel,3466.184,3774952.41,2024,2024,False
Guatemala,GT,GTM,732620,iron_steel,,717633.31,2024,2024,False
El Salvador,SV,SLV,731813,iron_steel,0.4988,207.93,2024,2024,False
El Salvador,SV,SLV,760410,aluminium,21.53,111161.44,2024,2024,False
El Salvador,SV,SLV,732690,iron_steel,136.0189,532837.33,2024,2024,False
El Salvador,SV,SLV,732620,iron_steel,1250.6465,2244210.62,2024,2024,False
El Salvador,SV,SLV,732619,iron_steel,29.4604,118691.8,2024,2024,False
El Salvador,SV,SLV,731829,iron_steel,4.8172,49930.71,2024,2024,False
El Salvador,SV,SLV,731824,iron_steel,2.0205,7379.72,2024,2024,False
El Salvador,SV,SLV,731823,iron_steel,2.1563,1723.75,2024,2024,False
El Salvador,SV,SLV,731822,iron_steel,3.1581,3904.34,2024,2024,False
El Salvador,SV,SLV,731821,iron_steel,8.916,33294.7,2024,2024,False
El Salvador,SV,SLV,731819,iron_steel,30.6216,90134.76,2024,2024,False
El Salvador,SV,SLV,731816,iron_steel,12.0855,32362.38,2024,2024,False
El Salvador,SV,SLV,731815,iron_steel,,249232.26,2024,2024,False
El Salvador,SV,SLV,731814,iron_steel,233.137,1354138.55,2024,2024,False
El Salvador,SV,SLV,731812,iron_steel,38.5699,228968.5,2024,2024,False
Guatemala,GT,GTM,732619,iron_steel,249.555,555306.35,2024,2024,False
Ecuador,EC,ECU,760429,aluminium,6140.375,26289106.98,2024,2024,False
Ecuador,EC,ECU,760421,aluminium,5081.6292,21912218.94,2024,2024,False
Ecuador,EC,ECU,760410,aluminium,39.1166,117201.31,2024,2024,False
Ecuador,EC,ECU,7601,aluminium,2607.44,7166570.01,2024,2024,False
Ecuador,EC,ECU,732690,iron_steel,379.5859,1348468.91,2024,2024,False
Ecuador,EC,ECU,732620,iron_steel,45.253,125980.99,2024,2024,False
Ecuador,EC,ECU,732619,iron_steel,3.0491,29007.38,2024,2024,False
Ecuador,EC,ECU,732611,iron_steel,,4187.06,2024,2024,False
Ecuador,EC,ECU,731829,iron_steel,2.6557,95786.17,2024,2024,False
Ecuador,EC,ECU,731824,iron_steel,15.196,144541.15,2024,2024,False
Ecuador,EC,ECU,731823,iron_steel,0.2128,70.89,2024,2024,False
Ecuador,EC,ECU,731822,iron_steel,3.1063,61901.45,2024,2024,False
Ecuador,EC,ECU,731821,iron_steel,2.7787,26317.59,2024,2024,False
El Salvador,SV,SLV,760421,aluminium,1631.2823,8123128.96,2024,2024,False
El Salvador,SV,SLV,760429,aluminium,1864.4624,9795695.96,2024,2024,False
Georgia,GE,GEO,731812,iron_steel,0.7066,1704.01,2024,2024,False
Georgia,GE,GEO,731813,iron_steel,1.7698,7602.63,2024,2024,False
Guatemala,GT,GTM,731829,iron_steel,3.772,15163.11,2024,2024,False
Guatemala,GT,GTM,731824,iron_steel,3.693,22865.72,2024,2024,False
Guatemala,GT,GTM,731823,iron_steel,3.301,19786.53,2024,2024,False
Guatemala,GT,GTM,731822,iron_steel,2.174,12131.97,2024,2024,False
Guatemala,GT,GTM,731821,iron_steel,2.66,11830.7,2024,2024,False
Guatemala,GT,GTM,731819,iron_steel,20.827,91866.74,2024,2024,False
Guatemala,GT,GTM,731816,iron_steel,36.7,152175.4,2024,2024,False
Guatemala,GT,GTM,731815,iron_steel,208.082,879412.25,2024,2024,False
Guatemala,GT,GTM,731814,iron_steel,120.533,12928.56,2024,2024,False
Guatemala,GT,GTM,731813,iron_steel,0.773,3041.31,2024,2024,False
Guatemala,GT,GTM,731812,iron_steel,1.374,6237.87,2024,2024,False
Georgia,GE,GEO,760429,aluminium,753.3913,3181384.39,2024,2024,False
Georgia,GE,GEO,760421,aluminium,891.8768,4014998.7,2024,2024,False
Georgia,GE,GEO,760410,aluminium,33.1817,174900.5,2024,2024,False
Georgia,GE,GEO,7601,aluminium,4242.612,8988775.31,2024,2024,False
Georgia,GE,GEO,732690,iron_steel,354.3232,1254994.4,2024,2024,False
Georgia,GE,GEO,732620,iron_steel,5.9525,27773.51,2024,2024,False
Georgia,GE,GEO,732619,iron_steel,29.3605,33151.72,2024,2024,False
Georgia,GE,GEO,731829,iron_steel,35.0464,201664.38,2024,2024,False
Georgia,GE,GEO,731824,iron_steel,0.3025,3007.27,2024,2024,False
Georgia,GE,GEO,731823,iron_steel,1.5366,12933.51,2024,2024,False
Georgia,GE,GEO,731822,iron_steel,0.6708,37309.13,2024,2024,False
Georgia,GE,GEO,731821,iron_steel,0.6207,11367.92,2024,2024,False
Georgia,GE,GEO,731819,iron_steel,8.6756,38680.12,2024,2024,False
Georgia,GE,GEO,731816,iron_steel,4.0223,25715.07,2024,2024,False
Georgia,GE,GEO,731815,iron_steel,101.4851,521330.14,2024,2024,False
Georgia,GE,GEO,731814,iron_steel,14.0165,40003.56,2024,2024,False
Israel,IL,ISR,731812,iron_steel,24.9135,123833.29,2024,2024,False
Israel,IL,ISR,731814,iron_steel,11.1095,77626.84,2024,2024,False
Armenia,AM,ARM,731813,iron_steel,1.3544,4694.49,2024,2024,False
Kazakhstan,KZ,KAZ,732620,iron_steel,164.7133,573219.66,2024,2024,False
Jordan,JO,JOR,731824,iron_steel,84.0,59983.78,2024,2024,False
Jordan,JO,JOR,731823,iron_steel,100.222,79092.02,2024,2024,False
Jordan,JO,JOR,731819,iron_steel,0.043,2306.9,2024,2024,False
Jordan,JO,JOR,731816,iron_steel,2.959,8813.07,2024,2024,False
Jordan,JO,JOR,731815,iron_steel,46.449,186889.17,2024,2024,False
Jordan,JO,JOR,731814,iron_steel,4.593,43070.48,2024,2024,False
Jordan,JO,JOR,731812,iron_steel,3.468,3857.91,2024,2024,False
Kazakhstan,KZ,KAZ,760429,aluminium,3978.094,13293485.16,2024,2024,False
Kazakhstan,KZ,KAZ,760421,aluminium,369.9318,1738098.89,2024,2024,False
Kazakhstan,KZ,KAZ,760410,aluminium,3.2462,24925.95,2024,2024,False
Kazakhstan,KZ,KAZ,7603,aluminium,76.2989,242449.02,2024,2024,False
Kazakhstan,KZ,KAZ,7601,aluminium,241655.8627,502147719.86,2024,2024,False
Kazakhstan,KZ,KAZ,732690,iron_steel,6835.622,34644661.28,2024,2024,False
Kazakhstan,KZ,KAZ,732619,iron_steel,2009.3409,4188679.53,2024,2024,False
Jordan,JO,JOR,732611,iron_steel,246.45,107008.75,2024,2024,False
Kazakhstan,KZ,KAZ,732611,iron_steel,140.0078,123164.41,2024,2024,False
Kazakhstan,KZ,KAZ,731829,iron_steel,87.8703,2061733.15,2024,2024,False
Kazakhstan,KZ,KAZ,731824,iron_steel,4.0306,262883.5,2024,2024,False
Kazakhstan,KZ,KAZ,731823,iron_steel,243.2384,64476.74,2024,2024,False
Kazakhstan,KZ,KAZ,731822,iron_steel,64.5763,978487.46,2024,2024,False
Kazakhstan,KZ,KAZ,731821,iron_steel,42.0883,559933.26,2024,2024,False
Kazakhstan,KZ,KAZ,731819,iron_steel,306.955,2124080.33,2024,2024,False
Kazakhstan,KZ,KAZ,731816,iron_steel,105.9772,1669521.09,2024,2024,False
Kazakhstan,KZ,KAZ,731815,iron_steel,1075.2044,7369602.38,2024,2024,False
Kazakhstan,KZ,KAZ,731814,iron_steel,165.2021,512475.57,2024,2024,False
Kazakhstan,KZ,KAZ,731813,iron_steel,23.2295,122268.56,2024,2024,False
Kazakhstan,KZ,KAZ,731812,iron_steel,597.5575,661969.02,2024,2024,False
Japan,JP,JPN,760429,aluminium,9515.565,49769495.75,2024,2024,False
Jordan,JO,JOR,731829,iron_steel,0.001,259.86,2024,2024,False
Jordan,JO,JOR,732619,iron_steel,281.2405,234861.24,2024,2024,False
Israel,IL,ISR,731815,iron_steel,,12430459.29,2024,2024,False
Kenya,KE,KEN,731824,iron_steel,0.105,1285.22,2024,2024,False
Zambia,ZM,ZMB,730441,iron_steel,0.135,1349.1,2024,2024,False
Zambia,ZM,ZMB,730449,iron_steel,273.116,356819.04,2024,2024,False
Zambia,ZM,ZMB,730451,iron_steel,0.0854,24077.16,2024,2024,False
Zambia,ZM,ZMB,730490,iron_steel,251.5003,294549.43,2024,2024,False
Zambia,ZM,ZMB,7305,iron_steel,51.046,40706.96,2024,2024,False
Zambia,ZM,ZMB,730611,iron_steel,0.02,189.6,2024,2024,False
Zambia,ZM,ZMB,730629,iron_steel,2.45,11879.91,2024,2024,False
Zambia,ZM,ZMB,730630,iron_steel,2907.0826,2367398.19,2024,2024,False
Kenya,KE,KEN,732690,iron_steel,405.4614,1307074.96,2024,2024,False
Kenya,KE,KEN,732620,iron_steel,27.0551,47137.82,2024,2024,False
Kenya,KE,KEN,732619,iron_steel,15.9362,13941.46,2024,2024,False
Kenya,KE,KEN,732611,iron_steel,77.0,65654.6,2024,2024,False
Kenya,KE,KEN,731829,iron_steel,3.0752,24248.05,2024,2024,False
Kenya,KE,KEN,731823,iron_steel,5.306,15509.68,2024,2024,False
Jordan,JO,JOR,732620,iron_steel,162.8423,534997.48,2024,2024,False
Kenya,KE,KEN,731822,iron_steel,4.2568,21990.33,2024,2024,False
Kenya,KE,KEN,731821,iron_steel,0.0461,515.73,2024,2024,False
Kenya,KE,KEN,731819,iron_steel,20.9255,97080.44,2024,2024,False
Kenya,KE,KEN,731816,iron_steel,23.7545,24304.89,2024,2024,False
Kenya,KE,KEN,731815,iron_steel,179.4657,407347.94,2024,2024,False
Kenya,KE,KEN,731814,iron_steel,5.325,22287.82,2024,2024,False
Kenya,KE,KEN,731813,iron_steel,2.0363,11332.72,2024,2024,False
Kenya,KE,KEN,731812,iron_steel,0.117,478.35,2024,2024,False
Jordan,JO,JOR,760429,aluminium,217.8766,981717.6,2024,2024,False
Jordan,JO,JOR,760421,aluminium,72.3115,286148.46,2024,2024,False
Jordan,JO,JOR,760410,aluminium,69.482,498667.89,2024,2024,False
Jordan,JO,JOR,7601,aluminium,5141.555,10934584.62,2024,2024,False
Jordan,JO,JOR,732690,iron_steel,6745.0881,12736609.87,2024,2024,False
Japan,JP,JPN,760421,aluminium,2939.551,13911518.18,2024,2024,False
Japan,JP,JPN,760410,aluminium,483.3405,5280771.8,2024,2024,False
Japan,JP,JPN,7603,aluminium,1128.983,6625691.01,2024,2024,False
Israel,IL,ISR,760429,aluminium,4634.6504,16202753.9,2024,2024,False
Ivory Coast,CI,CIV,732620,iron_steel,54.176,76586.81,2024,2024,False
Ivory Coast,CI,CIV,732619,iron_steel,116.658,134528.66,2024,2024,False
Ivory Coast,CI,CIV,732611,iron_steel,3528.637,3819173.91,2024,2024,False
Ivory Coast,CI,CIV,731829,iron_steel,10.432,18614.9,2024,2024,False
Ivory Coast,CI,CIV,731824,iron_steel,0.249,12133.87,2024,2024,False
Ivory Coast,CI,CIV,731823,iron_steel,0.023,167.69,2024,2024,False
Ivory Coast,CI,CIV,731822,iron_steel,0.74,6045.29,2024,2024,False
Ivory Coast,CI,CIV,731821,iron_steel,0.049,2592.31,2024,2024,False
Ivory Coast,CI,CIV,731819,iron_steel,14.42,19254.34,2024,2024,False
Ivory Coast,CI,CIV,731816,iron_steel,2.046,15832.44,2024,2024,False
Ivory Coast,CI,CIV,731815,iron_steel,397.479,281994.95,2024,2024,False
Ivory Coast,CI,CIV,731814,iron_steel,0.009,113.71,2024,2024,False
Ivory Coast,CI,CIV,731813,iron_steel,4.208,2229.77,2024,2024,False
Israel,IL,ISR,760421,aluminium,89.3738,415858.05,2024,2024,False
Japan,JP,JPN,7601,aluminium,,49111069.06,2024,2024,False
Israel,IL,ISR,760410,aluminium,44.0541,275390.44,2024,2024,False
Israel,IL,ISR,7603,aluminium,82.0738,207929.03,2024,2024,False
Israel,IL,ISR,7601,aluminium,1495.798,3050549.86,2024,2024,False
Israel,IL,ISR,732690,iron_steel,,256140837.26,2024,2024,False
Israel,IL,ISR,732620,iron_steel,2028.3122,5905184.36,2024,2024,False
Israel,IL,ISR,732619,iron_steel,765.8924,3543110.62,2024,2024,False
Israel,IL,ISR,731829,iron_steel,,2551520.19,2024,2024,False
Israel,IL,ISR,731824,iron_steel,86.2762,1197671.19,2024,2024,False
Israel,IL,ISR,731823,iron_steel,14.7628,136771.09,2024,2024,False
Israel,IL,ISR,731822,iron_steel,,2030311.43,2024,2024,False
Israel,IL,ISR,731821,iron_steel,6.0762,143240.0,2024,2024,False
Israel,IL,ISR,731819,iron_steel,,13690971.26,2024,2024,False
Israel,IL,ISR,731816,iron_steel,,3456242.49,2024,2024,False
Ivory Coast,CI,CIV,732690,iron_steel,2693.756,9195790.44,2024,2024,False
Ivory Coast,CI,CIV,7601,aluminium,1140.729,889918.16,2024,2024,False
Ivory Coast,CI,CIV,760410,aluminium,1733.846,986699.03,2024,2024,False
Ivory Coast,CI,CIV,760421,aluminium,77.36,89395.95,2024,2024,False
Japan,JP,JPN,732690,iron_steel,74726.7635,969232702.02,2024,2024,False
Japan,JP,JPN,732620,iron_steel,1252.807,6258954.8,2024,2024,False
Japan,JP,JPN,732619,iron_steel,18920.0391,56280817.13,2024,2024,False
Japan,JP,JPN,732611,iron_steel,419.236,891213.73,2024,2024,False
Japan,JP,JPN,731829,iron_steel,9280.5993,108775659.43,2024,2024,False
Japan,JP,JPN,731824,iron_steel,1062.1028,24759605.53,2024,2024,False
Japan,JP,JPN,731823,iron_steel,2847.577,30921682.24,2024,2024,False
Japan,JP,JPN,731822,iron_steel,14596.651,164419613.61,2024,2024,False
Japan,JP,JPN,731821,iron_steel,1602.0214,24977880.4,2024,2024,False
Japan,JP,JPN,731819,iron_steel,2345.3786,22259579.31,2024,2024,False
Japan,JP,JPN,731816,iron_steel,70968.375,516870683.96,2024,2024,False
Japan,JP,JPN,731815,iron_steel,181512.0562,1166060216.97,2024,2024,False
Japan,JP,JPN,731814,iron_steel,9770.631,70771491.44,2024,2024,False
Japan,JP,JPN,731813,iron_steel,1.826,119034.04,2024,2024,False
Japan,JP,JPN,731812,iron_steel,23.666,333352.7,2024,2024,False
Jamaica,JM,JAM,760429,aluminium,0.035,748.54,2024,2024,False
Jamaica,JM,JAM,732690,iron_steel,72.2953,106452.27,2024,2024,False
Jamaica,JM,JAM,732619,iron_steel,1.7052,24542.09,2024,2024,False
Jamaica,JM,JAM,731829,iron_steel,0.0218,10786.43,2024,2024,False
Jamaica,JM,JAM,731824,iron_steel,0.001,64.69,2024,2024,False
Jamaica,JM,JAM,731822,iron_steel,0.0076,370.58,2024,2024,False
Jamaica,JM,JAM,731821,iron_steel,0.024,73.93,2024,2024,False
Jamaica,JM,JAM,731819,iron_steel,0.2471,1730.89,2024,2024,False
Jamaica,JM,JAM,731816,iron_steel,0.0274,2341.74,2024,2024,False
Jamaica,JM,JAM,731815,iron_steel,9.5265,65702.8,2024,2024,False
Jamaica,JM,JAM,731814,iron_steel,0.018,233.8,2024,2024,False
Ivory Coast,CI,CIV,760429,aluminium,0.095,1828.35,2024,2024,False
Ecuador,EC,ECU,731819,iron_steel,0.2018,99986.09,2024,2024,False
Ecuador,EC,ECU,731816,iron_steel,6.6901,49162.98,2024,2024,False
Ecuador,EC,ECU,731815,iron_steel,,142594.43,2024,2024,False
Brunei Darussalam,BN,BRN,731824,iron_steel,0.0112,8538.44,2024,2024,False
Myanmar,MM,MMR,732690,iron_steel,24.7652,205683.8,2024,2024,False
Myanmar,MM,MMR,732620,iron_steel,111.488,168573.14,2024,2024,False
Myanmar,MM,MMR,732619,iron_steel,1.3728,17519.16,2024,2024,False
Myanmar,MM,MMR,731829,iron_steel,308.839,1401940.64,2024,2024,False
Myanmar,MM,MMR,731819,iron_steel,46.5076,164970.26,2024,2024,False
Myanmar,MM,MMR,731815,iron_steel,1.58,226921.73,2024,2024,False
Myanmar,MM,MMR,731812,iron_steel,0.45,916.74,2024,2024,False
Brunei Darussalam,BN,BRN,7603,aluminium,112.0,162696.7,2024,2024,False
Brunei Darussalam,BN,BRN,7601,aluminium,0.044,3043.65,2024,2024,False
Brunei Darussalam,BN,BRN,732690,iron_steel,1928.6107,1992586.23,2024,2024,False
Brunei Darussalam,BN,BRN,732620,iron_steel,243.899,1052319.27,2024,2024,False
Brunei Darussalam,BN,BRN,732619,iron_steel,1.6493,15847.3,2024,2024,False
Brunei Darussalam,BN,BRN,731829,iron_steel,2.132,20922.81,2024,2024,False
Brunei Darussalam,BN,BRN,731822,iron_steel,0.056,1959.34,2024,2024,False
Myanmar,MM,MMR,760429,aluminium,217.902,770664.27,2024,2024,False
Brunei Darussalam,BN,BRN,731821,iron_steel,0.0111,2163.53,2024,2024,False
Brunei Darussalam,BN,BRN,731816,iron_steel,1.5154,21613.14,2024,2024,False
Brunei Darussalam,BN,BRN,731815,iron_steel,3.0032,142787.63,2024,2024,False
Brunei Darussalam,BN,BRN,731813,iron_steel,,123000.16,2024,2024,False
Brunei Darussalam,BN,BRN,731812,iron_steel,,6177.85,2024,2024,False
Brazil,BR,BRA,760429,aluminium,,17480410.31,2024,2024,False
Brazil,BR,BRA,760421,aluminium,1890.901,10364977.36,2024,2024,False
Brazil,BR,BRA,760410,aluminium,80.3173,540936.14,2024,2024,False
Brazil,BR,BRA,7603,aluminium,435.312,2931469.37,2024,2024,False
Brazil,BR,BRA,7601,aluminium,307008.6172,677285639.04,2024,2024,False
Brazil,BR,BRA,732690,iron_steel,39834.8495,137247591.72,2024,2024,False
Brazil,BR,BRA,732620,iron_steel,4371.2151,12163077.35,2024,2024,False
Brazil,BR,BRA,732619,iron_steel,799.6153,5791522.96,2024,2024,False
Myanmar,MM,MMR,7601,aluminium,13930.9726,30596526.93,2024,2024,False
Cambodia,KH,KHM,731812,iron_steel,0.1491,14783.01,2024,2024,False
Ecuador,EC,ECU,731814,iron_steel,10.1108,19179.09,2024,2024,False
Canada,CA,CAN,731819,iron_steel,,11015530.25,2024,2024,False
Canada,CA,CAN,760421,aluminium,39046.214,183437180.01,2024,2024,False
Canada,CA,CAN,760410,aluminium,1222.23,4962573.16,2024,2024,False
Canada,CA,CAN,7603,aluminium,9981.273,19815845.74,2024,2024,False
Canada,CA,CAN,7601,aluminium,2931726.544,7387417089.34,2024,2024,False
Canada,CA,CAN,732690,iron_steel,,834957401.87,2024,2024,False
Canada,CA,CAN,732620,iron_steel,32021.0205,93251672.66,2024,2024,False
Canada,CA,CAN,732619,iron_steel,21766.1898,100693013.01,2024,2024,False
Canada,CA,CAN,732611,iron_steel,18674.1888,16220631.13,2024,2024,False
Canada,CA,CAN,731829,iron_steel,,71148021.1,2024,2024,False
Canada,CA,CAN,731824,iron_steel,295.8553,4117764.97,2024,2024,False
Canada,CA,CAN,731823,iron_steel,1262.2266,11718111.16,2024,2024,False
Canada,CA,CAN,731822,iron_steel,,23011275.04,2024,2024,False
Canada,CA,CAN,731821,iron_steel,381.5616,8972843.9,2024,2024,False
Canada,CA,CAN,731816,iron_steel,,178828616.16,2024,2024,False
Cambodia,KH,KHM,731815,iron_steel,8.7486,37542.99,2024,2024,False
Canada,CA,CAN,731815,iron_steel,,240578846.09,2024,2024,False
Canada,CA,CAN,731814,iron_steel,4391.7973,30185469.98,2024,2024,False
Canada,CA,CAN,731813,iron_steel,21.5836,142259.87,2024,2024,False
Canada,CA,CAN,731812,iron_steel,571.5571,2732405.65,2024,2024,False
Cambodia,KH,KHM,7601,aluminium,19809.8275,27334433.3,2024,2024,False
Cambodia,KH,KHM,732690,iron_steel,8079.6661,13489106.15,2024,2024,False
Cambodia,KH,KHM,732620,iron_steel,3740.4797,8472275.34,2024,2024,False
Cambodia,KH,KHM,732619,iron_steel,130.452,171252.76,2024,2024,False
Cambodia,KH,KHM,731829,iron_steel,0.2717,575.67,2024,2024,False
Cambodia,KH,KHM,731823,iron_steel,10.1402,54356.24,2024,2024,False
Cambodia,KH,KHM,731822,iron_steel,0.2847,5737.17,2024,2024,False
Cambodia,KH,KHM,731819,iron_steel,0.0,22.96,2024,2024,False
Cambodia,KH,KHM,731816,iron_steel,0.3802,2382.46,2024,2024,False
Brazil,BR,BRA,732611,iron_steel,0.7408,4941.32,2024,2024,False
Brazil,BR,BRA,731829,iron_steel,1071.697,16693484.89,2024,2024,False
Brazil,BR,BRA,731824,iron_steel,80.866,2430864.98,2024,2024,False
Armenia,AM,ARM,760410,aluminium,3.5763,15922.04,2024,2024,False
Bolivia,BO,BOL,732619,iron_steel,0.0012,32.28,2024,2024,False
Bolivia,BO,BOL,731829,iron_steel,0.0599,3192.74,2024,2024,False
Bolivia,BO,BOL,731824,iron_steel,0.2935,6227.47,2024,2024,False
Bolivia,BO,BOL,731823,iron_steel,3.6092,21131.73,2024,2024,False
Bolivia,BO,BOL,731822,iron_steel,0.5136,9387.57,2024,2024,False
Bolivia,BO,BOL,731821,iron_steel,0.0006,223.18,2024,2024,False
Bolivia,BO,BOL,731819,iron_steel,0.025,1045.39,2024,2024,False
Bolivia,BO,BOL,731816,iron_steel,0.4626,7411.71,2024,2024,False
Bolivia,BO,BOL,731815,iron_steel,54.7791,520117.32,2024,2024,False
Bolivia,BO,BOL,731813,iron_steel,0.015,1149.73,2024,2024,False
Bolivia,BO,BOL,731812,iron_steel,0.0086,69.31,2024,2024,False
Armenia,AM,ARM,760429,aluminium,2.9648,13619.68,2024,2024,False
Armenia,AM,ARM,760421,aluminium,3.3799,19575.93,2024,2024,False
Armenia,AM,ARM,7601,aluminium,6045.141,12456581.37,2024,2024,False
Brazil,BR,BRA,731823,iron_steel,217.8986,1736906.94,2024,2024,False
Armenia,AM,ARM,732690,iron_steel,76.4536,2178887.41,2024,2024,False
Armenia,AM,ARM,732620,iron_steel,11.9337,67552.99,2024,2024,False
Armenia,AM,ARM,732619,iron_steel,42.977,31333.19,2024,2024,False
Armenia,AM,ARM,732611,iron_steel,0.0384,13.34,2024,2024,False
Armenia,AM,ARM,731829,iron_steel,2.3065,198143.36,2024,2024,False
Armenia,AM,ARM,731824,iron_steel,0.507,38522.15,2024,2024,False
Armenia,AM,ARM,731823,iron_steel,0.512,2099.45,2024,2024,False
Armenia,AM,ARM,731822,iron_steel,2.1109,64133.98,2024,2024,False
Armenia,AM,ARM,731821,iron_steel,0.9343,36365.28,2024,2024,False
Armenia,AM,ARM,731819,iron_steel,43.6934,186381.61,2024,2024,False
Armenia,AM,ARM,731816,iron_steel,3.5394,65667.64,2024,2024,False
Armenia,AM,ARM,731815,iron_steel,10.009,337453.99,2024,2024,False
Armenia,AM,ARM,731814,iron_steel,1.7019,12642.94,2024,2024,False
Bolivia,BO,BOL,732620,iron_steel,16.4328,21833.4,2024,2024,False
Bolivia,BO,BOL,732690,iron_steel,9.4235,165557.91,2024,2024,False
Bolivia,BO,BOL,760421,aluminium,0.0814,348.95,2024,2024,False
Bolivia,BO,BOL,760429,aluminium,0.5459,2153.42,2024,2024,False
Brazil,BR,BRA,731822,iron_steel,618.3507,7009228.35,2024,2024,False
Brazil,BR,BRA,731821,iron_steel,194.9036,2279686.72,2024,2024,False
Brazil,BR,BRA,731819,iron_steel,1736.1814,10917805.19,2024,2024,False
Brazil,BR,BRA,731816,iron_steel,3213.0276,23371414.84,2024,2024,False
Brazil,BR,BRA,731815,iron_steel,13742.4917,69194586.45,2024,2024,False
Brazil,BR,BRA,731814,iron_steel,1084.3646,4553607.8,2024,2024,False
Brazil,BR,BRA,731813,iron_steel,29.5429,153998.71,2024,2024,False
Brazil,BR,BRA,731812,iron_steel,732.9269,2073037.61,2024,2024,False
Bosnia and Herzegovina,BA,BIH,760429,aluminium,16037.3847,69537885.26,2024,2024,False
Bosnia and Herzegovina,BA,BIH,760421,aluminium,12075.0472,49934610.9,2024,2024,False
Bosnia and Herzegovina,BA,BIH,760410,aluminium,32.3502,221929.55,2024,2024,False
Bosnia and Herzegovina,BA,BIH,7603,aluminium,0.0001,0.08,2024,2024,False
Bosnia and Herzegovina,BA,BIH,7601,aluminium,44714.2924,115436902.0,2024,2024,False
Bosnia and Herzegovina,BA,BIH,732690,iron_steel,20053.4398,71401611.12,2024,2024,False
Bosnia and Herzegovina,BA,BIH,732620,iron_steel,156.5385,597488.58,2024,2024,False
Bosnia and Herzegovina,BA,BIH,732619,iron_steel,3480.3606,6082370.66,2024,2024,False
Bosnia and Herzegovina,BA,BIH,731829,iron_steel,98.6213,993137.07,2024,2024,False
Bosnia and Herzegovina,BA,BIH,731824,iron_steel,7.9124,77184.24,2024,2024,False
Bosnia and Herzegovina,BA,BIH,731823,iron_steel,0.1732,5651.9,2024,2024,False
Bosnia and Herzegovina,BA,BIH,731822,iron_steel,4565.4776,16608689.4,2024,2024,False
Bosnia and Herzegovina,BA,BIH,731821,iron_steel,1646.1861,6214935.8,2024,2024,False
Bosnia and Herzegovina,BA,BIH,731819,iron_steel,355.1949,1227415.49,2024,2024,False
Bosnia and Herzegovina,BA,BIH,731816,iron_steel,21.5248,402621.93,2024,2024,False
Bosnia and Herzegovina,BA,BIH,731815,iron_steel,7685.6789,25296499.49,2024,2024,False
Bosnia and Herzegovina,BA,BIH,731814,iron_steel,25.2676,233650.33,2024,2024,False
Bosnia and Herzegovina,BA,BIH,731813,iron_steel,0.0955,1366.65,2024,2024,False
Bosnia and Herzegovina,BA,BIH,731812,iron_steel,35.7293,230666.47,2024,2024,False
Canada,CA,CAN,760429,aluminium,47439.572,257549470.91,2024,2024,False
Sri Lanka,LK,LKA,731812,iron_steel,0.073,3717.11,2024,2024,False
Sri Lanka,LK,LKA,731813,iron_steel,1.311,6219.23,2024,2024,False
Costa Rica,CR,CRI,731814,iron_steel,2.4954,16055.85,2024,2024,False
Costa Rica,CR,CRI,7601,aluminium,0.035,478.7,2024,2024,False
Costa Rica,CR,CRI,732690,iron_steel,4612.2839,53828456.51,2024,2024,False
Costa Rica,CR,CRI,732620,iron_steel,2975.0144,30900797.86,2024,2024,False
Costa Rica,CR,CRI,732619,iron_steel,25.384,650884.58,2024,2024,False
Costa Rica,CR,CRI,732611,iron_steel,0.009,18.48,2024,2024,False
Costa Rica,CR,CRI,731829,iron_steel,48.7455,9430600.49,2024,2024,False
Costa Rica,CR,CRI,731824,iron_steel,0.9243,20383.58,2024,2024,False
Costa Rica,CR,CRI,731823,iron_steel,0.8326,5936.84,2024,2024,False
Costa Rica,CR,CRI,731822,iron_steel,3.2193,65689.72,2024,2024,False
Costa Rica,CR,CRI,731821,iron_steel,1.2255,8089.85,2024,2024,False
Costa Rica,CR,CRI,731819,iron_steel,9.2918,43721.36,2024,2024,False
Costa Rica,CR,CRI,731816,iron_steel,4.0047,83452.07,2024,2024,False
Costa Rica,CR,CRI,731815,iron_steel,170.0525,763302.76,2024,2024,False
Costa Rica,CR,CRI,731813,iron_steel,0.009,110.53,2024,2024,False
Colombia,CO,COL,731821,iron_steel,18.7124,33101.92,2024,2024,False
Costa Rica,CR,CRI,731812,iron_steel,15.1589,63257.48,2024,2024,False
Colombia,CO,COL,760429,aluminium,3775.8839,21436788.7,2024,2024,False
Colombia,CO,COL,760421,aluminium,2635.0899,14766887.21,2024,2024,False
Colombia,CO,COL,760410,aluminium,23.6314,124870.88,2024,2024,False
Colombia,CO,COL,7603,aluminium,0.1,1386.31,2024,2024,False
Colombia,CO,COL,7601,aluminium,1402.9902,2613156.94,2024,2024,False
Colombia,CO,COL,732690,iron_steel,2947.7034,16085058.44,2024,2024,False
Colombia,CO,COL,732620,iron_steel,165.9092,866945.18,2024,2024,False
Colombia,CO,COL,732619,iron_steel,,1579196.98,2024,2024,False
Colombia,CO,COL,732611,iron_steel,,121918.13,2024,2024,False
Colombia,CO,COL,731829,iron_steel,40.4948,477610.44,2024,2024,False
Colombia,CO,COL,731824,iron_steel,27.2513,344677.62,2024,2024,False
Colombia,CO,COL,731823,iron_steel,401.4231,2601972.77,2024,2024,False
Costa Rica,CR,CRI,760410,aluminium,22.1834,140835.14,2024,2024,False
Costa Rica,CR,CRI,760421,aluminium,465.2599,1743195.0,2024,2024,False
Costa Rica,CR,CRI,760429,aluminium,,10517224.96,2024,2024,False
Benin,BJ,BEN,731813,iron_steel,0.36,17076.27,2024,2024,False
Ecuador,EC,ECU,731813,iron_steel,0.011,177.89,2024,2024,False
Ecuador,EC,ECU,731812,iron_steel,0.1088,586.3,2024,2024,False
Dominican Republic,DO,DOM,760429,aluminium,8109.0774,36317497.67,2024,2024,False
Dominican Republic,DO,DOM,760421,aluminium,,55590565.21,2024,2024,False
Dominican Republic,DO,DOM,760410,aluminium,1.1684,8660.2,2024,2024,False
Dominican Republic,DO,DOM,7601,aluminium,225.353,490701.44,2024,2024,False
Dominican Republic,DO,DOM,732690,iron_steel,,7061649.59,2024,2024,False
Dominican Republic,DO,DOM,732620,iron_steel,1152.5743,1705552.44,2024,2024,False
Dominican Republic,DO,DOM,732619,iron_steel,18.4075,92635.01,2024,2024,False
Dominican Republic,DO,DOM,731829,iron_steel,6.6284,6057.16,2024,2024,False
Dominican Republic,DO,DOM,731824,iron_steel,0.2875,4396.61,2024,2024,False
Dominican Republic,DO,DOM,731823,iron_steel,0.033,158.0,2024,2024,False
Dominican Republic,DO,DOM,731822,iron_steel,12.9107,6257.51,2024,2024,False
Dominican Republic,DO,DOM,731821,iron_steel,0.6364,3562.42,2024,2024,False
Dominican Republic,DO,DOM,731819,iron_steel,5.5236,9311.11,2024,2024,False
Dominican Republic,DO,DOM,731816,iron_steel,10.1309,30009.25,2024,2024,False
Dominican Republic,DO,DOM,731815,iron_steel,207.1623,304673.46,2024,2024,False
Dominican Republic,DO,DOM,731814,iron_steel,,14077.04,2024,2024,False
Dominican Republic,DO,DOM,731813,iron_steel,0.024,265.23,2024,2024,False
Dominican Republic,DO,DOM,731812,iron_steel,0.4242,8854.02,2024,2024,False
Benin,BJ,BEN,760429,aluminium,3.28,19077.05,2024,2024,False
Benin,BJ,BEN,760421,aluminium,9.0,3811.07,2024,2024,False
Benin,BJ,BEN,760410,aluminium,4.0,2612.87,2024,2024,False
Benin,BJ,BEN,732690,iron_steel,16.98,11769.86,2024,2024,False
Benin,BJ,BEN,732620,iron_steel,0.05,76.22,2024,2024,False
Benin,BJ,BEN,731819,iron_steel,5.0,129.58,2024,2024,False
Benin,BJ,BEN,731815,iron_steel,1.4326,2545.75,2024,2024,False
Colombia,CO,COL,731822,iron_steel,28.7706,298793.16,2024,2024,False
Colombia,CO,COL,731819,iron_steel,75.9355,254465.34,2024,2024,False
Sri Lanka,LK,LKA,731814,iron_steel,4.367,34089.58,2024,2024,False
Sri Lanka,LK,LKA,760429,aluminium,448.345,1707601.09,2024,2024,False
Chile,CL,CHL,732619,iron_steel,334.1435,2530183.85,2024,2024,False
Chile,CL,CHL,732611,iron_steel,82203.7424,76166342.16,2024,2024,False
Chile,CL,CHL,731829,iron_steel,37.8618,337754.74,2024,2024,False
Chile,CL,CHL,731824,iron_steel,20.7416,875651.47,2024,2024,False
Chile,CL,CHL,731823,iron_steel,18.4222,117376.99,2024,2024,False
Chile,CL,CHL,731822,iron_steel,61.1599,834074.19,2024,2024,False
Chile,CL,CHL,731821,iron_steel,12.6554,475529.92,2024,2024,False
Chile,CL,CHL,731819,iron_steel,78.9944,270924.35,2024,2024,False
Chile,CL,CHL,731816,iron_steel,275.7889,1247882.11,2024,2024,False
Chile,CL,CHL,731815,iron_steel,1838.6527,4886831.08,2024,2024,False
Chile,CL,CHL,731814,iron_steel,84.0311,273004.94,2024,2024,False
Chile,CL,CHL,731813,iron_steel,19.1756,12645.55,2024,2024,False
Chile,CL,CHL,731812,iron_steel,83.0203,248706.0,2024,2024,False
Sri Lanka,LK,LKA,760421,aluminium,1380.047,5748582.01,2024,2024,False
Colombia,CO,COL,731816,iron_steel,75.5697,411889.55,2024,2024,False
Sri Lanka,LK,LKA,760410,aluminium,0.255,2627.79,2024,2024,False
Sri Lanka,LK,LKA,7601,aluminium,280.0809,524254.06,2024,2024,False
Sri Lanka,LK,LKA,732690,iron_steel,1789.4875,3118679.79,2024,2024,False
Sri Lanka,LK,LKA,732620,iron_steel,24.506,91115.07,2024,2024,False
Sri Lanka,LK,LKA,732619,iron_steel,0.972,5554.89,2024,2024,False
Sri Lanka,LK,LKA,731829,iron_steel,8.2839,102422.35,2024,2024,False
Sri Lanka,LK,LKA,731824,iron_steel,0.1137,1827.99,2024,2024,False
Sri Lanka,LK,LKA,731823,iron_steel,0.668,210550.97,2024,2024,False
Sri Lanka,LK,LKA,731822,iron_steel,5.7905,51932.83,2024,2024,False
Sri Lanka,LK,LKA,731821,iron_steel,1.2849,5553.23,2024,2024,False
Sri Lanka,LK,LKA,731819,iron_steel,9695.3733,9785598.73,2024,2024,False
Sri Lanka,LK,LKA,731816,iron_steel,14.2266,93271.68,2024,2024,False
Sri Lanka,LK,LKA,731815,iron_steel,236.1012,710252.38,2024,2024,False
Chile,CL,CHL,732620,iron_steel,129.4656,148117.76,2024,2024,False
Chile,CL,CHL,732690,iron_steel,8494.5498,24056144.47,2024,2024,False
Chile,CL,CHL,7601,aluminium,634.6348,751377.9,2024,2024,False
Chile,CL,CHL,7603,aluminium,248.0,840402.92,2024,2024,False
Colombia,CO,COL,731815,iron_steel,639.5448,2764524.03,2024,2024,False
Colombia,CO,COL,731814,iron_steel,15.2661,123125.63,2024,2024,False
Colombia,CO,COL,731813,iron_steel,0.3567,84.16,2024,2024,False
Colombia,CO,COL,731812,iron_steel,16.2322,49657.06,2024,2024,False
China,CN,CHN,760429,aluminium,484026.6638,1581710190.37,2024,2024,False
China,CN,CHN,760421,aluminium,602007.695,1921698038.07,2024,2024,False
China,CN,CHN,760410,aluminium,3259.1627,9666504.02,2024,2024,False
China,CN,CHN,7603,aluminium,8954.3193,37522314.94,2024,2024,False
China,CN,CHN,7601,aluminium,363440.2772,870533014.51,2024,2024,False
China,CN,CHN,732690,iron_steel,4061792.7005,13111367950.28,2024,2024,False
China,CN,CHN,732620,iron_steel,1046516.1793,1449728216.43,2024,2024,False
China,CN,CHN,732619,iron_steel,290832.8194,742648331.95,2024,2024,False
China,CN,CHN,732611,iron_steel,1142820.5334,868598845.76,2024,2024,False
China,CN,CHN,731829,iron_steel,76587.692,244781407.45,2024,2024,False
China,CN,CHN,731824,iron_steel,84022.6127,293492341.74,2024,2024,False
China,CN,CHN,731823,iron_steel,38792.7309,138141199.52,2024,2024,False
China,CN,CHN,731822,iron_steel,262946.6259,539502020.15,2024,2024,False
China,CN,CHN,731821,iron_steel,28469.2349,77821271.6,2024,2024,False
China,CN,CHN,731819,iron_steel,609794.0935,916619441.83,2024,2024,False
China,CN,CHN,731816,iron_steel,758470.9551,1510734885.87,2024,2024,False
China,CN,CHN,731815,iron_steel,2058845.1308,3945532704.0,2024,2024,False
China,CN,CHN,731814,iron_steel,598415.6265,958987754.37,2024,2024,False
China,CN,CHN,731813,iron_steel,15292.0684,33301280.84,2024,2024,False
China,CN,CHN,731812,iron_steel,98915.6286,141245176.97,2024,2024,False
Chile,CL,CHL,760429,aluminium,185.2206,451661.31,2024,2024,False
Chile,CL,CHL,760421,aluminium,17.4618,56077.45,2024,2024,False
Chile,CL,CHL,760410,aluminium,44.6565,34577.27,2024,2024,False
Georgia,GE,GEO,730650,iron_steel,0.656,1391.92,2024,2024,False
Georgia,GE,GEO,730669,iron_steel,0.8663,2077.5,2024,2024,False
Thailand,TH,THA,722850,iron_steel,3899.146,7985883.53,2024,2024,False
Singapore,SG,SGP,730719,iron_steel,1631.5767,10683121.98,2024,2024,False
India,IN,IND,730793,iron_steel,4892.9848,14655188.44,2024,2024,False
India,IN,IND,730799,iron_steel,34600.54,131150745.65,2024,2024,False
India,IN,IND,7308,iron_steel,564960.8546,1631216429.24,2024,2024,False
India,IN,IND,7309,iron_steel,19343.0986,58402692.77,2024,2024,False
India,IN,IND,7310,iron_steel,42338.5383,82214462.26,2024,2024,False
India,IN,IND,731100,iron_steel,47117.827,138167058.08,2024,2024,False
India,IN,IND,731811,iron_steel,3006.3103,11416093.56,2024,2024,False
Singapore,SG,SGP,730640,iron_steel,2024.4515,10571992.74,2024,2024,False
Singapore,SG,SGP,730650,iron_steel,267.9775,2087605.98,2024,2024,False
Singapore,SG,SGP,730661,iron_steel,12868.8329,11351684.49,2024,2024,False
Singapore,SG,SGP,730669,iron_steel,88.05,231272.7,2024,2024,False
Singapore,SG,SGP,730690,iron_steel,14329.4614,28458989.54,2024,2024,False
Singapore,SG,SGP,730711,iron_steel,516.8791,3479411.76,2024,2024,False
Singapore,SG,SGP,730721,iron_steel,3653.9157,20416715.76,2024,2024,False
India,IN,IND,730791,iron_steel,111636.4416,203724994.47,2024,2024,False
Singapore,SG,SGP,730722,iron_steel,1330.22,26206260.32,2024,2024,False
Singapore,SG,SGP,730723,iron_steel,489.6096,19034565.99,2024,2024,False
Singapore,SG,SGP,730729,iron_steel,1362.6223,32133595.0,2024,2024,False
Singapore,SG,SGP,730791,iron_steel,3660.2288,37227298.56,2024,2024,False
Singapore,SG,SGP,730792,iron_steel,672.0629,13839396.81,2024,2024,False
Singapore,SG,SGP,730793,iron_steel,3577.4274,18023739.86,2024,2024,False
Singapore,SG,SGP,730799,iron_steel,10866.4802,106115936.09,2024,2024,False
Singapore,SG,SGP,7308,iron_steel,97291.016,170618986.81,2024,2024,False
Singapore,SG,SGP,7309,iron_steel,4200.2437,11239461.15,2024,2024,False
Singapore,SG,SGP,7310,iron_steel,,87925911.79,2024,2024,False
Singapore,SG,SGP,731100,iron_steel,15418.9757,29720323.63,2024,2024,False
Singapore,SG,SGP,731811,iron_steel,745.6479,2061769.46,2024,2024,False
South Africa,ZA,ZAF,730640,iron_steel,2101.5425,3599873.37,2024,2024,False
India,IN,IND,730792,iron_steel,25574.5644,74274280.44,2024,2024,False
India,IN,IND,730729,iron_steel,3775.6642,55663323.74,2024,2024,False
Senegal,SN,SEN,731811,iron_steel,0.014,1363.61,2024,2024,False
Serbia,RS,SRB,730799,iron_steel,823.5338,10037430.92,2024,2024,False
Serbia,RS,SRB,730650,iron_steel,28.474,97385.64,2024,2024,False
Serbia,RS,SRB,730661,iron_steel,41119.844,37259183.07,2024,2024,False
Serbia,RS,SRB,730669,iron_steel,1497.1704,2565790.59,2024,2024,False
Serbia,RS,SRB,730690,iron_steel,236.3525,556666.67,2024,2024,False
Serbia,RS,SRB,730711,iron_steel,105.9054,522780.7,2024,2024,False
Serbia,RS,SRB,730719,iron_steel,200.9859,994620.65,2024,2024,False
Serbia,RS,SRB,730721,iron_steel,12.968,208952.96,2024,2024,False
Serbia,RS,SRB,730722,iron_steel,25.3351,115923.67,2024,2024,False
Serbia,RS,SRB,730723,iron_steel,150.2125,627980.78,2024,2024,False
Serbia,RS,SRB,730729,iron_steel,86.6253,1387154.61,2024,2024,False
Serbia,RS,SRB,730791,iron_steel,55.0967,299234.82,2024,2024,False
Serbia,RS,SRB,730792,iron_steel,54.4502,192298.31,2024,2024,False
Serbia,RS,SRB,730793,iron_steel,678.9207,3510257.83,2024,2024,False
Serbia,RS,SRB,7308,iron_steel,97033.6296,239786011.46,2024,2024,False
India,IN,IND,730723,iron_steel,1079.064,10866076.24,2024,2024,False
Serbia,RS,SRB,7309,iron_steel,7307.606,27347135.2,2024,2024,False
Serbia,RS,SRB,7310,iron_steel,1601.9969,5254652.99,2024,2024,False
Serbia,RS,SRB,731100,iron_steel,123.297,767342.2,2024,2024,False
Serbia,RS,SRB,731811,iron_steel,,1311132.98,2024,2024,False
India,IN,IND,730640,iron_steel,42058.1704,125886531.27,2024,2024,False
India,IN,IND,730650,iron_steel,2946.3268,2225734.84,2024,2024,False
India,IN,IND,730661,iron_steel,64837.26,55077473.69,2024,2024,False
India,IN,IND,730669,iron_steel,58.5606,279286.57,2024,2024,False
India,IN,IND,730690,iron_steel,71748.2214,86483445.22,2024,2024,False
India,IN,IND,730711,iron_steel,59976.5299,122944410.33,2024,2024,False
India,IN,IND,730719,iron_steel,23179.932,68799238.59,2024,2024,False
India,IN,IND,730721,iron_steel,43907.985,219479547.75,2024,2024,False
India,IN,IND,730722,iron_steel,1368.8656,14575360.02,2024,2024,False
South Africa,ZA,ZAF,730650,iron_steel,380.2345,742159.45,2024,2024,False
South Africa,ZA,ZAF,730661,iron_steel,14175.5885,13376195.1,2024,2024,False
South Africa,ZA,ZAF,730669,iron_steel,423.968,761838.48,2024,2024,False
Thailand,TH,THA,730722,iron_steel,148.0961,3456781.88,2024,2024,False
Suriname,SR,SUR,730799,iron_steel,13.952,106553.56,2024,2024,False
Suriname,SR,SUR,7308,iron_steel,1136.7711,4116208.14,2024,2024,False
Suriname,SR,SUR,7309,iron_steel,325.938,714740.74,2024,2024,False
Suriname,SR,SUR,7310,iron_steel,3.2,1386.19,2024,2024,False
Suriname,SR,SUR,731100,iron_steel,66.493,180613.12,2024,2024,False
Thailand,TH,THA,730640,iron_steel,31152.124,68258408.67,2024,2024,False
Thailand,TH,THA,730650,iron_steel,1697.821,5055946.17,2024,2024,False
Thailand,TH,THA,730661,iron_steel,30246.66,23518405.51,2024,2024,False
Thailand,TH,THA,730669,iron_steel,182.609,181517.85,2024,2024,False
Thailand,TH,THA,730690,iron_steel,3004.587,9578420.95,2024,2024,False
Thailand,TH,THA,730711,iron_steel,8123.5799,20535183.01,2024,2024,False
Thailand,TH,THA,730719,iron_steel,22389.8144,80739061.88,2024,2024,False
Thailand,TH,THA,730721,iron_steel,190.5002,3083300.48,2024,2024,False
Thailand,TH,THA,730723,iron_steel,1637.9803,27539780.58,2024,2024,False
South Africa,ZA,ZAF,730690,iron_steel,21292.1438,35866374.94,2024,2024,False
Thailand,TH,THA,730729,iron_steel,2664.3091,32996742.2,2024,2024,False
Thailand,TH,THA,730791,iron_steel,314.3505,2810405.82,2024,2024,False
Thailand,TH,THA,730792,iron_steel,7298.9908,29585075.02,2024,2024,False
Thailand,TH,THA,730793,iron_steel,16434.0601,48514628.03,2024,2024,False
Thailand,TH,THA,730799,iron_steel,5501.8733,47247589.38,2024,2024,False
Thailand,TH,THA,7308,iron_steel,188614.155,1048492854.15,2024,2024,False
Thailand,TH,THA,7309,iron_steel,8019.845,26795824.89,2024,2024,False
Thailand,TH,THA,7310,iron_steel,32544.3277,77411597.06,2024,2024,False
Thailand,TH,THA,731100,iron_steel,112429.1202,181088542.26,2024,2024,False
Thailand,TH,THA,731811,iron_steel,219.0893,885350.72,2024,2024,False
Togo,TG,TGO,730640,iron_steel,34.6,30647.33,2024,2024,False
Togo,TG,TGO,730690,iron_steel,3.5,783.9,2024,2024,False
Togo,TG,TGO,730722,iron_steel,0.002,1065.87,2024,2024,False
Suriname,SR,SUR,730792,iron_steel,1.232,25318.1,2024,2024,False
Suriname,SR,SUR,730791,iron_steel,0.5,3015.23,2024,2024,False
Suriname,SR,SUR,730729,iron_steel,2.248,19160.5,2024,2024,False
Suriname,SR,SUR,730690,iron_steel,27.2606,57758.19,2024,2024,False
South Africa,ZA,ZAF,730711,iron_steel,1291.0529,4085701.39,2024,2024,False
South Africa,ZA,ZAF,730719,iron_steel,988.717,6903434.04,2024,2024,False
South Africa,ZA,ZAF,730721,iron_steel,2067.5305,9395019.3,2024,2024,False
South Africa,ZA,ZAF,730722,iron_steel,440.3999,3275592.41,2024,2024,False
South Africa,ZA,ZAF,730723,iron_steel,206.285,914924.08,2024,2024,False
South Africa,ZA,ZAF,730729,iron_steel,2672.244,14137906.72,2024,2024,False
South Africa,ZA,ZAF,730791,iron_steel,1940.0352,9043239.53,2024,2024,False
South Africa,ZA,ZAF,730792,iron_steel,468.2428,2615751.41,2024,2024,False
South Africa,ZA,ZAF,730793,iron_steel,194.3001,697794.38,2024,2024,False
South Africa,ZA,ZAF,730799,iron_steel,6408.1545,30979514.75,2024,2024,False
South Africa,ZA,ZAF,7308,iron_steel,114651.5549,294274390.94,2024,2024,False
South Africa,ZA,ZAF,7309,iron_steel,7821.1153,21617170.98,2024,2024,False
South Africa,ZA,ZAF,7310,iron_steel,13387.565,19807474.74,2024,2024,False
South Africa,ZA,ZAF,731100,iron_steel,2980.2647,7789764.85,2024,2024,False
South Africa,ZA,ZAF,731811,iron_steel,293.9736,1044225.25,2024,2024,False
Zimbabwe,ZW,ZWE,730690,iron_steel,30.6298,72187.71,2024,2024,False
Zimbabwe,ZW,ZWE,730719,iron_steel,0.001,88.46,2024,2024,False
Zimbabwe,ZW,ZWE,730721,iron_steel,0.8149,470.15,2024,2024,False
Zimbabwe,ZW,ZWE,730722,iron_steel,0.101,4933.44,2024,2024,False
Zimbabwe,ZW,ZWE,730729,iron_steel,0.115,394.57,2024,2024,False
Zimbabwe,ZW,ZWE,730791,iron_steel,0.123,8490.56,2024,2024,False
Zimbabwe,ZW,ZWE,730792,iron_steel,0.005,2029.91,2024,2024,False
Zimbabwe,ZW,ZWE,730799,iron_steel,12.6864,408082.95,2024,2024,False
Zimbabwe,ZW,ZWE,7308,iron_steel,1588.3699,1519247.66,2024,2024,False
Zimbabwe,ZW,ZWE,7309,iron_steel,43.3383,152694.36,2024,2024,False
Zimbabwe,ZW,ZWE,7310,iron_steel,6.985,1949.89,2024,2024,False
Zimbabwe,ZW,ZWE,731100,iron_steel,85.993,66804.38,2024,2024,False
Serbia,RS,SRB,730640,iron_steel,1396.5932,7182154.14,2024,2024,False
Senegal,SN,SEN,731100,iron_steel,141.115,217257.47,2024,2024,False
Togo,TG,TGO,730799,iron_steel,0.089,2955.19,2024,2024,False
Paraguay,PY,PRY,731100,iron_steel,26.985,55636.13,2024,2024,False
Paraguay,PY,PRY,730640,iron_steel,3.5561,6470.2,2024,2024,False
Paraguay,PY,PRY,730661,iron_steel,3667.216,3261462.15,2024,2024,False
Paraguay,PY,PRY,730690,iron_steel,33.199,39259.31,2024,2024,False
Paraguay,PY,PRY,730711,iron_steel,1.945,4648.37,2024,2024,False
Paraguay,PY,PRY,730719,iron_steel,12.2342,17629.37,2024,2024,False
Paraguay,PY,PRY,730722,iron_steel,0.1704,6005.14,2024,2024,False
Paraguay,PY,PRY,730729,iron_steel,0.008,101.62,2024,2024,False
Paraguay,PY,PRY,730791,iron_steel,0.0026,1.1,2024,2024,False
Paraguay,PY,PRY,730792,iron_steel,0.0007,0.3,2024,2024,False
Paraguay,PY,PRY,730799,iron_steel,0.0291,355.14,2024,2024,False
Paraguay,PY,PRY,7308,iron_steel,967.9182,2266212.42,2024,2024,False
Paraguay,PY,PRY,7309,iron_steel,80.488,225905.09,2024,2024,False
Paraguay,PY,PRY,7310,iron_steel,35.466,13066.92,2024,2024,False
Peru,PE,PER,730640,iron_steel,64.2597,229352.38,2024,2024,False
Panama,PA,PAN,731100,iron_steel,6.24,2995.1,2024,2024,False
Peru,PE,PER,730650,iron_steel,29.618,135116.54,2024,2024,False
Peru,PE,PER,730661,iron_steel,5195.5179,4525146.37,2024,2024,False
Peru,PE,PER,730669,iron_steel,1.8296,24169.39,2024,2024,False
Peru,PE,PER,730690,iron_steel,,508643.22,2024,2024,False
Peru,PE,PER,730711,iron_steel,18.1143,311431.13,2024,2024,False
Peru,PE,PER,730719,iron_steel,91.0356,402036.55,2024,2024,False
Peru,PE,PER,730721,iron_steel,,85510.9,2024,2024,False
Peru,PE,PER,730722,iron_steel,25.886,106870.99,2024,2024,False
Peru,PE,PER,730723,iron_steel,1.9825,15743.73,2024,2024,False
Peru,PE,PER,730729,iron_steel,,128263.49,2024,2024,False
Peru,PE,PER,730791,iron_steel,,352127.3,2024,2024,False
Peru,PE,PER,730792,iron_steel,256.7828,1348654.1,2024,2024,False
Peru,PE,PER,730793,iron_steel,15.4306,24408.21,2024,2024,False
Panama,PA,PAN,731811,iron_steel,1.02,1538.67,2024,2024,False
Panama,PA,PAN,7310,iron_steel,60.414,158589.78,2024,2024,False
Senegal,SN,SEN,7310,iron_steel,115.264,528307.5,2024,2024,False
Pakistan,PK,PAK,7308,iron_steel,5245.6713,4657442.45,2024,2024,False
Nigeria,NG,NGA,7308,iron_steel,133.51,361687.73,2024,2024,False
Nigeria,NG,NGA,7309,iron_steel,17.5,3512.77,2024,2024,False
Nigeria,NG,NGA,7310,iron_steel,28.6,122430.61,2024,2024,False
Nigeria,NG,NGA,731100,iron_steel,435.9945,405856.71,2024,2024,False
Pakistan,PK,PAK,730640,iron_steel,31.0,52117.6,2024,2024,False
Pakistan,PK,PAK,730661,iron_steel,5.0,5393.41,2024,2024,False
Pakistan,PK,PAK,730690,iron_steel,14752.0,12710750.14,2024,2024,False
Pakistan,PK,PAK,730711,iron_steel,12.0,4836.7,2024,2024,False
Pakistan,PK,PAK,730721,iron_steel,1.0,3686.17,2024,2024,False
Pakistan,PK,PAK,730729,iron_steel,46.0,10661.75,2024,2024,False
Pakistan,PK,PAK,730791,iron_steel,1.0,3798.73,2024,2024,False
Pakistan,PK,PAK,730792,iron_steel,4.0,3875.79,2024,2024,False
Pakistan,PK,PAK,730799,iron_steel,21.0022,77856.59,2024,2024,False
Pakistan,PK,PAK,7309,iron_steel,358.562,399833.18,2024,2024,False
Panama,PA,PAN,7309,iron_steel,372.607,929292.12,2024,2024,False
Pakistan,PK,PAK,7310,iron_steel,6633.9386,10323557.32,2024,2024,False
Pakistan,PK,PAK,731100,iron_steel,48.6712,566360.77,2024,2024,False
Pakistan,PK,PAK,731811,iron_steel,0.776,9330.82,2024,2024,False
Panama,PA,PAN,730640,iron_steel,27.67,185875.61,2024,2024,False
Panama,PA,PAN,730661,iron_steel,70.902,67740.5,2024,2024,False
Panama,PA,PAN,730669,iron_steel,0.005,1441.64,2024,2024,False
Panama,PA,PAN,730690,iron_steel,136.998,139768.04,2024,2024,False
Panama,PA,PAN,730721,iron_steel,2.155,12786.25,2024,2024,False
Panama,PA,PAN,730722,iron_steel,11.702,71645.87,2024,2024,False
Panama,PA,PAN,730729,iron_steel,0.441,11999.82,2024,2024,False
Panama,PA,PAN,730792,iron_steel,6.331,186375.57,2024,2024,False
Panama,PA,PAN,730799,iron_steel,16.314,112338.05,2024,2024,False
Panama,PA,PAN,7308,iron_steel,4857.184,8188971.44,2024,2024,False
Peru,PE,PER,730799,iron_steel,,5635768.05,2024,2024,False
Peru,PE,PER,7308,iron_steel,,29932619.95,2024,2024,False
Peru,PE,PER,7309,iron_steel,2048.4951,10011678.54,2024,2024,False
Senegal,SN,SEN,730650,iron_steel,749.089,631709.02,2024,2024,False
Saudi Arabia,SA,SAU,730719,iron_steel,925.341,3781086.31,2024,2024,False
Saudi Arabia,SA,SAU,730721,iron_steel,176.981,1555982.83,2024,2024,False
Saudi Arabia,SA,SAU,730722,iron_steel,45.398,694483.18,2024,2024,False
Saudi Arabia,SA,SAU,730723,iron_steel,8.707,116076.02,2024,2024,False
Saudi Arabia,SA,SAU,730729,iron_steel,3721.221,3226416.95,2024,2024,False
Saudi Arabia,SA,SAU,730791,iron_steel,2606.176,14838181.19,2024,2024,False
Saudi Arabia,SA,SAU,730792,iron_steel,175.205,3433840.53,2024,2024,False
Saudi Arabia,SA,SAU,730793,iron_steel,1192.75,9392556.21,2024,2024,False
Saudi Arabia,SA,SAU,730799,iron_steel,947.576,6322580.5,2024,2024,False
Saudi Arabia,SA,SAU,7308,iron_steel,57677.4473,73350264.99,2024,2024,False
Saudi Arabia,SA,SAU,7309,iron_steel,5545.249,15351512.91,2024,2024,False
Saudi Arabia,SA,SAU,7310,iron_steel,15065.0193,32842383.92,2024,2024,False
Saudi Arabia,SA,SAU,731100,iron_steel,8940.346,7469308.5,2024,2024,False
Senegal,SN,SEN,730661,iron_steel,9142.116,8522864.83,2024,2024,False
Peru,PE,PER,7310,iron_steel,7379.047,24124089.65,2024,2024,False
Senegal,SN,SEN,730690,iron_steel,43.619,98478.59,2024,2024,False
Senegal,SN,SEN,730711,iron_steel,23.79,63965.22,2024,2024,False
Senegal,SN,SEN,730719,iron_steel,0.098,4968.09,2024,2024,False
Senegal,SN,SEN,730721,iron_steel,0.403,5309.02,2024,2024,False
Senegal,SN,SEN,730722,iron_steel,1.455,10243.75,2024,2024,False
Senegal,SN,SEN,730723,iron_steel,4.704,44096.66,2024,2024,False
Senegal,SN,SEN,730729,iron_steel,0.572,8266.85,2024,2024,False
Senegal,SN,SEN,730791,iron_steel,6.542,73264.78,2024,2024,False
Senegal,SN,SEN,730792,iron_steel,3.848,103061.97,2024,2024,False
Senegal,SN,SEN,730793,iron_steel,6.189,58938.33,2024,2024,False
Senegal,SN,SEN,730799,iron_steel,22.333,411695.44,2024,2024,False
Senegal,SN,SEN,7308,iron_steel,616.477,3171660.28,2024,2024,False
Senegal,SN,SEN,7309,iron_steel,129.02,446993.68,2024,2024,False
Saudi Arabia,SA,SAU,730711,iron_steel,379.775,1755620.82,2024,2024,False
Saudi Arabia,SA,SAU,730690,iron_steel,7312.59,6783318.44,2024,2024,False
Saudi Arabia,SA,SAU,730669,iron_steel,49.21,35221.14,2024,2024,False
Saudi Arabia,SA,SAU,730661,iron_steel,4804.555,3773478.39,2024,2024,False
Peru,PE,PER,731100,iron_steel,,705644.76,2024,2024,False
Peru,PE,PER,731811,iron_steel,0.0009,0.83,2024,2024,False
Philippines,PH,PHL,730640,iron_steel,267.5833,634790.68,2024,2024,False
Philippines,PH,PHL,730650,iron_steel,0.0074,612.7,2024,2024,False
Philippines,PH,PHL,730661,iron_steel,3.8,700.49,2024,2024,False
Philippines,PH,PHL,730690,iron_steel,62.6482,382889.75,2024,2024,False
Philippines,PH,PHL,730711,iron_steel,8.49,12456.33,2024,2024,False
Philippines,PH,PHL,730719,iron_steel,25.8101,34782.37,2024,2024,False
Philippines,PH,PHL,730721,iron_steel,169.4116,1397361.61,2024,2024,False
Philippines,PH,PHL,730722,iron_steel,159.9929,700930.6,2024,2024,False
Philippines,PH,PHL,730723,iron_steel,173.1278,1416099.25,2024,2024,False
Philippines,PH,PHL,730729,iron_steel,0.9133,37954.9,2024,2024,False
Philippines,PH,PHL,730791,iron_steel,0.5872,1656.96,2024,2024,False
Philippines,PH,PHL,730792,iron_steel,27.7918,208392.02,2024,2024,False
Philippines,PH,PHL,730793,iron_steel,4.2438,21654.19,2024,2024,False
Philippines,PH,PHL,730799,iron_steel,1382.2242,11042204.97,2024,2024,False
Philippines,PH,PHL,7308,iron_steel,,75980902.87,2024,2024,False
Philippines,PH,PHL,7309,iron_steel,759.4705,4397378.25,2024,2024,False
Philippines,PH,PHL,7310,iron_steel,3797.6208,12712174.48,2024,2024,False
Philippines,PH,PHL,731100,iron_steel,8422.7593,7470170.04,2024,2024,False
Philippines,PH,PHL,731811,iron_steel,2542.3126,5303083.82,2024,2024,False
Qatar,QA,QAT,7308,iron_steel,0.0,38052944.58,2024,2024,False
Qatar,QA,QAT,7309,iron_steel,359.846,514443.82,2024,2024,False
Qatar,QA,QAT,7310,iron_steel,0.0,2015439.52,2024,2024,False
Qatar,QA,QAT,731100,iron_steel,29907.418,17677493.65,2024,2024,False
Saudi Arabia,SA,SAU,730640,iron_steel,335.361,1072377.02,2024,2024,False
Saudi Arabia,SA,SAU,730650,iron_steel,944.026,4622316.74,2024,2024,False
Togo,TG,TGO,730792,iron_steel,0.01,2977.01,2024,2024,False
Togo,TG,TGO,7308,iron_steel,95.335,302565.93,2024,2024,False
Georgia,GE,GEO,730690,iron_steel,62.7683,102378.73,2024,2024,False
Tanzania,TZ,TZA,731811,iron_steel,12.423,4187.07,2024,2024,False
Tanzania,TZ,TZA,730719,iron_steel,11.3599,14286.64,2024,2024,False
Tanzania,TZ,TZA,730721,iron_steel,0.683,13861.94,2024,2024,False
Tanzania,TZ,TZA,730722,iron_steel,0.813,3364.68,2024,2024,False
Tanzania,TZ,TZA,730723,iron_steel,0.01,32.61,2024,2024,False
Tanzania,TZ,TZA,730729,iron_steel,5.128,5467.36,2024,2024,False
Tanzania,TZ,TZA,730791,iron_steel,0.211,31398.81,2024,2024,False
Tanzania,TZ,TZA,730792,iron_steel,9.6122,67079.06,2024,2024,False
Tanzania,TZ,TZA,730793,iron_steel,0.509,768.04,2024,2024,False
Tanzania,TZ,TZA,730799,iron_steel,78.4474,211070.26,2024,2024,False
Tanzania,TZ,TZA,7308,iron_steel,1141.2955,946396.91,2024,2024,False
Tanzania,TZ,TZA,7309,iron_steel,180.3012,556555.08,2024,2024,False
Tanzania,TZ,TZA,7310,iron_steel,,440418.37,2024,2024,False
Tanzania,TZ,TZA,731100,iron_steel,393.4346,720150.92,2024,2024,False
United States,US,USA,730640,iron_steel,22898.525,201925189.91,2024,2024,False
Tanzania,TZ,TZA,730690,iron_steel,1278.691,1365968.93,2024,2024,False
United States,US,USA,730650,iron_steel,22932.087,80946073.38,2024,2024,False
United States,US,USA,730661,iron_steel,92787.91,148543398.95,2024,2024,False
United States,US,USA,730669,iron_steel,15723.027,17082036.78,2024,2024,False
United States,US,USA,730690,iron_steel,13987.262,41499880.79,2024,2024,False
United States,US,USA,730711,iron_steel,3904.147,28576606.6,2024,2024,False
United States,US,USA,730719,iron_steel,22926.6,202891666.2,2024,2024,False
United States,US,USA,730721,iron_steel,3828.621,86296283.15,2024,2024,False
United States,US,USA,730722,iron_steel,2574.78,341641278.99,2024,2024,False
United States,US,USA,730723,iron_steel,852.234,68046178.73,2024,2024,False
United States,US,USA,730729,iron_steel,5700.131,375937628.68,2024,2024,False
United States,US,USA,730791,iron_steel,8713.98,99157114.87,2024,2024,False
United States,US,USA,730792,iron_steel,20583.813,181427620.37,2024,2024,False
United States,US,USA,730793,iron_steel,4256.896,54660212.55,2024,2024,False
Tanzania,TZ,TZA,730711,iron_steel,0.684,403.56,2024,2024,False
Tanzania,TZ,TZA,730669,iron_steel,34.7,34056.46,2024,2024,False
Egypt,EG,EGY,730729,iron_steel,1.325,65845.93,2024,2024,False
United Kingdom,GB,GBR,730719,iron_steel,2105.9905,38477074.98,2024,2024,False
Egypt,EG,EGY,730792,iron_steel,10.9113,149389.33,2024,2024,False
Egypt,EG,EGY,730793,iron_steel,5.7095,41303.56,2024,2024,False
Egypt,EG,EGY,730799,iron_steel,502.1736,8107583.85,2024,2024,False
Egypt,EG,EGY,7308,iron_steel,78336.1284,228416339.87,2024,2024,False
Egypt,EG,EGY,7309,iron_steel,1087.8392,6919058.12,2024,2024,False
Egypt,EG,EGY,7310,iron_steel,4544.4068,19186250.26,2024,2024,False
Egypt,EG,EGY,731100,iron_steel,207.3061,937519.41,2024,2024,False
United Kingdom,GB,GBR,730640,iron_steel,1091.0053,13862704.19,2024,2024,False
United Kingdom,GB,GBR,730650,iron_steel,101.4192,2281471.39,2024,2024,False
United Kingdom,GB,GBR,730661,iron_steel,199988.4334,215595859.16,2024,2024,False
United Kingdom,GB,GBR,730669,iron_steel,2356.383,4720702.62,2024,2024,False
United Kingdom,GB,GBR,730690,iron_steel,2317.6609,31508830.14,2024,2024,False
United Kingdom,GB,GBR,730711,iron_steel,6242.7636,57637265.86,2024,2024,False
United Kingdom,GB,GBR,730721,iron_steel,782.4788,33809817.72,2024,2024,False
Tanzania,TZ,TZA,730661,iron_steel,17426.509,12410575.38,2024,2024,False
United Kingdom,GB,GBR,730722,iron_steel,522.0094,33217994.78,2024,2024,False
United Kingdom,GB,GBR,730723,iron_steel,646.537,28199753.28,2024,2024,False
United Kingdom,GB,GBR,730729,iron_steel,2979.438,173333492.96,2024,2024,False
United Kingdom,GB,GBR,730791,iron_steel,3277.9538,64596706.09,2024,2024,False
United Kingdom,GB,GBR,730792,iron_steel,459.8154,16469598.08,2024,2024,False
United Kingdom,GB,GBR,730793,iron_steel,1093.0267,15093454.49,2024,2024,False
United Kingdom,GB,GBR,730799,iron_steel,5557.8077,166781856.71,2024,2024,False
United Kingdom,GB,GBR,7308,iron_steel,281398.373,1033196753.87,2024,2024,False
United Kingdom,GB,GBR,7309,iron_steel,23206.1433,119430380.79,2024,2024,False
United Kingdom,GB,GBR,7310,iron_steel,,236256334.89,2024,2024,False
United Kingdom,GB,GBR,731100,iron_steel,9961.6286,75146151.46,2024,2024,False
United Kingdom,GB,GBR,731811,iron_steel,,9406667.34,2024,2024,False
Tanzania,TZ,TZA,730640,iron_steel,103.378,147221.03,2024,2024,False
United States,US,USA,730799,iron_steel,24132.871,387595144.63,2024,2024,False
United States,US,USA,7308,iron_steel,312252.8833,1304280141.39,2024,2024,False
United States,US,USA,7309,iron_steel,54104.9801,344127595.42,2024,2024,False
Zambia,ZM,ZMB,730711,iron_steel,0.542,590.23,2024,2024,False
Uzbekistan,UZ,UZB,7309,iron_steel,108.8816,93301.91,2024,2024,False
Uzbekistan,UZ,UZB,7310,iron_steel,41.3979,38014.04,2024,2024,False
Uzbekistan,UZ,UZB,731100,iron_steel,123.2977,450157.99,2024,2024,False
Uzbekistan,UZ,UZB,731811,iron_steel,0.0479,25.88,2024,2024,False
Yemen,YE,YEM,730650,iron_steel,8.0,14786.06,2024,2024,False
Yemen,YE,YEM,7308,iron_steel,0.3,2772.39,2024,2024,False
Yemen,YE,YEM,7309,iron_steel,6.435,26248.04,2024,2024,False
Yemen,YE,YEM,7310,iron_steel,0.3,924.13,2024,2024,False
Yemen,YE,YEM,731100,iron_steel,212.4,60154.57,2024,2024,False
Zambia,ZM,ZMB,730640,iron_steel,27.3248,21811.49,2024,2024,False
Zambia,ZM,ZMB,730661,iron_steel,5543.9128,4124988.47,2024,2024,False
Zambia,ZM,ZMB,730669,iron_steel,0.025,3.4,2024,2024,False
Zambia,ZM,ZMB,730690,iron_steel,84.7657,109026.87,2024,2024,False
Zambia,ZM,ZMB,730719,iron_steel,4.5253,135314.2,2024,2024,False
United States,US,USA,7310,iron_steel,104906.7418,682085232.42,2024,2024,False
Zambia,ZM,ZMB,730721,iron_steel,4.9066,31588.99,2024,2024,False
Zambia,ZM,ZMB,730722,iron_steel,14.1805,10630.64,2024,2024,False
Zambia,ZM,ZMB,730723,iron_steel,0.0025,76.8,2024,2024,False
Zambia,ZM,ZMB,730729,iron_steel,29.6242,247633.36,2024,2024,False
Zambia,ZM,ZMB,730791,iron_steel,5.4383,61477.16,2024,2024,False
Zambia,ZM,ZMB,730792,iron_steel,13.8893,20949.41,2024,2024,False
Zambia,ZM,ZMB,730793,iron_steel,0.919,2182.23,2024,2024,False
Zambia,ZM,ZMB,730799,iron_steel,145.5301,212246.99,2024,2024,False
Zambia,ZM,ZMB,7308,iron_steel,4506.1872,7791309.68,2024,2024,False
Zambia,ZM,ZMB,7309,iron_steel,61.6123,122671.8,2024,2024,False
Zambia,ZM,ZMB,7310,iron_steel,223.1341,727066.65,2024,2024,False
Zambia,ZM,ZMB,731100,iron_steel,672.593,196306.37,2024,2024,False
Zambia,ZM,ZMB,731811,iron_steel,2.0753,2081.98,2024,2024,False
Uzbekistan,UZ,UZB,7308,iron_steel,5808.0974,8837415.16,2024,2024,False
Uzbekistan,UZ,UZB,730799,iron_steel,26.0633,25785.95,2024,2024,False
Uzbekistan,UZ,UZB,730793,iron_steel,1.04,3200.26,2024,2024,False
Uzbekistan,UZ,UZB,730792,iron_steel,10.32,75538.31,2024,2024,False
United States,US,USA,731100,iron_steel,70932.0645,320782545.98,2024,2024,False
United States,US,USA,731811,iron_steel,3463.254,20593313.93,2024,2024,False
Uruguay,UY,URY,730640,iron_steel,5122.393,16800848.35,2024,2024,False
Uruguay,UY,URY,730661,iron_steel,6.425,29371.59,2024,2024,False
Uruguay,UY,URY,730690,iron_steel,2.817,3946.03,2024,2024,False
Uruguay,UY,URY,730711,iron_steel,7.281,5803.53,2024,2024,False
Uruguay,UY,URY,730719,iron_steel,0.649,10198.69,2024,2024,False
Uruguay,UY,URY,730721,iron_steel,0.1102,9110.99,2024,2024,False
Uruguay,UY,URY,730722,iron_steel,0.121,3281.58,2024,2024,False
Uruguay,UY,URY,730723,iron_steel,1.335,4496.81,2024,2024,False
Uruguay,UY,URY,730729,iron_steel,0.784,20139.54,2024,2024,False
Uruguay,UY,URY,730791,iron_steel,0.048,592.37,2024,2024,False
Uruguay,UY,URY,730792,iron_steel,0.008,1534.98,2024,2024,False
Uruguay,UY,URY,730799,iron_steel,0.506,11602.44,2024,2024,False
Uruguay,UY,URY,7308,iron_steel,414.3602,1040889.94,2024,2024,False
Uruguay,UY,URY,7309,iron_steel,62.004,592010.9,2024,2024,False
Uruguay,UY,URY,7310,iron_steel,103.0034,202425.84,2024,2024,False
Uruguay,UY,URY,731100,iron_steel,40.004,189088.81,2024,2024,False
Uzbekistan,UZ,UZB,730640,iron_steel,0.0001,262.45,2024,2024,False
Uzbekistan,UZ,UZB,730650,iron_steel,18.0885,15651.05,2024,2024,False
Uzbekistan,UZ,UZB,730661,iron_steel,1378.5587,971570.09,2024,2024,False
Uzbekistan,UZ,UZB,730669,iron_steel,1.9,369.65,2024,2024,False
Uzbekistan,UZ,UZB,730690,iron_steel,,18860.55,2024,2024,False
Uzbekistan,UZ,UZB,730721,iron_steel,0.2447,19160.88,2024,2024,False
Uzbekistan,UZ,UZB,730722,iron_steel,0.0312,324.37,2024,2024,False
Uzbekistan,UZ,UZB,730729,iron_steel,,79249.61,2024,2024,False
Uzbekistan,UZ,UZB,730791,iron_steel,0.7502,4133.63,2024,2024,False
Egypt,EG,EGY,730791,iron_steel,10.2172,64873.86,2024,2024,False
Egypt,EG,EGY,730723,iron_steel,0.006,138.62,2024,2024,False
Togo,TG,TGO,7309,iron_steel,0.279,455.43,2024,2024,False
Turkey,TR,TUR,730719,iron_steel,4069.186,16900144.16,2024,2024,False
Tunisia,TN,TUN,730793,iron_steel,147.5774,847164.97,2024,2024,False
Tunisia,TN,TUN,730799,iron_steel,131.8953,1855857.2,2024,2024,False
Tunisia,TN,TUN,7308,iron_steel,42911.6691,111914203.91,2024,2024,False
Tunisia,TN,TUN,7309,iron_steel,1417.6357,8550793.02,2024,2024,False
Tunisia,TN,TUN,7310,iron_steel,4541.1685,17198730.13,2024,2024,False
Tunisia,TN,TUN,731100,iron_steel,2291.6389,8768734.24,2024,2024,False
Tunisia,TN,TUN,731811,iron_steel,0.1804,421.11,2024,2024,False
Turkey,TR,TUR,730640,iron_steel,7004.032,27890182.05,2024,2024,False
Turkey,TR,TUR,730650,iron_steel,2595.5071,4360678.31,2024,2024,False
Turkey,TR,TUR,730661,iron_steel,915978.824,609011638.48,2024,2024,False
Turkey,TR,TUR,730669,iron_steel,19241.158,13313688.2,2024,2024,False
Turkey,TR,TUR,730690,iron_steel,18967.4838,29871191.2,2024,2024,False
Turkey,TR,TUR,730711,iron_steel,1111.919,6508163.76,2024,2024,False
Turkey,TR,TUR,730721,iron_steel,1198.214,11797507.62,2024,2024,False
Tunisia,TN,TUN,730791,iron_steel,29.2454,155864.03,2024,2024,False
Turkey,TR,TUR,730722,iron_steel,879.722,4176645.41,2024,2024,False
Turkey,TR,TUR,730723,iron_steel,899.736,7100036.04,2024,2024,False
Turkey,TR,TUR,730729,iron_steel,1958.815,16507701.69,2024,2024,False
Turkey,TR,TUR,730791,iron_steel,3800.219,24210361.33,2024,2024,False
Turkey,TR,TUR,730792,iron_steel,2046.869,7973415.58,2024,2024,False
Turkey,TR,TUR,730793,iron_steel,7420.936,21489427.96,2024,2024,False
Turkey,TR,TUR,730799,iron_steel,7144.653,42500545.24,2024,2024,False
Turkey,TR,TUR,7308,iron_steel,1277589.1497,2436514815.64,2024,2024,False
Turkey,TR,TUR,7309,iron_steel,19949.3694,90822371.32,2024,2024,False
Turkey,TR,TUR,7310,iron_steel,80144.698,218284186.3,2024,2024,False
Turkey,TR,TUR,731100,iron_steel,78876.103,228408494.59,2024,2024,False
Turkey,TR,TUR,731811,iron_steel,5125.145,8779674.71,2024,2024,False
Uganda,UG,UGA,730640,iron_steel,9.075,14882.99,2024,2024,False
Tunisia,TN,TUN,730792,iron_steel,52.3683,627681.18,2024,2024,False
Tunisia,TN,TUN,730729,iron_steel,33.4301,1507720.69,2024,2024,False
Egypt,EG,EGY,730722,iron_steel,0.7188,64774.44,2024,2024,False
Trinidad and Tobago,TT,TTO,730799,iron_steel,120.0327,491478.16,2024,2024,False
Togo,TG,TGO,7310,iron_steel,5.12,12560.76,2024,2024,False
Togo,TG,TGO,731100,iron_steel,171.537,328260.58,2024,2024,False
Trinidad and Tobago,TT,TTO,730661,iron_steel,47.0064,156801.84,2024,2024,False
Trinidad and Tobago,TT,TTO,730690,iron_steel,681.696,116829962.41,2024,2024,False
Trinidad and Tobago,TT,TTO,730711,iron_steel,0.051,634.97,2024,2024,False
Trinidad and Tobago,TT,TTO,730719,iron_steel,13.155,463497.55,2024,2024,False
Trinidad and Tobago,TT,TTO,730721,iron_steel,1.349,16082.43,2024,2024,False
Trinidad and Tobago,TT,TTO,730722,iron_steel,0.537,6860.75,2024,2024,False
Trinidad and Tobago,TT,TTO,730723,iron_steel,0.07,306.67,2024,2024,False
Trinidad and Tobago,TT,TTO,730729,iron_steel,2.2653,73869.42,2024,2024,False
Trinidad and Tobago,TT,TTO,730791,iron_steel,2.7579,51219.63,2024,2024,False
Trinidad and Tobago,TT,TTO,730792,iron_steel,7.4404,114076.24,2024,2024,False
Trinidad and Tobago,TT,TTO,730793,iron_steel,0.147,229.32,2024,2024,False
Trinidad and Tobago,TT,TTO,7308,iron_steel,4682.6237,11414815.86,2024,2024,False
Tunisia,TN,TUN,730723,iron_steel,2.1701,41457.26,2024,2024,False
Trinidad and Tobago,TT,TTO,7309,iron_steel,127.764,376574.46,2024,2024,False
Trinidad and Tobago,TT,TTO,7310,iron_steel,33.3952,159242.32,2024,2024,False
Trinidad and Tobago,TT,TTO,731100,iron_steel,333.708,714045.57,2024,2024,False
Trinidad and Tobago,TT,TTO,731811,iron_steel,6.022,22261.38,2024,2024,False
Tunisia,TN,TUN,730640,iron_steel,84.4821,472740.25,2024,2024,False
Tunisia,TN,TUN,730650,iron_steel,,332166.59,2024,2024,False
Tunisia,TN,TUN,730661,iron_steel,329.2171,308848.43,2024,2024,False
Tunisia,TN,TUN,730669,iron_steel,29.3965,56234.34,2024,2024,False
Tunisia,TN,TUN,730690,iron_steel,,1046675.07,2024,2024,False
Tunisia,TN,TUN,730711,iron_steel,386.8038,2080311.3,2024,2024,False
Tunisia,TN,TUN,730719,iron_steel,4.8359,31707.87,2024,2024,False
Tunisia,TN,TUN,730721,iron_steel,6.0764,89792.88,2024,2024,False
Tunisia,TN,TUN,730722,iron_steel,,34292.5,2024,2024,False
Uganda,UG,UGA,730650,iron_steel,0.022,822.36,2024,2024,False
Uganda,UG,UGA,730661,iron_steel,669.6116,507165.03,2024,2024,False
Uganda,UG,UGA,730669,iron_steel,3.244,2653.2,2024,2024,False
North Macedonia,MK,MKD,730791,iron_steel,60.338,190792.47,2024,2024,False
Ukraine,UA,UKR,731100,iron_steel,383.0101,937109.62,2024,2024,False
Ukraine,UA,UKR,731811,iron_steel,4.2394,15088.82,2024,2024,False
North Macedonia,MK,MKD,730640,iron_steel,0.7526,3830.13,2024,2024,False
North Macedonia,MK,MKD,730650,iron_steel,0.097,6720.28,2024,2024,False
North Macedonia,MK,MKD,730661,iron_steel,129922.911,93298867.42,2024,2024,False
North Macedonia,MK,MKD,730669,iron_steel,13.038,22515.71,2024,2024,False
North Macedonia,MK,MKD,730690,iron_steel,992.6991,842406.08,2024,2024,False
North Macedonia,MK,MKD,730711,iron_steel,60.3063,252191.6,2024,2024,False
North Macedonia,MK,MKD,730719,iron_steel,125.5359,546906.53,2024,2024,False
North Macedonia,MK,MKD,730721,iron_steel,5.186,19904.36,2024,2024,False
North Macedonia,MK,MKD,730722,iron_steel,0.0348,10159.5,2024,2024,False
North Macedonia,MK,MKD,730723,iron_steel,0.093,2605.94,2024,2024,False
North Macedonia,MK,MKD,730729,iron_steel,0.5542,7455.7,2024,2024,False
North Macedonia,MK,MKD,730792,iron_steel,0.0656,1256.91,2024,2024,False
Uganda,UG,UGA,730690,iron_steel,32409.536,28332727.77,2024,2024,False
North Macedonia,MK,MKD,730793,iron_steel,1.2396,5743.83,2024,2024,False
North Macedonia,MK,MKD,730799,iron_steel,3.8289,191498.45,2024,2024,False
North Macedonia,MK,MKD,7308,iron_steel,13618.1028,27586206.19,2024,2024,False
North Macedonia,MK,MKD,7309,iron_steel,114.773,429805.94,2024,2024,False
North Macedonia,MK,MKD,7310,iron_steel,295.782,838618.93,2024,2024,False
North Macedonia,MK,MKD,731100,iron_steel,89.599,498501.73,2024,2024,False
North Macedonia,MK,MKD,731811,iron_steel,3.099,5627.71,2024,2024,False
Egypt,EG,EGY,730640,iron_steel,52.2865,317567.52,2024,2024,False
Egypt,EG,EGY,730661,iron_steel,139.9574,142414.66,2024,2024,False
Egypt,EG,EGY,730690,iron_steel,727.0579,2229615.97,2024,2024,False
Egypt,EG,EGY,730711,iron_steel,5.4891,45343.41,2024,2024,False
Egypt,EG,EGY,730719,iron_steel,112.1575,860874.48,2024,2024,False
Egypt,EG,EGY,730721,iron_steel,1.4031,24875.18,2024,2024,False
Ukraine,UA,UKR,7310,iron_steel,999.9064,3578402.15,2024,2024,False
Ukraine,UA,UKR,7309,iron_steel,4451.8089,10035412.94,2024,2024,False
Ukraine,UA,UKR,7308,iron_steel,35905.9549,77130949.53,2024,2024,False
Ukraine,UA,UKR,730799,iron_steel,320.5196,1393753.29,2024,2024,False
Uganda,UG,UGA,730711,iron_steel,1.49,13261.27,2024,2024,False
Uganda,UG,UGA,730719,iron_steel,1.3,1877.77,2024,2024,False
Uganda,UG,UGA,730721,iron_steel,0.106,202.38,2024,2024,False
Uganda,UG,UGA,730722,iron_steel,2.007,5992.39,2024,2024,False
Uganda,UG,UGA,730723,iron_steel,0.105,497.7,2024,2024,False
Uganda,UG,UGA,730729,iron_steel,9.088,43484.88,2024,2024,False
Uganda,UG,UGA,730791,iron_steel,0.12,2216.5,2024,2024,False
Uganda,UG,UGA,730792,iron_steel,0.23,2686.29,2024,2024,False
Uganda,UG,UGA,730799,iron_steel,45.8118,59308.16,2024,2024,False
Uganda,UG,UGA,7308,iron_steel,1087.5196,1901288.05,2024,2024,False
Uganda,UG,UGA,7309,iron_steel,71.988,66813.53,2024,2024,False
Uganda,UG,UGA,7310,iron_steel,182.549,162722.96,2024,2024,False
Uganda,UG,UGA,731100,iron_steel,117.481,137228.74,2024,2024,False
Ukraine,UA,UKR,730640,iron_steel,412.7903,1424618.06,2024,2024,False
Ukraine,UA,UKR,730650,iron_steel,0.4493,6032.7,2024,2024,False
Ukraine,UA,UKR,730661,iron_steel,59803.3738,40179594.25,2024,2024,False
Ukraine,UA,UKR,730669,iron_steel,110.0883,150564.16,2024,2024,False
Ukraine,UA,UKR,730690,iron_steel,182.7408,228055.07,2024,2024,False
Ukraine,UA,UKR,730711,iron_steel,14.4398,69112.79,2024,2024,False
Ukraine,UA,UKR,730719,iron_steel,79.5271,271064.61,2024,2024,False
Ukraine,UA,UKR,730721,iron_steel,2.3315,166710.11,2024,2024,False
Ukraine,UA,UKR,730722,iron_steel,4.4658,43799.54,2024,2024,False
Ukraine,UA,UKR,730723,iron_steel,7.6026,696924.79,2024,2024,False
Ukraine,UA,UKR,730729,iron_steel,83.7962,1144179.67,2024,2024,False
Ukraine,UA,UKR,730791,iron_steel,52.1191,340036.84,2024,2024,False
Ukraine,UA,UKR,730792,iron_steel,3.1314,83049.62,2024,2024,False
Ukraine,UA,UKR,730793,iron_steel,51.791,591287.7,2024,2024,False
Nigeria,NG,NGA,730799,iron_steel,26.8013,100328.47,2024,2024,False
Nigeria,NG,NGA,730729,iron_steel,7.4335,6967.13,2024,2024,False
Nigeria,NG,NGA,730723,iron_steel,0.0016,505.05,2024,2024,False
Kazakhstan,KZ,KAZ,730793,iron_steel,208.7816,1146088.62,2024,2024,False
Kazakhstan,KZ,KAZ,730640,iron_steel,55.083,640461.74,2024,2024,False
Kazakhstan,KZ,KAZ,730650,iron_steel,3.2652,14783.43,2024,2024,False
Kazakhstan,KZ,KAZ,730661,iron_steel,4293.7662,2488497.27,2024,2024,False
Kazakhstan,KZ,KAZ,730669,iron_steel,2.2573,7631.59,2024,2024,False
Kazakhstan,KZ,KAZ,730690,iron_steel,54.2029,233615.36,2024,2024,False
Kazakhstan,KZ,KAZ,730711,iron_steel,1.0487,11576.88,2024,2024,False
Kazakhstan,KZ,KAZ,730719,iron_steel,43.058,552307.54,2024,2024,False
Kazakhstan,KZ,KAZ,730721,iron_steel,6.1514,167224.2,2024,2024,False
Kazakhstan,KZ,KAZ,730722,iron_steel,1.2111,103848.73,2024,2024,False
Kazakhstan,KZ,KAZ,730723,iron_steel,49.1136,199772.95,2024,2024,False
Kazakhstan,KZ,KAZ,730729,iron_steel,25.5046,2395900.41,2024,2024,False
Kazakhstan,KZ,KAZ,730791,iron_steel,19.9207,478655.17,2024,2024,False
Kazakhstan,KZ,KAZ,730792,iron_steel,1.8071,49897.91,2024,2024,False
Kazakhstan,KZ,KAZ,730799,iron_steel,172.4695,3241188.73,2024,2024,False
Japan,JP,JPN,731100,iron_steel,3864.552,9288019.17,2024,2024,False
Kazakhstan,KZ,KAZ,7308,iron_steel,23054.8056,72075536.98,2024,2024,False
Kazakhstan,KZ,KAZ,7309,iron_steel,521.5536,803597.29,2024,2024,False
Kazakhstan,KZ,KAZ,7310,iron_steel,312.2642,1473857.01,2024,2024,False
Kazakhstan,KZ,KAZ,731100,iron_steel,632.5644,1563422.89,2024,2024,False
Kazakhstan,KZ,KAZ,731811,iron_steel,1.2027,35588.82,2024,2024,False
Jordan,JO,JOR,730640,iron_steel,1223.25,449631.64,2024,2024,False
Jordan,JO,JOR,730650,iron_steel,174.198,288213.03,2024,2024,False
Jordan,JO,JOR,730690,iron_steel,41846.048,31429163.3,2024,2024,False
Jordan,JO,JOR,730711,iron_steel,0.024,1319.44,2024,2024,False
Jordan,JO,JOR,730719,iron_steel,0.01,3066.74,2024,2024,False
Jordan,JO,JOR,730721,iron_steel,0.15,738.26,2024,2024,False
Jordan,JO,JOR,730722,iron_steel,3.02,8552.54,2024,2024,False
Jordan,JO,JOR,730729,iron_steel,0.752,10964.35,2024,2024,False
Japan,JP,JPN,731811,iron_steel,5.931,123020.77,2024,2024,False
Japan,JP,JPN,7310,iron_steel,6080.8074,40579313.2,2024,2024,False
Ivory Coast,CI,CIV,7309,iron_steel,975.537,1570479.6,2024,2024,False
Japan,JP,JPN,730650,iron_steel,23161.713,43129750.46,2024,2024,False
Ivory Coast,CI,CIV,731100,iron_steel,2274.673,6123353.44,2024,2024,False
Ivory Coast,CI,CIV,731811,iron_steel,8.923,35148.71,2024,2024,False
Jamaica,JM,JAM,730669,iron_steel,0.09,1745.68,2024,2024,False
Jamaica,JM,JAM,730690,iron_steel,36.0508,39646.06,2024,2024,False
Jamaica,JM,JAM,730719,iron_steel,23.16,65186.21,2024,2024,False
Jamaica,JM,JAM,730721,iron_steel,0.0236,1332.59,2024,2024,False
Jamaica,JM,JAM,730722,iron_steel,0.0204,3252.01,2024,2024,False
Jamaica,JM,JAM,730729,iron_steel,1.021,117.36,2024,2024,False
Jamaica,JM,JAM,730799,iron_steel,1.5808,3530.17,2024,2024,False
Jamaica,JM,JAM,7308,iron_steel,,377685.98,2024,2024,False
Jamaica,JM,JAM,7309,iron_steel,0.15,2439.7,2024,2024,False
Jamaica,JM,JAM,7310,iron_steel,1050.57,1480742.08,2024,2024,False
Japan,JP,JPN,730640,iron_steel,2924.0005,39495118.65,2024,2024,False
Japan,JP,JPN,730661,iron_steel,,32277792.38,2024,2024,False
Japan,JP,JPN,7309,iron_steel,2854.405,61169460.99,2024,2024,False
Japan,JP,JPN,730669,iron_steel,404.4967,781245.98,2024,2024,False
Japan,JP,JPN,730690,iron_steel,1464.4513,9361141.74,2024,2024,False
Japan,JP,JPN,730711,iron_steel,424.124,5013435.15,2024,2024,False
Japan,JP,JPN,730719,iron_steel,552.8541,9135656.58,2024,2024,False
Japan,JP,JPN,730721,iron_steel,505.8308,11858084.81,2024,2024,False
Japan,JP,JPN,730722,iron_steel,178.9246,7654633.05,2024,2024,False
Japan,JP,JPN,730723,iron_steel,288.73,31360234.49,2024,2024,False
Japan,JP,JPN,730729,iron_steel,1113.8461,97140922.94,2024,2024,False
Japan,JP,JPN,730791,iron_steel,2553.9379,29172064.39,2024,2024,False
Japan,JP,JPN,730792,iron_steel,799.5961,18997538.64,2024,2024,False
Japan,JP,JPN,730793,iron_steel,2731.3281,15600736.8,2024,2024,False
Japan,JP,JPN,730799,iron_steel,10482.6702,143691255.18,2024,2024,False
Japan,JP,JPN,7308,iron_steel,41695.137,130866123.34,2024,2024,False
Jordan,JO,JOR,730791,iron_steel,4.559,38596.96,2024,2024,False
Jordan,JO,JOR,730792,iron_steel,3.36,3840.81,2024,2024,False
Jordan,JO,JOR,730793,iron_steel,227.894,348496.27,2024,2024,False
Kuwait,KW,KWT,730640,iron_steel,0.1177,660.75,2024,2024,False
South Korea,KR,KOR,730721,iron_steel,4767.6807,42933603.18,2024,2024,False
South Korea,KR,KOR,730722,iron_steel,875.0714,31580692.17,2024,2024,False
South Korea,KR,KOR,730723,iron_steel,7550.3548,143103691.9,2024,2024,False
South Korea,KR,KOR,730729,iron_steel,4388.5683,161894713.98,2024,2024,False
South Korea,KR,KOR,730791,iron_steel,19195.0739,91627114.87,2024,2024,False
South Korea,KR,KOR,730792,iron_steel,15985.9607,65169472.32,2024,2024,False
South Korea,KR,KOR,730793,iron_steel,38943.7389,160725267.54,2024,2024,False
South Korea,KR,KOR,730799,iron_steel,17272.5104,156318119.4,2024,2024,False
South Korea,KR,KOR,7308,iron_steel,575569.4798,1764533208.58,2024,2024,False
South Korea,KR,KOR,7309,iron_steel,39186.5653,274890461.14,2024,2024,False
South Korea,KR,KOR,7310,iron_steel,26705.0026,191577026.15,2024,2024,False
South Korea,KR,KOR,731100,iron_steel,41599.745,214836645.41,2024,2024,False
South Korea,KR,KOR,731811,iron_steel,62.3185,595578.04,2024,2024,False
Kuwait,KW,KWT,730650,iron_steel,,12000.74,2024,2024,False
Jordan,JO,JOR,730799,iron_steel,10.915,41908.99,2024,2024,False
Kuwait,KW,KWT,730661,iron_steel,465.3615,431491.54,2024,2024,False
Kuwait,KW,KWT,730669,iron_steel,28.2794,52997.87,2024,2024,False
Kuwait,KW,KWT,730690,iron_steel,10.403,27442.94,2024,2024,False
Kuwait,KW,KWT,730711,iron_steel,9.2307,49762.5,2024,2024,False
Kuwait,KW,KWT,730719,iron_steel,17.3353,112901.77,2024,2024,False
Kuwait,KW,KWT,730721,iron_steel,4.1063,59938.08,2024,2024,False
Kuwait,KW,KWT,730722,iron_steel,,22733.57,2024,2024,False
Kuwait,KW,KWT,730729,iron_steel,0.922,41555.31,2024,2024,False
Kuwait,KW,KWT,730791,iron_steel,53.8925,291402.83,2024,2024,False
Kuwait,KW,KWT,730792,iron_steel,0.8039,9756.95,2024,2024,False
Kuwait,KW,KWT,730793,iron_steel,34.7998,197307.09,2024,2024,False
Kuwait,KW,KWT,730799,iron_steel,27.8418,391614.45,2024,2024,False
Kuwait,KW,KWT,7308,iron_steel,9927.9821,33201613.53,2024,2024,False
South Korea,KR,KOR,730719,iron_steel,1538.4497,16040757.79,2024,2024,False
South Korea,KR,KOR,730711,iron_steel,401.6482,4331629.24,2024,2024,False
South Korea,KR,KOR,730690,iron_steel,2895.3557,19814080.95,2024,2024,False
South Korea,KR,KOR,730669,iron_steel,489.5465,1394238.06,2024,2024,False
Jordan,JO,JOR,7308,iron_steel,20764.2572,40456768.54,2024,2024,False
Jordan,JO,JOR,7309,iron_steel,1451.001,1675517.29,2024,2024,False
Jordan,JO,JOR,7310,iron_steel,12791.1015,23888391.87,2024,2024,False
Jordan,JO,JOR,731100,iron_steel,624.5542,467125.71,2024,2024,False
Kenya,KE,KEN,730640,iron_steel,33.8387,57727.12,2024,2024,False
Kenya,KE,KEN,730650,iron_steel,606.9913,503600.01,2024,2024,False
Kenya,KE,KEN,730661,iron_steel,15058.166,11550756.41,2024,2024,False
Kenya,KE,KEN,730669,iron_steel,59.1022,124114.48,2024,2024,False
Kenya,KE,KEN,730690,iron_steel,3707.924,3438444.69,2024,2024,False
Kenya,KE,KEN,730711,iron_steel,5.9442,17041.58,2024,2024,False
Kenya,KE,KEN,730719,iron_steel,27.2954,103551.4,2024,2024,False
Kenya,KE,KEN,730721,iron_steel,4.378,49626.22,2024,2024,False
Kenya,KE,KEN,730722,iron_steel,3.1058,23528.67,2024,2024,False
Kenya,KE,KEN,730723,iron_steel,0.9235,3306.46,2024,2024,False
Kenya,KE,KEN,730729,iron_steel,11.2343,51216.16,2024,2024,False
Kenya,KE,KEN,730791,iron_steel,50.5458,30557.07,2024,2024,False
Kenya,KE,KEN,730792,iron_steel,8.9475,23767.34,2024,2024,False
Kenya,KE,KEN,730793,iron_steel,4.4575,22548.4,2024,2024,False
Kenya,KE,KEN,730799,iron_steel,64.3326,570119.08,2024,2024,False
Kenya,KE,KEN,7308,iron_steel,4419.0207,7084797.3,2024,2024,False
Kenya,KE,KEN,7309,iron_steel,1217.0315,2770653.61,2024,2024,False
Kenya,KE,KEN,7310,iron_steel,1667.0111,4229194.64,2024,2024,False
Kenya,KE,KEN,731100,iron_steel,7866.5882,14166557.4,2024,2024,False
Kenya,KE,KEN,731811,iron_steel,0.2542,1461.19,2024,2024,False
South Korea,KR,KOR,730640,iron_steel,31178.8339,158568965.9,2024,2024,False
South Korea,KR,KOR,730650,iron_steel,21505.5217,39727424.45,2024,2024,False
South Korea,KR,KOR,730661,iron_steel,93832.4517,74870363.18,2024,2024,False
Ivory Coast,CI,CIV,7310,iron_steel,1802.47,3832526.68,2024,2024,False
Ivory Coast,CI,CIV,7308,iron_steel,1401.811,2481795.59,2024,2024,False
Nigeria,NG,NGA,730721,iron_steel,10.1174,9482.58,2024,2024,False
Honduras,HN,HND,730792,iron_steel,10.2675,38263.44,2024,2024,False
Guatemala,GT,GTM,7310,iron_steel,5757.741,21254321.23,2024,2024,False
Guatemala,GT,GTM,731100,iron_steel,4307.338,8895895.02,2024,2024,False
Guatemala,GT,GTM,731811,iron_steel,0.002,3.7,2024,2024,False
Honduras,HN,HND,730650,iron_steel,48.8525,89484.6,2024,2024,False
Honduras,HN,HND,730661,iron_steel,49587.8,45040103.44,2024,2024,False
Honduras,HN,HND,730669,iron_steel,3.399,7292.42,2024,2024,False
Honduras,HN,HND,730690,iron_steel,3554.8898,3374204.47,2024,2024,False
Honduras,HN,HND,730719,iron_steel,0.0004,42.05,2024,2024,False
Honduras,HN,HND,730721,iron_steel,0.5912,2888.71,2024,2024,False
Honduras,HN,HND,730722,iron_steel,6.0329,8855.65,2024,2024,False
Honduras,HN,HND,730723,iron_steel,0.0339,277.69,2024,2024,False
Honduras,HN,HND,730729,iron_steel,2.0744,10588.81,2024,2024,False
Honduras,HN,HND,730791,iron_steel,1.5676,2920.15,2024,2024,False
Honduras,HN,HND,730793,iron_steel,0.0205,29.0,2024,2024,False
Guatemala,GT,GTM,7308,iron_steel,22792.778,47047066.81,2024,2024,False
Honduras,HN,HND,730799,iron_steel,22.2943,76733.5,2024,2024,False
Honduras,HN,HND,7308,iron_steel,17536.311,18859380.13,2024,2024,False
Honduras,HN,HND,7309,iron_steel,515.7282,1030672.81,2024,2024,False
Honduras,HN,HND,7310,iron_steel,26.1904,80223.84,2024,2024,False
Honduras,HN,HND,731100,iron_steel,299.9131,334749.02,2024,2024,False
Honduras,HN,HND,731811,iron_steel,0.0098,107.53,2024,2024,False
Hong Kong,HK,HKG,730640,iron_steel,588.229,2031051.18,2024,2024,False
Hong Kong,HK,HKG,730650,iron_steel,90.707,134621.38,2024,2024,False
Hong Kong,HK,HKG,730661,iron_steel,2572.534,2421843.18,2024,2024,False
Hong Kong,HK,HKG,730669,iron_steel,72.502,146944.15,2024,2024,False
Hong Kong,HK,HKG,730690,iron_steel,197.954,426681.27,2024,2024,False
Hong Kong,HK,HKG,730711,iron_steel,34.584,133614.45,2024,2024,False
Hong Kong,HK,HKG,730719,iron_steel,577.958,5456672.76,2024,2024,False
Guatemala,GT,GTM,7309,iron_steel,360.085,257200.81,2024,2024,False
Guatemala,GT,GTM,730799,iron_steel,16.54,102114.41,2024,2024,False
Ivory Coast,CI,CIV,730799,iron_steel,29.042,131607.83,2024,2024,False
Georgia,GE,GEO,731100,iron_steel,52.2654,122770.01,2024,2024,False
Georgia,GE,GEO,730711,iron_steel,2.1641,16039.93,2024,2024,False
Georgia,GE,GEO,730719,iron_steel,3.3957,23292.37,2024,2024,False
Georgia,GE,GEO,730721,iron_steel,6.7279,19838.48,2024,2024,False
Georgia,GE,GEO,730722,iron_steel,0.4449,2191.63,2024,2024,False
Georgia,GE,GEO,730723,iron_steel,2.0718,8026.34,2024,2024,False
Georgia,GE,GEO,730729,iron_steel,10.5213,24315.74,2024,2024,False
Georgia,GE,GEO,730791,iron_steel,5.8682,16868.42,2024,2024,False
Georgia,GE,GEO,730792,iron_steel,2.3073,5154.94,2024,2024,False
Georgia,GE,GEO,730793,iron_steel,0.0342,636.67,2024,2024,False
Georgia,GE,GEO,730799,iron_steel,7.1408,138618.72,2024,2024,False
Georgia,GE,GEO,7308,iron_steel,2168.2672,3771371.41,2024,2024,False
Georgia,GE,GEO,7309,iron_steel,10.1354,92505.23,2024,2024,False
Georgia,GE,GEO,7310,iron_steel,77.8484,233209.28,2024,2024,False
Georgia,GE,GEO,731811,iron_steel,0.0219,1135.27,2024,2024,False
Guatemala,GT,GTM,730793,iron_steel,53.73,114890.49,2024,2024,False
Guatemala,GT,GTM,730640,iron_steel,109.47,393016.36,2024,2024,False
Guatemala,GT,GTM,730650,iron_steel,1449.31,1947442.01,2024,2024,False
Guatemala,GT,GTM,730661,iron_steel,79016.248,73789052.77,2024,2024,False
Guatemala,GT,GTM,730669,iron_steel,3.272,8413.27,2024,2024,False
Guatemala,GT,GTM,730690,iron_steel,15.051,53010.81,2024,2024,False
Guatemala,GT,GTM,730711,iron_steel,27.886,59013.95,2024,2024,False
Guatemala,GT,GTM,730719,iron_steel,0.886,8974.22,2024,2024,False
Guatemala,GT,GTM,730721,iron_steel,4.986,39227.43,2024,2024,False
Guatemala,GT,GTM,730722,iron_steel,6.287,34819.33,2024,2024,False
Guatemala,GT,GTM,730723,iron_steel,11.421,31395.43,2024,2024,False
Guatemala,GT,GTM,730729,iron_steel,5.831,39663.62,2024,2024,False
Guatemala,GT,GTM,730791,iron_steel,58.907,140405.69,2024,2024,False
Guatemala,GT,GTM,730792,iron_steel,9.716,56091.86,2024,2024,False
Hong Kong,HK,HKG,730721,iron_steel,14.374,840455.48,2024,2024,False
Hong Kong,HK,HKG,730722,iron_steel,35.927,1570443.45,2024,2024,False
Hong Kong,HK,HKG,730723,iron_steel,5.894,417443.22,2024,2024,False
Israel,IL,ISR,7308,iron_steel,5948.1242,15126143.61,2024,2024,False
Israel,IL,ISR,730661,iron_steel,91.612,85944.0,2024,2024,False
Israel,IL,ISR,730669,iron_steel,1.4493,2772.39,2024,2024,False
Israel,IL,ISR,730690,iron_steel,,590518.44,2024,2024,False
Israel,IL,ISR,730711,iron_steel,206.0223,1108030.68,2024,2024,False
Israel,IL,ISR,730719,iron_steel,2156.8281,14141946.22,2024,2024,False
Israel,IL,ISR,730721,iron_steel,191.7394,2833379.54,2024,2024,False
Israel,IL,ISR,730722,iron_steel,,40673690.05,2024,2024,False
Israel,IL,ISR,730723,iron_steel,0.8223,15710.19,2024,2024,False
Israel,IL,ISR,730729,iron_steel,973.1899,43891507.25,2024,2024,False
Israel,IL,ISR,730791,iron_steel,65.0729,396451.34,2024,2024,False
Israel,IL,ISR,730792,iron_steel,2973.9538,35645504.11,2024,2024,False
Israel,IL,ISR,730793,iron_steel,1.2879,7393.03,2024,2024,False
Israel,IL,ISR,730799,iron_steel,144.8848,2038628.59,2024,2024,False
Israel,IL,ISR,7309,iron_steel,610.0875,3679881.71,2024,2024,False
Hong Kong,HK,HKG,730729,iron_steel,191.189,17364767.98,2024,2024,False
Israel,IL,ISR,7310,iron_steel,1866.245,6834858.15,2024,2024,False
Israel,IL,ISR,731100,iron_steel,578.667,2214213.1,2024,2024,False
Israel,IL,ISR,731811,iron_steel,104.0976,243045.93,2024,2024,False
Ivory Coast,CI,CIV,730661,iron_steel,2276.328,1603330.56,2024,2024,False
Ivory Coast,CI,CIV,730690,iron_steel,6.9,36943.98,2024,2024,False
Ivory Coast,CI,CIV,730711,iron_steel,4.112,54338.29,2024,2024,False
Ivory Coast,CI,CIV,730719,iron_steel,0.436,3647.79,2024,2024,False
Ivory Coast,CI,CIV,730721,iron_steel,0.046,341.76,2024,2024,False
Ivory Coast,CI,CIV,730722,iron_steel,2.663,4311.42,2024,2024,False
Ivory Coast,CI,CIV,730729,iron_steel,23.03,20223.91,2024,2024,False
Ivory Coast,CI,CIV,730791,iron_steel,6.845,65836.35,2024,2024,False
Ivory Coast,CI,CIV,730792,iron_steel,19.693,105754.41,2024,2024,False
Ivory Coast,CI,CIV,730793,iron_steel,0.006,64.37,2024,2024,False
Israel,IL,ISR,730650,iron_steel,,31420.39,2024,2024,False
Israel,IL,ISR,730640,iron_steel,79.9319,447278.44,2024,2024,False
Indonesia,ID,IDN,731811,iron_steel,0.3968,5749.47,2024,2024,False
Indonesia,ID,IDN,731100,iron_steel,,1710107.21,2024,2024,False
Hong Kong,HK,HKG,730791,iron_steel,68.747,317236.43,2024,2024,False
Hong Kong,HK,HKG,730792,iron_steel,71.866,1991953.56,2024,2024,False
Hong Kong,HK,HKG,730793,iron_steel,116.971,100911.14,2024,2024,False
Hong Kong,HK,HKG,730799,iron_steel,642.442,5279173.68,2024,2024,False
Hong Kong,HK,HKG,7308,iron_steel,38059.489,36794010.56,2024,2024,False
Hong Kong,HK,HKG,7309,iron_steel,506.404,1840436.86,2024,2024,False
Hong Kong,HK,HKG,7310,iron_steel,4227.65,14411246.2,2024,2024,False
Hong Kong,HK,HKG,731100,iron_steel,8857.401,3167802.79,2024,2024,False
Hong Kong,HK,HKG,731811,iron_steel,583.485,9967694.7,2024,2024,False
Indonesia,ID,IDN,730640,iron_steel,873.4782,2728914.51,2024,2024,False
Indonesia,ID,IDN,730650,iron_steel,,1996686.13,2024,2024,False
Indonesia,ID,IDN,730661,iron_steel,603.7725,1400970.0,2024,2024,False
Indonesia,ID,IDN,730669,iron_steel,24.6422,51410.64,2024,2024,False
Indonesia,ID,IDN,730690,iron_steel,1183.5559,1786004.34,2024,2024,False
Indonesia,ID,IDN,730711,iron_steel,145.6811,422995.63,2024,2024,False
Indonesia,ID,IDN,730719,iron_steel,10063.7853,29733163.11,2024,2024,False
Indonesia,ID,IDN,730721,iron_steel,1032.0329,5226210.13,2024,2024,False
Indonesia,ID,IDN,730722,iron_steel,99.4804,1078468.37,2024,2024,False
Indonesia,ID,IDN,730723,iron_steel,110.6748,1111950.54,2024,2024,False
Indonesia,ID,IDN,730729,iron_steel,2401.6768,3031983.44,2024,2024,False
Indonesia,ID,IDN,730791,iron_steel,1105.907,4453968.22,2024,2024,False
Indonesia,ID,IDN,730792,iron_steel,4291.4029,6793649.96,2024,2024,False
Indonesia,ID,IDN,730793,iron_steel,161.6297,3039791.04,2024,2024,False
Indonesia,ID,IDN,730799,iron_steel,5802.704,50905717.14,2024,2024,False
Indonesia,ID,IDN,7308,iron_steel,183701.9371,1245016074.75,2024,2024,False
Indonesia,ID,IDN,7309,iron_steel,989.5001,3414938.63,2024,2024,False
Indonesia,ID,IDN,7310,iron_steel,6373.5245,4502103.27,2024,2024,False
Kuwait,KW,KWT,7309,iron_steel,1546.4892,9132226.23,2024,2024,False
Kuwait,KW,KWT,7310,iron_steel,72.4407,291681.91,2024,2024,False
Kuwait,KW,KWT,731100,iron_steel,1057.6326,3942636.54,2024,2024,False
Oman,OM,OMN,730650,iron_steel,2365.4,1929612.61,2024,2024,False
Mozambique,MZ,MOZ,730690,iron_steel,85.394,136054.43,2024,2024,False
Mozambique,MZ,MOZ,730711,iron_steel,0.02,1973.85,2024,2024,False
Mozambique,MZ,MOZ,730719,iron_steel,0.165,87.24,2024,2024,False
Mozambique,MZ,MOZ,730721,iron_steel,0.036,3114.22,2024,2024,False
Mozambique,MZ,MOZ,730729,iron_steel,0.001,332.22,2024,2024,False
Mozambique,MZ,MOZ,730791,iron_steel,0.08,531.0,2024,2024,False
Mozambique,MZ,MOZ,730792,iron_steel,0.038,6616.95,2024,2024,False
Mozambique,MZ,MOZ,730799,iron_steel,0.091,2917.2,2024,2024,False
Mozambique,MZ,MOZ,7308,iron_steel,972.059,1291583.31,2024,2024,False
Mozambique,MZ,MOZ,7309,iron_steel,87.216,41761.02,2024,2024,False
Mozambique,MZ,MOZ,7310,iron_steel,0.274,13912.67,2024,2024,False
Mozambique,MZ,MOZ,731100,iron_steel,5.93,108646.89,2024,2024,False
Oman,OM,OMN,730640,iron_steel,64.127,134261.88,2024,2024,False
Oman,OM,OMN,730661,iron_steel,20069.566,14105167.3,2024,2024,False
Mozambique,MZ,MOZ,730650,iron_steel,3278.905,3144829.22,2024,2024,False
Oman,OM,OMN,730690,iron_steel,425.8147,324428.17,2024,2024,False
Oman,OM,OMN,730711,iron_steel,11.395,13238.24,2024,2024,False
Oman,OM,OMN,730719,iron_steel,27.872,96792.0,2024,2024,False
Oman,OM,OMN,730721,iron_steel,111.402,296009.7,2024,2024,False
Oman,OM,OMN,730722,iron_steel,6.981,19991.95,2024,2024,False
Oman,OM,OMN,730723,iron_steel,7.196,222072.17,2024,2024,False
Oman,OM,OMN,730729,iron_steel,6040.3605,4976993.51,2024,2024,False
Oman,OM,OMN,730791,iron_steel,139.134,307789.04,2024,2024,False
Oman,OM,OMN,730792,iron_steel,20.3292,58738.07,2024,2024,False
Oman,OM,OMN,730793,iron_steel,113.631,206334.33,2024,2024,False
Oman,OM,OMN,730799,iron_steel,2811.416,3473564.2,2024,2024,False
Oman,OM,OMN,7308,iron_steel,45995.172,35908451.81,2024,2024,False
Oman,OM,OMN,7309,iron_steel,6785.85,28318756.93,2024,2024,False
Mozambique,MZ,MOZ,730661,iron_steel,7158.258,8938665.28,2024,2024,False
Morocco,MA,MAR,731811,iron_steel,1.1167,3091.74,2024,2024,False
Kuwait,KW,KWT,731811,iron_steel,2.793,6386.66,2024,2024,False
Morocco,MA,MAR,730669,iron_steel,0.052,22270.68,2024,2024,False
Montenegro,ME,MNE,730721,iron_steel,1.3225,7556.31,2024,2024,False
Montenegro,ME,MNE,730723,iron_steel,0.125,12191.15,2024,2024,False
Montenegro,ME,MNE,730729,iron_steel,11.0961,47461.89,2024,2024,False
Montenegro,ME,MNE,730791,iron_steel,0.089,895.58,2024,2024,False
Montenegro,ME,MNE,730792,iron_steel,0.1,74.98,2024,2024,False
Montenegro,ME,MNE,730799,iron_steel,0.8704,1679.94,2024,2024,False
Montenegro,ME,MNE,7308,iron_steel,1038.7303,1115905.71,2024,2024,False
Montenegro,ME,MNE,7309,iron_steel,35.764,35615.06,2024,2024,False
Montenegro,ME,MNE,7310,iron_steel,643.1981,4361897.24,2024,2024,False
Montenegro,ME,MNE,731100,iron_steel,483.206,455748.81,2024,2024,False
Morocco,MA,MAR,730640,iron_steel,27.4305,334394.31,2024,2024,False
Morocco,MA,MAR,730650,iron_steel,7.4824,51366.12,2024,2024,False
Morocco,MA,MAR,730661,iron_steel,380.7713,519276.85,2024,2024,False
Morocco,MA,MAR,730690,iron_steel,317.7194,1210706.7,2024,2024,False
Morocco,MA,MAR,731100,iron_steel,2580.5789,5512009.25,2024,2024,False
Morocco,MA,MAR,730711,iron_steel,0.9636,27400.24,2024,2024,False
Morocco,MA,MAR,730719,iron_steel,2.9082,39177.06,2024,2024,False
Morocco,MA,MAR,730721,iron_steel,2.4156,30092.65,2024,2024,False
Morocco,MA,MAR,730722,iron_steel,3.5097,46050.76,2024,2024,False
Morocco,MA,MAR,730723,iron_steel,0.0285,3235.54,2024,2024,False
Morocco,MA,MAR,730729,iron_steel,2.9277,164102.71,2024,2024,False
Morocco,MA,MAR,730791,iron_steel,10.042,70287.87,2024,2024,False
Morocco,MA,MAR,730792,iron_steel,20.8831,249442.4,2024,2024,False
Morocco,MA,MAR,730793,iron_steel,4.6749,5058.23,2024,2024,False
Morocco,MA,MAR,730799,iron_steel,59.6515,279476.21,2024,2024,False
Morocco,MA,MAR,7308,iron_steel,26955.5376,83412003.7,2024,2024,False
Morocco,MA,MAR,7309,iron_steel,1580.9097,2759242.01,2024,2024,False
Morocco,MA,MAR,7310,iron_steel,1695.5311,13625245.85,2024,2024,False
Oman,OM,OMN,7310,iron_steel,2361.962,4421720.56,2024,2024,False
Oman,OM,OMN,731100,iron_steel,6940.7608,13526693.79,2024,2024,False
Oman,OM,OMN,731811,iron_steel,0.302,701.81,2024,2024,False
Nicaragua,NI,NIC,730729,iron_steel,0.0143,632.2,2024,2024,False
New Zealand,NZ,NZL,730793,iron_steel,0.4009,8268.07,2024,2024,False
New Zealand,NZ,NZL,730799,iron_steel,137.677,1374098.44,2024,2024,False
New Zealand,NZ,NZL,7308,iron_steel,13752.7536,41899367.27,2024,2024,False
New Zealand,NZ,NZL,7309,iron_steel,323.976,1231315.28,2024,2024,False
New Zealand,NZ,NZL,7310,iron_steel,1016.6777,5586805.61,2024,2024,False
New Zealand,NZ,NZL,731100,iron_steel,2259.972,2871403.59,2024,2024,False
New Zealand,NZ,NZL,731811,iron_steel,7.5351,136144.88,2024,2024,False
Nicaragua,NI,NIC,730650,iron_steel,85.8671,79524.91,2024,2024,False
Nicaragua,NI,NIC,730661,iron_steel,7752.9639,6663061.45,2024,2024,False
Nicaragua,NI,NIC,730669,iron_steel,0.0618,844.84,2024,2024,False
Nicaragua,NI,NIC,730690,iron_steel,0.52,6878.29,2024,2024,False
Nicaragua,NI,NIC,730721,iron_steel,0.0043,178.45,2024,2024,False
Nicaragua,NI,NIC,730722,iron_steel,0.2879,1831.25,2024,2024,False
Nicaragua,NI,NIC,730791,iron_steel,0.3974,2398.39,2024,2024,False
Namibia,,NAM,730640,iron_steel,4.531,34740.52,2024,2024,False
Nicaragua,NI,NIC,730792,iron_steel,0.1231,1256.45,2024,2024,False
Nicaragua,NI,NIC,730799,iron_steel,2.4597,17943.17,2024,2024,False
Nicaragua,NI,NIC,7308,iron_steel,524.4873,1047508.92,2024,2024,False
Nicaragua,NI,NIC,7309,iron_steel,11.592,49902.97,2024,2024,False
Nicaragua,NI,NIC,7310,iron_steel,16.5368,10449.68,2024,2024,False
Nicaragua,NI,NIC,731100,iron_steel,386.0646,418105.17,2024,2024,False
Niger,NE,NER,730661,iron_steel,0.5,273.54,2024,2024,False
Niger,NE,NER,730711,iron_steel,1.407,2474.24,2024,2024,False
Niger,NE,NER,730721,iron_steel,0.012,303.93,2024,2024,False
Niger,NE,NER,730799,iron_steel,12.5,4558.96,2024,2024,False
Niger,NE,NER,7308,iron_steel,961.552,804404.38,2024,2024,False
Niger,NE,NER,731100,iron_steel,0.012,741.59,2024,2024,False
Nigeria,NG,NGA,730661,iron_steel,55.54,49164.73,2024,2024,False
New Zealand,NZ,NZL,730792,iron_steel,5.2367,162484.92,2024,2024,False
New Zealand,NZ,NZL,730791,iron_steel,50.1133,414261.96,2024,2024,False
New Zealand,NZ,NZL,730729,iron_steel,107.9868,3295137.78,2024,2024,False
New Zealand,NZ,NZL,730723,iron_steel,66.532,1249720.02,2024,2024,False
Namibia,,NAM,730650,iron_steel,0.02,12.36,2024,2024,False
Namibia,,NAM,730661,iron_steel,1.248,1143.26,2024,2024,False
Namibia,,NAM,730690,iron_steel,,35465.33,2024,2024,False
Namibia,,NAM,730711,iron_steel,,33733.96,2024,2024,False
Namibia,,NAM,730719,iron_steel,9.0744,109526.75,2024,2024,False
Namibia,,NAM,730721,iron_steel,3.0281,24401.98,2024,2024,False
Namibia,,NAM,730722,iron_steel,2.9288,40296.74,2024,2024,False
Namibia,,NAM,730723,iron_steel,0.7662,5331.9,2024,2024,False
Namibia,,NAM,730729,iron_steel,,681014.83,2024,2024,False
Namibia,,NAM,730791,iron_steel,10.0084,183005.62,2024,2024,False
Namibia,,NAM,730792,iron_steel,30.9027,106528.58,2024,2024,False
Namibia,,NAM,730793,iron_steel,0.3912,3053.26,2024,2024,False
Namibia,,NAM,730799,iron_steel,103.4375,1309483.46,2024,2024,False
Namibia,,NAM,7308,iron_steel,2382.8372,5962580.49,2024,2024,False
Namibia,,NAM,7309,iron_steel,124.2345,834100.21,2024,2024,False
Namibia,,NAM,7310,iron_steel,64.0472,93813.77,2024,2024,False
Namibia,,NAM,731100,iron_steel,1056.6978,543143.64,2024,2024,False
Namibia,,NAM,731811,iron_steel,,14474.78,2024,2024,False
New Zealand,NZ,NZL,730640,iron_steel,13.4468,381826.72,2024,2024,False
New Zealand,NZ,NZL,730650,iron_steel,1272.305,2700324.53,2024,2024,False
New Zealand,NZ,NZL,730661,iron_steel,110.096,496456.62,2024,2024,False
New Zealand,NZ,NZL,730669,iron_steel,6.481,56531.38,2024,2024,False
New Zealand,NZ,NZL,730690,iron_steel,64.88,498058.44,2024,2024,False
New Zealand,NZ,NZL,730711,iron_steel,7.381,88087.4,2024,2024,False
New Zealand,NZ,NZL,730719,iron_steel,18.1935,136111.89,2024,2024,False
New Zealand,NZ,NZL,730721,iron_steel,7.358,225930.31,2024,2024,False
New Zealand,NZ,NZL,730722,iron_steel,13.7777,161870.81,2024,2024,False
Montenegro,ME,MNE,730719,iron_steel,24.0108,65542.49,2024,2024,False
Montenegro,ME,MNE,730690,iron_steel,0.069,795.59,2024,2024,False
Montenegro,ME,MNE,730661,iron_steel,0.08,119.97,2024,2024,False
Malaysia,MY,MYS,730669,iron_steel,37.3448,65682.14,2024,2024,False
Madagascar,MG,MDG,730723,iron_steel,0.3595,67552.58,2024,2024,False
Madagascar,MG,MDG,730729,iron_steel,0.001,101.1,2024,2024,False
Madagascar,MG,MDG,730791,iron_steel,0.0076,34.9,2024,2024,False
Madagascar,MG,MDG,730792,iron_steel,0.0664,944.64,2024,2024,False
Madagascar,MG,MDG,730799,iron_steel,3.5956,562341.92,2024,2024,False
Madagascar,MG,MDG,7308,iron_steel,618.5329,807499.68,2024,2024,False
Madagascar,MG,MDG,7309,iron_steel,0.0688,47.65,2024,2024,False
Madagascar,MG,MDG,7310,iron_steel,158.3805,234402.15,2024,2024,False
Madagascar,MG,MDG,731100,iron_steel,963.1154,842624.86,2024,2024,False
Madagascar,MG,MDG,731811,iron_steel,0.0002,0.93,2024,2024,False
Malaysia,MY,MYS,730640,iron_steel,10724.7408,26814329.14,2024,2024,False
Malaysia,MY,MYS,730650,iron_steel,559.0712,745758.29,2024,2024,False
Malaysia,MY,MYS,730661,iron_steel,66700.0913,41805266.74,2024,2024,False
Malaysia,MY,MYS,730690,iron_steel,21680.2759,25573907.38,2024,2024,False
Malaysia,MY,MYS,731811,iron_steel,,2372421.57,2024,2024,False
Malaysia,MY,MYS,730711,iron_steel,5923.3733,15606980.8,2024,2024,False
Malaysia,MY,MYS,730719,iron_steel,16629.5759,19230606.09,2024,2024,False
Malaysia,MY,MYS,730721,iron_steel,1283.1607,4153503.94,2024,2024,False
Malaysia,MY,MYS,730722,iron_steel,220.4634,708518.94,2024,2024,False
Malaysia,MY,MYS,730723,iron_steel,8306.8547,42070640.82,2024,2024,False
Malaysia,MY,MYS,730729,iron_steel,308.9595,1486857.81,2024,2024,False
Malaysia,MY,MYS,730791,iron_steel,1855.9491,6279300.64,2024,2024,False
Malaysia,MY,MYS,730792,iron_steel,277.2017,840055.06,2024,2024,False
Malaysia,MY,MYS,730793,iron_steel,24048.6717,38120548.21,2024,2024,False
Malaysia,MY,MYS,730799,iron_steel,5924.2505,25025467.52,2024,2024,False
Malaysia,MY,MYS,7308,iron_steel,251371.9644,464393427.69,2024,2024,False
Malaysia,MY,MYS,7309,iron_steel,12447.3812,25571068.82,2024,2024,False
Malaysia,MY,MYS,7310,iron_steel,42553.2244,73364048.06,2024,2024,False
Madagascar,MG,MDG,730690,iron_steel,1.349,757.14,2024,2024,False
Madagascar,MG,MDG,730661,iron_steel,2.51,3325.91,2024,2024,False
Lebanon,LB,LBN,731811,iron_steel,0.0811,189.45,2024,2024,False
Lebanon,LB,LBN,731100,iron_steel,2277.76,8715627.95,2024,2024,False
Kyrgyzstan,KG,KGZ,730640,iron_steel,0.078,569.26,2024,2024,False
Kyrgyzstan,KG,KGZ,730711,iron_steel,0.198,6175.95,2024,2024,False
Kyrgyzstan,KG,KGZ,730719,iron_steel,0.019,450.97,2024,2024,False
Kyrgyzstan,KG,KGZ,730729,iron_steel,0.7823,175151.1,2024,2024,False
Kyrgyzstan,KG,KGZ,730791,iron_steel,0.3134,2946.12,2024,2024,False
Kyrgyzstan,KG,KGZ,730792,iron_steel,0.0138,1001.76,2024,2024,False
Kyrgyzstan,KG,KGZ,730799,iron_steel,16.885,109355.88,2024,2024,False
Kyrgyzstan,KG,KGZ,7308,iron_steel,238.487,525578.04,2024,2024,False
Kyrgyzstan,KG,KGZ,7310,iron_steel,42.392,80332.69,2024,2024,False
Kyrgyzstan,KG,KGZ,731100,iron_steel,159.0903,61499.86,2024,2024,False
Lebanon,LB,LBN,730640,iron_steel,3.8878,21754.92,2024,2024,False
Lebanon,LB,LBN,730650,iron_steel,,74319.38,2024,2024,False
Lebanon,LB,LBN,730661,iron_steel,130.82,122726.18,2024,2024,False
Lebanon,LB,LBN,730690,iron_steel,,935742.54,2024,2024,False
Lebanon,LB,LBN,730711,iron_steel,3.0173,16227.71,2024,2024,False
Lebanon,LB,LBN,730719,iron_steel,20.6963,135701.88,2024,2024,False
Lebanon,LB,LBN,730721,iron_steel,0.7948,11745.68,2024,2024,False
Lebanon,LB,LBN,730722,iron_steel,,110558.17,2024,2024,False
Lebanon,LB,LBN,730723,iron_steel,0.0032,60.99,2024,2024,False
Lebanon,LB,LBN,730729,iron_steel,1.2755,57525.18,2024,2024,False
Lebanon,LB,LBN,730791,iron_steel,9.9645,53106.0,2024,2024,False
Lebanon,LB,LBN,730792,iron_steel,0.8617,10328.07,2024,2024,False
Lebanon,LB,LBN,730793,iron_steel,0.1793,1029.48,2024,2024,False
Lebanon,LB,LBN,730799,iron_steel,42.043,591573.79,2024,2024,False
Lebanon,LB,LBN,7308,iron_steel,9058.193,26260789.21,2024,2024,False
Lebanon,LB,LBN,7309,iron_steel,134.6608,812237.32,2024,2024,False
Lebanon,LB,LBN,7310,iron_steel,430.6922,1723081.05,2024,2024,False
Malaysia,MY,MYS,731100,iron_steel,16566.8136,31420192.91,2024,2024,False
Mauritania,MR,MRT,730719,iron_steel,0.1023,508.64,2024,2024,False
Montenegro,ME,MNE,730640,iron_steel,34.119,99985.6,2024,2024,False
Moldova,MD,MDA,730661,iron_steel,12284.847,8936685.15,2024,2024,False
Mexico,MX,MEX,730723,iron_steel,303.469,2757987.25,2024,2024,False
Mexico,MX,MEX,730729,iron_steel,1076.71,27983993.16,2024,2024,False
Mexico,MX,MEX,730791,iron_steel,820.077,4830611.77,2024,2024,False
Mexico,MX,MEX,730792,iron_steel,20126.98,131244987.52,2024,2024,False
Mexico,MX,MEX,730793,iron_steel,2250.165,5327240.55,2024,2024,False
Mexico,MX,MEX,730799,iron_steel,10333.3959,54687668.42,2024,2024,False
Mexico,MX,MEX,7308,iron_steel,0.0,1643910535.99,2024,2024,False
Mexico,MX,MEX,7309,iron_steel,43297.691,100243658.63,2024,2024,False
Mexico,MX,MEX,7310,iron_steel,0.0,318357382.87,2024,2024,False
Mexico,MX,MEX,731100,iron_steel,32872.325,110836828.39,2024,2024,False
Mexico,MX,MEX,731811,iron_steel,0.913,6767.4,2024,2024,False
Moldova,MD,MDA,730640,iron_steel,7.312,13460.86,2024,2024,False
Moldova,MD,MDA,730650,iron_steel,0.001,23.1,2024,2024,False
Moldova,MD,MDA,730690,iron_steel,2.983,23236.3,2024,2024,False
Mauritania,MR,MRT,730721,iron_steel,3.359,20247.65,2024,2024,False
Moldova,MD,MDA,730711,iron_steel,0.013,1338.14,2024,2024,False
Moldova,MD,MDA,730719,iron_steel,0.019,1627.39,2024,2024,False
Moldova,MD,MDA,730721,iron_steel,0.01,73.93,2024,2024,False
Moldova,MD,MDA,730722,iron_steel,0.003,614.55,2024,2024,False
Moldova,MD,MDA,730729,iron_steel,0.96,13298.22,2024,2024,False
Moldova,MD,MDA,730791,iron_steel,0.028,2632.84,2024,2024,False
Moldova,MD,MDA,730792,iron_steel,0.006,554.48,2024,2024,False
Moldova,MD,MDA,730793,iron_steel,0.09,2307.55,2024,2024,False
Moldova,MD,MDA,730799,iron_steel,0.8599,15522.59,2024,2024,False
Moldova,MD,MDA,7308,iron_steel,1364.591,4900731.91,2024,2024,False
Moldova,MD,MDA,7309,iron_steel,804.711,6404103.13,2024,2024,False
Moldova,MD,MDA,7310,iron_steel,157.14,1028076.89,2024,2024,False
Moldova,MD,MDA,731100,iron_steel,44.034,23509.84,2024,2024,False
Mexico,MX,MEX,730722,iron_steel,788.568,13932337.12,2024,2024,False
Mexico,MX,MEX,730721,iron_steel,273.1,7276793.27,2024,2024,False
Mexico,MX,MEX,730719,iron_steel,4488.722,33674574.44,2024,2024,False
Mexico,MX,MEX,730711,iron_steel,211.214,1844677.94,2024,2024,False
Mauritania,MR,MRT,730729,iron_steel,0.993,42989.45,2024,2024,False
Mauritania,MR,MRT,7308,iron_steel,38.365,263409.68,2024,2024,False
Mauritania,MR,MRT,731100,iron_steel,51.41,314908.56,2024,2024,False
Mauritius,MU,MUS,730640,iron_steel,0.019,178.24,2024,2024,False
Mauritius,MU,MUS,730650,iron_steel,15.589,27289.35,2024,2024,False
Mauritius,MU,MUS,730661,iron_steel,0.11,1095.15,2024,2024,False
Mauritius,MU,MUS,730690,iron_steel,0.918,3249.88,2024,2024,False
Mauritius,MU,MUS,730711,iron_steel,0.002,255.44,2024,2024,False
Mauritius,MU,MUS,730719,iron_steel,0.588,9650.05,2024,2024,False
Mauritius,MU,MUS,730721,iron_steel,0.323,8487.79,2024,2024,False
Mauritius,MU,MUS,730722,iron_steel,0.009,405.03,2024,2024,False
Mauritius,MU,MUS,730723,iron_steel,0.048,1516.38,2024,2024,False
Mauritius,MU,MUS,730729,iron_steel,0.292,10214.98,2024,2024,False
Mauritius,MU,MUS,730791,iron_steel,2.0,54630.47,2024,2024,False
Mauritius,MU,MUS,730792,iron_steel,0.007,504.22,2024,2024,False
Mauritius,MU,MUS,730793,iron_steel,0.636,1810.98,2024,2024,False
Mauritius,MU,MUS,730799,iron_steel,6.233,94034.05,2024,2024,False
Mauritius,MU,MUS,7308,iron_steel,1168.109,2225801.66,2024,2024,False
Mauritius,MU,MUS,7309,iron_steel,10.781,15408.81,2024,2024,False
Mauritius,MU,MUS,7310,iron_steel,9.501,5942.97,2024,2024,False
Mauritius,MU,MUS,731100,iron_steel,224.326,206825.83,2024,2024,False
Mauritius,MU,MUS,731811,iron_steel,0.002,6031.03,2024,2024,False
Mexico,MX,MEX,730640,iron_steel,3106.89,25158136.96,2024,2024,False
Mexico,MX,MEX,730650,iron_steel,313.271,1769232.97,2024,2024,False
Mexico,MX,MEX,730661,iron_steel,173467.518,189889249.61,2024,2024,False
Mexico,MX,MEX,730669,iron_steel,31.656,106456.89,2024,2024,False
Mexico,MX,MEX,730690,iron_steel,788.714,4437146.29,2024,2024,False
Zambia,ZM,ZMB,730439,iron_steel,104.44,67413.68,2024,2024,False
Zambia,ZM,ZMB,730431,iron_steel,1.619,7937.98,2024,2024,False
Zambia,ZM,ZMB,730429,iron_steel,,1048113.22,2024,2024,False
New Zealand,NZ,NZL,732619,iron_steel,,6888194.49,2024,2024,False
Nicaragua,NI,NIC,731823,iron_steel,0.093,309.49,2024,2024,False
Nicaragua,NI,NIC,731822,iron_steel,0.1201,3997.14,2024,2024,False
Nicaragua,NI,NIC,731821,iron_steel,0.0854,1218.37,2024,2024,False
Nicaragua,NI,NIC,731819,iron_steel,0.9631,1351.54,2024,2024,False
Nicaragua,NI,NIC,731816,iron_steel,0.8929,3056.93,2024,2024,False
Nicaragua,NI,NIC,731815,iron_steel,15.2148,45575.46,2024,2024,False
New Zealand,NZ,NZL,760429,aluminium,2582.485,9888290.35,2024,2024,False
New Zealand,NZ,NZL,760421,aluminium,36.858,291985.37,2024,2024,False
New Zealand,NZ,NZL,760410,aluminium,8.884,56637.64,2024,2024,False
New Zealand,NZ,NZL,7603,aluminium,37.108,73516.63,2024,2024,False
New Zealand,NZ,NZL,7601,aluminium,272555.448,675385759.79,2024,2024,False
New Zealand,NZ,NZL,732690,iron_steel,,20582850.24,2024,2024,False
New Zealand,NZ,NZL,732620,iron_steel,,542848.52,2024,2024,False
New Zealand,NZ,NZL,732611,iron_steel,0.307,29423.43,2024,2024,False
Nicaragua,NI,NIC,731829,iron_steel,0.4533,9499.68,2024,2024,False
New Zealand,NZ,NZL,731829,iron_steel,29.1111,652578.43,2024,2024,False
New Zealand,NZ,NZL,731824,iron_steel,1.0434,113841.85,2024,2024,False
New Zealand,NZ,NZL,731823,iron_steel,45.3643,1123578.14,2024,2024,False
New Zealand,NZ,NZL,731822,iron_steel,36.3541,720749.31,2024,2024,False
New Zealand,NZ,NZL,731821,iron_steel,4.8743,40811.81,2024,2024,False
New Zealand,NZ,NZL,731819,iron_steel,37.5209,227546.11,2024,2024,False
New Zealand,NZ,NZL,731816,iron_steel,30.4132,674721.51,2024,2024,False
New Zealand,NZ,NZL,731815,iron_steel,249.1352,1920450.39,2024,2024,False
New Zealand,NZ,NZL,731814,iron_steel,31.6136,276525.88,2024,2024,False
New Zealand,NZ,NZL,731813,iron_steel,1.226,33505.17,2024,2024,False
New Zealand,NZ,NZL,731812,iron_steel,141.923,823727.96,2024,2024,False
Namibia,,NAM,760429,aluminium,7.2651,55513.67,2024,2024,False
Namibia,,NAM,760421,aluminium,0.005,59.23,2024,2024,False
Nicaragua,NI,NIC,731824,iron_steel,0.9332,9292.21,2024,2024,False
Nicaragua,NI,NIC,732611,iron_steel,23.0,4620.65,2024,2024,False
Pakistan,PK,PAK,732619,iron_steel,158.416,202526.86,2024,2024,False
Nigeria,NG,NGA,732690,iron_steel,3489.717,3500300.62,2024,2024,False
Pakistan,PK,PAK,731829,iron_steel,18.8036,61498.15,2024,2024,False
Pakistan,PK,PAK,731824,iron_steel,2.52,11146.17,2024,2024,False
Pakistan,PK,PAK,731823,iron_steel,4.351,2233.58,2024,2024,False
Pakistan,PK,PAK,731822,iron_steel,,81701.91,2024,2024,False
Pakistan,PK,PAK,731821,iron_steel,0.5,327.05,2024,2024,False
Pakistan,PK,PAK,731819,iron_steel,5.063,32281.39,2024,2024,False
Pakistan,PK,PAK,731816,iron_steel,72.421,61187.44,2024,2024,False
Pakistan,PK,PAK,731815,iron_steel,720.0931,1559474.96,2024,2024,False
Pakistan,PK,PAK,731814,iron_steel,,571.87,2024,2024,False
Pakistan,PK,PAK,731813,iron_steel,59.774,41978.28,2024,2024,False
Pakistan,PK,PAK,731812,iron_steel,0.176,495.99,2024,2024,False
Nigeria,NG,NGA,760410,aluminium,8.898,2199.88,2024,2024,False
Nigeria,NG,NGA,7601,aluminium,137741.6868,287354921.01,2024,2024,False
Nigeria,NG,NGA,731829,iron_steel,256.125,5532.78,2024,2024,False
Nicaragua,NI,NIC,732619,iron_steel,0.1318,445.8,2024,2024,False
Nigeria,NG,NGA,731824,iron_steel,0.4052,379.75,2024,2024,False
Nigeria,NG,NGA,731822,iron_steel,58.0219,54381.69,2024,2024,False
Nigeria,NG,NGA,731821,iron_steel,0.5613,526.08,2024,2024,False
Nigeria,NG,NGA,731819,iron_steel,8.2584,18097.07,2024,2024,False
Nigeria,NG,NGA,731816,iron_steel,7.0951,6649.98,2024,2024,False
Nigeria,NG,NGA,731815,iron_steel,57.3155,54448.77,2024,2024,False
Niger,NE,NER,732690,iron_steel,0.4,771.66,2024,2024,False
Niger,NE,NER,731816,iron_steel,0.096,2032.34,2024,2024,False
Niger,NE,NER,731815,iron_steel,0.937,4100.98,2024,2024,False
Nicaragua,NI,NIC,760429,aluminium,30.8339,66767.3,2024,2024,False
Nicaragua,NI,NIC,760410,aluminium,0.004,46.21,2024,2024,False
Nicaragua,NI,NIC,732690,iron_steel,97.2914,214241.57,2024,2024,False
Nicaragua,NI,NIC,732620,iron_steel,1175.2402,375467.24,2024,2024,False
Namibia,,NAM,760410,aluminium,2.1551,22080.31,2024,2024,False
Namibia,,NAM,7601,aluminium,1.0,1338.05,2024,2024,False
Namibia,,NAM,732690,iron_steel,1210.8276,4988422.11,2024,2024,False
Mozambique,MZ,MOZ,731815,iron_steel,2.375,13707.24,2024,2024,False
Oman,OM,OMN,731813,iron_steel,36.049,381935.67,2024,2024,False
Oman,OM,OMN,731812,iron_steel,0.213,1446.88,2024,2024,False
Mozambique,MZ,MOZ,760429,aluminium,56.767,116378.25,2024,2024,False
Mozambique,MZ,MOZ,7601,aluminium,415137.391,1037033941.32,2024,2024,False
Mozambique,MZ,MOZ,732690,iron_steel,2.58,177226.78,2024,2024,False
Mozambique,MZ,MOZ,732620,iron_steel,0.2,1105.63,2024,2024,False
Mozambique,MZ,MOZ,732619,iron_steel,0.002,241.75,2024,2024,False
Mozambique,MZ,MOZ,731829,iron_steel,0.157,1854.63,2024,2024,False
Mozambique,MZ,MOZ,731824,iron_steel,0.005,13.03,2024,2024,False
Mozambique,MZ,MOZ,731822,iron_steel,0.046,1200.26,2024,2024,False
Mozambique,MZ,MOZ,731821,iron_steel,0.607,295.91,2024,2024,False
Mozambique,MZ,MOZ,731819,iron_steel,0.072,164.4,2024,2024,False
Mozambique,MZ,MOZ,731816,iron_steel,0.486,3547.73,2024,2024,False
Morocco,MA,MAR,760429,aluminium,554.8779,3648747.17,2024,2024,False
Namibia,,NAM,732620,iron_steel,81.4635,240525.6,2024,2024,False
Morocco,MA,MAR,760421,aluminium,13616.596,56617195.87,2024,2024,False
Morocco,MA,MAR,760410,aluminium,250.1953,1592495.91,2024,2024,False
Morocco,MA,MAR,7603,aluminium,66.0036,4047.17,2024,2024,False
Morocco,MA,MAR,7601,aluminium,23143.2988,44841916.04,2024,2024,False
Morocco,MA,MAR,732690,iron_steel,147797.7716,285495627.94,2024,2024,False
Morocco,MA,MAR,732620,iron_steel,1867.9262,2134040.52,2024,2024,False
Morocco,MA,MAR,732619,iron_steel,2712.5295,6550636.06,2024,2024,False
Morocco,MA,MAR,731829,iron_steel,170.8416,1480139.95,2024,2024,False
Morocco,MA,MAR,731824,iron_steel,0.3695,36498.87,2024,2024,False
Morocco,MA,MAR,731823,iron_steel,2.3656,25929.04,2024,2024,False
Morocco,MA,MAR,731822,iron_steel,32.8202,2513950.2,2024,2024,False
Morocco,MA,MAR,731821,iron_steel,2.2708,18917.57,2024,2024,False
Morocco,MA,MAR,731819,iron_steel,115.0765,786159.0,2024,2024,False
Oman,OM,OMN,731814,iron_steel,5.5765,11805.78,2024,2024,False
Oman,OM,OMN,731815,iron_steel,202.7399,925169.7,2024,2024,False
Oman,OM,OMN,731816,iron_steel,93.4744,213946.08,2024,2024,False
Oman,OM,OMN,731819,iron_steel,152.5628,319859.2,2024,2024,False
Namibia,,NAM,732619,iron_steel,,745187.56,2024,2024,False
Namibia,,NAM,732611,iron_steel,3864.193,12009312.13,2024,2024,False
Namibia,,NAM,731829,iron_steel,46.0498,735119.97,2024,2024,False
Namibia,,NAM,731824,iron_steel,6.794,79732.85,2024,2024,False
Namibia,,NAM,731823,iron_steel,0.8768,5581.72,2024,2024,False
Namibia,,NAM,731822,iron_steel,59.0081,362763.87,2024,2024,False
Namibia,,NAM,731821,iron_steel,65.9562,586118.78,2024,2024,False
Namibia,,NAM,731819,iron_steel,14.3868,50612.33,2024,2024,False
Namibia,,NAM,731816,iron_steel,92.2869,1283058.58,2024,2024,False
Namibia,,NAM,731815,iron_steel,114.471,1830819.77,2024,2024,False
Namibia,,NAM,731814,iron_steel,2.2831,5603.55,2024,2024,False
Namibia,,NAM,731813,iron_steel,4.1939,7040.45,2024,2024,False
Namibia,,NAM,731812,iron_steel,38.852,18178.47,2024,2024,False
Oman,OM,OMN,760429,aluminium,2726.045,8229208.98,2024,2024,False
Oman,OM,OMN,760421,aluminium,366.227,1623270.46,2024,2024,False
Oman,OM,OMN,760410,aluminium,8944.881,28147460.18,2024,2024,False
Oman,OM,OMN,7603,aluminium,88.85,19172.37,2024,2024,False
Oman,OM,OMN,7601,aluminium,295935.846,552029231.42,2024,2024,False
Oman,OM,OMN,732690,iron_steel,44684.6629,53218743.66,2024,2024,False
Oman,OM,OMN,732620,iron_steel,1893.9303,1940211.85,2024,2024,False
Oman,OM,OMN,732619,iron_steel,22.766,74615.31,2024,2024,False
Oman,OM,OMN,732611,iron_steel,1.171,8087.63,2024,2024,False
Oman,OM,OMN,731829,iron_steel,17.6166,117009.87,2024,2024,False
Oman,OM,OMN,731824,iron_steel,5.3787,166280.73,2024,2024,False
Oman,OM,OMN,731823,iron_steel,0.6348,18376.83,2024,2024,False
Oman,OM,OMN,731822,iron_steel,3.5107,190800.79,2024,2024,False
Oman,OM,OMN,731821,iron_steel,171.3634,67604.42,2024,2024,False
Pakistan,PK,PAK,732611,iron_steel,1.85,17626.95,2024,2024,False
Pakistan,PK,PAK,732620,iron_steel,37.645,124301.06,2024,2024,False
Morocco,MA,MAR,731815,iron_steel,420.5167,34471629.81,2024,2024,False
Saudi Arabia,SA,SAU,731814,iron_steel,90.994,165800.08,2024,2024,False
Saudi Arabia,SA,SAU,7601,aluminium,285123.524,578944352.22,2024,2024,False
Saudi Arabia,SA,SAU,732690,iron_steel,24831.0771,60524229.27,2024,2024,False
Saudi Arabia,SA,SAU,732620,iron_steel,1193.615,1848630.83,2024,2024,False
Saudi Arabia,SA,SAU,732619,iron_steel,309.164,433836.91,2024,2024,False
Saudi Arabia,SA,SAU,732611,iron_steel,,28162.03,2024,2024,False
Saudi Arabia,SA,SAU,731829,iron_steel,153.876,1090364.02,2024,2024,False
Saudi Arabia,SA,SAU,731824,iron_steel,51.4654,134132.76,2024,2024,False
Saudi Arabia,SA,SAU,731823,iron_steel,751.2129,909898.38,2024,2024,False
Saudi Arabia,SA,SAU,731822,iron_steel,12.345,352030.3,2024,2024,False
Saudi Arabia,SA,SAU,731821,iron_steel,49.91,345233.89,2024,2024,False
Saudi Arabia,SA,SAU,731819,iron_steel,240.785,807939.85,2024,2024,False
Saudi Arabia,SA,SAU,731816,iron_steel,48.931,278106.39,2024,2024,False
Saudi Arabia,SA,SAU,731815,iron_steel,2038.555,9465249.93,2024,2024,False
Saudi Arabia,SA,SAU,731813,iron_steel,171.07,963668.65,2024,2024,False
Saudi Arabia,SA,SAU,760410,aluminium,27585.158,87916670.94,2024,2024,False
Qatar,QA,QAT,7601,aluminium,0.0,1658311966.57,2024,2024,False
Philippines,PH,PHL,760429,aluminium,141.7573,479050.92,2024,2024,False
Philippines,PH,PHL,760421,aluminium,15999.6834,56882245.63,2024,2024,False
Philippines,PH,PHL,760410,aluminium,27578.6237,58474709.36,2024,2024,False
Philippines,PH,PHL,7603,aluminium,41.828,59025.04,2024,2024,False
Philippines,PH,PHL,7601,aluminium,12264.853,20955597.45,2024,2024,False
Philippines,PH,PHL,732690,iron_steel,35190.9399,86323330.56,2024,2024,False
Philippines,PH,PHL,732620,iron_steel,134.6309,2123552.35,2024,2024,False
Philippines,PH,PHL,732619,iron_steel,639.3782,2229244.06,2024,2024,False
Philippines,PH,PHL,731829,iron_steel,359.128,2630204.23,2024,2024,False
Philippines,PH,PHL,731824,iron_steel,1671.4069,26035651.05,2024,2024,False
Philippines,PH,PHL,731823,iron_steel,5.4803,55351.63,2024,2024,False
Philippines,PH,PHL,731822,iron_steel,40.9725,359305.05,2024,2024,False
Saudi Arabia,SA,SAU,7603,aluminium,1952.673,647581.54,2024,2024,False
Saudi Arabia,SA,SAU,760421,aluminium,1366.778,4675970.43,2024,2024,False
Pakistan,PK,PAK,732690,iron_steel,2768.5827,5354460.37,2024,2024,False
Senegal,SN,SEN,7601,aluminium,3770.0,7800151.8,2024,2024,False
Serbia,RS,SRB,731824,iron_steel,22.1722,393119.86,2024,2024,False
Serbia,RS,SRB,731823,iron_steel,13.4258,113362.91,2024,2024,False
Serbia,RS,SRB,731822,iron_steel,191.9406,994994.92,2024,2024,False
Serbia,RS,SRB,731821,iron_steel,25.9041,248440.99,2024,2024,False
Serbia,RS,SRB,731819,iron_steel,672.4553,3329900.19,2024,2024,False
Serbia,RS,SRB,731816,iron_steel,350.0275,1756478.14,2024,2024,False
Serbia,RS,SRB,731815,iron_steel,10743.398,15134139.17,2024,2024,False
Serbia,RS,SRB,731814,iron_steel,190.8932,1947956.75,2024,2024,False
Serbia,RS,SRB,731813,iron_steel,30.4933,165431.11,2024,2024,False
Serbia,RS,SRB,731812,iron_steel,257.5976,590778.12,2024,2024,False
Senegal,SN,SEN,760429,aluminium,18.437,219239.36,2024,2024,False
Senegal,SN,SEN,760421,aluminium,29.573,280888.52,2024,2024,False
Senegal,SN,SEN,760410,aluminium,2.106,14565.88,2024,2024,False
Senegal,SN,SEN,732690,iron_steel,205.503,6333599.12,2024,2024,False
Saudi Arabia,SA,SAU,760429,aluminium,21318.251,74543396.1,2024,2024,False
Senegal,SN,SEN,732620,iron_steel,0.251,1754.71,2024,2024,False
Senegal,SN,SEN,732619,iron_steel,21.72,23963.71,2024,2024,False
Senegal,SN,SEN,732611,iron_steel,170.255,207746.46,2024,2024,False
Senegal,SN,SEN,731829,iron_steel,80.541,94700.93,2024,2024,False
Senegal,SN,SEN,731824,iron_steel,0.088,17137.95,2024,2024,False
Senegal,SN,SEN,731822,iron_steel,0.311,6611.82,2024,2024,False
Senegal,SN,SEN,731821,iron_steel,0.617,4615.2,2024,2024,False
Senegal,SN,SEN,731819,iron_steel,2.268,30728.38,2024,2024,False
Senegal,SN,SEN,731816,iron_steel,1.501,44336.51,2024,2024,False
Senegal,SN,SEN,731815,iron_steel,22.331,389803.52,2024,2024,False
Senegal,SN,SEN,731814,iron_steel,0.481,1326.01,2024,2024,False
Senegal,SN,SEN,731813,iron_steel,0.795,2244.47,2024,2024,False
Senegal,SN,SEN,731812,iron_steel,0.405,622.57,2024,2024,False
Philippines,PH,PHL,731821,iron_steel,1.2179,16553.92,2024,2024,False
Philippines,PH,PHL,731819,iron_steel,2512.7058,4571816.84,2024,2024,False
Philippines,PH,PHL,731816,iron_steel,1849.8654,8860018.48,2024,2024,False
Panama,PA,PAN,732611,iron_steel,32.95,42687.37,2024,2024,False
Paraguay,PY,PRY,731823,iron_steel,0.001,34.29,2024,2024,False
Paraguay,PY,PRY,731822,iron_steel,0.3857,7598.63,2024,2024,False
Paraguay,PY,PRY,731821,iron_steel,0.5006,396.18,2024,2024,False
Paraguay,PY,PRY,731819,iron_steel,0.0137,1570.95,2024,2024,False
Paraguay,PY,PRY,731816,iron_steel,0.2272,2778.2,2024,2024,False
Paraguay,PY,PRY,731815,iron_steel,3.3185,15159.67,2024,2024,False
Paraguay,PY,PRY,731814,iron_steel,0.0005,44.95,2024,2024,False
Panama,PA,PAN,760429,aluminium,47.128,240564.64,2024,2024,False
Panama,PA,PAN,760421,aluminium,3.105,13712.23,2024,2024,False
Panama,PA,PAN,760410,aluminium,0.79,6807.13,2024,2024,False
Panama,PA,PAN,7603,aluminium,4.322,11459.2,2024,2024,False
Panama,PA,PAN,732690,iron_steel,129.317,582338.05,2024,2024,False
Panama,PA,PAN,732620,iron_steel,12.735,5711.12,2024,2024,False
Panama,PA,PAN,731829,iron_steel,6.698,34938.55,2024,2024,False
Philippines,PH,PHL,731815,iron_steel,4371.8444,12972591.26,2024,2024,False
Panama,PA,PAN,731824,iron_steel,2.404,18397.56,2024,2024,False
Panama,PA,PAN,731823,iron_steel,0.047,375.2,2024,2024,False
Panama,PA,PAN,731822,iron_steel,2.168,16615.84,2024,2024,False
Panama,PA,PAN,731821,iron_steel,0.132,49765.27,2024,2024,False
Panama,PA,PAN,731819,iron_steel,9.248,81315.04,2024,2024,False
Panama,PA,PAN,731816,iron_steel,3.086,66828.39,2024,2024,False
Panama,PA,PAN,731815,iron_steel,19.483,338763.52,2024,2024,False
Panama,PA,PAN,731814,iron_steel,0.36,2172.63,2024,2024,False
Panama,PA,PAN,731813,iron_steel,1.15,11935.13,2024,2024,False
Pakistan,PK,PAK,760429,aluminium,0.076,1855.35,2024,2024,False
Pakistan,PK,PAK,760410,aluminium,2.451,15987.87,2024,2024,False
Pakistan,PK,PAK,7603,aluminium,13.2,19504.98,2024,2024,False
Pakistan,PK,PAK,7601,aluminium,26467.775,53124891.54,2024,2024,False
Paraguay,PY,PRY,731824,iron_steel,0.0373,3542.74,2024,2024,False
Paraguay,PY,PRY,731829,iron_steel,1.3664,43788.76,2024,2024,False
Paraguay,PY,PRY,732611,iron_steel,1.16,348.61,2024,2024,False
Paraguay,PY,PRY,732619,iron_steel,9.4533,38768.32,2024,2024,False
Philippines,PH,PHL,731814,iron_steel,272.8278,240806.76,2024,2024,False
Philippines,PH,PHL,731813,iron_steel,0.1104,478.7,2024,2024,False
Philippines,PH,PHL,731812,iron_steel,166.8357,356033.64,2024,2024,False
Peru,PE,PER,760429,aluminium,2.1432,14547.52,2024,2024,False
Peru,PE,PER,760421,aluminium,0.0092,859.44,2024,2024,False
Peru,PE,PER,760410,aluminium,1.8451,4270.21,2024,2024,False
Peru,PE,PER,7601,aluminium,216.899,390095.51,2024,2024,False
Peru,PE,PER,732690,iron_steel,,5690214.2,2024,2024,False
Peru,PE,PER,732620,iron_steel,,233648.5,2024,2024,False
Peru,PE,PER,732619,iron_steel,,291475.81,2024,2024,False
Peru,PE,PER,732611,iron_steel,,13230604.5,2024,2024,False
Peru,PE,PER,731829,iron_steel,111.7798,328928.85,2024,2024,False
Peru,PE,PER,731824,iron_steel,,578781.71,2024,2024,False
Peru,PE,PER,731823,iron_steel,2.2053,29348.95,2024,2024,False
Peru,PE,PER,731822,iron_steel,100.5985,479351.48,2024,2024,False
Peru,PE,PER,731821,iron_steel,,34122.33,2024,2024,False
Peru,PE,PER,731819,iron_steel,21.8798,78879.6,2024,2024,False
Peru,PE,PER,731816,iron_steel,60.1959,373212.58,2024,2024,False
Peru,PE,PER,731815,iron_steel,,4194478.06,2024,2024,False
Peru,PE,PER,731814,iron_steel,13.949,103169.2,2024,2024,False
Peru,PE,PER,731813,iron_steel,,24626.16,2024,2024,False
Peru,PE,PER,731812,iron_steel,9.945,8507.24,2024,2024,False
Paraguay,PY,PRY,760429,aluminium,179.2756,849983.04,2024,2024,False
Paraguay,PY,PRY,760421,aluminium,257.4575,1070333.71,2024,2024,False
Paraguay,PY,PRY,760410,aluminium,0.0149,104.69,2024,2024,False
Paraguay,PY,PRY,732690,iron_steel,21.7683,136333.87,2024,2024,False
Paraguay,PY,PRY,732620,iron_steel,1.7967,5311.21,2024,2024,False
Morocco,MA,MAR,731816,iron_steel,81.9575,10637189.98,2024,2024,False
Morocco,MA,MAR,731814,iron_steel,4.734,78263.49,2024,2024,False
Zambia,ZM,ZMB,730423,iron_steel,20.4612,176301.68,2024,2024,False
South Korea,KR,KOR,731819,iron_steel,5793.2751,43657141.67,2024,2024,False
South Korea,KR,KOR,760421,aluminium,29039.7757,115633199.33,2024,2024,False
South Korea,KR,KOR,760410,aluminium,1704.2962,7796628.78,2024,2024,False
South Korea,KR,KOR,7603,aluminium,6497.5272,2586518.81,2024,2024,False
South Korea,KR,KOR,7601,aluminium,,650906760.93,2024,2024,False
South Korea,KR,KOR,732690,iron_steel,380728.2617,1446395501.34,2024,2024,False
South Korea,KR,KOR,732620,iron_steel,10159.769,84516236.95,2024,2024,False
South Korea,KR,KOR,732619,iron_steel,17449.7896,57852662.42,2024,2024,False
South Korea,KR,KOR,732611,iron_steel,147.5868,538019.59,2024,2024,False
South Korea,KR,KOR,731829,iron_steel,8270.6258,65360397.38,2024,2024,False
South Korea,KR,KOR,731824,iron_steel,897.0378,9268254.32,2024,2024,False
South Korea,KR,KOR,731823,iron_steel,4327.6339,20404767.58,2024,2024,False
South Korea,KR,KOR,731822,iron_steel,5457.563,45344791.61,2024,2024,False
South Korea,KR,KOR,731821,iron_steel,713.4993,4523889.66,2024,2024,False
South Korea,KR,KOR,731816,iron_steel,38733.064,204877861.57,2024,2024,False
Kuwait,KW,KWT,731812,iron_steel,2.6968,12892.52,2024,2024,False
South Korea,KR,KOR,731815,iron_steel,133145.8349,547860707.88,2024,2024,False
South Korea,KR,KOR,731814,iron_steel,6869.5768,30897481.75,2024,2024,False
South Korea,KR,KOR,731813,iron_steel,278.3058,983142.96,2024,2024,False
South Korea,KR,KOR,731812,iron_steel,9.0081,46339.52,2024,2024,False
Kenya,KE,KEN,760429,aluminium,238.5384,1179585.58,2024,2024,False
Kenya,KE,KEN,760421,aluminium,17.4087,72272.38,2024,2024,False
Kenya,KE,KEN,760410,aluminium,48.6029,211839.25,2024,2024,False
Kenya,KE,KEN,7601,aluminium,237.408,367787.64,2024,2024,False
Algeria,DZ,DZA,730422,iron_steel,,64552.11,2024,2024,False
Algeria,DZ,DZA,730629,iron_steel,,111182.81,2024,2024,False
Algeria,DZ,DZA,730630,iron_steel,25664.4355,33226421.98,2024,2024,False
Angola,AO,AGO,730300,iron_steel,572.0782,309839.13,2024,2024,False
Angola,AO,AGO,730411,iron_steel,3.921,11943.62,2024,2024,False
South Korea,KR,KOR,760429,aluminium,24955.8152,106450167.27,2024,2024,False
Kuwait,KW,KWT,731813,iron_steel,6.278,41378.8,2024,2024,False
Kyrgyzstan,KG,KGZ,760410,aluminium,5.992,35353.48,2024,2024,False
Kuwait,KW,KWT,760429,aluminium,285.5387,1429482.49,2024,2024,False
Kyrgyzstan,KG,KGZ,732690,iron_steel,1503.4137,8631368.64,2024,2024,False
Kyrgyzstan,KG,KGZ,732620,iron_steel,0.028,990.67,2024,2024,False
Kyrgyzstan,KG,KGZ,732619,iron_steel,3.555,26587.19,2024,2024,False
Kyrgyzstan,KG,KGZ,731829,iron_steel,2.488,56993.81,2024,2024,False
Kyrgyzstan,KG,KGZ,731824,iron_steel,1.1224,11456.43,2024,2024,False
Kyrgyzstan,KG,KGZ,731823,iron_steel,0.0081,1169.95,2024,2024,False
Kyrgyzstan,KG,KGZ,731822,iron_steel,4.4947,12718.79,2024,2024,False
Kyrgyzstan,KG,KGZ,731821,iron_steel,9.9128,51923.11,2024,2024,False
Kyrgyzstan,KG,KGZ,731819,iron_steel,0.1536,15604.84,2024,2024,False
Kyrgyzstan,KG,KGZ,731816,iron_steel,1.1914,46539.14,2024,2024,False
Kyrgyzstan,KG,KGZ,731815,iron_steel,28.1733,156953.15,2024,2024,False
Kyrgyzstan,KG,KGZ,731814,iron_steel,4.98,6206.45,2024,2024,False
Kyrgyzstan,KG,KGZ,731812,iron_steel,12.59,3493.21,2024,2024,False
Kuwait,KW,KWT,760421,aluminium,1.3164,6029.02,2024,2024,False
Kuwait,KW,KWT,731814,iron_steel,2.4401,16771.09,2024,2024,False
Kuwait,KW,KWT,760410,aluminium,35.3155,219667.31,2024,2024,False
Kuwait,KW,KWT,7601,aluminium,107.2882,261139.45,2024,2024,False
Kuwait,KW,KWT,732690,iron_steel,,5709299.51,2024,2024,False
Kuwait,KW,KWT,732620,iron_steel,57.5259,167527.03,2024,2024,False
Kuwait,KW,KWT,732619,iron_steel,615.9188,2849314.3,2024,2024,False
Kuwait,KW,KWT,731829,iron_steel,,35290.64,2024,2024,False
Kuwait,KW,KWT,731824,iron_steel,0.6149,8558.36,2024,2024,False
Kuwait,KW,KWT,731823,iron_steel,0.09,835.41,2024,2024,False
Kuwait,KW,KWT,731822,iron_steel,,4866.46,2024,2024,False
Kuwait,KW,KWT,731821,iron_steel,0.0845,1986.88,2024,2024,False
Kuwait,KW,KWT,731819,iron_steel,,133003.42,2024,2024,False
Kuwait,KW,KWT,731816,iron_steel,,16633.4,2024,2024,False
Kuwait,KW,KWT,731815,iron_steel,,1435061.45,2024,2024,False
Angola,AO,AGO,730419,iron_steel,2132.6885,738796.19,2024,2024,False
Angola,AO,AGO,730422,iron_steel,67.907,74376.5,2024,2024,False
Angola,AO,AGO,730423,iron_steel,170.527,820689.4,2024,2024,False
Australia,AU,AUS,730611,iron_steel,78.09,280793.83,2024,2024,False
Australia,AU,AUS,730419,iron_steel,296.464,1649354.94,2024,2024,False
Australia,AU,AUS,730422,iron_steel,298.92,1000584.88,2024,2024,False
Australia,AU,AUS,730423,iron_steel,528.2,1585325.19,2024,2024,False
Australia,AU,AUS,730424,iron_steel,4.53,65465.32,2024,2024,False
Australia,AU,AUS,730429,iron_steel,424.48,1375772.5,2024,2024,False
Australia,AU,AUS,730431,iron_steel,105.687,266735.75,2024,2024,False
Australia,AU,AUS,730439,iron_steel,167.28,1153381.41,2024,2024,False
Australia,AU,AUS,730441,iron_steel,23.482,190143.86,2024,2024,False
Australia,AU,AUS,730449,iron_steel,592.585,2093738.29,2024,2024,False
Australia,AU,AUS,730451,iron_steel,9.59,40180.66,2024,2024,False
Australia,AU,AUS,730459,iron_steel,623.709,3127967.54,2024,2024,False
Australia,AU,AUS,730490,iron_steel,526.956,6357026.76,2024,2024,False
Australia,AU,AUS,7305,iron_steel,3430.806,3095534.92,2024,2024,False
Australia,AU,AUS,730619,iron_steel,64.941,805503.73,2024,2024,False
Angola,AO,AGO,730429,iron_steel,5033.2,78101.04,2024,2024,False
Australia,AU,AUS,730621,iron_steel,5.07,31634.95,2024,2024,False
Australia,AU,AUS,730629,iron_steel,19.84,200958.19,2024,2024,False
Australia,AU,AUS,730630,iron_steel,174.78,1361404.62,2024,2024,False
Bahrain,BH,BHR,730300,iron_steel,16962.9757,11628504.11,2024,2024,False
Bahrain,BH,BHR,730411,iron_steel,26.9105,150025.86,2024,2024,False
Bahrain,BH,BHR,730419,iron_steel,124.7578,545513.82,2024,2024,False
Bahrain,BH,BHR,730422,iron_steel,186.3125,112780.85,2024,2024,False
Bahrain,BH,BHR,730423,iron_steel,318.0091,301738.34,2024,2024,False
Bahrain,BH,BHR,730424,iron_steel,1.4213,5970.66,2024,2024,False
Bahrain,BH,BHR,730429,iron_steel,248.7502,537202.41,2024,2024,False
Bahrain,BH,BHR,730431,iron_steel,49.5456,27250.25,2024,2024,False
Bahrain,BH,BHR,730439,iron_steel,204.4479,276015.51,2024,2024,False
Bahrain,BH,BHR,730441,iron_steel,1.5134,20904.83,2024,2024,False
Australia,AU,AUS,730411,iron_steel,112.55,855411.38,2024,2024,False
Australia,AU,AUS,730300,iron_steel,223.285,1263617.06,2024,2024,False
Argentina,AR,ARG,730630,iron_steel,97.8269,234594.43,2024,2024,False
Argentina,AR,ARG,730490,iron_steel,0.0266,730.98,2024,2024,False
Angola,AO,AGO,730431,iron_steel,10.464,102176.04,2024,2024,False
Angola,AO,AGO,730439,iron_steel,11.7877,12652.75,2024,2024,False
Angola,AO,AGO,730441,iron_steel,2.6847,12720.91,2024,2024,False
Angola,AO,AGO,730449,iron_steel,1.151,22726.3,2024,2024,False
Angola,AO,AGO,730451,iron_steel,133.197,224549.49,2024,2024,False
Angola,AO,AGO,730459,iron_steel,21.431,24398.62,2024,2024,False
Angola,AO,AGO,730490,iron_steel,1041.365,1322588.73,2024,2024,False
Angola,AO,AGO,7305,iron_steel,13.7972,13861.94,2024,2024,False
Angola,AO,AGO,730619,iron_steel,6.8,873422.97,2024,2024,False
Angola,AO,AGO,730629,iron_steel,0.6586,5925.96,2024,2024,False
Angola,AO,AGO,730630,iron_steel,0.4288,260262.3,2024,2024,False
Azerbaijan,AZ,AZE,730419,iron_steel,713.402,531701.5,2024,2024,False
Azerbaijan,AZ,AZE,730423,iron_steel,83.409,84762.18,2024,2024,False
Azerbaijan,AZ,AZE,730424,iron_steel,1.781,47875.05,2024,2024,False
Azerbaijan,AZ,AZE,730429,iron_steel,18685.5785,21224794.34,2024,2024,False
Azerbaijan,AZ,AZE,730439,iron_steel,209.6831,199785.81,2024,2024,False
Azerbaijan,AZ,AZE,730441,iron_steel,1421.8685,666458.72,2024,2024,False
Azerbaijan,AZ,AZE,730449,iron_steel,0.06,32.35,2024,2024,False
Azerbaijan,AZ,AZE,730459,iron_steel,0.0199,549.06,2024,2024,False
Azerbaijan,AZ,AZE,730490,iron_steel,53.9273,192227.49,2024,2024,False
Azerbaijan,AZ,AZE,7305,iron_steel,813.3002,461303.81,2024,2024,False
Azerbaijan,AZ,AZE,730629,iron_steel,40.9949,235737.51,2024,2024,False
Azerbaijan,AZ,AZE,730630,iron_steel,0.0003,92.41,2024,2024,False
Argentina,AR,ARG,730431,iron_steel,88.3849,410358.96,2024,2024,False
Argentina,AR,ARG,730439,iron_steel,2.4247,54219.71,2024,2024,False
Argentina,AR,ARG,730451,iron_steel,334.858,620374.08,2024,2024,False
Argentina,AR,ARG,730459,iron_steel,452.7454,807134.67,2024,2024,False
Kyrgyzstan,KG,KGZ,7601,aluminium,3497.72,5678782.0,2024,2024,False
Kyrgyzstan,KG,KGZ,760421,aluminium,29.26,98601.79,2024,2024,False
Morocco,MA,MAR,731813,iron_steel,0.6824,42604.68,2024,2024,False
Mexico,MX,MEX,731821,iron_steel,734.0776,4646122.35,2024,2024,False
Moldova,MD,MDA,731812,iron_steel,0.001,19.41,2024,2024,False
Mexico,MX,MEX,760429,aluminium,35140.57,175135586.36,2024,2024,False
Mexico,MX,MEX,760421,aluminium,18944.3604,92758340.26,2024,2024,False
Mexico,MX,MEX,760410,aluminium,786.71,4588039.0,2024,2024,False
Mexico,MX,MEX,7601,aluminium,0.0,71729074.95,2024,2024,False
Mexico,MX,MEX,732690,iron_steel,760220.1894,1513958896.59,2024,2024,False
Mexico,MX,MEX,732620,iron_steel,,84842632.84,2024,2024,False
Mexico,MX,MEX,732619,iron_steel,36568.5086,203835267.54,2024,2024,False
Mexico,MX,MEX,732611,iron_steel,1096.78,1535616.86,2024,2024,False
Mexico,MX,MEX,731829,iron_steel,2898.4317,11324070.79,2024,2024,False
Mexico,MX,MEX,731824,iron_steel,779.3713,11127807.04,2024,2024,False
Mexico,MX,MEX,731823,iron_steel,,2507747.9,2024,2024,False
Mexico,MX,MEX,731822,iron_steel,4473.1121,21246616.76,2024,2024,False
Mexico,MX,MEX,731819,iron_steel,1693.8133,9204152.11,2024,2024,False
Moldova,MD,MDA,731814,iron_steel,1.1634,3970.06,2024,2024,False
Mexico,MX,MEX,731816,iron_steel,3716.053,55644744.48,2024,2024,False
Mexico,MX,MEX,731815,iron_steel,165838.524,163796466.13,2024,2024,False
Mexico,MX,MEX,731814,iron_steel,1479.9312,5822584.79,2024,2024,False
Mexico,MX,MEX,731813,iron_steel,69.16,914532.85,2024,2024,False
Mexico,MX,MEX,731812,iron_steel,15.15,89605.4,2024,2024,False
Mauritius,MU,MUS,760429,aluminium,57.74,178697.27,2024,2024,False
Mauritius,MU,MUS,760421,aluminium,324.792,1081596.16,2024,2024,False
Mauritius,MU,MUS,760410,aluminium,1.598,5866.85,2024,2024,False
Mauritius,MU,MUS,7603,aluminium,5.045,380.41,2024,2024,False
Mauritius,MU,MUS,7601,aluminium,113.392,246301.42,2024,2024,False
Mauritius,MU,MUS,732690,iron_steel,33.453,654531.29,2024,2024,False
Mauritius,MU,MUS,732620,iron_steel,0.121,16996.52,2024,2024,False
Mauritius,MU,MUS,732619,iron_steel,14.526,295730.63,2024,2024,False
Moldova,MD,MDA,731813,iron_steel,0.007,215.32,2024,2024,False
Moldova,MD,MDA,731815,iron_steel,77.8046,236919.88,2024,2024,False
Kyrgyzstan,KG,KGZ,760429,aluminium,51.032,254821.18,2024,2024,False
Montenegro,ME,MNE,731815,iron_steel,2.0523,7396.15,2024,2024,False
Morocco,MA,MAR,731812,iron_steel,0.7091,4377.88,2024,2024,False
Montenegro,ME,MNE,760429,aluminium,13.2834,86017.18,2024,2024,False
Montenegro,ME,MNE,760421,aluminium,32.3442,108034.97,2024,2024,False
Montenegro,ME,MNE,760410,aluminium,30.4413,99373.72,2024,2024,False
Montenegro,ME,MNE,7601,aluminium,15229.809,38389286.9,2024,2024,False
Montenegro,ME,MNE,732690,iron_steel,350.0625,2897335.98,2024,2024,False
Montenegro,ME,MNE,732620,iron_steel,0.663,887.77,2024,2024,False
Montenegro,ME,MNE,732619,iron_steel,0.572,549.86,2024,2024,False
Montenegro,ME,MNE,731829,iron_steel,1.4922,8692.14,2024,2024,False
Montenegro,ME,MNE,731824,iron_steel,0.0003,7.6,2024,2024,False
Montenegro,ME,MNE,731822,iron_steel,0.0308,633.84,2024,2024,False
Montenegro,ME,MNE,731819,iron_steel,4.651,3043.22,2024,2024,False
Montenegro,ME,MNE,731816,iron_steel,0.1841,2773.29,2024,2024,False
Montenegro,ME,MNE,731813,iron_steel,6.08,2180.44,2024,2024,False
Moldova,MD,MDA,731816,iron_steel,4.0475,17644.4,2024,2024,False
Montenegro,ME,MNE,731812,iron_steel,0.0001,20.82,2024,2024,False
Moldova,MD,MDA,760429,aluminium,12.7621,81102.49,2024,2024,False
Moldova,MD,MDA,760421,aluminium,0.128,2241.01,2024,2024,False
Moldova,MD,MDA,760410,aluminium,23.063,263681.73,2024,2024,False
Moldova,MD,MDA,732690,iron_steel,2194.0179,5758788.47,2024,2024,False
Moldova,MD,MDA,732620,iron_steel,13.41,33693.74,2024,2024,False
Moldova,MD,MDA,732619,iron_steel,3.913,22136.59,2024,2024,False
Moldova,MD,MDA,731829,iron_steel,1.4833,26109.42,2024,2024,False
Moldova,MD,MDA,731824,iron_steel,4.8775,20206.08,2024,2024,False
Moldova,MD,MDA,731823,iron_steel,0.18,1583.03,2024,2024,False
Moldova,MD,MDA,731822,iron_steel,3.5926,13122.63,2024,2024,False
Moldova,MD,MDA,731821,iron_steel,0.536,16486.46,2024,2024,False
Moldova,MD,MDA,731819,iron_steel,16.2131,109592.46,2024,2024,False
Mauritius,MU,MUS,731829,iron_steel,0.356,24001.96,2024,2024,False
Mauritius,MU,MUS,731824,iron_steel,0.037,20663.04,2024,2024,False
Mauritius,MU,MUS,731823,iron_steel,20.117,239814.57,2024,2024,False
Lebanon,LB,LBN,7603,aluminium,,8334873.86,2024,2024,False
Madagascar,MG,MDG,732690,iron_steel,26.8816,195994.79,2024,2024,False
Madagascar,MG,MDG,732620,iron_steel,23.132,23794.79,2024,2024,False
Madagascar,MG,MDG,732619,iron_steel,0.068,45.04,2024,2024,False
Madagascar,MG,MDG,731829,iron_steel,0.3736,5311.28,2024,2024,False
Madagascar,MG,MDG,731824,iron_steel,0.0211,100.89,2024,2024,False
Madagascar,MG,MDG,731823,iron_steel,0.0028,14.62,2024,2024,False
Madagascar,MG,MDG,731822,iron_steel,0.0304,427.09,2024,2024,False
Madagascar,MG,MDG,731819,iron_steel,0.0125,128.57,2024,2024,False
Madagascar,MG,MDG,731816,iron_steel,0.0075,106.33,2024,2024,False
Madagascar,MG,MDG,731815,iron_steel,0.8604,25800.75,2024,2024,False
Lebanon,LB,LBN,760429,aluminium,422.1434,2146557.62,2024,2024,False
Lebanon,LB,LBN,760421,aluminium,214.387,997546.44,2024,2024,False
Lebanon,LB,LBN,760410,aluminium,52.6589,329180.3,2024,2024,False
Lebanon,LB,LBN,7601,aluminium,67.4894,164672.4,2024,2024,False
Mauritius,MU,MUS,731822,iron_steel,0.082,1061.49,2024,2024,False
Lebanon,LB,LBN,732690,iron_steel,,4173790.78,2024,2024,False
Lebanon,LB,LBN,732620,iron_steel,0.3552,1034.1,2024,2024,False
Lebanon,LB,LBN,732619,iron_steel,39.1188,180968.49,2024,2024,False
Lebanon,LB,LBN,731829,iron_steel,,61182.89,2024,2024,False
Lebanon,LB,LBN,731824,iron_steel,0.0425,590.52,2024,2024,False
Lebanon,LB,LBN,731823,iron_steel,0.3082,2855.56,2024,2024,False
Lebanon,LB,LBN,731822,iron_steel,,3898.9,2024,2024,False
Lebanon,LB,LBN,731821,iron_steel,0.0839,1977.64,2024,2024,False
Lebanon,LB,LBN,731819,iron_steel,,247162.92,2024,2024,False
Lebanon,LB,LBN,731816,iron_steel,,10715.28,2024,2024,False
Lebanon,LB,LBN,731815,iron_steel,,376987.34,2024,2024,False
Lebanon,LB,LBN,731814,iron_steel,5.6929,39779.13,2024,2024,False
Lebanon,LB,LBN,731812,iron_steel,10.8571,53965.44,2024,2024,False
Madagascar,MG,MDG,760429,aluminium,0.0286,43.38,2024,2024,False
Malaysia,MY,MYS,731812,iron_steel,2938.3829,7150711.36,2024,2024,False
Malaysia,MY,MYS,731813,iron_steel,158.8598,599483.33,2024,2024,False
Malaysia,MY,MYS,731814,iron_steel,2590.4416,4885420.38,2024,2024,False
Mauritius,MU,MUS,731819,iron_steel,0.566,7311.68,2024,2024,False
Mauritius,MU,MUS,731816,iron_steel,0.536,12260.16,2024,2024,False
Mauritius,MU,MUS,731815,iron_steel,9.386,801411.19,2024,2024,False
Mauritius,MU,MUS,731813,iron_steel,0.002,21.09,2024,2024,False
Mauritius,MU,MUS,731812,iron_steel,0.977,3560.97,2024,2024,False
Mauritania,MR,MRT,732690,iron_steel,24.111,151673.44,2024,2024,False
Mauritania,MR,MRT,732619,iron_steel,0.0684,2355.21,2024,2024,False
Mauritania,MR,MRT,731829,iron_steel,0.035,2905.02,2024,2024,False
Mauritania,MR,MRT,731822,iron_steel,0.08,4594.09,2024,2024,False
Mauritania,MR,MRT,731815,iron_steel,4.03,8445.05,2024,2024,False
Malaysia,MY,MYS,760429,aluminium,,186651629.31,2024,2024,False
Malaysia,MY,MYS,760421,aluminium,9801.8212,33421654.19,2024,2024,False
Malaysia,MY,MYS,760410,aluminium,,32152714.13,2024,2024,False
Malaysia,MY,MYS,7603,aluminium,81053.5598,116309185.54,2024,2024,False
Malaysia,MY,MYS,7601,aluminium,1941437.6397,4269226429.71,2024,2024,False
Malaysia,MY,MYS,732690,iron_steel,120500.5534,484016065.3,2024,2024,False
Malaysia,MY,MYS,732620,iron_steel,18059.3847,35469423.41,2024,2024,False
Malaysia,MY,MYS,732619,iron_steel,12012.3599,47899293.41,2024,2024,False
Malaysia,MY,MYS,732611,iron_steel,,88478.49,2024,2024,False
Malaysia,MY,MYS,731829,iron_steel,4685.2244,16809115.56,2024,2024,False
Malaysia,MY,MYS,731824,iron_steel,1915.0483,29633422.5,2024,2024,False
Malaysia,MY,MYS,731823,iron_steel,,2518505.71,2024,2024,False
Malaysia,MY,MYS,731822,iron_steel,1078.0882,4702694.39,2024,2024,False
Malaysia,MY,MYS,731821,iron_steel,2584.4037,6282226.64,2024,2024,False
Malaysia,MY,MYS,731819,iron_steel,11217.1078,25420069.84,2024,2024,False
Malaysia,MY,MYS,731816,iron_steel,14456.6417,36614600.53,2024,2024,False
Malaysia,MY,MYS,731815,iron_steel,136701.1122,165751303.73,2024,2024,False
Serbia,RS,SRB,731829,iron_steel,334.8524,1760463.91,2024,2024,False
Serbia,RS,SRB,732611,iron_steel,206.654,485736.99,2024,2024,False
Serbia,RS,SRB,732619,iron_steel,1024.2824,4386995.66,2024,2024,False
Uzbekistan,UZ,UZB,731824,iron_steel,3.0889,882.54,2024,2024,False
Zambia,ZM,ZMB,731812,iron_steel,0.0162,687.46,2024,2024,False
Yemen,YE,YEM,7601,aluminium,,231.03,2024,2024,False
Yemen,YE,YEM,732690,iron_steel,15.241,29637.21,2024,2024,False
Yemen,YE,YEM,732619,iron_steel,0.465,716.2,2024,2024,False
Uzbekistan,UZ,UZB,760429,aluminium,3985.5829,13493027.35,2024,2024,False
Uzbekistan,UZ,UZB,760421,aluminium,7372.8978,24677155.46,2024,2024,False
Uzbekistan,UZ,UZB,760410,aluminium,7.1076,53543.11,2024,2024,False
Uzbekistan,UZ,UZB,7601,aluminium,6409.3,10466670.34,2024,2024,False
Uzbekistan,UZ,UZB,732690,iron_steel,1030.6418,2445919.96,2024,2024,False
Uzbekistan,UZ,UZB,732620,iron_steel,473.109,569987.97,2024,2024,False
Uzbekistan,UZ,UZB,732619,iron_steel,,410579.4,2024,2024,False
Uzbekistan,UZ,UZB,732611,iron_steel,871.55,638356.9,2024,2024,False
Uzbekistan,UZ,UZB,731829,iron_steel,,95018.93,2024,2024,False
Uzbekistan,UZ,UZB,731823,iron_steel,,1835.32,2024,2024,False
Zambia,ZM,ZMB,731814,iron_steel,0.311,2065.19,2024,2024,False
Uzbekistan,UZ,UZB,731822,iron_steel,1.4905,75914.39,2024,2024,False
Uzbekistan,UZ,UZB,731821,iron_steel,,95038.33,2024,2024,False
Uzbekistan,UZ,UZB,731819,iron_steel,22.0084,70459.29,2024,2024,False
Uzbekistan,UZ,UZB,731816,iron_steel,29.5624,188828.2,2024,2024,False
Uzbekistan,UZ,UZB,731815,iron_steel,134.2383,1458807.8,2024,2024,False
Uzbekistan,UZ,UZB,731814,iron_steel,888.2662,1272431.35,2024,2024,False
Uzbekistan,UZ,UZB,731813,iron_steel,0.0205,130.3,2024,2024,False
Uzbekistan,UZ,UZB,731812,iron_steel,1351.2219,1817799.6,2024,2024,False
Uruguay,UY,URY,760429,aluminium,42.959,212253.95,2024,2024,False
Uruguay,UY,URY,760421,aluminium,52.028,360950.0,2024,2024,False
Uruguay,UY,URY,732690,iron_steel,506.8489,2293463.64,2024,2024,False
Uruguay,UY,URY,732620,iron_steel,4.0122,12142.13,2024,2024,False
Uruguay,UY,URY,732619,iron_steel,0.432,399.22,2024,2024,False
Zambia,ZM,ZMB,731813,iron_steel,11.9415,39005.13,2024,2024,False
Zambia,ZM,ZMB,731815,iron_steel,109.7512,435288.72,2024,2024,False
Uzbekistan,UZ,UZB,7227,iron_steel,3.0,2180.94,2024,2024,False
Zambia,ZM,ZMB,7229,iron_steel,15.64,53689.25,2024,2024,False
Uzbekistan,UZ,UZB,722830,iron_steel,125.05,70673.68,2024,2024,False
Uzbekistan,UZ,UZB,7229,iron_steel,13.056,20623.79,2024,2024,False
Uzbekistan,UZ,UZB,7301,iron_steel,3738.33,2173203.95,2024,2024,False
Uzbekistan,UZ,UZB,7302,iron_steel,57.103,44489.42,2024,2024,False
Yemen,YE,YEM,7302,iron_steel,0.05,831.72,2024,2024,False
Zambia,ZM,ZMB,722592,iron_steel,27.12,10123.41,2024,2024,False
Zambia,ZM,ZMB,722599,iron_steel,8.0,8469.06,2024,2024,False
Zambia,ZM,ZMB,7227,iron_steel,,89571.0,2024,2024,False
Zambia,ZM,ZMB,722820,iron_steel,54.0,44385.48,2024,2024,False
Zambia,ZM,ZMB,722830,iron_steel,309.4904,1796415.38,2024,2024,False
Zambia,ZM,ZMB,722860,iron_steel,159.319,367233.13,2024,2024,False
Zambia,ZM,ZMB,722870,iron_steel,1.8866,19187.44,2024,2024,False
Zambia,ZM,ZMB,722880,iron_steel,39.8015,108511.21,2024,2024,False
Zambia,ZM,ZMB,7301,iron_steel,736.9474,571050.86,2024,2024,False
Zambia,ZM,ZMB,731816,iron_steel,22.3943,110244.25,2024,2024,False
Zambia,ZM,ZMB,7302,iron_steel,235.701,147428.48,2024,2024,False
Zambia,ZM,ZMB,760429,aluminium,0.1,73.77,2024,2024,False
Zambia,ZM,ZMB,7601,aluminium,4652.055,9129312.24,2024,2024,False
Zambia,ZM,ZMB,732690,iron_steel,496.8588,917627.17,2024,2024,False
Zambia,ZM,ZMB,732620,iron_steel,13.07,9285.27,2024,2024,False
Zambia,ZM,ZMB,732619,iron_steel,179.769,514228.2,2024,2024,False
Zambia,ZM,ZMB,732611,iron_steel,6776.005,9053390.16,2024,2024,False
Zambia,ZM,ZMB,731829,iron_steel,226.7519,847906.75,2024,2024,False
Zambia,ZM,ZMB,731824,iron_steel,104.8923,222971.19,2024,2024,False
Zambia,ZM,ZMB,731823,iron_steel,0.02,241.49,2024,2024,False
Zambia,ZM,ZMB,731822,iron_steel,159.946,252837.49,2024,2024,False
Zambia,ZM,ZMB,731821,iron_steel,0.3266,17007.39,2024,2024,False
Zambia,ZM,ZMB,731819,iron_steel,78.2072,222414.81,2024,2024,False
Uruguay,UY,URY,731829,iron_steel,1.1968,21108.95,2024,2024,False
Uruguay,UY,URY,731824,iron_steel,0.0941,4772.2,2024,2024,False
Uruguay,UY,URY,731823,iron_steel,2.0023,5558.64,2024,2024,False
Tanzania,TZ,TZA,731812,iron_steel,3.215,2335.73,2024,2024,False
Tanzania,TZ,TZA,732620,iron_steel,46.7937,768707.52,2024,2024,False
Tanzania,TZ,TZA,732619,iron_steel,470.399,495051.83,2024,2024,False
Tanzania,TZ,TZA,732611,iron_steel,631.2,332753.1,2024,2024,False
Tanzania,TZ,TZA,731829,iron_steel,15.4563,126685.29,2024,2024,False
Tanzania,TZ,TZA,731824,iron_steel,0.1816,1943.35,2024,2024,False
Tanzania,TZ,TZA,731823,iron_steel,0.506,1934.31,2024,2024,False
Tanzania,TZ,TZA,731822,iron_steel,1.7739,14544.7,2024,2024,False
Tanzania,TZ,TZA,731821,iron_steel,0.207,1416.46,2024,2024,False
Tanzania,TZ,TZA,731819,iron_steel,64.5579,24098.61,2024,2024,False
Tanzania,TZ,TZA,731816,iron_steel,5.121,25082.6,2024,2024,False
Tanzania,TZ,TZA,731815,iron_steel,26.0679,144940.59,2024,2024,False
Tanzania,TZ,TZA,731814,iron_steel,13.096,571.54,2024,2024,False
Tanzania,TZ,TZA,731813,iron_steel,0.5,481.91,2024,2024,False
United Kingdom,GB,GBR,760429,aluminium,,83358184.74,2024,2024,False
Uruguay,UY,URY,731822,iron_steel,0.731,8343.96,2024,2024,False
United Kingdom,GB,GBR,760421,aluminium,,18730470.3,2024,2024,False
United Kingdom,GB,GBR,760410,aluminium,2660.9091,14445321.66,2024,2024,False
United Kingdom,GB,GBR,7603,aluminium,10542.2699,27831738.82,2024,2024,False
United Kingdom,GB,GBR,7601,aluminium,,617930046.4,2024,2024,False
United Kingdom,GB,GBR,732690,iron_steel,241795.2152,1368904331.47,2024,2024,False
United Kingdom,GB,GBR,732620,iron_steel,,30480238.96,2024,2024,False
United Kingdom,GB,GBR,732619,iron_steel,3414.521,46415642.58,2024,2024,False
United Kingdom,GB,GBR,732611,iron_steel,,1320881.53,2024,2024,False
United Kingdom,GB,GBR,731829,iron_steel,8150.6285,183441753.71,2024,2024,False
United Kingdom,GB,GBR,731824,iron_steel,369.187,13504018.26,2024,2024,False
United Kingdom,GB,GBR,731823,iron_steel,1959.0569,43351969.64,2024,2024,False
United Kingdom,GB,GBR,731822,iron_steel,,58744796.14,2024,2024,False
United Kingdom,GB,GBR,731821,iron_steel,,19552395.74,2024,2024,False
Tanzania,TZ,TZA,732690,iron_steel,183.9238,569827.52,2024,2024,False
Tanzania,TZ,TZA,7601,aluminium,5718.354,10076961.54,2024,2024,False
Tanzania,TZ,TZA,760410,aluminium,87.978,322420.61,2024,2024,False
Tanzania,TZ,TZA,760421,aluminium,1.1,1117.76,2024,2024,False
Uruguay,UY,URY,731821,iron_steel,0.0138,279.09,2024,2024,False
Uruguay,UY,URY,731819,iron_steel,0.204,3641.99,2024,2024,False
Uruguay,UY,URY,731816,iron_steel,0.8165,8501.06,2024,2024,False
Uruguay,UY,URY,731815,iron_steel,3.4272,45387.67,2024,2024,False
Uruguay,UY,URY,731814,iron_steel,0.466,4577.21,2024,2024,False
Uruguay,UY,URY,731813,iron_steel,0.038,1770.63,2024,2024,False
United States,US,USA,760429,aluminium,120982.5147,738435079.94,2024,2024,False
United States,US,USA,760421,aluminium,,143103555.12,2024,2024,False
United States,US,USA,760410,aluminium,8928.625,50227396.73,2024,2024,False
United States,US,USA,7603,aluminium,142920.175,181675951.39,2024,2024,False
United States,US,USA,7601,aluminium,776959.7584,1580061735.51,2024,2024,False
United States,US,USA,732690,iron_steel,583853.5287,5532253683.58,2024,2024,False
United States,US,USA,732620,iron_steel,42381.3603,141538521.39,2024,2024,False
United States,US,USA,732619,iron_steel,41710.719,433456639.87,2024,2024,False
United States,US,USA,732611,iron_steel,,90097535.35,2024,2024,False
United States,US,USA,731829,iron_steel,33699.911,552591577.49,2024,2024,False
United States,US,USA,731824,iron_steel,16559.474,194737207.28,2024,2024,False
United States,US,USA,731823,iron_steel,12004.347,165937203.59,2024,2024,False
United States,US,USA,731822,iron_steel,34523.245,307156115.89,2024,2024,False
United States,US,USA,731821,iron_steel,4354.426,92090568.34,2024,2024,False
United States,US,USA,731819,iron_steel,22221.779,339158595.32,2024,2024,False
United States,US,USA,731816,iron_steel,88792.534,1050845507.81,2024,2024,False
United States,US,USA,731815,iron_steel,384134.965,2309967625.91,2024,2024,False
United States,US,USA,731814,iron_steel,42901.56,146192189.26,2024,2024,False
United States,US,USA,731813,iron_steel,836.478,9938049.16,2024,2024,False
United States,US,USA,731812,iron_steel,1921.083,11796756.31,2024,2024,False
Tanzania,TZ,TZA,760429,aluminium,,17247.96,2024,2024,False
Uzbekistan,UZ,UZB,722820,iron_steel,63.0,43510.77,2024,2024,False
Uzbekistan,UZ,UZB,722699,iron_steel,267.17,194105.9,2024,2024,False
Serbia,RS,SRB,732620,iron_steel,6672.83,6889305.05,2024,2024,False
Ukraine,UA,UKR,722860,iron_steel,26.948,37284.14,2024,2024,False
Uganda,UG,UGA,722880,iron_steel,0.8,376.88,2024,2024,False
Uganda,UG,UGA,7229,iron_steel,1.12,1270.94,2024,2024,False
Uganda,UG,UGA,7301,iron_steel,243.355,197767.41,2024,2024,False
Uganda,UG,UGA,7302,iron_steel,0.16,182.92,2024,2024,False
Ukraine,UA,UKR,722592,iron_steel,24.742,26849.8,2024,2024,False
Ukraine,UA,UKR,722599,iron_steel,2.1591,3718.29,2024,2024,False
Ukraine,UA,UKR,722699,iron_steel,0.3255,873.86,2024,2024,False
Ukraine,UA,UKR,7227,iron_steel,38207.08,20739957.75,2024,2024,False
Ukraine,UA,UKR,722810,iron_steel,275.27,4864211.42,2024,2024,False
Ukraine,UA,UKR,722820,iron_steel,294.587,207452.35,2024,2024,False
Ukraine,UA,UKR,722830,iron_steel,1908.6216,2169343.63,2024,2024,False
Ukraine,UA,UKR,722840,iron_steel,38.353,110094.87,2024,2024,False
Ukraine,UA,UKR,722850,iron_steel,7836.618,17978968.85,2024,2024,False
Ukraine,UA,UKR,722870,iron_steel,4.0684,25200.22,2024,2024,False
Uganda,UG,UGA,722860,iron_steel,2.85,2809.41,2024,2024,False
Ukraine,UA,UKR,7229,iron_steel,2715.0432,2222999.47,2024,2024,False
Ukraine,UA,UKR,7301,iron_steel,0.5256,863.32,2024,2024,False
Ukraine,UA,UKR,7302,iron_steel,380.4332,713644.04,2024,2024,False
North Macedonia,MK,MKD,722599,iron_steel,0.1,278.14,2024,2024,False
North Macedonia,MK,MKD,722619,iron_steel,2.055,1066.99,2024,2024,False
North Macedonia,MK,MKD,722691,iron_steel,24.62,17775.23,2024,2024,False
North Macedonia,MK,MKD,722699,iron_steel,0.455,330.25,2024,2024,False
North Macedonia,MK,MKD,722830,iron_steel,7.87,8793.49,2024,2024,False
North Macedonia,MK,MKD,722850,iron_steel,0.293,335.61,2024,2024,False
North Macedonia,MK,MKD,722880,iron_steel,31.549,318939.69,2024,2024,False
North Macedonia,MK,MKD,7229,iron_steel,1054.51,1519960.01,2024,2024,False
North Macedonia,MK,MKD,7301,iron_steel,1377.471,2834328.62,2024,2024,False
North Macedonia,MK,MKD,7302,iron_steel,4.714,9673.63,2024,2024,False
Uganda,UG,UGA,722870,iron_steel,1.045,480.15,2024,2024,False
Uganda,UG,UGA,722850,iron_steel,1.8,518.53,2024,2024,False
Uruguay,UY,URY,722840,iron_steel,1.35,6423.62,2024,2024,False
Trinidad and Tobago,TT,TTO,722870,iron_steel,101.2275,149460.42,2024,2024,False
Thailand,TH,THA,722860,iron_steel,2682.6332,1734956.15,2024,2024,False
Thailand,TH,THA,722870,iron_steel,6686.987,3673888.27,2024,2024,False
Thailand,TH,THA,722880,iron_steel,390.3491,3268833.54,2024,2024,False
Thailand,TH,THA,7229,iron_steel,16947.3909,18078130.77,2024,2024,False
Thailand,TH,THA,7301,iron_steel,,11054268.76,2024,2024,False
Thailand,TH,THA,7302,iron_steel,,2562431.44,2024,2024,False
Trinidad and Tobago,TT,TTO,722599,iron_steel,0.024,300.92,2024,2024,False
Trinidad and Tobago,TT,TTO,722611,iron_steel,0.049,22.18,2024,2024,False
Trinidad and Tobago,TT,TTO,722699,iron_steel,7.308,10974.21,2024,2024,False
Trinidad and Tobago,TT,TTO,7227,iron_steel,0.518,633.19,2024,2024,False
Trinidad and Tobago,TT,TTO,722810,iron_steel,2.174,2854.21,2024,2024,False
Trinidad and Tobago,TT,TTO,722830,iron_steel,6323.895,4981538.04,2024,2024,False
Trinidad and Tobago,TT,TTO,722860,iron_steel,620.3372,548588.01,2024,2024,False
Trinidad and Tobago,TT,TTO,722880,iron_steel,0.07,555.43,2024,2024,False
Uganda,UG,UGA,722840,iron_steel,0.4,738.1,2024,2024,False
Trinidad and Tobago,TT,TTO,7229,iron_steel,0.165,295.85,2024,2024,False
Trinidad and Tobago,TT,TTO,7301,iron_steel,39.733,65322.82,2024,2024,False
Tunisia,TN,TUN,722699,iron_steel,860.659,1389410.95,2024,2024,False
Tunisia,TN,TUN,722820,iron_steel,0.0504,49.37,2024,2024,False
Tunisia,TN,TUN,722860,iron_steel,8.8741,22872.37,2024,2024,False
Tunisia,TN,TUN,7229,iron_steel,13.0226,25018.95,2024,2024,False
Tunisia,TN,TUN,7301,iron_steel,8.0535,8180.64,2024,2024,False
Tunisia,TN,TUN,7302,iron_steel,7.7627,11477.82,2024,2024,False
Uganda,UG,UGA,722619,iron_steel,0.8,2065.02,2024,2024,False
Uganda,UG,UGA,722692,iron_steel,2.0,548.62,2024,2024,False
Uganda,UG,UGA,722699,iron_steel,0.1,91.49,2024,2024,False
Uganda,UG,UGA,722810,iron_steel,7.0,3093.2,2024,2024,False
Uganda,UG,UGA,722830,iron_steel,1.8,738.16,2024,2024,False
Egypt,EG,EGY,722620,iron_steel,1.388,21581.83,2024,2024,False
Egypt,EG,EGY,722820,iron_steel,163.3283,165063.18,2024,2024,False
Egypt,EG,EGY,722830,iron_steel,24718.0719,30644587.12,2024,2024,False
United States,US,USA,722692,iron_steel,46135.176,91046793.27,2024,2024,False
Tanzania,TZ,TZA,722850,iron_steel,2.0,19250.52,2024,2024,False
Tanzania,TZ,TZA,722860,iron_steel,323.7595,691413.01,2024,2024,False
Tanzania,TZ,TZA,722870,iron_steel,5.5,1036.2,2024,2024,False
Tanzania,TZ,TZA,722880,iron_steel,5.1635,216808.68,2024,2024,False
Tanzania,TZ,TZA,7229,iron_steel,2.584,18566.82,2024,2024,False
Tanzania,TZ,TZA,7301,iron_steel,0.15,10.67,2024,2024,False
Tanzania,TZ,TZA,7302,iron_steel,1.1128,2710.4,2024,2024,False
United States,US,USA,722592,iron_steel,411089.515,571851980.41,2024,2024,False
United States,US,USA,722599,iron_steel,207876.251,296368275.58,2024,2024,False
United States,US,USA,722611,iron_steel,9695.311,40707748.82,2024,2024,False
United States,US,USA,722619,iron_steel,10216.873,31961071.99,2024,2024,False
United States,US,USA,722620,iron_steel,301.424,1235504.11,2024,2024,False
United States,US,USA,722691,iron_steel,78419.804,105100027.72,2024,2024,False
United States,US,USA,722699,iron_steel,53081.111,95154572.59,2024,2024,False
Egypt,EG,EGY,722850,iron_steel,4.861,10133.07,2024,2024,False
United States,US,USA,7227,iron_steel,,30447928.1,2024,2024,False
United States,US,USA,722810,iron_steel,2527.581,15807948.43,2024,2024,False
United States,US,USA,722820,iron_steel,1882.264,2616764.62,2024,2024,False
United States,US,USA,722830,iron_steel,216424.034,318324428.43,2024,2024,False
United States,US,USA,722840,iron_steel,6332.643,22169420.57,2024,2024,False
United States,US,USA,722850,iron_steel,62741.05,203668821.74,2024,2024,False
United States,US,USA,722860,iron_steel,25674.897,79439607.25,2024,2024,False
United States,US,USA,722870,iron_steel,9327.09,15669792.07,2024,2024,False
United States,US,USA,722880,iron_steel,1196.707,5894129.01,2024,2024,False
United States,US,USA,7229,iron_steel,,86994885.87,2024,2024,False
United States,US,USA,7301,iron_steel,22331.4577,62560984.2,2024,2024,False
United States,US,USA,7302,iron_steel,163885.1829,250931330.75,2024,2024,False
Uruguay,UY,URY,722611,iron_steel,88.205,57059.42,2024,2024,False
Tanzania,TZ,TZA,722840,iron_steel,130.0,100377.22,2024,2024,False
Tanzania,TZ,TZA,722830,iron_steel,23.5,18578.6,2024,2024,False
Tanzania,TZ,TZA,722810,iron_steel,151.5,112119.79,2024,2024,False
Tanzania,TZ,TZA,7227,iron_steel,1.1121,2385.74,2024,2024,False
Egypt,EG,EGY,722860,iron_steel,28.1026,74889.1,2024,2024,False
Egypt,EG,EGY,722870,iron_steel,874.6869,1288697.9,2024,2024,False
Egypt,EG,EGY,7229,iron_steel,256.3655,524389.19,2024,2024,False
Egypt,EG,EGY,7301,iron_steel,813.1234,2153924.93,2024,2024,False
Egypt,EG,EGY,7302,iron_steel,177.2271,437811.15,2024,2024,False
United Kingdom,GB,GBR,722592,iron_steel,,74291815.86,2024,2024,False
United Kingdom,GB,GBR,722599,iron_steel,213612.036,198443945.92,2024,2024,False
United Kingdom,GB,GBR,722611,iron_steel,7.379,110776.12,2024,2024,False
United Kingdom,GB,GBR,722619,iron_steel,,125532.52,2024,2024,False
United Kingdom,GB,GBR,722620,iron_steel,0.04,7032.44,2024,2024,False
United Kingdom,GB,GBR,722691,iron_steel,4165.14,18552638.72,2024,2024,False
United Kingdom,GB,GBR,722692,iron_steel,136.4626,1219648.43,2024,2024,False
United Kingdom,GB,GBR,722699,iron_steel,330.151,867459.3,2024,2024,False
United Kingdom,GB,GBR,7227,iron_steel,,27076521.9,2024,2024,False
United Kingdom,GB,GBR,722810,iron_steel,184.594,3221821.9,2024,2024,False
United Kingdom,GB,GBR,722820,iron_steel,286.7092,1086840.86,2024,2024,False
United Kingdom,GB,GBR,722830,iron_steel,,61281618.84,2024,2024,False
United Kingdom,GB,GBR,722840,iron_steel,,7904769.71,2024,2024,False
United Kingdom,GB,GBR,722850,iron_steel,2449.7827,30441576.96,2024,2024,False
United Kingdom,GB,GBR,722860,iron_steel,,6416307.55,2024,2024,False
United Kingdom,GB,GBR,722870,iron_steel,,33915143.7,2024,2024,False
United Kingdom,GB,GBR,722880,iron_steel,790.018,2977464.64,2024,2024,False
United Kingdom,GB,GBR,7229,iron_steel,,11370086.22,2024,2024,False
United Kingdom,GB,GBR,7301,iron_steel,,29012125.15,2024,2024,False
United Kingdom,GB,GBR,7302,iron_steel,51089.9132,84361440.4,2024,2024,False
Tanzania,TZ,TZA,722592,iron_steel,2.0,911.36,2024,2024,False
Tanzania,TZ,TZA,722599,iron_steel,1.0,1821.35,2024,2024,False
United Kingdom,GB,GBR,731819,iron_steel,2593.9993,91031297.77,2024,2024,False
United Kingdom,GB,GBR,731816,iron_steel,4860.0602,171176352.7,2024,2024,False
United Kingdom,GB,GBR,731815,iron_steel,29020.4459,459300026.48,2024,2024,False
Zimbabwe,ZW,ZWE,7601,aluminium,857.0,1307604.37,2024,2024,False
Thailand,TH,THA,731815,iron_steel,116032.0759,326828224.96,2024,2024,False
Thailand,TH,THA,731814,iron_steel,,21646616.75,2024,2024,False
Thailand,TH,THA,731813,iron_steel,40.2712,94199.52,2024,2024,False
Thailand,TH,THA,731812,iron_steel,243.4556,2150385.5,2024,2024,False
Suriname,SR,SUR,732690,iron_steel,469.165,2097808.02,2024,2024,False
Suriname,SR,SUR,732620,iron_steel,0.2,1552.54,2024,2024,False
Suriname,SR,SUR,732619,iron_steel,0.129,6561.32,2024,2024,False
Suriname,SR,SUR,731829,iron_steel,0.8468,1063.88,2024,2024,False
Suriname,SR,SUR,731824,iron_steel,2.277,58915.29,2024,2024,False
Suriname,SR,SUR,731822,iron_steel,0.11,2931.01,2024,2024,False
Suriname,SR,SUR,731819,iron_steel,0.001,6720.28,2024,2024,False
Suriname,SR,SUR,731815,iron_steel,1.819,14822.07,2024,2024,False
Zimbabwe,ZW,ZWE,760410,aluminium,0.7872,2120.79,2024,2024,False
Zimbabwe,ZW,ZWE,732690,iron_steel,310.4858,529578.81,2024,2024,False
Thailand,TH,THA,731819,iron_steel,8239.432,46942847.74,2024,2024,False
Zimbabwe,ZW,ZWE,732620,iron_steel,0.3976,4892.06,2024,2024,False
Zimbabwe,ZW,ZWE,732611,iron_steel,0.8616,528.79,2024,2024,False
Zimbabwe,ZW,ZWE,731829,iron_steel,2.1559,18771.47,2024,2024,False
Zimbabwe,ZW,ZWE,731824,iron_steel,2.1195,13807.5,2024,2024,False
Zimbabwe,ZW,ZWE,731823,iron_steel,0.002,11.92,2024,2024,False
Zimbabwe,ZW,ZWE,731822,iron_steel,1.0739,12392.86,2024,2024,False
Zimbabwe,ZW,ZWE,731821,iron_steel,0.19,100.57,2024,2024,False
Zimbabwe,ZW,ZWE,731816,iron_steel,1.8351,14868.55,2024,2024,False
Zimbabwe,ZW,ZWE,731815,iron_steel,41.7812,89484.79,2024,2024,False
Zimbabwe,ZW,ZWE,731814,iron_steel,0.406,520.85,2024,2024,False
South Africa,ZA,ZAF,760429,aluminium,1865.9165,10765154.67,2024,2024,False
South Africa,ZA,ZAF,760421,aluminium,350.2457,1792099.44,2024,2024,False
South Africa,ZA,ZAF,760410,aluminium,2463.0094,33806703.91,2024,2024,False
Thailand,TH,THA,731816,iron_steel,12313.8626,58966445.37,2024,2024,False
Thailand,TH,THA,731821,iron_steel,420.6595,5604045.03,2024,2024,False
United Kingdom,GB,GBR,731814,iron_steel,,24034856.97,2024,2024,False
Togo,TG,TGO,731819,iron_steel,2.207,13912.65,2024,2024,False
Trinidad and Tobago,TT,TTO,731816,iron_steel,36.1,65157.57,2024,2024,False
Trinidad and Tobago,TT,TTO,731815,iron_steel,103.3757,392737.66,2024,2024,False
Trinidad and Tobago,TT,TTO,731814,iron_steel,25.466,65764.61,2024,2024,False
Trinidad and Tobago,TT,TTO,731813,iron_steel,0.1333,1325.11,2024,2024,False
Trinidad and Tobago,TT,TTO,731812,iron_steel,4.388,22944.4,2024,2024,False
Togo,TG,TGO,760429,aluminium,20.939,41992.94,2024,2024,False
Togo,TG,TGO,7601,aluminium,5313.55,8150056.01,2024,2024,False
Togo,TG,TGO,732690,iron_steel,32.445,135524.68,2024,2024,False
Togo,TG,TGO,732619,iron_steel,0.177,2273.31,2024,2024,False
Togo,TG,TGO,732611,iron_steel,0.065,908.13,2024,2024,False
Togo,TG,TGO,731829,iron_steel,0.258,44458.86,2024,2024,False
Togo,TG,TGO,731824,iron_steel,0.008,4784.28,2024,2024,False
Togo,TG,TGO,731822,iron_steel,0.016,8250.97,2024,2024,False
Togo,TG,TGO,731816,iron_steel,1.427,48315.56,2024,2024,False
Thailand,TH,THA,731822,iron_steel,2856.5503,38948459.37,2024,2024,False
Togo,TG,TGO,731815,iron_steel,94.907,145785.51,2024,2024,False
Thailand,TH,THA,760429,aluminium,6134.9962,30567033.87,2024,2024,False
Thailand,TH,THA,760421,aluminium,7746.1243,28911089.25,2024,2024,False
Thailand,TH,THA,760410,aluminium,1561.9674,6398508.41,2024,2024,False
Thailand,TH,THA,7603,aluminium,752.743,736955.12,2024,2024,False
Thailand,TH,THA,7601,aluminium,,404865797.51,2024,2024,False
Thailand,TH,THA,732690,iron_steel,489967.1541,1214002696.44,2024,2024,False
Thailand,TH,THA,732620,iron_steel,7371.2648,14610178.23,2024,2024,False
Thailand,TH,THA,732619,iron_steel,8949.2102,11077955.66,2024,2024,False
Thailand,TH,THA,732611,iron_steel,12791.518,13253408.96,2024,2024,False
Thailand,TH,THA,731829,iron_steel,2595.4416,22794427.24,2024,2024,False
Thailand,TH,THA,731824,iron_steel,1787.9021,19577312.15,2024,2024,False
Thailand,TH,THA,731823,iron_steel,918.2709,4933997.66,2024,2024,False
South Africa,ZA,ZAF,7603,aluminium,10462.5275,20013601.62,2024,2024,False
South Africa,ZA,ZAF,7601,aluminium,631202.8345,1411791340.17,2024,2024,False
South Africa,ZA,ZAF,732690,iron_steel,77752.09,162349438.79,2024,2024,False
India,IN,IND,731823,iron_steel,474.7561,3299454.52,2024,2024,False
Singapore,SG,SGP,731813,iron_steel,367.8272,1735138.6,2024,2024,False
Singapore,SG,SGP,731812,iron_steel,73.3519,729520.86,2024,2024,False
India,IN,IND,760429,aluminium,16097.0723,60873839.39,2024,2024,False
India,IN,IND,760421,aluminium,8657.429,39340781.33,2024,2024,False
India,IN,IND,760410,aluminium,2117.4152,9527436.92,2024,2024,False
India,IN,IND,7603,aluminium,6023.6503,20580788.69,2024,2024,False
India,IN,IND,7601,aluminium,2013322.254,4392686470.91,2024,2024,False
India,IN,IND,732690,iron_steel,308757.975,915369353.06,2024,2024,False
India,IN,IND,732620,iron_steel,42582.1506,65540410.06,2024,2024,False
India,IN,IND,732619,iron_steel,118619.4377,320122441.85,2024,2024,False
India,IN,IND,732611,iron_steel,,1547688.17,2024,2024,False
India,IN,IND,731829,iron_steel,6878.4905,39113324.15,2024,2024,False
India,IN,IND,731824,iron_steel,629.0032,3957750.38,2024,2024,False
India,IN,IND,731822,iron_steel,23298.4134,51578571.43,2024,2024,False
South Africa,ZA,ZAF,732620,iron_steel,3306.7884,8089845.12,2024,2024,False
India,IN,IND,731821,iron_steel,1307.5783,9403270.27,2024,2024,False
India,IN,IND,731819,iron_steel,82153.4119,163272958.58,2024,2024,False
India,IN,IND,731816,iron_steel,25786.9215,85619519.52,2024,2024,False
India,IN,IND,731815,iron_steel,150296.3927,409376937.34,2024,2024,False
India,IN,IND,731814,iron_steel,849.7766,2824099.68,2024,2024,False
India,IN,IND,731813,iron_steel,606.407,5282226.49,2024,2024,False
India,IN,IND,731812,iron_steel,618.2937,1548767.05,2024,2024,False
Serbia,RS,SRB,760429,aluminium,6559.0246,27517075.13,2024,2024,False
Serbia,RS,SRB,760421,aluminium,4304.2825,19897595.42,2024,2024,False
Serbia,RS,SRB,760410,aluminium,594.243,3112001.66,2024,2024,False
Serbia,RS,SRB,7603,aluminium,0.068,2430.46,2024,2024,False
Serbia,RS,SRB,7601,aluminium,6828.095,15615588.21,2024,2024,False
Serbia,RS,SRB,732690,iron_steel,41134.568,160839594.31,2024,2024,False
Singapore,SG,SGP,731814,iron_steel,719.6268,4852526.57,2024,2024,False
Singapore,SG,SGP,731815,iron_steel,22981.0189,180614087.64,2024,2024,False
Singapore,SG,SGP,731816,iron_steel,1535.2215,33252142.2,2024,2024,False
Singapore,SG,SGP,731819,iron_steel,8747.4117,74158679.2,2024,2024,False
South Africa,ZA,ZAF,732619,iron_steel,922.8354,3145878.3,2024,2024,False
South Africa,ZA,ZAF,732611,iron_steel,,17754065.72,2024,2024,False
South Africa,ZA,ZAF,731829,iron_steel,1904.9359,7873579.46,2024,2024,False
South Africa,ZA,ZAF,731824,iron_steel,116.0633,2157929.37,2024,2024,False
South Africa,ZA,ZAF,731823,iron_steel,148.7608,621438.79,2024,2024,False
South Africa,ZA,ZAF,731822,iron_steel,2189.6399,8137563.21,2024,2024,False
South Africa,ZA,ZAF,731821,iron_steel,78.64,654082.24,2024,2024,False
South Africa,ZA,ZAF,731819,iron_steel,892.1362,3836234.43,2024,2024,False
South Africa,ZA,ZAF,731816,iron_steel,1202.0523,7281501.59,2024,2024,False
South Africa,ZA,ZAF,731815,iron_steel,20160.4159,87234892.79,2024,2024,False
South Africa,ZA,ZAF,731814,iron_steel,307.7728,1458383.51,2024,2024,False
South Africa,ZA,ZAF,731813,iron_steel,182.905,882256.53,2024,2024,False
South Africa,ZA,ZAF,731812,iron_steel,399.8655,1900795.41,2024,2024,False
Singapore,SG,SGP,760429,aluminium,4240.1884,28967978.83,2024,2024,False
Singapore,SG,SGP,760421,aluminium,1310.3067,4830432.26,2024,2024,False
Singapore,SG,SGP,760410,aluminium,1194.7663,5767181.91,2024,2024,False
Singapore,SG,SGP,7603,aluminium,3982.1915,9916073.24,2024,2024,False
Singapore,SG,SGP,7601,aluminium,,139427342.24,2024,2024,False
Singapore,SG,SGP,732690,iron_steel,40792.7716,448869103.91,2024,2024,False
Singapore,SG,SGP,732620,iron_steel,44039.0267,29588940.41,2024,2024,False
Singapore,SG,SGP,732619,iron_steel,18952.1654,119033343.91,2024,2024,False
Singapore,SG,SGP,732611,iron_steel,127.1846,175396.17,2024,2024,False
Singapore,SG,SGP,731829,iron_steel,2340.9973,48591554.13,2024,2024,False
Singapore,SG,SGP,731824,iron_steel,355.0702,7067240.34,2024,2024,False
Singapore,SG,SGP,731823,iron_steel,520.012,3802990.62,2024,2024,False
Singapore,SG,SGP,731822,iron_steel,878.6007,18024407.25,2024,2024,False
Singapore,SG,SGP,731821,iron_steel,326.4418,3941867.94,2024,2024,False
Trinidad and Tobago,TT,TTO,731819,iron_steel,20.487,248523.6,2024,2024,False
Trinidad and Tobago,TT,TTO,731821,iron_steel,0.129,585.27,2024,2024,False
Trinidad and Tobago,TT,TTO,731822,iron_steel,2.4321,19490.96,2024,2024,False
Ukraine,UA,UKR,732619,iron_steel,445.6592,1204380.07,2024,2024,False
North Macedonia,MK,MKD,731819,iron_steel,27.6185,153776.6,2024,2024,False
North Macedonia,MK,MKD,731816,iron_steel,26.2684,200022.2,2024,2024,False
North Macedonia,MK,MKD,731815,iron_steel,277.9051,1075776.53,2024,2024,False
North Macedonia,MK,MKD,731814,iron_steel,85.0609,351189.83,2024,2024,False
North Macedonia,MK,MKD,731813,iron_steel,0.1886,1711.36,2024,2024,False
North Macedonia,MK,MKD,731812,iron_steel,6.5221,18760.56,2024,2024,False
Ukraine,UA,UKR,760429,aluminium,1657.4282,6307807.79,2024,2024,False
Ukraine,UA,UKR,760421,aluminium,3555.3614,12821758.9,2024,2024,False
Ukraine,UA,UKR,760410,aluminium,1.4947,40723.32,2024,2024,False
Ukraine,UA,UKR,7603,aluminium,0.25,4152.56,2024,2024,False
Ukraine,UA,UKR,7601,aluminium,35164.914,72152162.67,2024,2024,False
Ukraine,UA,UKR,732690,iron_steel,19513.2695,55825958.27,2024,2024,False
Ukraine,UA,UKR,732620,iron_steel,12747.3979,12547584.98,2024,2024,False
Ukraine,UA,UKR,732611,iron_steel,2134.5,1927932.22,2024,2024,False
Uganda,UG,UGA,7601,aluminium,0.12,137.69,2024,2024,False
Ukraine,UA,UKR,731829,iron_steel,19.2596,236446.8,2024,2024,False
Ukraine,UA,UKR,731824,iron_steel,,136982.89,2024,2024,False
Ukraine,UA,UKR,731823,iron_steel,,20721.28,2024,2024,False
Ukraine,UA,UKR,731822,iron_steel,28.3811,831461.81,2024,2024,False
Ukraine,UA,UKR,731821,iron_steel,30.6891,270044.66,2024,2024,False
Ukraine,UA,UKR,731819,iron_steel,39.693,538740.75,2024,2024,False
Ukraine,UA,UKR,731816,iron_steel,81.8353,1241702.83,2024,2024,False
Ukraine,UA,UKR,731815,iron_steel,,2308280.79,2024,2024,False
Ukraine,UA,UKR,731814,iron_steel,69.2655,299337.63,2024,2024,False
Ukraine,UA,UKR,731813,iron_steel,1.4931,4106.79,2024,2024,False
Ukraine,UA,UKR,731812,iron_steel,6.804,22051.15,2024,2024,False
Uganda,UG,UGA,760429,aluminium,504.732,1865896.89,2024,2024,False
Uganda,UG,UGA,760421,aluminium,1596.569,4162822.87,2024,2024,False
North Macedonia,MK,MKD,731821,iron_steel,16.6373,113054.72,2024,2024,False
North Macedonia,MK,MKD,731822,iron_steel,7.0881,182597.27,2024,2024,False
North Macedonia,MK,MKD,731823,iron_steel,0.1882,2243.79,2024,2024,False
North Macedonia,MK,MKD,731824,iron_steel,0.2195,6320.99,2024,2024,False
United Kingdom,GB,GBR,731813,iron_steel,68.5427,2277768.81,2024,2024,False
United Kingdom,GB,GBR,731812,iron_steel,,12189122.5,2024,2024,False
Egypt,EG,EGY,760429,aluminium,16223.4722,82794097.06,2024,2024,False
Egypt,EG,EGY,760421,aluminium,2044.9534,10137852.86,2024,2024,False
Egypt,EG,EGY,760410,aluminium,562.9993,3436938.8,2024,2024,False
Egypt,EG,EGY,7601,aluminium,154224.5374,363417248.43,2024,2024,False
Egypt,EG,EGY,732690,iron_steel,11616.113,96334885.73,2024,2024,False
Egypt,EG,EGY,732620,iron_steel,268.7533,897539.37,2024,2024,False
Egypt,EG,EGY,732619,iron_steel,124.2969,650488.74,2024,2024,False
Egypt,EG,EGY,732611,iron_steel,5.0664,5544.77,2024,2024,False
Egypt,EG,EGY,731829,iron_steel,,342575.35,2024,2024,False
Egypt,EG,EGY,731824,iron_steel,,63364.74,2024,2024,False
Egypt,EG,EGY,731823,iron_steel,0.9095,11871.14,2024,2024,False
Egypt,EG,EGY,731822,iron_steel,,2807.37,2024,2024,False
Egypt,EG,EGY,731821,iron_steel,1.1615,30823.56,2024,2024,False
Egypt,EG,EGY,731819,iron_steel,11.0559,172923.66,2024,2024,False
Egypt,EG,EGY,731816,iron_steel,,35083.86,2024,2024,False
Egypt,EG,EGY,731815,iron_steel,,822375.93,2024,2024,False
Egypt,EG,EGY,731814,iron_steel,11.4525,88786.14,2024,2024,False
North Macedonia,MK,MKD,760429,aluminium,75.1068,780369.0,2024,2024,False
North Macedonia,MK,MKD,760421,aluminium,67.0598,314065.9,2024,2024,False
North Macedonia,MK,MKD,760410,aluminium,23.6475,114508.37,2024,2024,False
North Macedonia,MK,MKD,7601,aluminium,0.29,3617.19,2024,2024,False
North Macedonia,MK,MKD,732690,iron_steel,3061.5733,6367194.61,2024,2024,False
North Macedonia,MK,MKD,732620,iron_steel,384.5074,374189.16,2024,2024,False
North Macedonia,MK,MKD,732619,iron_steel,55.7407,284663.26,2024,2024,False
North Macedonia,MK,MKD,731829,iron_steel,14.7889,127241.34,2024,2024,False
Uganda,UG,UGA,760410,aluminium,3.746,36418.04,2024,2024,False
Uganda,UG,UGA,732690,iron_steel,418.0562,744101.15,2024,2024,False
Trinidad and Tobago,TT,TTO,731823,iron_steel,0.05,521.47,2024,2024,False
Tunisia,TN,TUN,731821,iron_steel,0.54,12729.84,2024,2024,False
Turkey,TR,TUR,731812,iron_steel,5372.542,11888782.92,2024,2024,False
Tunisia,TN,TUN,760429,aluminium,3508.6542,17841162.22,2024,2024,False
Tunisia,TN,TUN,760421,aluminium,97.3557,452997.92,2024,2024,False
Tunisia,TN,TUN,760410,aluminium,22.9171,143258.8,2024,2024,False
Tunisia,TN,TUN,7603,aluminium,21.2316,80437.54,2024,2024,False
Tunisia,TN,TUN,7601,aluminium,2794.402,6831646.65,2024,2024,False
Tunisia,TN,TUN,732690,iron_steel,,91308289.38,2024,2024,False
Tunisia,TN,TUN,732620,iron_steel,2284.5281,6651125.59,2024,2024,False
Tunisia,TN,TUN,732619,iron_steel,100.9299,466913.75,2024,2024,False
Tunisia,TN,TUN,731829,iron_steel,,643603.81,2024,2024,False
Tunisia,TN,TUN,731824,iron_steel,1.0744,14914.77,2024,2024,False
Tunisia,TN,TUN,731823,iron_steel,4.4603,41323.13,2024,2024,False
Tunisia,TN,TUN,731822,iron_steel,,53693.72,2024,2024,False
Tunisia,TN,TUN,731819,iron_steel,,222351.84,2024,2024,False
Uganda,UG,UGA,732620,iron_steel,317.538,384349.61,2024,2024,False
Tunisia,TN,TUN,731816,iron_steel,,38213.01,2024,2024,False
Tunisia,TN,TUN,731815,iron_steel,,560787.74,2024,2024,False
Tunisia,TN,TUN,731814,iron_steel,4.5226,31601.71,2024,2024,False
Tunisia,TN,TUN,731813,iron_steel,12.4616,81731.19,2024,2024,False
Tunisia,TN,TUN,731812,iron_steel,1.2277,6102.47,2024,2024,False
Trinidad and Tobago,TT,TTO,760429,aluminium,125.726,486238.23,2024,2024,False
Trinidad and Tobago,TT,TTO,760421,aluminium,1.793,4863.98,2024,2024,False
Trinidad and Tobago,TT,TTO,7601,aluminium,0.375,8197.49,2024,2024,False
Trinidad and Tobago,TT,TTO,732690,iron_steel,534.6232,3514134.77,2024,2024,False
Trinidad and Tobago,TT,TTO,732620,iron_steel,4.5416,20104.3,2024,2024,False
Trinidad and Tobago,TT,TTO,732619,iron_steel,2.082,7473.26,2024,2024,False
Trinidad and Tobago,TT,TTO,731829,iron_steel,9.5026,30877.12,2024,2024,False
Trinidad and Tobago,TT,TTO,731824,iron_steel,,1326.75,2024,2024,False
Turkey,TR,TUR,731813,iron_steel,205.59,698303.3,2024,2024,False
Turkey,TR,TUR,731814,iron_steel,9866.2,48418305.15,2024,2024,False
Turkey,TR,TUR,731815,iron_steel,110448.711,366956127.9,2024,2024,False
Turkey,TR,TUR,731816,iron_steel,24746.076,98934952.41,2024,2024,False
Uganda,UG,UGA,732619,iron_steel,11.701,34381.86,2024,2024,False
Uganda,UG,UGA,732611,iron_steel,445.236,172528.06,2024,2024,False
Uganda,UG,UGA,731829,iron_steel,2.2564,20936.32,2024,2024,False
Uganda,UG,UGA,731824,iron_steel,4.75,7335.55,2024,2024,False
Uganda,UG,UGA,731822,iron_steel,114.155,81672.24,2024,2024,False
Uganda,UG,UGA,731821,iron_steel,0.005,4758.33,2024,2024,False
Uganda,UG,UGA,731819,iron_steel,7.7432,51870.88,2024,2024,False
Uganda,UG,UGA,731816,iron_steel,0.691,1950.05,2024,2024,False
Uganda,UG,UGA,731815,iron_steel,42.8633,58739.45,2024,2024,False
Uganda,UG,UGA,731814,iron_steel,0.21,1079.0,2024,2024,False
Uganda,UG,UGA,731813,iron_steel,0.15,120.98,2024,2024,False
Uganda,UG,UGA,731812,iron_steel,0.25,263.34,2024,2024,False
Turkey,TR,TUR,760429,aluminium,246295.652,1062879651.6,2024,2024,False
Turkey,TR,TUR,760421,aluminium,123737.981,499902871.27,2024,2024,False
Turkey,TR,TUR,760410,aluminium,5478.375,30720335.46,2024,2024,False
Turkey,TR,TUR,7603,aluminium,2588.977,8920814.16,2024,2024,False
Turkey,TR,TUR,7601,aluminium,150690.849,367432196.65,2024,2024,False
Turkey,TR,TUR,732690,iron_steel,300885.298,957054323.08,2024,2024,False
Turkey,TR,TUR,732620,iron_steel,12921.093,28005773.03,2024,2024,False
Turkey,TR,TUR,732619,iron_steel,16513.058,61847917.94,2024,2024,False
Turkey,TR,TUR,732611,iron_steel,,2252110.71,2024,2024,False
Turkey,TR,TUR,731829,iron_steel,8695.392,58278734.87,2024,2024,False
Turkey,TR,TUR,731824,iron_steel,2090.181,14224609.56,2024,2024,False
Turkey,TR,TUR,731823,iron_steel,2178.551,8545219.48,2024,2024,False
Turkey,TR,TUR,731822,iron_steel,3974.06,44265662.14,2024,2024,False
Turkey,TR,TUR,731821,iron_steel,1122.806,22803095.83,2024,2024,False
Turkey,TR,TUR,731819,iron_steel,5950.248,33329873.39,2024,2024,False
Bahrain,BH,BHR,730449,iron_steel,129.4227,570247.66,2024,2024,False
Bahrain,BH,BHR,730451,iron_steel,12.914,40850.61,2024,2024,False
Bahrain,BH,BHR,730459,iron_steel,4056.0409,10761415.88,2024,2024,False
Saudi Arabia,SA,SAU,730449,iron_steel,396.575,728754.56,2024,2024,False
Philippines,PH,PHL,730630,iron_steel,100.1774,171983.18,2024,2024,False
Qatar,QA,QAT,730300,iron_steel,61.651,208502.54,2024,2024,False
Qatar,QA,QAT,7305,iron_steel,0.0,2026601.43,2024,2024,False
Saudi Arabia,SA,SAU,730300,iron_steel,38700.291,29131145.01,2024,2024,False
Saudi Arabia,SA,SAU,730411,iron_steel,48816.305,77059523.81,2024,2024,False
Saudi Arabia,SA,SAU,730419,iron_steel,6130.758,12947233.63,2024,2024,False
Saudi Arabia,SA,SAU,730422,iron_steel,222.472,596425.45,2024,2024,False
Saudi Arabia,SA,SAU,730423,iron_steel,4232.697,5104628.53,2024,2024,False
Saudi Arabia,SA,SAU,730424,iron_steel,9706.395,10765996.96,2024,2024,False
Saudi Arabia,SA,SAU,730429,iron_steel,9898.326,12512986.9,2024,2024,False
Saudi Arabia,SA,SAU,730431,iron_steel,2327.232,2160822.05,2024,2024,False
Saudi Arabia,SA,SAU,730439,iron_steel,364.011,1993627.65,2024,2024,False
Saudi Arabia,SA,SAU,730441,iron_steel,521.429,929098.83,2024,2024,False
Saudi Arabia,SA,SAU,730451,iron_steel,30.553,107284.97,2024,2024,False
Philippines,PH,PHL,730619,iron_steel,103.748,169701.51,2024,2024,False
Saudi Arabia,SA,SAU,730459,iron_steel,1731.372,2111503.38,2024,2024,False
Saudi Arabia,SA,SAU,730490,iron_steel,6179.988,4553272.72,2024,2024,False
Saudi Arabia,SA,SAU,7305,iron_steel,29909.623,50468836.25,2024,2024,False
Saudi Arabia,SA,SAU,730611,iron_steel,20230.668,23810261.67,2024,2024,False
Saudi Arabia,SA,SAU,730619,iron_steel,1454.289,1743279.38,2024,2024,False
Saudi Arabia,SA,SAU,730621,iron_steel,48.218,286302.31,2024,2024,False
Saudi Arabia,SA,SAU,730629,iron_steel,1673.751,5194882.17,2024,2024,False
Saudi Arabia,SA,SAU,730630,iron_steel,8891.589,10306099.12,2024,2024,False
Senegal,SN,SEN,730300,iron_steel,2.011,51154.06,2024,2024,False
Senegal,SN,SEN,730411,iron_steel,4.35,9345.16,2024,2024,False
Senegal,SN,SEN,730419,iron_steel,10.321,282042.23,2024,2024,False
Senegal,SN,SEN,730422,iron_steel,3.5,6223.77,2024,2024,False
Senegal,SN,SEN,730423,iron_steel,1010.322,4384846.89,2024,2024,False
Philippines,PH,PHL,730629,iron_steel,36555.675,49485632.57,2024,2024,False
Philippines,PH,PHL,730611,iron_steel,829.053,616694.39,2024,2024,False
Peru,PE,PER,730300,iron_steel,,48260.29,2024,2024,False
Peru,PE,PER,730611,iron_steel,0.9293,3300.91,2024,2024,False
Peru,PE,PER,730419,iron_steel,825.9439,1086369.73,2024,2024,False
Peru,PE,PER,730422,iron_steel,0.4386,6141.83,2024,2024,False
Peru,PE,PER,730423,iron_steel,22.8915,128462.56,2024,2024,False
Peru,PE,PER,730424,iron_steel,9.745,18824.51,2024,2024,False
Peru,PE,PER,730429,iron_steel,88.3983,478328.16,2024,2024,False
Peru,PE,PER,730431,iron_steel,8.3972,32097.18,2024,2024,False
Peru,PE,PER,730439,iron_steel,335.105,407779.04,2024,2024,False
Peru,PE,PER,730441,iron_steel,1.3285,914.59,2024,2024,False
Peru,PE,PER,730449,iron_steel,64.2962,107776.49,2024,2024,False
Peru,PE,PER,730451,iron_steel,2.342,5461.64,2024,2024,False
Peru,PE,PER,730459,iron_steel,13.9309,71307.91,2024,2024,False
Peru,PE,PER,730490,iron_steel,,335741.57,2024,2024,False
Peru,PE,PER,7305,iron_steel,227.7523,239583.21,2024,2024,False
Peru,PE,PER,730619,iron_steel,3.2726,970.34,2024,2024,False
Philippines,PH,PHL,7305,iron_steel,1068.1597,738955.73,2024,2024,False
Peru,PE,PER,730630,iron_steel,,858263.17,2024,2024,False
Philippines,PH,PHL,730300,iron_steel,1184.3984,34289358.65,2024,2024,False
Philippines,PH,PHL,730411,iron_steel,15.6972,63345.35,2024,2024,False
Philippines,PH,PHL,730419,iron_steel,814.8134,130980.5,2024,2024,False
Philippines,PH,PHL,730422,iron_steel,0.0057,2970.15,2024,2024,False
Philippines,PH,PHL,730423,iron_steel,108.3,87422.6,2024,2024,False
Philippines,PH,PHL,730424,iron_steel,2.555,43496.9,2024,2024,False
Philippines,PH,PHL,730431,iron_steel,4.5016,14689.95,2024,2024,False
Philippines,PH,PHL,730441,iron_steel,42.9242,201652.34,2024,2024,False
Philippines,PH,PHL,730449,iron_steel,0.7143,5132.61,2024,2024,False
Philippines,PH,PHL,730451,iron_steel,0.512,6317.35,2024,2024,False
Philippines,PH,PHL,730459,iron_steel,0.012,321.6,2024,2024,False
Philippines,PH,PHL,730490,iron_steel,145.9649,1865357.18,2024,2024,False
Senegal,SN,SEN,730424,iron_steel,63.779,1312498.14,2024,2024,False
Senegal,SN,SEN,730429,iron_steel,2900.247,4369253.69,2024,2024,False
Senegal,SN,SEN,730439,iron_steel,167.486,445590.34,2024,2024,False
India,IN,IND,730630,iron_steel,337833.3209,323381298.86,2024,2024,False
India,IN,IND,730429,iron_steel,6018.9675,13607609.02,2024,2024,False
India,IN,IND,730431,iron_steel,14097.3376,19825135.64,2024,2024,False
India,IN,IND,730439,iron_steel,9495.9213,13026389.89,2024,2024,False
India,IN,IND,730441,iron_steel,34310.8,221255606.63,2024,2024,False
India,IN,IND,730449,iron_steel,3999.2088,23557333.59,2024,2024,False
India,IN,IND,730451,iron_steel,2726.884,7502998.43,2024,2024,False
India,IN,IND,730459,iron_steel,3534.1688,4771474.12,2024,2024,False
India,IN,IND,730490,iron_steel,4827.0013,29348510.12,2024,2024,False
India,IN,IND,7305,iron_steel,698652.6353,822887037.42,2024,2024,False
India,IN,IND,730611,iron_steel,3653.941,11483274.92,2024,2024,False
India,IN,IND,730619,iron_steel,37239.9135,50125875.7,2024,2024,False
India,IN,IND,730621,iron_steel,159.282,865194.44,2024,2024,False
India,IN,IND,730629,iron_steel,117.0022,352430.14,2024,2024,False
Singapore,SG,SGP,730300,iron_steel,,3314401.93,2024,2024,False
Senegal,SN,SEN,730449,iron_steel,1.674,17714.24,2024,2024,False
Singapore,SG,SGP,730411,iron_steel,2748.8214,18695661.44,2024,2024,False
Singapore,SG,SGP,730419,iron_steel,18856.6582,67402510.27,2024,2024,False
Singapore,SG,SGP,730422,iron_steel,1099.101,2949627.67,2024,2024,False
Singapore,SG,SGP,730423,iron_steel,4765.61,13264226.27,2024,2024,False
Singapore,SG,SGP,730424,iron_steel,11455.2269,116369395.14,2024,2024,False
Singapore,SG,SGP,730429,iron_steel,54807.0914,150154340.23,2024,2024,False
Singapore,SG,SGP,730431,iron_steel,589.9947,3253680.11,2024,2024,False
Singapore,SG,SGP,730439,iron_steel,5707.3978,10089216.2,2024,2024,False
Singapore,SG,SGP,730441,iron_steel,1939.2099,16566357.96,2024,2024,False
Singapore,SG,SGP,730449,iron_steel,513.137,7848122.32,2024,2024,False
Singapore,SG,SGP,730451,iron_steel,237.8504,1868637.4,2024,2024,False
Singapore,SG,SGP,730459,iron_steel,7365.5401,20098554.84,2024,2024,False
Singapore,SG,SGP,730490,iron_steel,18123.4306,44586718.77,2024,2024,False
India,IN,IND,730424,iron_steel,77.0664,4604656.46,2024,2024,False
India,IN,IND,730423,iron_steel,,9376927.34,2024,2024,False
India,IN,IND,730422,iron_steel,171.8956,594127.73,2024,2024,False
India,IN,IND,730419,iron_steel,57699.6393,64153042.73,2024,2024,False
Senegal,SN,SEN,730451,iron_steel,0.951,42166.44,2024,2024,False
Senegal,SN,SEN,730459,iron_steel,329.691,2207108.01,2024,2024,False
Senegal,SN,SEN,730490,iron_steel,9.663,25148.46,2024,2024,False
Senegal,SN,SEN,7305,iron_steel,0.9,796.3,2024,2024,False
Senegal,SN,SEN,730611,iron_steel,84.102,164831.58,2024,2024,False
Senegal,SN,SEN,730629,iron_steel,5.008,310753.22,2024,2024,False
Senegal,SN,SEN,730630,iron_steel,1712.578,1693698.83,2024,2024,False
Serbia,RS,SRB,730300,iron_steel,3081.153,5272184.64,2024,2024,False
Serbia,RS,SRB,730411,iron_steel,8.756,30438.04,2024,2024,False
Serbia,RS,SRB,730419,iron_steel,223.034,400846.5,2024,2024,False
Serbia,RS,SRB,730423,iron_steel,21.597,101633.86,2024,2024,False
Serbia,RS,SRB,730429,iron_steel,1452.586,3657897.61,2024,2024,False
Serbia,RS,SRB,730431,iron_steel,134.4491,2220686.63,2024,2024,False
Serbia,RS,SRB,730439,iron_steel,782.6081,1114105.91,2024,2024,False
Serbia,RS,SRB,730441,iron_steel,5.228,35310.05,2024,2024,False
Serbia,RS,SRB,730449,iron_steel,6.316,34879.4,2024,2024,False
Serbia,RS,SRB,730451,iron_steel,85.3497,1327960.45,2024,2024,False
Serbia,RS,SRB,730459,iron_steel,134.5127,277509.47,2024,2024,False
Serbia,RS,SRB,730490,iron_steel,274.6157,1060146.94,2024,2024,False
Serbia,RS,SRB,7305,iron_steel,131.052,465676.0,2024,2024,False
Serbia,RS,SRB,730611,iron_steel,1.103,5444.04,2024,2024,False
Serbia,RS,SRB,730619,iron_steel,38.746,31307.64,2024,2024,False
Serbia,RS,SRB,730621,iron_steel,602.8,56363.55,2024,2024,False
Serbia,RS,SRB,730629,iron_steel,0.1403,4036.6,2024,2024,False
Serbia,RS,SRB,730630,iron_steel,15272.5935,21907352.37,2024,2024,False
India,IN,IND,730300,iron_steel,184990.5465,131366456.97,2024,2024,False
India,IN,IND,730411,iron_steel,3233.7201,15610487.82,2024,2024,False
Peru,PE,PER,730411,iron_steel,276.001,449886.72,2024,2024,False
Paraguay,PY,PRY,730630,iron_steel,134.111,117209.09,2024,2024,False
Mexico,MX,MEX,730441,iron_steel,72.826,1200769.8,2024,2024,False
Oman,OM,OMN,730423,iron_steel,1273.961,599948.4,2024,2024,False
Morocco,MA,MAR,730630,iron_steel,533.4158,1104384.04,2024,2024,False
Mozambique,MZ,MOZ,730300,iron_steel,0.003,1545.33,2024,2024,False
Mozambique,MZ,MOZ,730419,iron_steel,1.147,470.38,2024,2024,False
Mozambique,MZ,MOZ,730429,iron_steel,,72182.42,2024,2024,False
Mozambique,MZ,MOZ,730449,iron_steel,27.02,7636.36,2024,2024,False
Mozambique,MZ,MOZ,730490,iron_steel,0.001,4967.47,2024,2024,False
Mozambique,MZ,MOZ,7305,iron_steel,,4093723.59,2024,2024,False
Mozambique,MZ,MOZ,730619,iron_steel,88.404,7994359.76,2024,2024,False
Mozambique,MZ,MOZ,730630,iron_steel,,1226878.38,2024,2024,False
Oman,OM,OMN,730300,iron_steel,20814.277,14446431.68,2024,2024,False
Oman,OM,OMN,730411,iron_steel,305.962,189745.68,2024,2024,False
Oman,OM,OMN,730419,iron_steel,6507.377,4747025.99,2024,2024,False
Oman,OM,OMN,730422,iron_steel,2249.56,1108159.26,2024,2024,False
Oman,OM,OMN,730424,iron_steel,120.984,742509.42,2024,2024,False
Morocco,MA,MAR,730619,iron_steel,112.0938,228864.59,2024,2024,False
Oman,OM,OMN,730429,iron_steel,2272.716,2678279.68,2024,2024,False
Oman,OM,OMN,730431,iron_steel,67.4914,21686.39,2024,2024,False
Oman,OM,OMN,730439,iron_steel,582.856,503769.28,2024,2024,False
Oman,OM,OMN,730441,iron_steel,7.465,123583.33,2024,2024,False
Oman,OM,OMN,730449,iron_steel,287.945,465460.59,2024,2024,False
Oman,OM,OMN,730451,iron_steel,0.643,12385.01,2024,2024,False
Oman,OM,OMN,730459,iron_steel,40171.772,33405920.07,2024,2024,False
Oman,OM,OMN,730490,iron_steel,3426.819,2950165.89,2024,2024,False
Oman,OM,OMN,7305,iron_steel,784.643,2386701.96,2024,2024,False
Oman,OM,OMN,730611,iron_steel,45.005,503663.53,2024,2024,False
Oman,OM,OMN,730619,iron_steel,323.557,981379.34,2024,2024,False
Oman,OM,OMN,730621,iron_steel,50.18,67364.08,2024,2024,False
Oman,OM,OMN,730629,iron_steel,287.008,212083.4,2024,2024,False
Morocco,MA,MAR,730629,iron_steel,21.0,37173.33,2024,2024,False
Morocco,MA,MAR,730611,iron_steel,24.484,100858.4,2024,2024,False
Paraguay,PY,PRY,730411,iron_steel,0.0004,28.0,2024,2024,False
Montenegro,ME,MNE,730451,iron_steel,0.008,19.0,2024,2024,False
Mexico,MX,MEX,730451,iron_steel,5.403,18836.52,2024,2024,False
Mexico,MX,MEX,730459,iron_steel,9750.016,21113930.32,2024,2024,False
Mexico,MX,MEX,730490,iron_steel,114.098,311893.54,2024,2024,False
Mexico,MX,MEX,7305,iron_steel,0.0,26233928.47,2024,2024,False
Mexico,MX,MEX,730619,iron_steel,21505.4,26764170.59,2024,2024,False
Mexico,MX,MEX,730630,iron_steel,197926.329,251125855.28,2024,2024,False
Moldova,MD,MDA,730449,iron_steel,0.702,7673.97,2024,2024,False
Moldova,MD,MDA,730490,iron_steel,1.574,7955.83,2024,2024,False
Moldova,MD,MDA,730630,iron_steel,0.344,4916.37,2024,2024,False
Montenegro,ME,MNE,730300,iron_steel,60.3476,68095.97,2024,2024,False
Montenegro,ME,MNE,730423,iron_steel,19.235,27407.93,2024,2024,False
Montenegro,ME,MNE,730439,iron_steel,2.452,2203.03,2024,2024,False
Montenegro,ME,MNE,730449,iron_steel,71.57,50086.08,2024,2024,False
Montenegro,ME,MNE,730490,iron_steel,0.4169,1429.76,2024,2024,False
Morocco,MA,MAR,7305,iron_steel,9.9699,18593.36,2024,2024,False
Morocco,MA,MAR,730300,iron_steel,2.483,22105.88,2024,2024,False
Morocco,MA,MAR,730411,iron_steel,31.5935,84242.89,2024,2024,False
Morocco,MA,MAR,730419,iron_steel,24.528,69416.38,2024,2024,False
Morocco,MA,MAR,730422,iron_steel,0.18,2021.17,2024,2024,False
Morocco,MA,MAR,730423,iron_steel,41.4085,44999.51,2024,2024,False
Morocco,MA,MAR,730429,iron_steel,13.675,28378.06,2024,2024,False
Morocco,MA,MAR,730431,iron_steel,4.208,5358.03,2024,2024,False
Morocco,MA,MAR,730439,iron_steel,113.5115,341092.62,2024,2024,False
Morocco,MA,MAR,730441,iron_steel,25.6368,472369.58,2024,2024,False
Morocco,MA,MAR,730449,iron_steel,1.6161,3932.47,2024,2024,False
Morocco,MA,MAR,730451,iron_steel,0.27,5300.69,2024,2024,False
Morocco,MA,MAR,730459,iron_steel,1.1304,90946.63,2024,2024,False
Morocco,MA,MAR,730490,iron_steel,97.7991,213238.19,2024,2024,False
Oman,OM,OMN,730630,iron_steel,118121.978,103703560.4,2024,2024,False
Namibia,,NAM,730300,iron_steel,3.3512,12147.82,2024,2024,False
Namibia,,NAM,730411,iron_steel,18.2847,761102.54,2024,2024,False
Pakistan,PK,PAK,730419,iron_steel,1.0,9.24,2024,2024,False
Nicaragua,NI,NIC,730422,iron_steel,1.7806,10622.12,2024,2024,False
Nicaragua,NI,NIC,730439,iron_steel,6.9874,11141.02,2024,2024,False
Nicaragua,NI,NIC,730459,iron_steel,9.3123,13481.19,2024,2024,False
Nicaragua,NI,NIC,730490,iron_steel,0.0464,3964.05,2024,2024,False
Nicaragua,NI,NIC,7305,iron_steel,0.0011,51.1,2024,2024,False
Nicaragua,NI,NIC,730630,iron_steel,26.8836,23174.85,2024,2024,False
Niger,NE,NER,730419,iron_steel,0.046,203.35,2024,2024,False
Niger,NE,NER,7305,iron_steel,0.237,2483.87,2024,2024,False
Nigeria,NG,NGA,730411,iron_steel,3.1338,2937.22,2024,2024,False
Nigeria,NG,NGA,730419,iron_steel,7.7055,7222.05,2024,2024,False
Nigeria,NG,NGA,730424,iron_steel,283.3354,1523798.5,2024,2024,False
Nigeria,NG,NGA,730439,iron_steel,1.1661,1092.95,2024,2024,False
Pakistan,PK,PAK,730411,iron_steel,1.0,369.28,2024,2024,False
Pakistan,PK,PAK,730423,iron_steel,9.0,36510.57,2024,2024,False
Namibia,,NAM,730419,iron_steel,7.0457,97093.87,2024,2024,False
Pakistan,PK,PAK,730429,iron_steel,2.0,548803.39,2024,2024,False
Pakistan,PK,PAK,730459,iron_steel,8.0,7393.58,2024,2024,False
Pakistan,PK,PAK,730490,iron_steel,2.0221,2039.41,2024,2024,False
Pakistan,PK,PAK,730619,iron_steel,5.0,2261.23,2024,2024,False
Pakistan,PK,PAK,730630,iron_steel,2.0,113.52,2024,2024,False
Panama,PA,PAN,730300,iron_steel,9.588,90335.46,2024,2024,False
Panama,PA,PAN,730411,iron_steel,0.067,20482.4,2024,2024,False
Panama,PA,PAN,730419,iron_steel,11.573,15525.37,2024,2024,False
Panama,PA,PAN,730423,iron_steel,1.645,2934.11,2024,2024,False
Panama,PA,PAN,730439,iron_steel,0.713,22374.09,2024,2024,False
Panama,PA,PAN,730449,iron_steel,0.075,231.96,2024,2024,False
Panama,PA,PAN,730490,iron_steel,16.415,11208.76,2024,2024,False
Panama,PA,PAN,730630,iron_steel,17.943,36629.7,2024,2024,False
Nicaragua,NI,NIC,730419,iron_steel,0.4434,570.65,2024,2024,False
New Zealand,NZ,NZL,730630,iron_steel,368.875,817623.24,2024,2024,False
New Zealand,NZ,NZL,730619,iron_steel,14.353,30705.34,2024,2024,False
New Zealand,NZ,NZL,730611,iron_steel,9.223,47775.6,2024,2024,False
Namibia,,NAM,730422,iron_steel,82.385,47734.59,2024,2024,False
Namibia,,NAM,730423,iron_steel,23.6612,70945.45,2024,2024,False
Namibia,,NAM,730424,iron_steel,0.126,4496.59,2024,2024,False
Namibia,,NAM,730429,iron_steel,152.6264,3847602.85,2024,2024,False
Namibia,,NAM,730431,iron_steel,51.0281,92766.31,2024,2024,False
Namibia,,NAM,730439,iron_steel,8.491,35997.08,2024,2024,False
Namibia,,NAM,730449,iron_steel,6.2541,41163.85,2024,2024,False
Namibia,,NAM,730451,iron_steel,2.3652,7773.9,2024,2024,False
Namibia,,NAM,730459,iron_steel,0.133,10331.55,2024,2024,False
Namibia,,NAM,730490,iron_steel,82.7321,613296.11,2024,2024,False
Namibia,,NAM,7305,iron_steel,124.469,1564764.42,2024,2024,False
Namibia,,NAM,730629,iron_steel,1.9934,16465.06,2024,2024,False
Namibia,,NAM,730630,iron_steel,0.0076,408.24,2024,2024,False
New Zealand,NZ,NZL,730300,iron_steel,7.915,395045.68,2024,2024,False
New Zealand,NZ,NZL,730411,iron_steel,3.474,23966.38,2024,2024,False
New Zealand,NZ,NZL,730419,iron_steel,6.03,44060.76,2024,2024,False
New Zealand,NZ,NZL,730423,iron_steel,20.336,101961.85,2024,2024,False
New Zealand,NZ,NZL,730424,iron_steel,1.436,13675.9,2024,2024,False
New Zealand,NZ,NZL,730429,iron_steel,1.931,7455.97,2024,2024,False
New Zealand,NZ,NZL,730431,iron_steel,32.242,51847.83,2024,2024,False
New Zealand,NZ,NZL,730439,iron_steel,0.101,1360.21,2024,2024,False
New Zealand,NZ,NZL,730441,iron_steel,6.616,69885.12,2024,2024,False
New Zealand,NZ,NZL,730449,iron_steel,14.6306,223845.25,2024,2024,False
New Zealand,NZ,NZL,730451,iron_steel,1.167,13096.47,2024,2024,False
New Zealand,NZ,NZL,730459,iron_steel,5.157,30138.21,2024,2024,False
New Zealand,NZ,NZL,730490,iron_steel,380.303,637861.68,2024,2024,False
New Zealand,NZ,NZL,7305,iron_steel,2.4701,54861.88,2024,2024,False
Singapore,SG,SGP,7305,iron_steel,52636.2206,140246503.17,2024,2024,False
Singapore,SG,SGP,730611,iron_steel,39.29,215701.49,2024,2024,False
Singapore,SG,SGP,730619,iron_steel,1094.35,6479291.24,2024,2024,False
Egypt,EG,EGY,730630,iron_steel,254.9113,346038.09,2024,2024,False
Egypt,EG,EGY,730411,iron_steel,30.0835,515181.94,2024,2024,False
Egypt,EG,EGY,730419,iron_steel,720.6386,1470392.61,2024,2024,False
Egypt,EG,EGY,730422,iron_steel,,9379.91,2024,2024,False
Egypt,EG,EGY,730423,iron_steel,6.9187,31455.48,2024,2024,False
Egypt,EG,EGY,730429,iron_steel,25.4501,55447.74,2024,2024,False
Egypt,EG,EGY,730431,iron_steel,61.0248,185867.3,2024,2024,False
Egypt,EG,EGY,730441,iron_steel,0.2369,4851.68,2024,2024,False
Egypt,EG,EGY,730449,iron_steel,0.051,587.3,2024,2024,False
Egypt,EG,EGY,730459,iron_steel,5.5423,17216.52,2024,2024,False
Egypt,EG,EGY,730490,iron_steel,,842701.35,2024,2024,False
Egypt,EG,EGY,7305,iron_steel,1605.7166,2421394.05,2024,2024,False
Egypt,EG,EGY,730611,iron_steel,,1367890.75,2024,2024,False
Egypt,EG,EGY,730619,iron_steel,571.959,891776.73,2024,2024,False
United Kingdom,GB,GBR,730300,iron_steel,,15345930.7,2024,2024,False
North Macedonia,MK,MKD,730630,iron_steel,43385.136,32529766.1,2024,2024,False
United Kingdom,GB,GBR,730411,iron_steel,804.2474,13802669.45,2024,2024,False
United Kingdom,GB,GBR,730419,iron_steel,,53148467.22,2024,2024,False
United Kingdom,GB,GBR,730422,iron_steel,1122.3213,3245500.12,2024,2024,False
United Kingdom,GB,GBR,730423,iron_steel,3994.953,10140414.22,2024,2024,False
United Kingdom,GB,GBR,730424,iron_steel,6154.6882,88120456.09,2024,2024,False
United Kingdom,GB,GBR,730429,iron_steel,15028.721,46042351.45,2024,2024,False
United Kingdom,GB,GBR,730431,iron_steel,3483.6614,15410013.78,2024,2024,False
United Kingdom,GB,GBR,730439,iron_steel,,3113984.17,2024,2024,False
United Kingdom,GB,GBR,730441,iron_steel,922.7812,39666486.28,2024,2024,False
United Kingdom,GB,GBR,730449,iron_steel,810.9586,17899980.52,2024,2024,False
United Kingdom,GB,GBR,730451,iron_steel,161.8322,2425527.35,2024,2024,False
United Kingdom,GB,GBR,730459,iron_steel,1886.783,9994618.91,2024,2024,False
United Kingdom,GB,GBR,730490,iron_steel,1878.713,22560137.37,2024,2024,False
Egypt,EG,EGY,730300,iron_steel,4210.6972,7080612.95,2024,2024,False
North Macedonia,MK,MKD,730629,iron_steel,0.55,500.82,2024,2024,False
Singapore,SG,SGP,730621,iron_steel,308.3666,1619332.12,2024,2024,False
Ukraine,UA,UKR,730490,iron_steel,2.8216,105662.07,2024,2024,False
Uganda,UG,UGA,730619,iron_steel,6.1,12768.67,2024,2024,False
Uganda,UG,UGA,730621,iron_steel,0.2,740.04,2024,2024,False
Uganda,UG,UGA,730629,iron_steel,5.46,5175.12,2024,2024,False
Uganda,UG,UGA,730630,iron_steel,136.199,112830.5,2024,2024,False
Ukraine,UA,UKR,730300,iron_steel,0.9708,1666.45,2024,2024,False
Ukraine,UA,UKR,730419,iron_steel,124092.937,109893097.42,2024,2024,False
Ukraine,UA,UKR,730429,iron_steel,78402.386,96739205.14,2024,2024,False
Ukraine,UA,UKR,730431,iron_steel,6337.3803,8506156.27,2024,2024,False
Ukraine,UA,UKR,730439,iron_steel,191818.4185,178956592.54,2024,2024,False
Ukraine,UA,UKR,730441,iron_steel,7203.6692,78044492.43,2024,2024,False
Ukraine,UA,UKR,730449,iron_steel,7691.0226,52318465.2,2024,2024,False
Ukraine,UA,UKR,730451,iron_steel,130.0948,199350.33,2024,2024,False
Ukraine,UA,UKR,730459,iron_steel,17905.448,20510436.44,2024,2024,False
Ukraine,UA,UKR,7305,iron_steel,3044.0694,2610123.53,2024,2024,False
North Macedonia,MK,MKD,730621,iron_steel,0.04,407.15,2024,2024,False
Ukraine,UA,UKR,730611,iron_steel,176.308,273964.61,2024,2024,False
Ukraine,UA,UKR,730619,iron_steel,34.151,24485.24,2024,2024,False
Ukraine,UA,UKR,730630,iron_steel,12698.1522,9379072.05,2024,2024,False
North Macedonia,MK,MKD,730300,iron_steel,0.6,1441.84,2024,2024,False
North Macedonia,MK,MKD,730411,iron_steel,0.031,4666.18,2024,2024,False
North Macedonia,MK,MKD,730419,iron_steel,1.537,3246.06,2024,2024,False
North Macedonia,MK,MKD,730431,iron_steel,135.375,310068.21,2024,2024,False
North Macedonia,MK,MKD,730439,iron_steel,5.745,8201.59,2024,2024,False
North Macedonia,MK,MKD,730441,iron_steel,0.0394,6871.68,2024,2024,False
North Macedonia,MK,MKD,730449,iron_steel,0.07,2468.48,2024,2024,False
North Macedonia,MK,MKD,730451,iron_steel,0.18,835.3,2024,2024,False
North Macedonia,MK,MKD,730490,iron_steel,0.084,1161.67,2024,2024,False
North Macedonia,MK,MKD,7305,iron_steel,539.547,780362.77,2024,2024,False
United Kingdom,GB,GBR,7305,iron_steel,,94521043.8,2024,2024,False
United Kingdom,GB,GBR,730611,iron_steel,87.175,2256387.86,2024,2024,False
United Kingdom,GB,GBR,730619,iron_steel,,41786288.98,2024,2024,False
Uzbekistan,UZ,UZB,730411,iron_steel,0.94,174.66,2024,2024,False
United States,US,USA,730611,iron_steel,7290.011,20221936.97,2024,2024,False
United States,US,USA,730619,iron_steel,9733.951,21105761.02,2024,2024,False
United States,US,USA,730621,iron_steel,623.271,1861432.4,2024,2024,False
United States,US,USA,730629,iron_steel,157371.257,257648892.89,2024,2024,False
United States,US,USA,730630,iron_steel,189442.904,467908087.98,2024,2024,False
Uruguay,UY,URY,730411,iron_steel,0.04,581.28,2024,2024,False
Uruguay,UY,URY,730429,iron_steel,0.06,1118.2,2024,2024,False
Uruguay,UY,URY,730431,iron_steel,0.0075,19.41,2024,2024,False
Uruguay,UY,URY,730439,iron_steel,0.005,38.81,2024,2024,False
Uruguay,UY,URY,730441,iron_steel,7.844,240753.17,2024,2024,False
Uruguay,UY,URY,730490,iron_steel,0.0016,28.65,2024,2024,False
Uruguay,UY,URY,730630,iron_steel,0.043,421.4,2024,2024,False
Uzbekistan,UZ,UZB,730300,iron_steel,0.0519,73.01,2024,2024,False
Uzbekistan,UZ,UZB,730423,iron_steel,40.2586,300682.93,2024,2024,False
United Kingdom,GB,GBR,730621,iron_steel,9.54,94969.54,2024,2024,False
Uzbekistan,UZ,UZB,730431,iron_steel,2.7462,7145.37,2024,2024,False
Uzbekistan,UZ,UZB,730439,iron_steel,18.73,55542.93,2024,2024,False
Uzbekistan,UZ,UZB,730449,iron_steel,0.033,351.17,2024,2024,False
Uzbekistan,UZ,UZB,730451,iron_steel,0.2045,12187.41,2024,2024,False
Uzbekistan,UZ,UZB,730490,iron_steel,2.8178,65018.01,2024,2024,False
Uzbekistan,UZ,UZB,7305,iron_steel,57.0,55632.57,2024,2024,False
Uzbekistan,UZ,UZB,730629,iron_steel,21.26,92155.07,2024,2024,False
Uzbekistan,UZ,UZB,730630,iron_steel,1980.939,1776472.58,2024,2024,False
Yemen,YE,YEM,730621,iron_steel,0.612,3299.14,2024,2024,False
Zambia,ZM,ZMB,730300,iron_steel,154.61,39821.56,2024,2024,False
Zambia,ZM,ZMB,730411,iron_steel,80.4017,217819.79,2024,2024,False
Zambia,ZM,ZMB,730419,iron_steel,46.6138,100776.35,2024,2024,False
Zambia,ZM,ZMB,730422,iron_steel,4.054,10528.26,2024,2024,False
United States,US,USA,7305,iron_steel,40180.636,99775063.3,2024,2024,False
United States,US,USA,730490,iron_steel,7907.113,25736650.03,2024,2024,False
United States,US,USA,730459,iron_steel,22597.114,87228974.22,2024,2024,False
United States,US,USA,730451,iron_steel,3368.072,24914969.04,2024,2024,False
United Kingdom,GB,GBR,730629,iron_steel,1677.735,4309771.54,2024,2024,False
United Kingdom,GB,GBR,730630,iron_steel,,84801015.76,2024,2024,False
Tanzania,TZ,TZA,730300,iron_steel,47.086,48008.12,2024,2024,False
Tanzania,TZ,TZA,730411,iron_steel,180.0,4631.27,2024,2024,False
Tanzania,TZ,TZA,730419,iron_steel,246.99,497672.62,2024,2024,False
Tanzania,TZ,TZA,730422,iron_steel,7.0,5762.74,2024,2024,False
Tanzania,TZ,TZA,730423,iron_steel,4.4444,2846.71,2024,2024,False
Tanzania,TZ,TZA,730424,iron_steel,13.318,42991.66,2024,2024,False
Tanzania,TZ,TZA,730429,iron_steel,10.528,11210.09,2024,2024,False
Tanzania,TZ,TZA,730439,iron_steel,0.333,9794.57,2024,2024,False
Tanzania,TZ,TZA,730449,iron_steel,159.2862,103746.79,2024,2024,False
Tanzania,TZ,TZA,730459,iron_steel,6.005,4045.1,2024,2024,False
Tanzania,TZ,TZA,730490,iron_steel,223.2065,582908.48,2024,2024,False
Tanzania,TZ,TZA,7305,iron_steel,3.2,2470.57,2024,2024,False
Tanzania,TZ,TZA,730619,iron_steel,4.56,2288.05,2024,2024,False
Tanzania,TZ,TZA,730630,iron_steel,755.278,585859.4,2024,2024,False
United States,US,USA,730300,iron_steel,17365.636,37070280.94,2024,2024,False
United States,US,USA,730411,iron_steel,1331.695,26787855.1,2024,2024,False
United States,US,USA,730419,iron_steel,14892.901,67769138.71,2024,2024,False
United States,US,USA,730422,iron_steel,989.89,13460480.55,2024,2024,False
United States,US,USA,730423,iron_steel,12541.378,34804980.13,2024,2024,False
United States,US,USA,730424,iron_steel,8189.129,85209934.39,2024,2024,False
United States,US,USA,730429,iron_steel,46461.806,126486833.01,2024,2024,False
United States,US,USA,730431,iron_steel,10122.678,37058842.99,2024,2024,False
United States,US,USA,730439,iron_steel,17509.789,60917314.48,2024,2024,False
United States,US,USA,730441,iron_steel,3134.244,121027667.5,2024,2024,False
United States,US,USA,730449,iron_steel,2679.582,47519050.92,2024,2024,False
Uganda,UG,UGA,730611,iron_steel,4.806,9103.79,2024,2024,False
Uganda,UG,UGA,7305,iron_steel,1.0388,584.87,2024,2024,False
Uganda,UG,UGA,730490,iron_steel,59.8408,46280.63,2024,2024,False
Thailand,TH,THA,730439,iron_steel,,60783736.6,2024,2024,False
Suriname,SR,SUR,730429,iron_steel,474.1908,1170026.26,2024,2024,False
Suriname,SR,SUR,730431,iron_steel,1.449,13950.82,2024,2024,False
Suriname,SR,SUR,730439,iron_steel,0.8,2618.06,2024,2024,False
Suriname,SR,SUR,730451,iron_steel,4.541,70646.89,2024,2024,False
Suriname,SR,SUR,730459,iron_steel,8.859,82989.14,2024,2024,False
Thailand,TH,THA,730300,iron_steel,,2623654.76,2024,2024,False
Thailand,TH,THA,730411,iron_steel,1392.9478,3811841.83,2024,2024,False
Thailand,TH,THA,730419,iron_steel,15883.4915,26517584.3,2024,2024,False
Thailand,TH,THA,730422,iron_steel,6.1549,97156.92,2024,2024,False
Thailand,TH,THA,730423,iron_steel,2012.3399,3496829.54,2024,2024,False
Thailand,TH,THA,730424,iron_steel,20.414,177390.42,2024,2024,False
Thailand,TH,THA,730429,iron_steel,,36152191.52,2024,2024,False
Thailand,TH,THA,730431,iron_steel,4819.8008,7552367.67,2024,2024,False
Thailand,TH,THA,730441,iron_steel,1608.7084,16315250.91,2024,2024,False
Trinidad and Tobago,TT,TTO,730423,iron_steel,229.589,1854333.13,2024,2024,False
Thailand,TH,THA,730449,iron_steel,692.7335,2891323.65,2024,2024,False
Thailand,TH,THA,730451,iron_steel,139.217,391249.02,2024,2024,False
Thailand,TH,THA,730459,iron_steel,400.76,2438655.5,2024,2024,False
Thailand,TH,THA,730490,iron_steel,749.0103,2240893.61,2024,2024,False
Thailand,TH,THA,7305,iron_steel,3158.6645,9818168.64,2024,2024,False
Thailand,TH,THA,730611,iron_steel,237.8849,458664.64,2024,2024,False
Thailand,TH,THA,730619,iron_steel,390.4128,1487220.68,2024,2024,False
Thailand,TH,THA,730621,iron_steel,367.444,321288.26,2024,2024,False
Thailand,TH,THA,730629,iron_steel,35.021,52219.74,2024,2024,False
Thailand,TH,THA,730630,iron_steel,157192.3582,151527431.97,2024,2024,False
Trinidad and Tobago,TT,TTO,730300,iron_steel,9.048,52181.53,2024,2024,False
Trinidad and Tobago,TT,TTO,730411,iron_steel,1.194,11192.85,2024,2024,False
Trinidad and Tobago,TT,TTO,730419,iron_steel,3.675,30253.1,2024,2024,False
Suriname,SR,SUR,730423,iron_steel,1.968,6155.64,2024,2024,False
Suriname,SR,SUR,730422,iron_steel,117.5,96622.85,2024,2024,False
Suriname,SR,SUR,730419,iron_steel,6.2,26303.65,2024,2024,False
Zimbabwe,ZW,ZWE,730619,iron_steel,0.812,463.67,2024,2024,False
Singapore,SG,SGP,730629,iron_steel,270.18,1401325.56,2024,2024,False
Singapore,SG,SGP,730630,iron_steel,,8025055.9,2024,2024,False
South Africa,ZA,ZAF,730300,iron_steel,1213.0024,2028995.16,2024,2024,False
South Africa,ZA,ZAF,730411,iron_steel,1597.0375,4234912.32,2024,2024,False
South Africa,ZA,ZAF,730419,iron_steel,,29872958.26,2024,2024,False
South Africa,ZA,ZAF,730422,iron_steel,402.1322,1627066.09,2024,2024,False
South Africa,ZA,ZAF,730423,iron_steel,627.0798,2559583.69,2024,2024,False
South Africa,ZA,ZAF,730424,iron_steel,612.8638,1900972.99,2024,2024,False
South Africa,ZA,ZAF,730429,iron_steel,1607.6852,3228969.08,2024,2024,False
South Africa,ZA,ZAF,730431,iron_steel,254.1972,870110.02,2024,2024,False
South Africa,ZA,ZAF,730439,iron_steel,2651.3995,4224501.72,2024,2024,False
South Africa,ZA,ZAF,730441,iron_steel,144.7256,1009354.14,2024,2024,False
South Africa,ZA,ZAF,730449,iron_steel,5666.7759,6760632.19,2024,2024,False
South Africa,ZA,ZAF,730451,iron_steel,76.0702,322631.17,2024,2024,False
South Africa,ZA,ZAF,730459,iron_steel,1341.774,3031176.21,2024,2024,False
South Africa,ZA,ZAF,730490,iron_steel,9398.9364,18775797.09,2024,2024,False
South Africa,ZA,ZAF,7305,iron_steel,831.9,3364582.01,2024,2024,False
South Africa,ZA,ZAF,730611,iron_steel,545.4312,769764.34,2024,2024,False
South Africa,ZA,ZAF,730619,iron_steel,2326.9339,3249678.6,2024,2024,False
South Africa,ZA,ZAF,730621,iron_steel,62.8845,159518.72,2024,2024,False
South Africa,ZA,ZAF,730629,iron_steel,81.6642,152080.07,2024,2024,False
South Africa,ZA,ZAF,730630,iron_steel,5295.2319,8721272.99,2024,2024,False
Zimbabwe,ZW,ZWE,730423,iron_steel,44.3247,118639.24,2024,2024,False
Zimbabwe,ZW,ZWE,730424,iron_steel,0.29,1234.06,2024,2024,False
Zimbabwe,ZW,ZWE,730429,iron_steel,29.855,47033.03,2024,2024,False
Zimbabwe,ZW,ZWE,730439,iron_steel,1.0,573.73,2024,2024,False
Zimbabwe,ZW,ZWE,730490,iron_steel,3.8,1228.64,2024,2024,False
Trinidad and Tobago,TT,TTO,730422,iron_steel,2.853,30353.32,2024,2024,False
Trinidad and Tobago,TT,TTO,730424,iron_steel,1.137,38215.12,2024,2024,False
Uganda,UG,UGA,730459,iron_steel,13.862,11321.6,2024,2024,False
Turkey,TR,TUR,730611,iron_steel,661.007,980153.41,2024,2024,False
Turkey,TR,TUR,730419,iron_steel,5045.856,9420617.32,2024,2024,False
Turkey,TR,TUR,730422,iron_steel,166.116,489196.01,2024,2024,False
Turkey,TR,TUR,730423,iron_steel,519.909,719455.69,2024,2024,False
Turkey,TR,TUR,730424,iron_steel,811.966,1787704.46,2024,2024,False
Turkey,TR,TUR,730429,iron_steel,2104.624,2478599.94,2024,2024,False
Turkey,TR,TUR,730431,iron_steel,3145.681,7806927.27,2024,2024,False
Turkey,TR,TUR,730439,iron_steel,6981.756,10176450.42,2024,2024,False
Turkey,TR,TUR,730441,iron_steel,927.652,9639661.77,2024,2024,False
Turkey,TR,TUR,730449,iron_steel,256.62,1417161.08,2024,2024,False
Turkey,TR,TUR,730451,iron_steel,894.377,5274858.15,2024,2024,False
Turkey,TR,TUR,730459,iron_steel,987.545,2121054.43,2024,2024,False
Turkey,TR,TUR,730490,iron_steel,11048.327,29171207.84,2024,2024,False
Turkey,TR,TUR,7305,iron_steel,424360.753,435421425.93,2024,2024,False
Turkey,TR,TUR,730619,iron_steel,51158.861,59632131.04,2024,2024,False
Trinidad and Tobago,TT,TTO,730429,iron_steel,486.126,1304303.91,2024,2024,False
Turkey,TR,TUR,730621,iron_steel,31.715,31489.7,2024,2024,False
Turkey,TR,TUR,730629,iron_steel,56084.072,56081753.07,2024,2024,False
Turkey,TR,TUR,730630,iron_steel,,523102801.96,2024,2024,False
Uganda,UG,UGA,730300,iron_steel,73.5028,38671.36,2024,2024,False
Uganda,UG,UGA,730411,iron_steel,15.273,9728.49,2024,2024,False
Uganda,UG,UGA,730419,iron_steel,33.407,62895.55,2024,2024,False
Uganda,UG,UGA,730422,iron_steel,0.185,1829.04,2024,2024,False
Uganda,UG,UGA,730423,iron_steel,3.146,5816.68,2024,2024,False
Uganda,UG,UGA,730424,iron_steel,0.57,3911.11,2024,2024,False
Uganda,UG,UGA,730429,iron_steel,21.567,112568.81,2024,2024,False
Uganda,UG,UGA,730439,iron_steel,0.1,158.98,2024,2024,False
Uganda,UG,UGA,730441,iron_steel,17.678,16319.11,2024,2024,False
Uganda,UG,UGA,730449,iron_steel,0.843,1421.24,2024,2024,False
Turkey,TR,TUR,730411,iron_steel,63.903,724267.63,2024,2024,False
Turkey,TR,TUR,730300,iron_steel,56138.812,61437016.91,2024,2024,False
Tunisia,TN,TUN,730630,iron_steel,12818.2129,16810389.87,2024,2024,False
Tunisia,TN,TUN,730621,iron_steel,,3370.34,2024,2024,False
Trinidad and Tobago,TT,TTO,730431,iron_steel,0.05,346.37,2024,2024,False
Trinidad and Tobago,TT,TTO,730439,iron_steel,6.884,36509.27,2024,2024,False
Trinidad and Tobago,TT,TTO,730441,iron_steel,0.007,6951.51,2024,2024,False
Trinidad and Tobago,TT,TTO,730449,iron_steel,3.0345,6875.12,2024,2024,False
Trinidad and Tobago,TT,TTO,730451,iron_steel,0.042,1114.41,2024,2024,False
Trinidad and Tobago,TT,TTO,730459,iron_steel,0.224,2440.2,2024,2024,False
Trinidad and Tobago,TT,TTO,730490,iron_steel,19.772,52169.48,2024,2024,False
Trinidad and Tobago,TT,TTO,7305,iron_steel,13.669,69191.77,2024,2024,False
Trinidad and Tobago,TT,TTO,730611,iron_steel,0.059,1362.35,2024,2024,False
Trinidad and Tobago,TT,TTO,730619,iron_steel,1248.38,372199.37,2024,2024,False
Trinidad and Tobago,TT,TTO,730629,iron_steel,0.731,1665.87,2024,2024,False
Trinidad and Tobago,TT,TTO,730630,iron_steel,41.37,48211.55,2024,2024,False
Tunisia,TN,TUN,730300,iron_steel,53.3953,75064.57,2024,2024,False
Tunisia,TN,TUN,730411,iron_steel,,3718.88,2024,2024,False
Tunisia,TN,TUN,730419,iron_steel,2011.348,2770312.04,2024,2024,False
Tunisia,TN,TUN,730422,iron_steel,,886333.5,2024,2024,False
Tunisia,TN,TUN,730423,iron_steel,856.0773,2744356.91,2024,2024,False
Tunisia,TN,TUN,730424,iron_steel,1.5478,18414.77,2024,2024,False
Tunisia,TN,TUN,730429,iron_steel,1866.6359,3202794.41,2024,2024,False
Tunisia,TN,TUN,730431,iron_steel,100.1584,260598.75,2024,2024,False
Tunisia,TN,TUN,730439,iron_steel,130.6264,191749.37,2024,2024,False
Tunisia,TN,TUN,730441,iron_steel,14.2828,230382.3,2024,2024,False
Tunisia,TN,TUN,730449,iron_steel,1.1224,11568.23,2024,2024,False
Tunisia,TN,TUN,730451,iron_steel,0.7648,2078.17,2024,2024,False
Tunisia,TN,TUN,730459,iron_steel,0.0547,140.96,2024,2024,False
Tunisia,TN,TUN,730490,iron_steel,,112323.55,2024,2024,False
Tunisia,TN,TUN,730611,iron_steel,0.9767,4695.81,2024,2024,False
Mexico,MX,MEX,730449,iron_steel,20.068,492029.39,2024,2024,False
Mexico,MX,MEX,730439,iron_steel,9149.247,17892359.3,2024,2024,False
Bahrain,BH,BHR,730490,iron_steel,16.0798,59902.9,2024,2024,False
Costa Rica,CR,CRI,730422,iron_steel,0.2,2871.9,2024,2024,False
Colombia,CO,COL,730441,iron_steel,9.0234,80777.77,2024,2024,False
Colombia,CO,COL,730449,iron_steel,43.7714,180582.16,2024,2024,False
Colombia,CO,COL,730451,iron_steel,30.0414,312524.61,2024,2024,False
Colombia,CO,COL,730459,iron_steel,88.148,402241.63,2024,2024,False
Colombia,CO,COL,730490,iron_steel,115.4419,3785740.12,2024,2024,False
Colombia,CO,COL,7305,iron_steel,190.3135,586926.24,2024,2024,False
Colombia,CO,COL,730611,iron_steel,0.023,243.6,2024,2024,False
Colombia,CO,COL,730619,iron_steel,2.2545,9782.4,2024,2024,False
Colombia,CO,COL,730621,iron_steel,0.248,23158.85,2024,2024,False
Colombia,CO,COL,730630,iron_steel,1685.9471,1645431.04,2024,2024,False
Costa Rica,CR,CRI,730300,iron_steel,0.0928,289.21,2024,2024,False
Costa Rica,CR,CRI,730411,iron_steel,4.2786,211850.4,2024,2024,False
Costa Rica,CR,CRI,730419,iron_steel,40.3116,110241.33,2024,2024,False
Costa Rica,CR,CRI,730424,iron_steel,25.5593,65501.23,2024,2024,False
Colombia,CO,COL,730431,iron_steel,7.8251,49509.47,2024,2024,False
Costa Rica,CR,CRI,730429,iron_steel,2.0449,40776.71,2024,2024,False
Costa Rica,CR,CRI,730431,iron_steel,7.0857,7254.0,2024,2024,False
Costa Rica,CR,CRI,730439,iron_steel,19.0162,22835.36,2024,2024,False
Costa Rica,CR,CRI,730441,iron_steel,2.1654,775515.09,2024,2024,False
Costa Rica,CR,CRI,730449,iron_steel,5.7508,234380.41,2024,2024,False
Costa Rica,CR,CRI,730459,iron_steel,0.7712,4621.57,2024,2024,False
Costa Rica,CR,CRI,730490,iron_steel,60.2222,328641.86,2024,2024,False
Costa Rica,CR,CRI,7305,iron_steel,0.0874,1109.68,2024,2024,False
Costa Rica,CR,CRI,730611,iron_steel,1.4105,3589.92,2024,2024,False
Costa Rica,CR,CRI,730619,iron_steel,81.4922,108049.09,2024,2024,False
Costa Rica,CR,CRI,730629,iron_steel,14.1435,14682.56,2024,2024,False
Costa Rica,CR,CRI,730630,iron_steel,15376.7234,14924372.41,2024,2024,False
Benin,BJ,BEN,730422,iron_steel,,0.0,2024,2024,False
Colombia,CO,COL,730439,iron_steel,,564285.16,2024,2024,False
Colombia,CO,COL,730429,iron_steel,33446.6538,65483806.44,2024,2024,False
Chile,CL,CHL,7305,iron_steel,33.123,45981.35,2024,2024,False
China,CN,CHN,730449,iron_steel,26049.5016,80025003.23,2024,2024,False
Chile,CL,CHL,730619,iron_steel,79.9363,500630.63,2024,2024,False
Chile,CL,CHL,730629,iron_steel,18.7022,23137.69,2024,2024,False
Chile,CL,CHL,730630,iron_steel,235.5202,648772.02,2024,2024,False
China,CN,CHN,730300,iron_steel,551270.4103,387959732.0,2024,2024,False
China,CN,CHN,730411,iron_steel,16663.3349,48416871.82,2024,2024,False
China,CN,CHN,730419,iron_steel,1856894.178,1567679488.03,2024,2024,False
China,CN,CHN,730422,iron_steel,676.3374,1883545.88,2024,2024,False
China,CN,CHN,730423,iron_steel,104065.308,287601486.0,2024,2024,False
China,CN,CHN,730424,iron_steel,8486.119,68891581.18,2024,2024,False
China,CN,CHN,730429,iron_steel,1586718.034,1813568355.05,2024,2024,False
China,CN,CHN,730431,iron_steel,242329.8021,275394530.08,2024,2024,False
China,CN,CHN,730439,iron_steel,1224543.8863,1022926419.92,2024,2024,False
China,CN,CHN,730441,iron_steel,218934.9735,895230243.05,2024,2024,False
China,CN,CHN,730451,iron_steel,83869.8609,142688220.13,2024,2024,False
Colombia,CO,COL,730424,iron_steel,88.8065,128085.08,2024,2024,False
China,CN,CHN,730459,iron_steel,228932.4176,350221641.25,2024,2024,False
China,CN,CHN,730490,iron_steel,81189.696,80157637.93,2024,2024,False
China,CN,CHN,7305,iron_steel,1251650.8911,1235002601.42,2024,2024,False
China,CN,CHN,730611,iron_steel,33743.82,124647146.29,2024,2024,False
China,CN,CHN,730619,iron_steel,286606.679,211623094.91,2024,2024,False
China,CN,CHN,730621,iron_steel,718.463,2968224.75,2024,2024,False
China,CN,CHN,730629,iron_steel,25959.4545,37184866.46,2024,2024,False
China,CN,CHN,730630,iron_steel,1588808.8086,1132201486.92,2024,2024,False
Colombia,CO,COL,730300,iron_steel,21.2893,58717.24,2024,2024,False
Colombia,CO,COL,730411,iron_steel,63.8674,356491.48,2024,2024,False
Colombia,CO,COL,730419,iron_steel,2238.8836,4224395.31,2024,2024,False
Colombia,CO,COL,730422,iron_steel,7.8792,144919.67,2024,2024,False
Colombia,CO,COL,730423,iron_steel,277.1631,751057.01,2024,2024,False
Benin,BJ,BEN,7305,iron_steel,62.4,69729.17,2024,2024,False
Benin,BJ,BEN,730630,iron_steel,941.799,896039.55,2024,2024,False
Dominican Republic,DO,DOM,730300,iron_steel,2.7998,5459.41,2024,2024,False
Georgia,GE,GEO,730619,iron_steel,0.0004,111.84,2024,2024,False
El Salvador,SV,SLV,730490,iron_steel,9.7652,30838.96,2024,2024,False
El Salvador,SV,SLV,7305,iron_steel,8.7048,10943.05,2024,2024,False
El Salvador,SV,SLV,730611,iron_steel,1.6945,21794.47,2024,2024,False
El Salvador,SV,SLV,730619,iron_steel,40.3574,45816.75,2024,2024,False
El Salvador,SV,SLV,730630,iron_steel,3504.637,3181327.57,2024,2024,False
Georgia,GE,GEO,730300,iron_steel,9.5301,17489.77,2024,2024,False
Georgia,GE,GEO,730419,iron_steel,29435.5101,27159062.71,2024,2024,False
Georgia,GE,GEO,730423,iron_steel,45.5,29110.06,2024,2024,False
Georgia,GE,GEO,730431,iron_steel,0.0341,823.31,2024,2024,False
Georgia,GE,GEO,730439,iron_steel,0.0314,269.74,2024,2024,False
Georgia,GE,GEO,730441,iron_steel,20.0624,41840.75,2024,2024,False
Georgia,GE,GEO,730451,iron_steel,1.95,14400.03,2024,2024,False
Georgia,GE,GEO,730490,iron_steel,0.0158,2217.59,2024,2024,False
Georgia,GE,GEO,730630,iron_steel,36.3254,41736.54,2024,2024,False
Dominican Republic,DO,DOM,730419,iron_steel,2.08,11767.42,2024,2024,False
Guatemala,GT,GTM,730300,iron_steel,6.341,21288.24,2024,2024,False
Guatemala,GT,GTM,730411,iron_steel,6.568,14574.44,2024,2024,False
Guatemala,GT,GTM,730419,iron_steel,1552.605,1859019.5,2024,2024,False
Guatemala,GT,GTM,730422,iron_steel,20.775,52543.2,2024,2024,False
Guatemala,GT,GTM,730423,iron_steel,149.57,143045.93,2024,2024,False
Guatemala,GT,GTM,730424,iron_steel,1.591,5480.09,2024,2024,False
Guatemala,GT,GTM,730429,iron_steel,0.082,249.51,2024,2024,False
Guatemala,GT,GTM,730439,iron_steel,12.981,23809.26,2024,2024,False
Guatemala,GT,GTM,730449,iron_steel,0.123,713.43,2024,2024,False
Guatemala,GT,GTM,730459,iron_steel,6.601,26624.16,2024,2024,False
Guatemala,GT,GTM,730490,iron_steel,21.768,30995.29,2024,2024,False
Guatemala,GT,GTM,7305,iron_steel,98.562,47550.13,2024,2024,False
Guatemala,GT,GTM,730611,iron_steel,1.121,23204.88,2024,2024,False
El Salvador,SV,SLV,730459,iron_steel,2.3811,29630.62,2024,2024,False
El Salvador,SV,SLV,730449,iron_steel,2.0202,1296.56,2024,2024,False
El Salvador,SV,SLV,730439,iron_steel,0.0016,2.33,2024,2024,False
El Salvador,SV,SLV,730429,iron_steel,0.1,774.78,2024,2024,False
Dominican Republic,DO,DOM,730424,iron_steel,0.001,272.75,2024,2024,False
Dominican Republic,DO,DOM,730431,iron_steel,1.3,3430.51,2024,2024,False
Dominican Republic,DO,DOM,730490,iron_steel,42.179,57179.99,2024,2024,False
Dominican Republic,DO,DOM,730619,iron_steel,0.002,1108.95,2024,2024,False
Dominican Republic,DO,DOM,730630,iron_steel,1597.1831,1570634.04,2024,2024,False
Ecuador,EC,ECU,730300,iron_steel,4.9064,9195.08,2024,2024,False
Ecuador,EC,ECU,730411,iron_steel,1.8329,33782.02,2024,2024,False
Ecuador,EC,ECU,730419,iron_steel,16.314,30561.28,2024,2024,False
Ecuador,EC,ECU,730423,iron_steel,277.671,310164.99,2024,2024,False
Ecuador,EC,ECU,730424,iron_steel,2.4582,8655.39,2024,2024,False
Ecuador,EC,ECU,730429,iron_steel,869.6684,1915376.03,2024,2024,False
Ecuador,EC,ECU,730439,iron_steel,0.1016,10405.57,2024,2024,False
Ecuador,EC,ECU,730441,iron_steel,0.009,2561.13,2024,2024,False
Ecuador,EC,ECU,730449,iron_steel,11.7325,49256.98,2024,2024,False
Ecuador,EC,ECU,730451,iron_steel,0.0584,3366.09,2024,2024,False
Ecuador,EC,ECU,730459,iron_steel,4.7862,17905.97,2024,2024,False
Ecuador,EC,ECU,730490,iron_steel,8.8191,113461.63,2024,2024,False
Ecuador,EC,ECU,7305,iron_steel,0.0088,1356.66,2024,2024,False
Ecuador,EC,ECU,730611,iron_steel,0.025,12.94,2024,2024,False
Ecuador,EC,ECU,730629,iron_steel,71.3836,129853.53,2024,2024,False
Ecuador,EC,ECU,730630,iron_steel,7974.7754,7471517.05,2024,2024,False
El Salvador,SV,SLV,730300,iron_steel,40.2417,18408.13,2024,2024,False
El Salvador,SV,SLV,730411,iron_steel,1.23,6171.81,2024,2024,False
El Salvador,SV,SLV,730419,iron_steel,76.8542,72813.89,2024,2024,False
El Salvador,SV,SLV,730422,iron_steel,0.01,55.45,2024,2024,False
El Salvador,SV,SLV,730423,iron_steel,8.598,6327.03,2024,2024,False
El Salvador,SV,SLV,730424,iron_steel,0.5344,3426.45,2024,2024,False
Chile,CL,CHL,730611,iron_steel,69.9899,214966.34,2024,2024,False
Chile,CL,CHL,730490,iron_steel,64.8003,212530.44,2024,2024,False
Mexico,MX,MEX,730431,iron_steel,1605.684,7158344.88,2024,2024,False
Brazil,BR,BRA,730451,iron_steel,,1005439.42,2024,2024,False
Bosnia and Herzegovina,BA,BIH,730629,iron_steel,2.6994,22040.77,2024,2024,False
Bosnia and Herzegovina,BA,BIH,730630,iron_steel,2078.9113,2060314.86,2024,2024,False
Brazil,BR,BRA,730300,iron_steel,7125.1902,6823880.42,2024,2024,False
Brazil,BR,BRA,730411,iron_steel,204.3232,2439055.54,2024,2024,False
Brazil,BR,BRA,730419,iron_steel,108342.4789,226380432.49,2024,2024,False
Brazil,BR,BRA,730422,iron_steel,0.001,8.32,2024,2024,False
Brazil,BR,BRA,730423,iron_steel,211.76,609484.34,2024,2024,False
Brazil,BR,BRA,730424,iron_steel,4595.844,40605437.58,2024,2024,False
Brazil,BR,BRA,730429,iron_steel,235376.3694,554259874.32,2024,2024,False
Brazil,BR,BRA,730431,iron_steel,506.8822,5336585.34,2024,2024,False
Brazil,BR,BRA,730439,iron_steel,5414.3761,5737622.22,2024,2024,False
Brazil,BR,BRA,730441,iron_steel,21.3913,443057.94,2024,2024,False
Brazil,BR,BRA,730449,iron_steel,253.5602,1102741.89,2024,2024,False
Brazil,BR,BRA,730459,iron_steel,970.9398,2416334.9,2024,2024,False
Bosnia and Herzegovina,BA,BIH,7305,iron_steel,239.0531,245530.58,2024,2024,False
Brazil,BR,BRA,730490,iron_steel,78.5497,1198552.81,2024,2024,False
Brazil,BR,BRA,7305,iron_steel,151093.7538,269289621.11,2024,2024,False
Brazil,BR,BRA,730611,iron_steel,97.334,1099380.83,2024,2024,False
Brazil,BR,BRA,730619,iron_steel,327.8892,1971656.96,2024,2024,False
Brazil,BR,BRA,730621,iron_steel,0.177,5427.41,2024,2024,False
Brazil,BR,BRA,730629,iron_steel,2.444,7200.81,2024,2024,False
Brazil,BR,BRA,730630,iron_steel,28766.1043,32167639.77,2024,2024,False
Brunei Darussalam,BN,BRN,730300,iron_steel,575.214,98659.09,2024,2024,False
Brunei Darussalam,BN,BRN,730411,iron_steel,675.811,515856.8,2024,2024,False
Brunei Darussalam,BN,BRN,730419,iron_steel,56.293,84937.61,2024,2024,False
Brunei Darussalam,BN,BRN,730422,iron_steel,517.591,428292.78,2024,2024,False
Brunei Darussalam,BN,BRN,730423,iron_steel,129.551,119176.33,2024,2024,False
Brunei Darussalam,BN,BRN,730429,iron_steel,55.551,261603.52,2024,2024,False
Bosnia and Herzegovina,BA,BIH,730619,iron_steel,1.368,3646.72,2024,2024,False
Bosnia and Herzegovina,BA,BIH,730490,iron_steel,2.7493,15852.18,2024,2024,False
Chile,CL,CHL,730459,iron_steel,289.5278,962447.71,2024,2024,False
Bolivia,BO,BOL,730419,iron_steel,0.082,462.06,2024,2024,False
Bahrain,BH,BHR,7305,iron_steel,427.3158,866969.78,2024,2024,False
Bahrain,BH,BHR,730619,iron_steel,115.3424,636958.33,2024,2024,False
Bahrain,BH,BHR,730621,iron_steel,1.25,4429.48,2024,2024,False
Bahrain,BH,BHR,730629,iron_steel,193.954,1396060.55,2024,2024,False
Bahrain,BH,BHR,730630,iron_steel,374.6884,1494987.95,2024,2024,False
Armenia,AM,ARM,730411,iron_steel,0.21,513.7,2024,2024,False
Armenia,AM,ARM,730423,iron_steel,0.014,2343.41,2024,2024,False
Armenia,AM,ARM,730431,iron_steel,0.3361,8752.08,2024,2024,False
Armenia,AM,ARM,730439,iron_steel,0.0468,1447.33,2024,2024,False
Armenia,AM,ARM,730441,iron_steel,0.0015,72.14,2024,2024,False
Armenia,AM,ARM,730449,iron_steel,0.0024,30.54,2024,2024,False
Armenia,AM,ARM,730490,iron_steel,0.0109,613.58,2024,2024,False
Armenia,AM,ARM,730630,iron_steel,149.3349,145860.8,2024,2024,False
Bolivia,BO,BOL,730423,iron_steel,115.648,457398.76,2024,2024,False
Bosnia and Herzegovina,BA,BIH,730459,iron_steel,8.849,39467.17,2024,2024,False
Bolivia,BO,BOL,730451,iron_steel,0.003,2904.46,2024,2024,False
Bolivia,BO,BOL,730629,iron_steel,0.0045,813.86,2024,2024,False
Bosnia and Herzegovina,BA,BIH,730300,iron_steel,4.5485,6238.91,2024,2024,False
Bosnia and Herzegovina,BA,BIH,730411,iron_steel,0.112,343.6,2024,2024,False
Bosnia and Herzegovina,BA,BIH,730419,iron_steel,0.446,875.47,2024,2024,False
Bosnia and Herzegovina,BA,BIH,730422,iron_steel,0.0925,1052.03,2024,2024,False
Bosnia and Herzegovina,BA,BIH,730424,iron_steel,0.03,41.84,2024,2024,False
Bosnia and Herzegovina,BA,BIH,730429,iron_steel,10.426,57365.03,2024,2024,False
Bosnia and Herzegovina,BA,BIH,730431,iron_steel,60.2735,216653.05,2024,2024,False
Bosnia and Herzegovina,BA,BIH,730439,iron_steel,37.5942,111104.02,2024,2024,False
Bosnia and Herzegovina,BA,BIH,730441,iron_steel,0.3048,4352.23,2024,2024,False
Bosnia and Herzegovina,BA,BIH,730449,iron_steel,3.3899,10648.12,2024,2024,False
Bosnia and Herzegovina,BA,BIH,730451,iron_steel,13.341,68470.59,2024,2024,False
Brunei Darussalam,BN,BRN,730431,iron_steel,10.404,62094.21,2024,2024,False
Brunei Darussalam,BN,BRN,730439,iron_steel,1.92,30045.31,2024,2024,False
Brunei Darussalam,BN,BRN,730441,iron_steel,0.014,58233.69,2024,2024,False
Sri Lanka,LK,LKA,730611,iron_steel,0.003,53.69,2024,2024,False
Canada,CA,CAN,730629,iron_steel,103221.059,174074267.25,2024,2024,False
Canada,CA,CAN,730630,iron_steel,171891.588,227449272.38,2024,2024,False
Sri Lanka,LK,LKA,730300,iron_steel,0.744,1118.45,2024,2024,False
Sri Lanka,LK,LKA,730411,iron_steel,355.11,407632.35,2024,2024,False
Sri Lanka,LK,LKA,730419,iron_steel,5.538,23303.81,2024,2024,False
Sri Lanka,LK,LKA,730424,iron_steel,5.7876,10249.95,2024,2024,False
Sri Lanka,LK,LKA,730429,iron_steel,0.129,269.26,2024,2024,False
Sri Lanka,LK,LKA,730431,iron_steel,8.801,3101.58,2024,2024,False
Sri Lanka,LK,LKA,730439,iron_steel,0.628,2700.03,2024,2024,False
Sri Lanka,LK,LKA,730441,iron_steel,0.509,54.93,2024,2024,False
Sri Lanka,LK,LKA,730459,iron_steel,0.0121,37.7,2024,2024,False
Sri Lanka,LK,LKA,730490,iron_steel,374.134,230331.03,2024,2024,False
Sri Lanka,LK,LKA,7305,iron_steel,59.283,99354.53,2024,2024,False
Sri Lanka,LK,LKA,730619,iron_steel,1.68,10530.68,2024,2024,False
Brunei Darussalam,BN,BRN,730449,iron_steel,62.9824,45771.24,2024,2024,False
Sri Lanka,LK,LKA,730630,iron_steel,392.3819,363439.13,2024,2024,False
Chile,CL,CHL,730300,iron_steel,7.988,4445.51,2024,2024,False
Chile,CL,CHL,730411,iron_steel,0.705,4048.86,2024,2024,False
Chile,CL,CHL,730419,iron_steel,654.1965,726841.62,2024,2024,False
Chile,CL,CHL,730422,iron_steel,150.9524,627130.25,2024,2024,False
Chile,CL,CHL,730423,iron_steel,42.9544,156273.57,2024,2024,False
Chile,CL,CHL,730424,iron_steel,43.6606,71788.44,2024,2024,False
Chile,CL,CHL,730429,iron_steel,1.3326,12957.35,2024,2024,False
Chile,CL,CHL,730431,iron_steel,8.4134,86221.55,2024,2024,False
Chile,CL,CHL,730439,iron_steel,123.4931,242793.87,2024,2024,False
Chile,CL,CHL,730441,iron_steel,105.1421,397980.14,2024,2024,False
Chile,CL,CHL,730449,iron_steel,23.161,172040.79,2024,2024,False
Chile,CL,CHL,730451,iron_steel,56.9152,249637.46,2024,2024,False
Canada,CA,CAN,730621,iron_steel,1.348,14240.91,2024,2024,False
Canada,CA,CAN,730619,iron_steel,14190.112,26123279.58,2024,2024,False
Canada,CA,CAN,730611,iron_steel,53.98,314964.29,2024,2024,False
Canada,CA,CAN,7305,iron_steel,16515.028,15044687.63,2024,2024,False
Brunei Darussalam,BN,BRN,730451,iron_steel,0.202,31866.03,2024,2024,False
Brunei Darussalam,BN,BRN,730459,iron_steel,0.5,13317.46,2024,2024,False
Brunei Darussalam,BN,BRN,730490,iron_steel,4034.7669,1677622.61,2024,2024,False
Brunei Darussalam,BN,BRN,7305,iron_steel,3879.342,1509537.84,2024,2024,False
Brunei Darussalam,BN,BRN,730611,iron_steel,10.0,2075.21,2024,2024,False
Brunei Darussalam,BN,BRN,730619,iron_steel,132.0,21443.87,2024,2024,False
Brunei Darussalam,BN,BRN,730629,iron_steel,0.102,98544.98,2024,2024,False
Brunei Darussalam,BN,BRN,730630,iron_steel,2252.767,13797327.67,2024,2024,False
Myanmar,MM,MMR,730419,iron_steel,0.136,560.03,2024,2024,False
Cambodia,KH,KHM,730300,iron_steel,862.377,900816.79,2024,2024,False
Cambodia,KH,KHM,730490,iron_steel,6.543,20351.22,2024,2024,False
Cambodia,KH,KHM,730619,iron_steel,6.0,3770.45,2024,2024,False
Cambodia,KH,KHM,730630,iron_steel,50281.47,50866577.95,2024,2024,False
Canada,CA,CAN,730300,iron_steel,591.432,1253360.18,2024,2024,False
Canada,CA,CAN,730411,iron_steel,158.7,1015463.84,2024,2024,False
Canada,CA,CAN,730419,iron_steel,9647.21,32860120.63,2024,2024,False
Canada,CA,CAN,730422,iron_steel,273.441,317487.59,2024,2024,False
Canada,CA,CAN,730423,iron_steel,370.954,1028264.17,2024,2024,False
Canada,CA,CAN,730424,iron_steel,526.278,830077.73,2024,2024,False
Canada,CA,CAN,730429,iron_steel,94111.287,180501372.49,2024,2024,False
Canada,CA,CAN,730431,iron_steel,573.127,2429216.34,2024,2024,False
Canada,CA,CAN,730439,iron_steel,4022.335,7595194.63,2024,2024,False
Canada,CA,CAN,730441,iron_steel,128.557,1987599.37,2024,2024,False
Canada,CA,CAN,730449,iron_steel,149.57,1848860.78,2024,2024,False
Canada,CA,CAN,730451,iron_steel,2013.367,9298844.62,2024,2024,False
Canada,CA,CAN,730459,iron_steel,700.713,3314658.74,2024,2024,False
Canada,CA,CAN,730490,iron_steel,642.066,1352542.71,2024,2024,False
Guatemala,GT,GTM,730619,iron_steel,455.717,482642.08,2024,2024,False
Guatemala,GT,GTM,730621,iron_steel,0.77,6152.85,2024,2024,False
Guatemala,GT,GTM,730629,iron_steel,8.689,13222.44,2024,2024,False
Kuwait,KW,KWT,730424,iron_steel,4.3464,45993.9,2024,2024,False
South Korea,KR,KOR,730459,iron_steel,,14176220.31,2024,2024,False
South Korea,KR,KOR,730490,iron_steel,8367.8209,21594385.92,2024,2024,False
South Korea,KR,KOR,7305,iron_steel,502946.6722,585646469.83,2024,2024,False
South Korea,KR,KOR,730611,iron_steel,748.7888,8294347.1,2024,2024,False
South Korea,KR,KOR,730619,iron_steel,,332054645.6,2024,2024,False
South Korea,KR,KOR,730621,iron_steel,32.5145,132838.0,2024,2024,False
South Korea,KR,KOR,730629,iron_steel,448685.2964,437479987.99,2024,2024,False
South Korea,KR,KOR,730630,iron_steel,257348.0584,256555923.67,2024,2024,False
Kuwait,KW,KWT,730300,iron_steel,5623.2875,7795977.27,2024,2024,False
Kuwait,KW,KWT,730411,iron_steel,,45495.8,2024,2024,False
Kuwait,KW,KWT,730419,iron_steel,133.9948,186281.3,2024,2024,False
Kuwait,KW,KWT,730422,iron_steel,,16031.79,2024,2024,False
Kuwait,KW,KWT,730423,iron_steel,94.6814,303359.21,2024,2024,False
Kuwait,KW,KWT,730429,iron_steel,104.5468,181332.59,2024,2024,False
South Korea,KR,KOR,730449,iron_steel,6630.0484,47477327.42,2024,2024,False
Kuwait,KW,KWT,730431,iron_steel,341.7882,871804.82,2024,2024,False
Kuwait,KW,KWT,730439,iron_steel,85.1706,123290.82,2024,2024,False
Kuwait,KW,KWT,730441,iron_steel,1.3172,21159.78,2024,2024,False
Kuwait,KW,KWT,730449,iron_steel,2141.1255,22045913.5,2024,2024,False
Kuwait,KW,KWT,730451,iron_steel,4.0949,11163.48,2024,2024,False
Kuwait,KW,KWT,730459,iron_steel,2.6378,6760.93,2024,2024,False
Kuwait,KW,KWT,730490,iron_steel,,238750.58,2024,2024,False
Kuwait,KW,KWT,7305,iron_steel,3692.3188,5937355.14,2024,2024,False
Kuwait,KW,KWT,730611,iron_steel,1.3217,6272.99,2024,2024,False
Kuwait,KW,KWT,730621,iron_steel,,136505.87,2024,2024,False
Kuwait,KW,KWT,730629,iron_steel,,1436.1,2024,2024,False
Kuwait,KW,KWT,730630,iron_steel,18.1257,23466.41,2024,2024,False
Kyrgyzstan,KG,KGZ,730423,iron_steel,26.672,17173.09,2024,2024,False
South Korea,KR,KOR,730451,iron_steel,11497.1986,23512671.66,2024,2024,False
South Korea,KR,KOR,730441,iron_steel,4201.0526,61314288.88,2024,2024,False
Guatemala,GT,GTM,730630,iron_steel,20820.571,22364742.63,2024,2024,False
Kenya,KE,KEN,730459,iron_steel,6.619,50227.2,2024,2024,False
Jordan,JO,JOR,730629,iron_steel,22.793,1001138.56,2024,2024,False
Jordan,JO,JOR,730630,iron_steel,89.447,113333.89,2024,2024,False
Kenya,KE,KEN,730300,iron_steel,30.1525,12879.45,2024,2024,False
Kenya,KE,KEN,730411,iron_steel,46.5326,104730.22,2024,2024,False
Kenya,KE,KEN,730419,iron_steel,111.2886,144126.5,2024,2024,False
Kenya,KE,KEN,730422,iron_steel,0.157,715.44,2024,2024,False
Kenya,KE,KEN,730423,iron_steel,26.119,40361.0,2024,2024,False
Kenya,KE,KEN,730424,iron_steel,6.38,1903.45,2024,2024,False
Kenya,KE,KEN,730429,iron_steel,68.424,32848.54,2024,2024,False
Kenya,KE,KEN,730431,iron_steel,0.814,7295.69,2024,2024,False
Kenya,KE,KEN,730439,iron_steel,202.5874,266335.46,2024,2024,False
Kenya,KE,KEN,730441,iron_steel,0.015,62.0,2024,2024,False
Kenya,KE,KEN,730449,iron_steel,4.752,19019.17,2024,2024,False
Kenya,KE,KEN,730490,iron_steel,73.0695,104226.27,2024,2024,False
South Korea,KR,KOR,730439,iron_steel,,13787454.02,2024,2024,False
Kenya,KE,KEN,7305,iron_steel,40.5336,41979.46,2024,2024,False
Kenya,KE,KEN,730611,iron_steel,4.6765,14728.25,2024,2024,False
Kenya,KE,KEN,730619,iron_steel,23.5495,73509.37,2024,2024,False
Kenya,KE,KEN,730629,iron_steel,3.6314,9824.43,2024,2024,False
Kenya,KE,KEN,730630,iron_steel,1751.26,1520669.86,2024,2024,False
South Korea,KR,KOR,730300,iron_steel,1088.3911,5528356.9,2024,2024,False
South Korea,KR,KOR,730411,iron_steel,2118.0863,42783472.88,2024,2024,False
South Korea,KR,KOR,730419,iron_steel,21694.299,33214062.47,2024,2024,False
South Korea,KR,KOR,730422,iron_steel,0.5771,38268.18,2024,2024,False
South Korea,KR,KOR,730423,iron_steel,40.6124,116497.55,2024,2024,False
South Korea,KR,KOR,730424,iron_steel,735.3352,7520257.83,2024,2024,False
South Korea,KR,KOR,730429,iron_steel,42480.6625,56253846.22,2024,2024,False
South Korea,KR,KOR,730431,iron_steel,12766.254,26182269.66,2024,2024,False
Kyrgyzstan,KG,KGZ,730424,iron_steel,6.001,9683.95,2024,2024,False
Kyrgyzstan,KG,KGZ,730431,iron_steel,3.131,160734.68,2024,2024,False
Kyrgyzstan,KG,KGZ,730439,iron_steel,0.008,1.85,2024,2024,False
Mauritania,MR,MRT,730429,iron_steel,51.844,99653.28,2024,2024,False
Malaysia,MY,MYS,730439,iron_steel,,1266768.48,2024,2024,False
Malaysia,MY,MYS,730441,iron_steel,609.5428,2197233.11,2024,2024,False
Malaysia,MY,MYS,730449,iron_steel,455.6265,1297870.5,2024,2024,False
Malaysia,MY,MYS,730451,iron_steel,132.7094,291904.57,2024,2024,False
Malaysia,MY,MYS,730459,iron_steel,245.7259,394993.67,2024,2024,False
Malaysia,MY,MYS,730490,iron_steel,3717.3136,4436348.81,2024,2024,False
Malaysia,MY,MYS,7305,iron_steel,216915.3878,186226323.37,2024,2024,False
Malaysia,MY,MYS,730611,iron_steel,594.0258,1731345.42,2024,2024,False
Malaysia,MY,MYS,730619,iron_steel,14567.8308,13245029.42,2024,2024,False
Malaysia,MY,MYS,730621,iron_steel,240.2374,1197856.02,2024,2024,False
Malaysia,MY,MYS,730629,iron_steel,236.4768,1646694.76,2024,2024,False
Malaysia,MY,MYS,730630,iron_steel,14686.1658,15451109.59,2024,2024,False
Mauritania,MR,MRT,730419,iron_steel,1.544,17863.74,2024,2024,False
Mauritania,MR,MRT,7305,iron_steel,56.378,729239.17,2024,2024,False
Kyrgyzstan,KG,KGZ,730441,iron_steel,0.008,2844.47,2024,2024,False
Mauritius,MU,MUS,730411,iron_steel,0.002,3487.89,2024,2024,False
Mauritius,MU,MUS,730419,iron_steel,0.007,276.78,2024,2024,False
Mauritius,MU,MUS,730429,iron_steel,0.136,3134.83,2024,2024,False
Mauritius,MU,MUS,730439,iron_steel,0.252,3159.88,2024,2024,False
Mauritius,MU,MUS,730449,iron_steel,0.008,149.85,2024,2024,False
Mauritius,MU,MUS,730490,iron_steel,1.253,5163.54,2024,2024,False
Mauritius,MU,MUS,730619,iron_steel,0.243,2816.95,2024,2024,False
Mauritius,MU,MUS,730629,iron_steel,0.307,1348.7,2024,2024,False
Mauritius,MU,MUS,730630,iron_steel,0.978,3175.45,2024,2024,False
Mexico,MX,MEX,730300,iron_steel,14.794,143075.5,2024,2024,False
Mexico,MX,MEX,730419,iron_steel,45051.041,91141247.57,2024,2024,False
Mexico,MX,MEX,730423,iron_steel,3708.406,10472612.51,2024,2024,False
Mexico,MX,MEX,730429,iron_steel,66218.5,123172879.59,2024,2024,False
Malaysia,MY,MYS,730431,iron_steel,449.1569,1334760.12,2024,2024,False
Malaysia,MY,MYS,730429,iron_steel,,1837304.99,2024,2024,False
Malaysia,MY,MYS,730424,iron_steel,1341.2709,657396.93,2024,2024,False
Malaysia,MY,MYS,730423,iron_steel,1975.305,2739234.16,2024,2024,False
Kyrgyzstan,KG,KGZ,730451,iron_steel,0.046,817.85,2024,2024,False
Kyrgyzstan,KG,KGZ,730490,iron_steel,0.027,1897.24,2024,2024,False
Kyrgyzstan,KG,KGZ,7305,iron_steel,154.286,64628.04,2024,2024,False
Kyrgyzstan,KG,KGZ,730630,iron_steel,12.754,8857.78,2024,2024,False
Lebanon,LB,LBN,730300,iron_steel,58.3758,82066.35,2024,2024,False
Lebanon,LB,LBN,730411,iron_steel,,277588.02,2024,2024,False
Lebanon,LB,LBN,730419,iron_steel,70.0473,96479.07,2024,2024,False
Lebanon,LB,LBN,730429,iron_steel,604.4216,1037073.28,2024,2024,False
Lebanon,LB,LBN,730431,iron_steel,0.254,660.75,2024,2024,False
Lebanon,LB,LBN,730439,iron_steel,12.5224,18381.85,2024,2024,False
Lebanon,LB,LBN,730449,iron_steel,3.3387,34410.87,2024,2024,False
Lebanon,LB,LBN,730459,iron_steel,8.9545,23056.09,2024,2024,False
Lebanon,LB,LBN,730490,iron_steel,,16199.98,2024,2024,False
Lebanon,LB,LBN,7305,iron_steel,401.1058,1309571.2,2024,2024,False
Lebanon,LB,LBN,730611,iron_steel,0.8649,4158.58,2024,2024,False
Lebanon,LB,LBN,730619,iron_steel,0.3496,445.43,2024,2024,False
Lebanon,LB,LBN,730629,iron_steel,,16272.99,2024,2024,False
Lebanon,LB,LBN,730630,iron_steel,1638.9485,2149391.92,2024,2024,False
Madagascar,MG,MDG,730300,iron_steel,0.1,162.14,2024,2024,False
Madagascar,MG,MDG,730490,iron_steel,0.1553,2669.82,2024,2024,False
Madagascar,MG,MDG,730611,iron_steel,10.0068,725602.41,2024,2024,False
Madagascar,MG,MDG,730619,iron_steel,4.065,1429.48,2024,2024,False
Madagascar,MG,MDG,730630,iron_steel,17.881,14001.66,2024,2024,False
Malaysia,MY,MYS,730300,iron_steel,3089.9254,2538381.31,2024,2024,False
Malaysia,MY,MYS,730411,iron_steel,648.1732,1886784.89,2024,2024,False
Malaysia,MY,MYS,730419,iron_steel,11431.8506,18592905.04,2024,2024,False
Malaysia,MY,MYS,730422,iron_steel,3131.004,5846750.38,2024,2024,False
Jordan,JO,JOR,730621,iron_steel,32.0,100331.12,2024,2024,False
Jordan,JO,JOR,730619,iron_steel,135.59,111597.09,2024,2024,False
Jordan,JO,JOR,730611,iron_steel,0.034,521.94,2024,2024,False
Israel,IL,ISR,730300,iron_steel,86.1136,121060.9,2024,2024,False
Indonesia,ID,IDN,730431,iron_steel,374.7527,2132769.54,2024,2024,False
Indonesia,ID,IDN,730439,iron_steel,575.7747,976008.4,2024,2024,False
Indonesia,ID,IDN,730441,iron_steel,34.6032,167569.16,2024,2024,False
Indonesia,ID,IDN,730449,iron_steel,668.9504,7449453.51,2024,2024,False
Indonesia,ID,IDN,730451,iron_steel,8.7386,451538.28,2024,2024,False
Indonesia,ID,IDN,730459,iron_steel,310.1724,596282.21,2024,2024,False
Indonesia,ID,IDN,730490,iron_steel,3617.7654,4707923.85,2024,2024,False
Indonesia,ID,IDN,7305,iron_steel,463144.9527,656029105.38,2024,2024,False
Indonesia,ID,IDN,730611,iron_steel,44.8791,60907.34,2024,2024,False
Indonesia,ID,IDN,730619,iron_steel,9042.8051,13863661.99,2024,2024,False
Indonesia,ID,IDN,730621,iron_steel,0.129,2705.26,2024,2024,False
Indonesia,ID,IDN,730629,iron_steel,228.9526,763917.67,2024,2024,False
Indonesia,ID,IDN,730630,iron_steel,13777.0189,13947925.65,2024,2024,False
Israel,IL,ISR,730411,iron_steel,,67461.42,2024,2024,False
Ivory Coast,CI,CIV,730419,iron_steel,2.022,6239.71,2024,2024,False
Israel,IL,ISR,730419,iron_steel,293.2058,403844.38,2024,2024,False
Israel,IL,ISR,730424,iron_steel,1.4759,17558.45,2024,2024,False
Israel,IL,ISR,730429,iron_steel,172.75,381665.28,2024,2024,False
Israel,IL,ISR,730431,iron_steel,0.3552,924.13,2024,2024,False
Israel,IL,ISR,730439,iron_steel,110.8007,162646.71,2024,2024,False
Israel,IL,ISR,730441,iron_steel,0.1146,1848.26,2024,2024,False
Israel,IL,ISR,730449,iron_steel,42.2309,435264.76,2024,2024,False
Israel,IL,ISR,730459,iron_steel,6.8194,17558.45,2024,2024,False
Israel,IL,ISR,730490,iron_steel,,370575.73,2024,2024,False
Israel,IL,ISR,7305,iron_steel,6.616,8317.16,2024,2024,False
Israel,IL,ISR,730621,iron_steel,,39737.55,2024,2024,False
Israel,IL,ISR,730630,iron_steel,0.1,924.13,2024,2024,False
Ivory Coast,CI,CIV,730300,iron_steel,40.0,4878.17,2024,2024,False
Indonesia,ID,IDN,730429,iron_steel,59066.5232,153682251.73,2024,2024,False
Indonesia,ID,IDN,730424,iron_steel,21520.2085,147325264.75,2024,2024,False
Indonesia,ID,IDN,730423,iron_steel,63.741,293391.59,2024,2024,False
Indonesia,ID,IDN,730422,iron_steel,18.7306,81213.08,2024,2024,False
Honduras,HN,HND,730300,iron_steel,0.745,2397.65,2024,2024,False
Honduras,HN,HND,730419,iron_steel,52.6681,38471.09,2024,2024,False
Honduras,HN,HND,730422,iron_steel,8.0828,26280.84,2024,2024,False
Honduras,HN,HND,730423,iron_steel,6.989,19036.42,2024,2024,False
Honduras,HN,HND,730439,iron_steel,7.1821,10449.69,2024,2024,False
Honduras,HN,HND,730449,iron_steel,0.0302,121.52,2024,2024,False
Honduras,HN,HND,730490,iron_steel,6.68,50181.99,2024,2024,False
Honduras,HN,HND,7305,iron_steel,110.739,420619.12,2024,2024,False
Honduras,HN,HND,730619,iron_steel,4.8855,3511.69,2024,2024,False
Honduras,HN,HND,730630,iron_steel,216.1954,231791.74,2024,2024,False
Hong Kong,HK,HKG,730300,iron_steel,988.244,1511657.22,2024,2024,False
Hong Kong,HK,HKG,730411,iron_steel,157.655,779503.58,2024,2024,False
Hong Kong,HK,HKG,730419,iron_steel,7.12,12300.86,2024,2024,False
Hong Kong,HK,HKG,730422,iron_steel,2.743,643547.85,2024,2024,False
Hong Kong,HK,HKG,730424,iron_steel,3.587,79023.48,2024,2024,False
Hong Kong,HK,HKG,730431,iron_steel,90.203,111136.46,2024,2024,False
Hong Kong,HK,HKG,730439,iron_steel,30.795,94690.55,2024,2024,False
Hong Kong,HK,HKG,730441,iron_steel,82.006,1328749.9,2024,2024,False
Hong Kong,HK,HKG,730449,iron_steel,1.553,52700.04,2024,2024,False
Hong Kong,HK,HKG,730451,iron_steel,0.141,8224.5,2024,2024,False
Hong Kong,HK,HKG,730459,iron_steel,87.172,76151.68,2024,2024,False
Hong Kong,HK,HKG,730490,iron_steel,172.854,127220.96,2024,2024,False
Hong Kong,HK,HKG,7305,iron_steel,754.465,880130.05,2024,2024,False
Hong Kong,HK,HKG,730630,iron_steel,2140.839,2448065.84,2024,2024,False
Indonesia,ID,IDN,730300,iron_steel,2718.1172,926430.56,2024,2024,False
Indonesia,ID,IDN,730411,iron_steel,526.701,632235.45,2024,2024,False
Indonesia,ID,IDN,730419,iron_steel,20210.0137,95760412.0,2024,2024,False
Ivory Coast,CI,CIV,730411,iron_steel,0.3,302.55,2024,2024,False
Ivory Coast,CI,CIV,730422,iron_steel,0.068,2118.15,2024,2024,False
Jordan,JO,JOR,730490,iron_steel,6.6968,18186.43,2024,2024,False
Kazakhstan,KZ,KAZ,730490,iron_steel,799.1174,881413.82,2024,2024,False
Kazakhstan,KZ,KAZ,730300,iron_steel,12.4696,23088.51,2024,2024,False
Kazakhstan,KZ,KAZ,730411,iron_steel,4978.42,4384372.55,2024,2024,False
Kazakhstan,KZ,KAZ,730419,iron_steel,26815.41,23210950.34,2024,2024,False
Kazakhstan,KZ,KAZ,730422,iron_steel,44.4,16412.53,2024,2024,False
Kazakhstan,KZ,KAZ,730423,iron_steel,142.1611,772329.78,2024,2024,False
Kazakhstan,KZ,KAZ,730424,iron_steel,932.6068,6310477.41,2024,2024,False
Kazakhstan,KZ,KAZ,730429,iron_steel,16506.7,15894167.5,2024,2024,False
Kazakhstan,KZ,KAZ,730431,iron_steel,137.4979,228527.01,2024,2024,False
Kazakhstan,KZ,KAZ,730439,iron_steel,484.7656,923071.51,2024,2024,False
Kazakhstan,KZ,KAZ,730441,iron_steel,572.223,2656197.99,2024,2024,False
Kazakhstan,KZ,KAZ,730449,iron_steel,96.1686,264867.14,2024,2024,False
Kazakhstan,KZ,KAZ,730451,iron_steel,25.5182,9063.56,2024,2024,False
Kazakhstan,KZ,KAZ,730459,iron_steel,357.1749,1391849.62,2024,2024,False
Kazakhstan,KZ,KAZ,7305,iron_steel,32093.3148,46479638.44,2024,2024,False
Ivory Coast,CI,CIV,730423,iron_steel,136.739,89268.82,2024,2024,False
Kazakhstan,KZ,KAZ,730619,iron_steel,194.115,153654.35,2024,2024,False
Kazakhstan,KZ,KAZ,730630,iron_steel,18674.8495,11119277.07,2024,2024,False
Jordan,JO,JOR,730300,iron_steel,6919.693,5621568.92,2024,2024,False
Jordan,JO,JOR,730411,iron_steel,0.286,3270.9,2024,2024,False
Jordan,JO,JOR,730419,iron_steel,6.5,41889.91,2024,2024,False
Jordan,JO,JOR,730422,iron_steel,121.805,157674.63,2024,2024,False
Jordan,JO,JOR,730423,iron_steel,10.25,281048.94,2024,2024,False
Jordan,JO,JOR,730429,iron_steel,303.2574,855378.17,2024,2024,False
Jordan,JO,JOR,730431,iron_steel,360.438,417515.3,2024,2024,False
Jordan,JO,JOR,730439,iron_steel,7.5,12371.18,2024,2024,False
Jordan,JO,JOR,730441,iron_steel,12.0757,88814.58,2024,2024,False
Jordan,JO,JOR,730449,iron_steel,744.9285,738402.58,2024,2024,False
Jordan,JO,JOR,730459,iron_steel,1.0,6021.68,2024,2024,False
Japan,JP,JPN,730630,iron_steel,64288.665,181922465.17,2024,2024,False
Japan,JP,JPN,730621,iron_steel,0.046,2722.94,2024,2024,False
Japan,JP,JPN,730619,iron_steel,7259.875,14638610.6,2024,2024,False
Japan,JP,JPN,730611,iron_steel,0.2957,70808.68,2024,2024,False
Ivory Coast,CI,CIV,730424,iron_steel,0.225,9504.84,2024,2024,False
Ivory Coast,CI,CIV,730429,iron_steel,39.935,324011.45,2024,2024,False
Ivory Coast,CI,CIV,730431,iron_steel,1.489,7010.89,2024,2024,False
Ivory Coast,CI,CIV,730439,iron_steel,,2242.03,2024,2024,False
Ivory Coast,CI,CIV,730441,iron_steel,0.246,2271.91,2024,2024,False
Ivory Coast,CI,CIV,730490,iron_steel,12.733,17279.72,2024,2024,False
Ivory Coast,CI,CIV,7305,iron_steel,96.04,376759.19,2024,2024,False
Ivory Coast,CI,CIV,730619,iron_steel,31.187,243985.02,2024,2024,False
Ivory Coast,CI,CIV,730630,iron_steel,797.658,554390.85,2024,2024,False
Jamaica,JM,JAM,730439,iron_steel,0.0266,4151.19,2024,2024,False
Jamaica,JM,JAM,730619,iron_steel,0.6186,5562.33,2024,2024,False
Jamaica,JM,JAM,730629,iron_steel,2.24,2392.57,2024,2024,False
Japan,JP,JPN,730300,iron_steel,,7366404.24,2024,2024,False
Japan,JP,JPN,730411,iron_steel,2807.2347,32262962.73,2024,2024,False
Japan,JP,JPN,730419,iron_steel,64801.939,91067402.87,2024,2024,False
Japan,JP,JPN,730422,iron_steel,5.021,37596.12,2024,2024,False
Japan,JP,JPN,730423,iron_steel,5.134,14628.18,2024,2024,False
Japan,JP,JPN,730424,iron_steel,165615.347,1311715549.09,2024,2024,False
Japan,JP,JPN,730429,iron_steel,268721.97,504735249.9,2024,2024,False
Japan,JP,JPN,730431,iron_steel,4228.544,20633073.8,2024,2024,False
Japan,JP,JPN,730439,iron_steel,42225.2436,65030347.23,2024,2024,False
Japan,JP,JPN,730441,iron_steel,20155.449,287235190.71,2024,2024,False
Japan,JP,JPN,730449,iron_steel,13101.9948,103736380.76,2024,2024,False
Japan,JP,JPN,730451,iron_steel,16976.211,38195445.44,2024,2024,False
Japan,JP,JPN,730459,iron_steel,26557.627,105732931.51,2024,2024,False
Japan,JP,JPN,730490,iron_steel,678.0615,3050683.06,2024,2024,False
Japan,JP,JPN,7305,iron_steel,194922.4223,264195989.41,2024,2024,False
Ecuador,EC,ECU,310510,fertilizers,48.3625,197654.57,2024,2024,False
Indonesia,ID,IDN,722211,iron_steel,7.139,12277.8,2024,2024,False
Uganda,UG,UGA,252330,cement,2.5,457.26,2024,2024,False
United Kingdom,GB,GBR,252330,cement,99301.856,33675786.5,2024,2024,False
Uruguay,UY,URY,310221,fertilizers,1088.172,439176.6,2024,2024,False
Uruguay,UY,URY,310210,fertilizers,396.235,208648.0,2024,2024,False
Uruguay,UY,URY,283421,fertilizers,54.106,56685.15,2024,2024,False
Uruguay,UY,URY,252329,cement,3552.939,302103.32,2024,2024,False
Uruguay,UY,URY,252321,cement,0.355,205.16,2024,2024,False
Uruguay,UY,URY,252310,cement,2163.85,136333.98,2024,2024,False
Uruguay,UY,URY,250700,cement,7.508,9632.2,2024,2024,False
United States,US,USA,310280,fertilizers,1574514.0,217370060.07,2024,2024,False
United States,US,USA,310260,fertilizers,25963.0,11621424.08,2024,2024,False
United States,US,USA,310250,fertilizers,9233.0,12372674.43,2024,2024,False
United States,US,USA,310240,fertilizers,3476.0,1516387.58,2024,2024,False
United States,US,USA,310230,fertilizers,1008807.0,294965433.88,2024,2024,False
United States,US,USA,310229,fertilizers,3686.0,2737470.66,2024,2024,False
United States,US,USA,310221,fertilizers,470011.0,88883435.91,2024,2024,False
United States,US,USA,310210,fertilizers,967443.0594,365044790.68,2024,2024,False
United States,US,USA,283421,fertilizers,20682.0,14948392.94,2024,2024,False
United States,US,USA,281420,fertilizers,9028.0,5574026.43,2024,2024,False
Uruguay,UY,URY,310280,fertilizers,993.688,431059.98,2024,2024,False
Uzbekistan,UZ,UZB,250700,cement,81296.58,7081773.38,2024,2024,False
Uzbekistan,UZ,UZB,252310,cement,10000.0,425099.34,2024,2024,False
Uzbekistan,UZ,UZB,310221,fertilizers,5676.49,1050087.79,2024,2024,False
Yemen,YE,YEM,252330,cement,900.0,1013861.94,2024,2024,False
Yemen,YE,YEM,252329,cement,1292.5,83633.68,2024,2024,False
Yemen,YE,YEM,252321,cement,165.0,9426.12,2024,2024,False
Uzbekistan,UZ,UZB,310260,fertilizers,7.6154,2949.82,2024,2024,False
Uzbekistan,UZ,UZB,310250,fertilizers,1410.6474,1200904.71,2024,2024,False
Uzbekistan,UZ,UZB,310240,fertilizers,3.5844,939.84,2024,2024,False
Uzbekistan,UZ,UZB,310230,fertilizers,129358.4842,57578890.08,2024,2024,False
Uzbekistan,UZ,UZB,310210,fertilizers,367080.92,147238615.53,2024,2024,False
Uzbekistan,UZ,UZB,252321,cement,56.036,4165.97,2024,2024,False
Uzbekistan,UZ,UZB,283421,fertilizers,323.0,140068.39,2024,2024,False
Uzbekistan,UZ,UZB,281420,fertilizers,25.2,4165.05,2024,2024,False
Uzbekistan,UZ,UZB,281410,fertilizers,311.0,75133.54,2024,2024,False
Uzbekistan,UZ,UZB,280800,fertilizers,4974.35,1053019.13,2024,2024,False
Uzbekistan,UZ,UZB,252390,cement,9599.0,376061.36,2024,2024,False
Uzbekistan,UZ,UZB,252330,cement,0.05,61.92,2024,2024,False
Uzbekistan,UZ,UZB,252329,cement,432980.5,17657325.52,2024,2024,False
United States,US,USA,281410,fertilizers,1035866.0,303830260.6,2024,2024,False
United States,US,USA,280800,fertilizers,31756.879,13820815.08,2024,2024,False
United States,US,USA,280410,hydrogen,2077.6791,18309134.09,2024,2024,False
United Kingdom,GB,GBR,310229,fertilizers,580.253,205190.1,2024,2024,False
Tanzania,TZ,TZA,252310,cement,17147.9116,864081.3,2024,2024,False
Tanzania,TZ,TZA,250700,cement,0.5095,311.95,2024,2024,False
United Kingdom,GB,GBR,310280,fertilizers,207.839,453143.28,2024,2024,False
United Kingdom,GB,GBR,310260,fertilizers,,4259646.67,2024,2024,False
United Kingdom,GB,GBR,310250,fertilizers,2043.603,664690.7,2024,2024,False
United Kingdom,GB,GBR,310240,fertilizers,26986.346,9110289.97,2024,2024,False
United Kingdom,GB,GBR,310230,fertilizers,18503.912,8437384.21,2024,2024,False
United Kingdom,GB,GBR,310221,fertilizers,,246531.45,2024,2024,False
Tanzania,TZ,TZA,252329,cement,375089.0869,29286862.17,2024,2024,False
United Kingdom,GB,GBR,310210,fertilizers,,14688967.47,2024,2024,False
United Kingdom,GB,GBR,283421,fertilizers,184.1391,310596.95,2024,2024,False
United Kingdom,GB,GBR,281420,fertilizers,679.2336,511973.13,2024,2024,False
United Kingdom,GB,GBR,281410,fertilizers,,72570140.51,2024,2024,False
United Kingdom,GB,GBR,280800,fertilizers,,4119704.69,2024,2024,False
United Kingdom,GB,GBR,280410,hydrogen,230.3997,949108.24,2024,2024,False
United Kingdom,GB,GBR,260112,iron_steel,,501657.72,2024,2024,False
Tanzania,TZ,TZA,252321,cement,4147.21,765003.56,2024,2024,False
Tanzania,TZ,TZA,252390,cement,128.0,63201.02,2024,2024,False
United States,US,USA,260112,iron_steel,8671067.0,792371536.83,2024,2024,False
Tanzania,TZ,TZA,310250,fertilizers,10.0,9944.67,2024,2024,False
United States,US,USA,252390,cement,263388.0,42591226.32,2024,2024,False
United States,US,USA,252330,cement,27781.0,21323293.6,2024,2024,False
United States,US,USA,252329,cement,670751.0,95501575.64,2024,2024,False
United States,US,USA,252321,cement,132757.0,17933669.72,2024,2024,False
United States,US,USA,252310,cement,3402.0,1248386.47,2024,2024,False
United States,US,USA,250700,cement,1739601.0,545264147.49,2024,2024,False
Tanzania,TZ,TZA,310260,fertilizers,1252.0,549483.41,2024,2024,False
Tanzania,TZ,TZA,310240,fertilizers,1.0,22294.61,2024,2024,False
Tanzania,TZ,TZA,260112,iron_steel,0.1612,98.96,2024,2024,False
Tanzania,TZ,TZA,310230,fertilizers,12081.925,9673692.94,2024,2024,False
Tanzania,TZ,TZA,310221,fertilizers,500.0,220866.83,2024,2024,False
Tanzania,TZ,TZA,310210,fertilizers,4264.0,2238850.38,2024,2024,False
Tanzania,TZ,TZA,283421,fertilizers,0.06,272.65,2024,2024,False
Tanzania,TZ,TZA,281420,fertilizers,5.375,2935.64,2024,2024,False
Tanzania,TZ,TZA,281410,fertilizers,0.25,882.34,2024,2024,False
Tanzania,TZ,TZA,280800,fertilizers,28.1482,22141.92,2024,2024,False
Zambia,ZM,ZMB,252310,cement,207067.28,15467257.34,2024,2024,False
Zambia,ZM,ZMB,252321,cement,270.0,19723.95,2024,2024,False
Zambia,ZM,ZMB,252329,cement,1240020.466,133103607.15,2024,2024,False
Bahrain,BH,BHR,7608,aluminium,351.537,1523425.29,2024,2024,False
Australia,AU,AUS,761510,aluminium,269.077,2616683.31,2024,2024,False
Australia,AU,AUS,761520,aluminium,3.1693,52863.55,2024,2024,False
Australia,AU,AUS,761610,aluminium,116.8681,996036.68,2024,2024,False
Australia,AU,AUS,761699,aluminium,1344.9987,21985695.81,2024,2024,False
Bahrain,BH,BHR,7605,aluminium,235042.4081,626236795.19,2024,2024,False
Bahrain,BH,BHR,7606,aluminium,136541.276,403397900.21,2024,2024,False
Bahrain,BH,BHR,7607,aluminium,1773.5965,5881959.34,2024,2024,False
Bahrain,BH,BHR,760900,aluminium,0.6301,9025.03,2024,2024,False
Australia,AU,AUS,761300,aluminium,91.715,1456333.85,2024,2024,False
Bahrain,BH,BHR,761010,aluminium,73.8147,310262.18,2024,2024,False
Bahrain,BH,BHR,761090,aluminium,126.4683,494041.82,2024,2024,False
Bahrain,BH,BHR,761100,aluminium,9.3152,5241.97,2024,2024,False
Bahrain,BH,BHR,7612,aluminium,50.3539,19104.57,2024,2024,False
Bahrain,BH,BHR,761300,aluminium,2.4554,9794.54,2024,2024,False
Bahrain,BH,BHR,7614,aluminium,61509.4211,260796209.05,2024,2024,False
Bahrain,BH,BHR,761510,aluminium,573.5696,3041135.65,2024,2024,False
Australia,AU,AUS,7614,aluminium,,852443.27,2024,2024,False
Australia,AU,AUS,7612,aluminium,923.301,8070938.97,2024,2024,False
Bahrain,BH,BHR,761610,aluminium,5.22,67905.74,2024,2024,False
Argentina,AR,ARG,761610,aluminium,1.2681,20458.04,2024,2024,False
Argentina,AR,ARG,7607,aluminium,30.591,266024.89,2024,2024,False
Argentina,AR,ARG,7608,aluminium,40.1321,644061.5,2024,2024,False
Argentina,AR,ARG,760900,aluminium,18.1069,223214.43,2024,2024,False
Argentina,AR,ARG,761010,aluminium,289.8156,2771110.17,2024,2024,False
Argentina,AR,ARG,761090,aluminium,63.3281,751505.95,2024,2024,False
Argentina,AR,ARG,7612,aluminium,1735.0174,14008305.87,2024,2024,False
Argentina,AR,ARG,761510,aluminium,123.2631,1125541.89,2024,2024,False
Argentina,AR,ARG,761699,aluminium,12203.7176,49879809.67,2024,2024,False
Australia,AU,AUS,761100,aluminium,17.6858,243201.34,2024,2024,False
Australia,AU,AUS,7605,aluminium,32.4496,169109.8,2024,2024,False
Australia,AU,AUS,7606,aluminium,,5836614.41,2024,2024,False
Australia,AU,AUS,7607,aluminium,2093.9692,4463819.78,2024,2024,False
Australia,AU,AUS,7608,aluminium,,771520.9,2024,2024,False
Australia,AU,AUS,760900,aluminium,101.1753,1458901.89,2024,2024,False
Australia,AU,AUS,761010,aluminium,631.6658,7446615.03,2024,2024,False
Australia,AU,AUS,761090,aluminium,2139.1288,21153470.62,2024,2024,False
Bahrain,BH,BHR,761520,aluminium,0.8191,6756.39,2024,2024,False
Bahrain,BH,BHR,761691,aluminium,1026.116,6932216.98,2024,2024,False
Zambia,ZM,ZMB,252390,cement,252.0,28855.8,2024,2024,False
Bosnia and Herzegovina,BA,BIH,761090,aluminium,4063.9097,29994808.6,2024,2024,False
Bolivia,BO,BOL,761699,aluminium,0.002,60.84,2024,2024,False
Bosnia and Herzegovina,BA,BIH,7605,aluminium,6.547,37712.34,2024,2024,False
Bosnia and Herzegovina,BA,BIH,7606,aluminium,148.0008,600631.89,2024,2024,False
Bosnia and Herzegovina,BA,BIH,7607,aluminium,60.5889,316500.07,2024,2024,False
Bosnia and Herzegovina,BA,BIH,7608,aluminium,193.7693,1470602.32,2024,2024,False
Bosnia and Herzegovina,BA,BIH,760900,aluminium,22.7402,452096.38,2024,2024,False
Bosnia and Herzegovina,BA,BIH,761010,aluminium,9386.171,104660851.07,2024,2024,False
Bosnia and Herzegovina,BA,BIH,761100,aluminium,23.91,277638.98,2024,2024,False
Bolivia,BO,BOL,761510,aluminium,5.5765,30633.52,2024,2024,False
Zambia,ZM,ZMB,310260,fertilizers,513.35,592347.05,2024,2024,False
Zambia,ZM,ZMB,310240,fertilizers,28083.655,21069340.61,2024,2024,False
Zambia,ZM,ZMB,310230,fertilizers,6778.0,7215125.48,2024,2024,False
Zambia,ZM,ZMB,310210,fertilizers,330.0,220489.57,2024,2024,False
Zambia,ZM,ZMB,281420,fertilizers,20.66,11671.37,2024,2024,False
Zambia,ZM,ZMB,281410,fertilizers,0.003,18.69,2024,2024,False
Zambia,ZM,ZMB,280800,fertilizers,51.617,32222.75,2024,2024,False
Bolivia,BO,BOL,761610,aluminium,0.1527,1888.57,2024,2024,False
Bolivia,BO,BOL,761300,aluminium,2.747,4759.26,2024,2024,False
Bahrain,BH,BHR,761699,aluminium,708.8369,3434614.59,2024,2024,False
Armenia,AM,ARM,761100,aluminium,0.0345,896.49,2024,2024,False
Armenia,AM,ARM,7605,aluminium,0.066,1346.77,2024,2024,False
Armenia,AM,ARM,7606,aluminium,3204.5356,9814384.74,2024,2024,False
Armenia,AM,ARM,7607,aluminium,20279.2977,63385241.48,2024,2024,False
Armenia,AM,ARM,7608,aluminium,0.1389,4090.15,2024,2024,False
Armenia,AM,ARM,760900,aluminium,0.1014,4762.93,2024,2024,False
Armenia,AM,ARM,761010,aluminium,22.326,263763.94,2024,2024,False
Armenia,AM,ARM,761090,aluminium,100.3575,1015487.89,2024,2024,False
Armenia,AM,ARM,7612,aluminium,11.0316,102553.09,2024,2024,False
Bolivia,BO,BOL,7612,aluminium,9.131,170713.84,2024,2024,False
Armenia,AM,ARM,761300,aluminium,0.0334,1247.57,2024,2024,False
Armenia,AM,ARM,761510,aluminium,22.5537,289861.09,2024,2024,False
Armenia,AM,ARM,761520,aluminium,0.992,214964.98,2024,2024,False
Armenia,AM,ARM,761610,aluminium,0.3006,9914.92,2024,2024,False
Armenia,AM,ARM,761699,aluminium,10.9208,198803.62,2024,2024,False
Bolivia,BO,BOL,7606,aluminium,7.5112,31047.81,2024,2024,False
Bolivia,BO,BOL,761090,aluminium,4.5997,16695.89,2024,2024,False
United Kingdom,GB,GBR,252390,cement,6601.297,3465843.95,2024,2024,False
United Kingdom,GB,GBR,252329,cement,74137.868,12295946.39,2024,2024,False
Singapore,SG,SGP,260112,iron_steel,,1013.87,2024,2024,False
United Kingdom,GB,GBR,252321,cement,,3706587.7,2024,2024,False
Togo,TG,TGO,252321,cement,350.0,26572.83,2024,2024,False
Togo,TG,TGO,252310,cement,992331.318,61028336.16,2024,2024,False
Thailand,TH,THA,310260,fertilizers,28.0,13713.85,2024,2024,False
Thailand,TH,THA,310250,fertilizers,13.992,26183.72,2024,2024,False
Thailand,TH,THA,310230,fertilizers,38974.252,22371317.24,2024,2024,False
Thailand,TH,THA,310229,fertilizers,15284.0911,5907410.79,2024,2024,False
Thailand,TH,THA,310221,fertilizers,73519.258,18789343.21,2024,2024,False
Thailand,TH,THA,310210,fertilizers,110317.6927,43741641.92,2024,2024,False
Thailand,TH,THA,283421,fertilizers,1980.289,2399905.27,2024,2024,False
Thailand,TH,THA,281420,fertilizers,392.7057,337204.39,2024,2024,False
Thailand,TH,THA,281410,fertilizers,1242.828,1702640.03,2024,2024,False
Thailand,TH,THA,280800,fertilizers,1592.2195,1137369.8,2024,2024,False
Thailand,TH,THA,280410,hydrogen,144.102,300418.25,2024,2024,False
Thailand,TH,THA,260112,iron_steel,,594625.64,2024,2024,False
Thailand,TH,THA,252390,cement,613343.094,29703707.24,2024,2024,False
Thailand,TH,THA,252330,cement,4.056,1954.59,2024,2024,False
Thailand,TH,THA,252329,cement,,86481144.48,2024,2024,False
Togo,TG,TGO,252329,cement,10400.0,965797.22,2024,2024,False
Togo,TG,TGO,280800,fertilizers,3.5,1550.08,2024,2024,False
Trinidad and Tobago,TT,TTO,252310,cement,17932.307,968128.35,2024,2024,False
Trinidad and Tobago,TT,TTO,310250,fertilizers,0.032,263.41,2024,2024,False
Tunisia,TN,TUN,252330,cement,35.4583,18688.37,2024,2024,False
Tunisia,TN,TUN,252329,cement,889828.6625,85112926.55,2024,2024,False
Tunisia,TN,TUN,252321,cement,128406.1959,18114092.91,2024,2024,False
Tunisia,TN,TUN,252310,cement,148976.1677,7622786.65,2024,2024,False
Tunisia,TN,TUN,250700,cement,235.5567,67281.24,2024,2024,False
Trinidad and Tobago,TT,TTO,310280,fertilizers,994609.37,227652860.11,2024,2024,False
Trinidad and Tobago,TT,TTO,310260,fertilizers,0.0251,42.99,2024,2024,False
Trinidad and Tobago,TT,TTO,310229,fertilizers,0.644,6572.83,2024,2024,False
Trinidad and Tobago,TT,TTO,252321,cement,0.756,781.32,2024,2024,False
Trinidad and Tobago,TT,TTO,310210,fertilizers,436021.779,151738986.81,2024,2024,False
Trinidad and Tobago,TT,TTO,283421,fertilizers,0.012,96.24,2024,2024,False
Trinidad and Tobago,TT,TTO,281420,fertilizers,15.346,35515.2,2024,2024,False
Trinidad and Tobago,TT,TTO,281410,fertilizers,2771099.783,1160687810.74,2024,2024,False
Trinidad and Tobago,TT,TTO,280800,fertilizers,4.109,23640.98,2024,2024,False
Trinidad and Tobago,TT,TTO,252390,cement,0.25,610.32,2024,2024,False
Trinidad and Tobago,TT,TTO,252329,cement,178786.8618,14862164.43,2024,2024,False
Thailand,TH,THA,252321,cement,,8496683.95,2024,2024,False
Thailand,TH,THA,252310,cement,4457208.973,145465924.46,2024,2024,False
Thailand,TH,THA,250700,cement,,3487810.82,2024,2024,False
Singapore,SG,SGP,310250,fertilizers,74.2384,194182.59,2024,2024,False
South Africa,ZA,ZAF,260112,iron_steel,,986905.59,2024,2024,False
South Africa,ZA,ZAF,252390,cement,5403.3098,590221.21,2024,2024,False
South Africa,ZA,ZAF,252330,cement,410.0795,165160.56,2024,2024,False
South Africa,ZA,ZAF,252329,cement,960217.4557,71875958.56,2024,2024,False
South Africa,ZA,ZAF,252321,cement,,7727716.56,2024,2024,False
South Africa,ZA,ZAF,252310,cement,189084.0507,15884485.92,2024,2024,False
South Africa,ZA,ZAF,250700,cement,10782.5999,551150.78,2024,2024,False
Singapore,SG,SGP,310240,fertilizers,0.1,872.1,2024,2024,False
South Africa,ZA,ZAF,280800,fertilizers,4344.3813,1705140.75,2024,2024,False
Singapore,SG,SGP,310230,fertilizers,,4935.9,2024,2024,False
Singapore,SG,SGP,310221,fertilizers,,4607240.13,2024,2024,False
Singapore,SG,SGP,310210,fertilizers,2139.77,2069423.32,2024,2024,False
Singapore,SG,SGP,283421,fertilizers,,597820.2,2024,2024,False
Singapore,SG,SGP,281420,fertilizers,2920.7766,4256676.71,2024,2024,False
Singapore,SG,SGP,281410,fertilizers,52.4849,718334.35,2024,2024,False
Singapore,SG,SGP,280800,fertilizers,,1203700.22,2024,2024,False
South Africa,ZA,ZAF,280410,hydrogen,3.1695,28992.15,2024,2024,False
South Africa,ZA,ZAF,281410,fertilizers,4880.471,2983865.71,2024,2024,False
Suriname,SR,SUR,310210,fertilizers,1.33,9980.59,2024,2024,False
South Africa,ZA,ZAF,310280,fertilizers,800.6871,439492.14,2024,2024,False
Suriname,SR,SUR,281420,fertilizers,4.056,23635.39,2024,2024,False
Suriname,SR,SUR,252329,cement,,175700.05,2024,2024,False
Zimbabwe,ZW,ZWE,310250,fertilizers,25.0,24518.44,2024,2024,False
Zimbabwe,ZW,ZWE,310230,fertilizers,510.05,225229.56,2024,2024,False
Zimbabwe,ZW,ZWE,252329,cement,0.01,2.22,2024,2024,False
Zimbabwe,ZW,ZWE,252321,cement,0.21,34.69,2024,2024,False
Zimbabwe,ZW,ZWE,250700,cement,33.0,15206.27,2024,2024,False
South Africa,ZA,ZAF,310260,fertilizers,102858.0643,56388344.08,2024,2024,False
South Africa,ZA,ZAF,281420,fertilizers,2419.0069,663979.67,2024,2024,False
South Africa,ZA,ZAF,310250,fertilizers,1664.2697,1411252.25,2024,2024,False
South Africa,ZA,ZAF,310240,fertilizers,7076.9955,2702479.68,2024,2024,False
South Africa,ZA,ZAF,310230,fertilizers,188278.803,97854262.02,2024,2024,False
South Africa,ZA,ZAF,310229,fertilizers,,4680195.38,2024,2024,False
South Africa,ZA,ZAF,310221,fertilizers,24590.3326,6885318.63,2024,2024,False
South Africa,ZA,ZAF,310210,fertilizers,,37781087.5,2024,2024,False
South Africa,ZA,ZAF,283421,fertilizers,788.3621,843884.41,2024,2024,False
Tunisia,TN,TUN,252390,cement,1368.542,251847.41,2024,2024,False
Tunisia,TN,TUN,280410,hydrogen,3.7675,34462.61,2024,2024,False
Tunisia,TN,TUN,280800,fertilizers,5.6359,2360.4,2024,2024,False
Ukraine,UA,UKR,310250,fertilizers,5.0,10235.26,2024,2024,False
North Macedonia,MK,MKD,280800,fertilizers,51.772,15581.97,2024,2024,False
North Macedonia,MK,MKD,280410,hydrogen,9.301,183424.08,2024,2024,False
North Macedonia,MK,MKD,252390,cement,1.75,979.18,2024,2024,False
North Macedonia,MK,MKD,252329,cement,192948.44,16828396.36,2024,2024,False
North Macedonia,MK,MKD,252310,cement,105615.38,7596033.97,2024,2024,False
North Macedonia,MK,MKD,250700,cement,0.079,160.78,2024,2024,False
Ukraine,UA,UKR,310280,fertilizers,1817.61,410373.68,2024,2024,False
Ukraine,UA,UKR,310240,fertilizers,11945.1,2600484.98,2024,2024,False
North Macedonia,MK,MKD,281420,fertilizers,0.404,1401.91,2024,2024,False
Ukraine,UA,UKR,310230,fertilizers,0.05,36.96,2024,2024,False
Ukraine,UA,UKR,310210,fertilizers,19963.333,6485668.56,2024,2024,False
Ukraine,UA,UKR,281420,fertilizers,4.7305,6119.42,2024,2024,False
Ukraine,UA,UKR,281410,fertilizers,115.1825,64179.1,2024,2024,False
Ukraine,UA,UKR,280410,hydrogen,0.0008,559.5,2024,2024,False
Ukraine,UA,UKR,260112,iron_steel,11357950.37,1161449846.73,2024,2024,False
Ukraine,UA,UKR,252390,cement,0.1,11.39,2024,2024,False
North Macedonia,MK,MKD,281410,fertilizers,2.48,14764.5,2024,2024,False
North Macedonia,MK,MKD,283421,fertilizers,0.655,3602.43,2024,2024,False
Ukraine,UA,UKR,252329,cement,1695681.1754,104571835.59,2024,2024,False
Egypt,EG,EGY,281410,fertilizers,348598.1186,194733153.56,2024,2024,False
United Kingdom,GB,GBR,252310,cement,,2165268.58,2024,2024,False
United Kingdom,GB,GBR,250700,cement,,215585419.51,2024,2024,False
Egypt,EG,EGY,310260,fertilizers,56910.3822,24804210.35,2024,2024,False
Egypt,EG,EGY,310230,fertilizers,240147.082,102590331.58,2024,2024,False
Egypt,EG,EGY,310221,fertilizers,29063.0055,6553765.73,2024,2024,False
Egypt,EG,EGY,310210,fertilizers,3216412.4393,1300477679.29,2024,2024,False
Egypt,EG,EGY,281420,fertilizers,127316.1443,31586445.8,2024,2024,False
Egypt,EG,EGY,280800,fertilizers,1094.8532,450709.45,2024,2024,False
North Macedonia,MK,MKD,310210,fertilizers,3013.646,1256448.79,2024,2024,False
Egypt,EG,EGY,252390,cement,9802.7258,1883298.45,2024,2024,False
Egypt,EG,EGY,252329,cement,3062692.4043,320217278.14,2024,2024,False
Egypt,EG,EGY,252321,cement,501789.4954,71669756.67,2024,2024,False
Egypt,EG,EGY,252310,cement,7266992.0467,446980165.59,2024,2024,False
Egypt,EG,EGY,250700,cement,22173.1206,6686728.97,2024,2024,False
North Macedonia,MK,MKD,310280,fertilizers,6.826,7917.98,2024,2024,False
North Macedonia,MK,MKD,310230,fertilizers,3981.998,3176250.48,2024,2024,False
Ukraine,UA,UKR,252330,cement,5.0,1617.15,2024,2024,False
Ukraine,UA,UKR,252321,cement,0.15,27.62,2024,2024,False
Tunisia,TN,TUN,281410,fertilizers,30.372,17113.39,2024,2024,False
Turkey,TR,TUR,252390,cement,37630.057,3077862.49,2024,2024,False
Turkey,TR,TUR,310210,fertilizers,166328.454,52149129.47,2024,2024,False
Turkey,TR,TUR,283421,fertilizers,6486.105,6134594.77,2024,2024,False
Turkey,TR,TUR,281420,fertilizers,2311.174,518519.55,2024,2024,False
Turkey,TR,TUR,281410,fertilizers,247675.857,110092594.03,2024,2024,False
Turkey,TR,TUR,280800,fertilizers,2409.984,906169.49,2024,2024,False
Turkey,TR,TUR,280410,hydrogen,3.028,34981.06,2024,2024,False
Turkey,TR,TUR,260112,iron_steel,69937.124,5273159.6,2024,2024,False
Turkey,TR,TUR,252330,cement,56010.651,18274949.63,2024,2024,False
Turkey,TR,TUR,310229,fertilizers,34.018,17937.34,2024,2024,False
Turkey,TR,TUR,252329,cement,13635297.961,730747122.26,2024,2024,False
Turkey,TR,TUR,252321,cement,,126441942.52,2024,2024,False
Turkey,TR,TUR,252310,cement,5963744.025,228720266.15,2024,2024,False
Turkey,TR,TUR,250700,cement,483602.787,16664574.44,2024,2024,False
Tunisia,TN,TUN,310260,fertilizers,72.1596,27950.93,2024,2024,False
Tunisia,TN,TUN,283421,fertilizers,44.8334,39774.62,2024,2024,False
Tunisia,TN,TUN,281420,fertilizers,,154.05,2024,2024,False
Turkey,TR,TUR,310221,fertilizers,56097.136,10617611.13,2024,2024,False
Turkey,TR,TUR,310230,fertilizers,209342.941,56394752.8,2024,2024,False
Ukraine,UA,UKR,252310,cement,,4672871.74,2024,2024,False
Uganda,UG,UGA,280800,fertilizers,18.751,13590.97,2024,2024,False
Ukraine,UA,UKR,250700,cement,214326.468,19371128.67,2024,2024,False
Uganda,UG,UGA,310260,fertilizers,4.5,1826.29,2024,2024,False
Uganda,UG,UGA,310230,fertilizers,772.12,1136644.76,2024,2024,False
Uganda,UG,UGA,310221,fertilizers,0.55,1101.32,2024,2024,False
Uganda,UG,UGA,310210,fertilizers,88.0,51036.36,2024,2024,False
Uganda,UG,UGA,281420,fertilizers,1.356,556.26,2024,2024,False
Uganda,UG,UGA,281410,fertilizers,1.175,1878.2,2024,2024,False
Uganda,UG,UGA,252390,cement,1747.75,537820.89,2024,2024,False
Turkey,TR,TUR,310240,fertilizers,276006.178,56297262.73,2024,2024,False
Uganda,UG,UGA,252329,cement,604238.36,78520711.36,2024,2024,False
Uganda,UG,UGA,252321,cement,1727.085,390883.62,2024,2024,False
Uganda,UG,UGA,252310,cement,82.46,11016.82,2024,2024,False
Uganda,UG,UGA,250700,cement,439.654,68172.99,2024,2024,False
Turkey,TR,TUR,310280,fertilizers,12305.258,2835729.6,2024,2024,False
Turkey,TR,TUR,310260,fertilizers,8069.122,3968930.78,2024,2024,False
Turkey,TR,TUR,310250,fertilizers,322.315,363447.93,2024,2024,False
Azerbaijan,AZ,AZE,761699,aluminium,1.4239,33641.29,2024,2024,False
Azerbaijan,AZ,AZE,761691,aluminium,0.0502,596.99,2024,2024,False
Azerbaijan,AZ,AZE,761610,aluminium,0.029,195.4,2024,2024,False
Azerbaijan,AZ,AZE,7614,aluminium,390.957,1175410.41,2024,2024,False
Ecuador,EC,ECU,761699,aluminium,190.5328,1223177.37,2024,2024,False
Ecuador,EC,ECU,761610,aluminium,0.0434,18321.46,2024,2024,False
Ecuador,EC,ECU,761520,aluminium,0.0217,55.96,2024,2024,False
Ecuador,EC,ECU,761510,aluminium,203.3594,1155653.82,2024,2024,False
Ecuador,EC,ECU,7614,aluminium,44.9912,162627.28,2024,2024,False
Ecuador,EC,ECU,761300,aluminium,0.7678,2333.29,2024,2024,False
Ecuador,EC,ECU,7612,aluminium,5.5867,102580.81,2024,2024,False
Ecuador,EC,ECU,761100,aluminium,0.0091,987.37,2024,2024,False
Ecuador,EC,ECU,761090,aluminium,1.777,44774.25,2024,2024,False
Ecuador,EC,ECU,761010,aluminium,102.2888,559956.5,2024,2024,False
Ecuador,EC,ECU,760900,aluminium,0.0738,1019.73,2024,2024,False
Ecuador,EC,ECU,7608,aluminium,2393.6146,9382241.32,2024,2024,False
Ecuador,EC,ECU,7607,aluminium,15.0457,210254.96,2024,2024,False
Ecuador,EC,ECU,7606,aluminium,0.4602,4587.45,2024,2024,False
Ecuador,EC,ECU,7605,aluminium,139.4085,281459.97,2024,2024,False
Dominican Republic,DO,DOM,761699,aluminium,45.0742,313181.08,2024,2024,False
Dominican Republic,DO,DOM,761691,aluminium,38.057,125144.02,2024,2024,False
El Salvador,SV,SLV,7605,aluminium,3.1927,26385.93,2024,2024,False
El Salvador,SV,SLV,7606,aluminium,1.9238,11818.62,2024,2024,False
El Salvador,SV,SLV,7607,aluminium,1679.6899,11204579.07,2024,2024,False
El Salvador,SV,SLV,761699,aluminium,,3636661.01,2024,2024,False
Georgia,GE,GEO,761090,aluminium,258.1311,1564802.16,2024,2024,False
Georgia,GE,GEO,761010,aluminium,64.9217,694796.55,2024,2024,False
Georgia,GE,GEO,760900,aluminium,2.03,40049.72,2024,2024,False
Georgia,GE,GEO,7608,aluminium,21.4677,90622.12,2024,2024,False
Georgia,GE,GEO,7607,aluminium,318.5018,2048666.15,2024,2024,False
Georgia,GE,GEO,7606,aluminium,345.6154,751350.68,2024,2024,False
Georgia,GE,GEO,7605,aluminium,4.171,10368.78,2024,2024,False
El Salvador,SV,SLV,761610,aluminium,4.4714,8745.31,2024,2024,False
El Salvador,SV,SLV,7608,aluminium,1.3029,6587.42,2024,2024,False
El Salvador,SV,SLV,761510,aluminium,671.5237,4541038.38,2024,2024,False
El Salvador,SV,SLV,7614,aluminium,401.136,1186357.55,2024,2024,False
El Salvador,SV,SLV,761300,aluminium,9.0774,98818.13,2024,2024,False
El Salvador,SV,SLV,7612,aluminium,2.7632,32284.86,2024,2024,False
El Salvador,SV,SLV,761090,aluminium,418.9267,2321169.87,2024,2024,False
El Salvador,SV,SLV,761010,aluminium,192.2225,830911.59,2024,2024,False
El Salvador,SV,SLV,760900,aluminium,1.6947,8296.35,2024,2024,False
Dominican Republic,DO,DOM,761610,aluminium,207.8494,262133.69,2024,2024,False
Dominican Republic,DO,DOM,761520,aluminium,0.0101,155.85,2024,2024,False
Dominican Republic,DO,DOM,761510,aluminium,48.0225,369144.72,2024,2024,False
Costa Rica,CR,CRI,7607,aluminium,760.4839,4285591.16,2024,2024,False
Costa Rica,CR,CRI,761300,aluminium,11.4885,47454.18,2024,2024,False
Costa Rica,CR,CRI,7612,aluminium,126.3191,3321208.42,2024,2024,False
Costa Rica,CR,CRI,761100,aluminium,0.012,138.62,2024,2024,False
Costa Rica,CR,CRI,761090,aluminium,100.5687,700127.72,2024,2024,False
Costa Rica,CR,CRI,761010,aluminium,736.0194,3165979.6,2024,2024,False
Costa Rica,CR,CRI,760900,aluminium,5.2417,14009.02,2024,2024,False
Costa Rica,CR,CRI,7608,aluminium,5.5416,22591.56,2024,2024,False
Costa Rica,CR,CRI,7606,aluminium,113.6118,449731.59,2024,2024,False
Costa Rica,CR,CRI,761510,aluminium,10.6936,56110.16,2024,2024,False
Costa Rica,CR,CRI,7605,aluminium,0.2646,2748.54,2024,2024,False
Colombia,CO,COL,761699,aluminium,648.1108,9072881.21,2024,2024,False
Colombia,CO,COL,761691,aluminium,0.0636,14874.0,2024,2024,False
Colombia,CO,COL,761610,aluminium,114.7256,1359957.87,2024,2024,False
Colombia,CO,COL,761520,aluminium,0.3234,11160.4,2024,2024,False
Colombia,CO,COL,761510,aluminium,4473.815,29384089.85,2024,2024,False
Colombia,CO,COL,7614,aluminium,,1935720.88,2024,2024,False
Costa Rica,CR,CRI,7614,aluminium,373.2887,1629599.05,2024,2024,False
Costa Rica,CR,CRI,761520,aluminium,1.5076,8204.66,2024,2024,False
Dominican Republic,DO,DOM,7614,aluminium,1.564,39005.18,2024,2024,False
Dominican Republic,DO,DOM,7607,aluminium,213.5959,1495990.6,2024,2024,False
Dominican Republic,DO,DOM,761300,aluminium,18.7702,29939.08,2024,2024,False
Dominican Republic,DO,DOM,7612,aluminium,32.7057,47011.81,2024,2024,False
Dominican Republic,DO,DOM,761100,aluminium,128.958,190858.51,2024,2024,False
Dominican Republic,DO,DOM,761090,aluminium,,11344221.57,2024,2024,False
Dominican Republic,DO,DOM,761010,aluminium,851.0075,5119788.82,2024,2024,False
Dominican Republic,DO,DOM,760900,aluminium,6.3885,25206.77,2024,2024,False
Dominican Republic,DO,DOM,7608,aluminium,1908.5858,8089252.78,2024,2024,False
Dominican Republic,DO,DOM,7606,aluminium,697.4774,743982.14,2024,2024,False
Costa Rica,CR,CRI,761610,aluminium,12.4301,127071.64,2024,2024,False
Dominican Republic,DO,DOM,7605,aluminium,0.068,300.85,2024,2024,False
Benin,BJ,BEN,761699,aluminium,0.24,2029.72,2024,2024,False
Benin,BJ,BEN,761510,aluminium,3.293,5783.57,2024,2024,False
Benin,BJ,BEN,761010,aluminium,8.3,762.21,2024,2024,False
Benin,BJ,BEN,7606,aluminium,50.0,38057.87,2024,2024,False
Costa Rica,CR,CRI,761699,aluminium,60.1778,1362366.64,2024,2024,False
Costa Rica,CR,CRI,761691,aluminium,4.6358,12577.5,2024,2024,False
Georgia,GE,GEO,761100,aluminium,1.313,3581.72,2024,2024,False
Georgia,GE,GEO,7612,aluminium,2.0085,32528.72,2024,2024,False
Georgia,GE,GEO,761300,aluminium,0.4055,27885.26,2024,2024,False
Hong Kong,HK,HKG,761691,aluminium,9.922,281746.71,2024,2024,False
Indonesia,ID,IDN,761010,aluminium,1977.6311,10892328.16,2024,2024,False
Indonesia,ID,IDN,760900,aluminium,167.8053,831024.31,2024,2024,False
Indonesia,ID,IDN,7608,aluminium,750.2882,5046821.94,2024,2024,False
Indonesia,ID,IDN,7607,aluminium,,37101589.98,2024,2024,False
Indonesia,ID,IDN,7606,aluminium,,20318638.67,2024,2024,False
Indonesia,ID,IDN,7605,aluminium,23403.7796,63202859.93,2024,2024,False
Hong Kong,HK,HKG,761699,aluminium,5876.6266,97167778.83,2024,2024,False
Hong Kong,HK,HKG,761610,aluminium,91.82,6031243.87,2024,2024,False
Indonesia,ID,IDN,761100,aluminium,12.9539,216340.76,2024,2024,False
Hong Kong,HK,HKG,761520,aluminium,81.699,1421437.14,2024,2024,False
Hong Kong,HK,HKG,761510,aluminium,305.194,2504692.56,2024,2024,False
Hong Kong,HK,HKG,7614,aluminium,0.144,7836.91,2024,2024,False
Hong Kong,HK,HKG,761300,aluminium,137.794,1034621.8,2024,2024,False
Hong Kong,HK,HKG,7612,aluminium,271.991,2456061.78,2024,2024,False
Hong Kong,HK,HKG,761100,aluminium,950.036,5492332.65,2024,2024,False
Hong Kong,HK,HKG,761090,aluminium,873.105,5373610.33,2024,2024,False
Indonesia,ID,IDN,761090,aluminium,3501.793,15358653.83,2024,2024,False
Indonesia,ID,IDN,7612,aluminium,,29552977.66,2024,2024,False
Hong Kong,HK,HKG,760900,aluminium,98.425,1231102.05,2024,2024,False
Israel,IL,ISR,7607,aluminium,1413.9335,10609001.02,2024,2024,False
Israel,IL,ISR,761300,aluminium,,27399500.97,2024,2024,False
Israel,IL,ISR,7612,aluminium,5356.5297,4879401.16,2024,2024,False
Israel,IL,ISR,761100,aluminium,7.0278,90564.64,2024,2024,False
Israel,IL,ISR,761090,aluminium,325.1426,2956288.7,2024,2024,False
Israel,IL,ISR,761010,aluminium,14.0352,146012.38,2024,2024,False
Israel,IL,ISR,760900,aluminium,8.7494,161722.58,2024,2024,False
Israel,IL,ISR,7608,aluminium,179.8079,1087699.84,2024,2024,False
Israel,IL,ISR,7606,aluminium,571.6313,2640236.58,2024,2024,False
Indonesia,ID,IDN,761300,aluminium,124.1475,1020838.6,2024,2024,False
Israel,IL,ISR,7605,aluminium,0.7974,4620.65,2024,2024,False
Indonesia,ID,IDN,761699,aluminium,5222.2335,25114304.55,2024,2024,False
Indonesia,ID,IDN,761691,aluminium,0.366,6022.96,2024,2024,False
Indonesia,ID,IDN,761610,aluminium,172.9148,601484.96,2024,2024,False
Indonesia,ID,IDN,761520,aluminium,193.0412,560861.95,2024,2024,False
Indonesia,ID,IDN,761510,aluminium,,14731284.39,2024,2024,False
Indonesia,ID,IDN,7614,aluminium,,12250076.46,2024,2024,False
Hong Kong,HK,HKG,761010,aluminium,663.822,6065030.37,2024,2024,False
Hong Kong,HK,HKG,7608,aluminium,337.685,2786058.67,2024,2024,False
Georgia,GE,GEO,7614,aluminium,40.426,123699.16,2024,2024,False
Guatemala,GT,GTM,7608,aluminium,20.334,387492.84,2024,2024,False
Guatemala,GT,GTM,7614,aluminium,8.888,27530.73,2024,2024,False
Guatemala,GT,GTM,761300,aluminium,6.004,20781.81,2024,2024,False
Guatemala,GT,GTM,7612,aluminium,17344.423,87731513.72,2024,2024,False
Guatemala,GT,GTM,761100,aluminium,1.514,16575.18,2024,2024,False
Guatemala,GT,GTM,761090,aluminium,169.333,432668.88,2024,2024,False
Guatemala,GT,GTM,761010,aluminium,191.076,844002.4,2024,2024,False
Guatemala,GT,GTM,760900,aluminium,8.519,139562.89,2024,2024,False
Guatemala,GT,GTM,7607,aluminium,116.721,1291705.02,2024,2024,False
Guatemala,GT,GTM,761520,aluminium,0.721,1302.1,2024,2024,False
Guatemala,GT,GTM,7606,aluminium,241.015,1132017.37,2024,2024,False
Guatemala,GT,GTM,7605,aluminium,0.673,5360.87,2024,2024,False
Georgia,GE,GEO,761699,aluminium,23.7741,363372.58,2024,2024,False
Georgia,GE,GEO,761691,aluminium,0.6004,8641.89,2024,2024,False
Georgia,GE,GEO,761610,aluminium,0.9645,28790.25,2024,2024,False
Georgia,GE,GEO,761520,aluminium,0.0039,97.03,2024,2024,False
Georgia,GE,GEO,761510,aluminium,207.4983,749709.91,2024,2024,False
Guatemala,GT,GTM,761510,aluminium,237.257,1111948.99,2024,2024,False
Guatemala,GT,GTM,761610,aluminium,2.056,30712.5,2024,2024,False
Hong Kong,HK,HKG,7607,aluminium,1976.603,36518667.06,2024,2024,False
Honduras,HN,HND,761300,aluminium,0.0512,850.2,2024,2024,False
Hong Kong,HK,HKG,7606,aluminium,23366.482,88175055.83,2024,2024,False
Hong Kong,HK,HKG,7605,aluminium,54.323,1386303.03,2024,2024,False
Honduras,HN,HND,761699,aluminium,58.2184,169157.55,2024,2024,False
Honduras,HN,HND,761691,aluminium,0.286,1686.91,2024,2024,False
Honduras,HN,HND,761610,aluminium,1.4168,2977.06,2024,2024,False
Honduras,HN,HND,761520,aluminium,0.0455,44.15,2024,2024,False
Honduras,HN,HND,761510,aluminium,7.9221,51097.36,2024,2024,False
Honduras,HN,HND,7612,aluminium,1.7503,3184.54,2024,2024,False
Guatemala,GT,GTM,761691,aluminium,0.005,49.9,2024,2024,False
Honduras,HN,HND,761090,aluminium,55.589,191009.25,2024,2024,False
Honduras,HN,HND,761010,aluminium,392.4697,1473392.82,2024,2024,False
Honduras,HN,HND,760900,aluminium,0.4326,952.81,2024,2024,False
Honduras,HN,HND,7608,aluminium,10.7627,12412.21,2024,2024,False
Honduras,HN,HND,7607,aluminium,50.0037,232537.88,2024,2024,False
Honduras,HN,HND,7606,aluminium,76.2164,211472.01,2024,2024,False
Guatemala,GT,GTM,761699,aluminium,57.907,384791.61,2024,2024,False
Colombia,CO,COL,761300,aluminium,3.3107,156639.86,2024,2024,False
Colombia,CO,COL,7612,aluminium,2227.9886,17804501.1,2024,2024,False
Colombia,CO,COL,761100,aluminium,14.8546,208686.96,2024,2024,False
Brazil,BR,BRA,7608,aluminium,647.264,4344806.39,2024,2024,False
Brazil,BR,BRA,7614,aluminium,6595.3345,24888888.27,2024,2024,False
Brazil,BR,BRA,761300,aluminium,11.7696,242496.07,2024,2024,False
Brazil,BR,BRA,7612,aluminium,4384.347,32609610.02,2024,2024,False
Brazil,BR,BRA,761100,aluminium,86.0007,513516.31,2024,2024,False
Brazil,BR,BRA,761090,aluminium,194.3899,2453306.53,2024,2024,False
Brazil,BR,BRA,761010,aluminium,242.0255,3462436.93,2024,2024,False
Brazil,BR,BRA,760900,aluminium,165.821,3903719.62,2024,2024,False
Brazil,BR,BRA,7607,aluminium,20949.8288,87377551.98,2024,2024,False
Brazil,BR,BRA,761520,aluminium,12.7282,128052.86,2024,2024,False
Brazil,BR,BRA,7606,aluminium,104567.2468,327393980.22,2024,2024,False
Brazil,BR,BRA,7605,aluminium,12218.8116,34614360.04,2024,2024,False
Bosnia and Herzegovina,BA,BIH,761699,aluminium,2182.8853,22412373.22,2024,2024,False
Bosnia and Herzegovina,BA,BIH,761691,aluminium,336.8938,2315901.75,2024,2024,False
Bosnia and Herzegovina,BA,BIH,761610,aluminium,13.4868,815748.4,2024,2024,False
Bosnia and Herzegovina,BA,BIH,761520,aluminium,0.7656,3854.66,2024,2024,False
Bosnia and Herzegovina,BA,BIH,761510,aluminium,23.2701,124021.54,2024,2024,False
Brazil,BR,BRA,761510,aluminium,,116084393.31,2024,2024,False
Brazil,BR,BRA,761610,aluminium,75.9153,1768750.58,2024,2024,False
Bosnia and Herzegovina,BA,BIH,7612,aluminium,2.4217,36454.87,2024,2024,False
Brunei Darussalam,BN,BRN,761610,aluminium,0.8077,1781.28,2024,2024,False
Cambodia,KH,KHM,7606,aluminium,628.571,2297307.44,2024,2024,False
Myanmar,MM,MMR,761699,aluminium,2.0674,20895.04,2024,2024,False
Myanmar,MM,MMR,761510,aluminium,81.1495,273723.02,2024,2024,False
Myanmar,MM,MMR,761090,aluminium,49.7149,367396.76,2024,2024,False
Myanmar,MM,MMR,7607,aluminium,325.3839,1040558.79,2024,2024,False
Myanmar,MM,MMR,7606,aluminium,275.081,784181.93,2024,2024,False
Brunei Darussalam,BN,BRN,761699,aluminium,7.271,41161.01,2024,2024,False
Brunei Darussalam,BN,BRN,761300,aluminium,0.1265,270105.71,2024,2024,False
Brazil,BR,BRA,761691,aluminium,19.3297,120981.43,2024,2024,False
Brunei Darussalam,BN,BRN,7612,aluminium,206.269,17862.38,2024,2024,False
Brunei Darussalam,BN,BRN,761100,aluminium,4.005,2532.13,2024,2024,False
Brunei Darussalam,BN,BRN,761090,aluminium,225.8896,377750.71,2024,2024,False
Brunei Darussalam,BN,BRN,761010,aluminium,150.9078,1522329.28,2024,2024,False
Brunei Darussalam,BN,BRN,7608,aluminium,0.012,830.09,2024,2024,False
Brunei Darussalam,BN,BRN,7606,aluminium,1.535,97726.13,2024,2024,False
Brazil,BR,BRA,761699,aluminium,2914.9834,36198750.58,2024,2024,False
Bosnia and Herzegovina,BA,BIH,7614,aluminium,20.959,75614.46,2024,2024,False
Albania,AL,ALB,7607,aluminium,0.0,103739.81,2024,2024,False
Cambodia,KH,KHM,7608,aluminium,2199.2106,15794600.64,2024,2024,False
Angola,AO,AGO,761699,aluminium,6086.5317,1571478.88,2024,2024,False
Angola,AO,AGO,7612,aluminium,254.9904,914592.38,2024,2024,False
Angola,AO,AGO,761300,aluminium,73.8393,6038.5,2024,2024,False
Angola,AO,AGO,7614,aluminium,0.025,23.53,2024,2024,False
Angola,AO,AGO,761510,aluminium,237.6284,143738.1,2024,2024,False
Angola,AO,AGO,761520,aluminium,1.7205,3129.69,2024,2024,False
Angola,AO,AGO,761610,aluminium,121.906,54790.2,2024,2024,False
Angola,AO,AGO,761691,aluminium,0.729,1300.85,2024,2024,False
Azerbaijan,AZ,AZE,7605,aluminium,2218.849,5864546.05,2024,2024,False
Angola,AO,AGO,761090,aluminium,142.61,98792.38,2024,2024,False
Azerbaijan,AZ,AZE,7606,aluminium,39222.7998,101700951.79,2024,2024,False
Azerbaijan,AZ,AZE,7607,aluminium,349.037,941490.18,2024,2024,False
Azerbaijan,AZ,AZE,760900,aluminium,0.0251,588.16,2024,2024,False
Azerbaijan,AZ,AZE,761010,aluminium,118.1327,1949554.36,2024,2024,False
Azerbaijan,AZ,AZE,761090,aluminium,40.4081,158268.61,2024,2024,False
Azerbaijan,AZ,AZE,761100,aluminium,0.026,184.99,2024,2024,False
Azerbaijan,AZ,AZE,761300,aluminium,0.8131,26631.12,2024,2024,False
Angola,AO,AGO,761100,aluminium,8.835,69107.29,2024,2024,False
Angola,AO,AGO,761010,aluminium,6.24,5266.4,2024,2024,False
Albania,AL,ALB,761010,aluminium,1704.6976,13720011.15,2024,2024,False
Algeria,DZ,DZA,761010,aluminium,0.9463,9625.19,2024,2024,False
Albania,AL,ALB,761090,aluminium,731.0561,5873007.92,2024,2024,False
Albania,AL,ALB,761510,aluminium,59.2175,342752.23,2024,2024,False
Albania,AL,ALB,761691,aluminium,10.37,115461.9,2024,2024,False
Albania,AL,ALB,761699,aluminium,60.0803,620870.63,2024,2024,False
Algeria,DZ,DZA,7606,aluminium,45.7233,151724.28,2024,2024,False
Algeria,DZ,DZA,7607,aluminium,17.6873,76200.44,2024,2024,False
Algeria,DZ,DZA,7608,aluminium,2.8542,17341.83,2024,2024,False
Algeria,DZ,DZA,761090,aluminium,10.8563,95566.44,2024,2024,False
Angola,AO,AGO,760900,aluminium,4.455,13342.1,2024,2024,False
Algeria,DZ,DZA,7612,aluminium,0.0146,121.22,2024,2024,False
Algeria,DZ,DZA,7614,aluminium,345.5665,936906.07,2024,2024,False
Algeria,DZ,DZA,761510,aluminium,13.9043,116398.05,2024,2024,False
Algeria,DZ,DZA,761699,aluminium,21.2053,310089.26,2024,2024,False
Angola,AO,AGO,7606,aluminium,1.095,4296.53,2024,2024,False
Angola,AO,AGO,7607,aluminium,0.024,28.12,2024,2024,False
Angola,AO,AGO,7608,aluminium,90.149,49464.9,2024,2024,False
Cambodia,KH,KHM,7607,aluminium,71.6899,242246.17,2024,2024,False
Cambodia,KH,KHM,760900,aluminium,26.4514,99063.49,2024,2024,False
Colombia,CO,COL,761090,aluminium,938.4352,16161709.77,2024,2024,False
Chile,CL,CHL,761300,aluminium,4.4918,38482.66,2024,2024,False
China,CN,CHN,7606,aluminium,3424839.862,9623620755.01,2024,2024,False
China,CN,CHN,7605,aluminium,42857.9704,146523547.73,2024,2024,False
Chile,CL,CHL,761699,aluminium,222.1172,1757517.54,2024,2024,False
Chile,CL,CHL,761610,aluminium,252.8281,121520.09,2024,2024,False
Chile,CL,CHL,761520,aluminium,7.5943,32966.31,2024,2024,False
Chile,CL,CHL,761510,aluminium,229.3809,1636965.78,2024,2024,False
Chile,CL,CHL,7614,aluminium,184.1188,403515.98,2024,2024,False
Chile,CL,CHL,7612,aluminium,10186.9619,71028039.42,2024,2024,False
China,CN,CHN,7608,aluminium,144830.2148,577729714.44,2024,2024,False
Chile,CL,CHL,761100,aluminium,0.1254,21744.76,2024,2024,False
Chile,CL,CHL,761090,aluminium,561.6383,5971745.12,2024,2024,False
Chile,CL,CHL,761010,aluminium,73.2196,390079.19,2024,2024,False
Chile,CL,CHL,760900,aluminium,9.4489,135520.58,2024,2024,False
Chile,CL,CHL,7608,aluminium,3.8756,77180.88,2024,2024,False
Chile,CL,CHL,7607,aluminium,1346.0453,8143634.97,2024,2024,False
Chile,CL,CHL,7606,aluminium,200.5422,870480.47,2024,2024,False
China,CN,CHN,7607,aluminium,1555758.1035,5267757681.36,2024,2024,False
China,CN,CHN,760900,aluminium,34618.5654,355421336.29,2024,2024,False
Sri Lanka,LK,LKA,761699,aluminium,1476.824,3249571.73,2024,2024,False
China,CN,CHN,761691,aluminium,15990.311,78932845.39,2024,2024,False
Colombia,CO,COL,761010,aluminium,55994.5451,543300937.36,2024,2024,False
Colombia,CO,COL,760900,aluminium,53.5384,696545.45,2024,2024,False
Colombia,CO,COL,7608,aluminium,,933905.97,2024,2024,False
Colombia,CO,COL,7607,aluminium,1429.9656,9690131.54,2024,2024,False
Colombia,CO,COL,7606,aluminium,,638803.74,2024,2024,False
Colombia,CO,COL,7605,aluminium,24.6878,84815.93,2024,2024,False
China,CN,CHN,761699,aluminium,735753.9541,5120954058.77,2024,2024,False
China,CN,CHN,761610,aluminium,15430.268,166030565.57,2024,2024,False
China,CN,CHN,761010,aluminium,392077.219,1813624068.02,2024,2024,False
China,CN,CHN,761520,aluminium,17391.498,100876031.79,2024,2024,False
China,CN,CHN,761510,aluminium,697290.172,3608621675.45,2024,2024,False
China,CN,CHN,7614,aluminium,195275.142,538771313.19,2024,2024,False
China,CN,CHN,761300,aluminium,8967.4775,74983267.72,2024,2024,False
China,CN,CHN,7612,aluminium,65511.0917,386889387.3,2024,2024,False
China,CN,CHN,761100,aluminium,6748.5522,54835220.4,2024,2024,False
China,CN,CHN,761090,aluminium,1093540.589,4209750853.9,2024,2024,False
Chile,CL,CHL,7605,aluminium,120.3718,267545.2,2024,2024,False
Sri Lanka,LK,LKA,761691,aluminium,83.1395,139844.17,2024,2024,False
Cambodia,KH,KHM,761010,aluminium,214.0253,711909.66,2024,2024,False
Canada,CA,CAN,7605,aluminium,193920.68,580856878.13,2024,2024,False
Canada,CA,CAN,761100,aluminium,252.9294,3154103.47,2024,2024,False
Canada,CA,CAN,761090,aluminium,61713.7277,543258505.96,2024,2024,False
Canada,CA,CAN,761010,aluminium,19588.433,170189461.53,2024,2024,False
Canada,CA,CAN,760900,aluminium,954.8302,11743203.38,2024,2024,False
Canada,CA,CAN,7608,aluminium,1923.113,13460606.05,2024,2024,False
Canada,CA,CAN,7607,aluminium,21385.4554,147763356.6,2024,2024,False
Canada,CA,CAN,7606,aluminium,132467.348,480078347.93,2024,2024,False
Cambodia,KH,KHM,761699,aluminium,4454.5177,16921764.52,2024,2024,False
Canada,CA,CAN,761300,aluminium,,14331923.57,2024,2024,False
Cambodia,KH,KHM,761610,aluminium,0.625,1826.08,2024,2024,False
Cambodia,KH,KHM,761520,aluminium,1.9048,13929.48,2024,2024,False
Cambodia,KH,KHM,761510,aluminium,3.7933,47197.26,2024,2024,False
Cambodia,KH,KHM,7614,aluminium,3908.4555,10147581.6,2024,2024,False
Cambodia,KH,KHM,7612,aluminium,443.2006,2331512.34,2024,2024,False
Cambodia,KH,KHM,761100,aluminium,0.0226,249.27,2024,2024,False
Cambodia,KH,KHM,761090,aluminium,412.5027,1324378.62,2024,2024,False
Canada,CA,CAN,7612,aluminium,3979.5396,34812455.69,2024,2024,False
Canada,CA,CAN,7614,aluminium,9004.901,33427120.49,2024,2024,False
Sri Lanka,LK,LKA,761610,aluminium,,4651.25,2024,2024,False
Sri Lanka,LK,LKA,760900,aluminium,44.324,82616.12,2024,2024,False
Sri Lanka,LK,LKA,761520,aluminium,2.914,9961.54,2024,2024,False
Sri Lanka,LK,LKA,761510,aluminium,23.671,104948.15,2024,2024,False
Sri Lanka,LK,LKA,761300,aluminium,14.694,34489.15,2024,2024,False
Sri Lanka,LK,LKA,7612,aluminium,4003.294,27021522.54,2024,2024,False
Sri Lanka,LK,LKA,761100,aluminium,1.1,2939.37,2024,2024,False
Sri Lanka,LK,LKA,761090,aluminium,3874.589,16092680.51,2024,2024,False
Sri Lanka,LK,LKA,761010,aluminium,182.677,1084522.63,2024,2024,False
Sri Lanka,LK,LKA,7608,aluminium,0.2164,1585.13,2024,2024,False
Canada,CA,CAN,761510,aluminium,3474.7818,29088719.44,2024,2024,False
Sri Lanka,LK,LKA,7607,aluminium,21.8671,105341.46,2024,2024,False
Sri Lanka,LK,LKA,7606,aluminium,41.1901,139728.62,2024,2024,False
Sri Lanka,LK,LKA,7605,aluminium,5.644,35472.25,2024,2024,False
Canada,CA,CAN,761699,aluminium,25351.4569,370718934.37,2024,2024,False
Canada,CA,CAN,761691,aluminium,135.0125,993570.89,2024,2024,False
Canada,CA,CAN,761610,aluminium,,9752696.12,2024,2024,False
Canada,CA,CAN,761520,aluminium,147.5751,1719865.35,2024,2024,False
Singapore,SG,SGP,280410,hydrogen,,1432276.4,2024,2024,False
Singapore,SG,SGP,252390,cement,1559.4223,934071.8,2024,2024,False
Israel,IL,ISR,761510,aluminium,115.549,527677.66,2024,2024,False
China,CN,CHN,280410,hydrogen,6.7238,228811.57,2024,2024,False
Ecuador,EC,ECU,280410,hydrogen,0.12,7275.21,2024,2024,False
Ecuador,EC,ECU,252330,cement,0.0186,2.77,2024,2024,False
Ecuador,EC,ECU,252329,cement,7433.325,1087347.78,2024,2024,False
Ecuador,EC,ECU,252310,cement,337638.8,13677117.83,2024,2024,False
Ecuador,EC,ECU,250700,cement,0.1364,106.74,2024,2024,False
Dominican Republic,DO,DOM,310229,fertilizers,0.8,2162.46,2024,2024,False
Dominican Republic,DO,DOM,310210,fertilizers,150.0,80861.29,2024,2024,False
Dominican Republic,DO,DOM,281420,fertilizers,41.3,42001.66,2024,2024,False
Dominican Republic,DO,DOM,281410,fertilizers,32.9307,192042.98,2024,2024,False
Dominican Republic,DO,DOM,280410,hydrogen,0.1861,1384.35,2024,2024,False
Dominican Republic,DO,DOM,252390,cement,64.2573,9386.75,2024,2024,False
Dominican Republic,DO,DOM,252330,cement,2.4035,46852.96,2024,2024,False
Dominican Republic,DO,DOM,252329,cement,,102492335.87,2024,2024,False
Dominican Republic,DO,DOM,252321,cement,1872.1668,391764.92,2024,2024,False
Dominican Republic,DO,DOM,252310,cement,15400.0,1366232.33,2024,2024,False
Dominican Republic,DO,DOM,250700,cement,39.9779,37247.78,2024,2024,False
Benin,BJ,BEN,281410,fertilizers,0.308,1236.71,2024,2024,False
Ecuador,EC,ECU,283421,fertilizers,350.0,339469.55,2024,2024,False
Ecuador,EC,ECU,310221,fertilizers,480.0,133706.53,2024,2024,False
Ecuador,EC,ECU,310250,fertilizers,173.35,184227.43,2024,2024,False
Georgia,GE,GEO,250700,cement,14.1875,26600.59,2024,2024,False
Georgia,GE,GEO,310230,fertilizers,,108284285.65,2024,2024,False
Georgia,GE,GEO,310221,fertilizers,7788.317,1243488.72,2024,2024,False
Georgia,GE,GEO,310210,fertilizers,1012.9849,357194.56,2024,2024,False
Georgia,GE,GEO,281420,fertilizers,42.616,13317.84,2024,2024,False
Georgia,GE,GEO,281410,fertilizers,85.43,69981.15,2024,2024,False
Georgia,GE,GEO,252329,cement,906.5,88702.52,2024,2024,False
Georgia,GE,GEO,252310,cement,6957.0,495509.56,2024,2024,False
El Salvador,SV,SLV,310221,fertilizers,7505.4492,1596925.89,2024,2024,False
El Salvador,SV,SLV,250700,cement,29.004,19133.2,2024,2024,False
El Salvador,SV,SLV,310210,fertilizers,2699.66,1080543.57,2024,2024,False
El Salvador,SV,SLV,281420,fertilizers,7.488,6473.86,2024,2024,False
El Salvador,SV,SLV,281410,fertilizers,59.0,54015.11,2024,2024,False
El Salvador,SV,SLV,252390,cement,0.147,23.57,2024,2024,False
El Salvador,SV,SLV,252329,cement,112140.1842,9990635.18,2024,2024,False
El Salvador,SV,SLV,252321,cement,438.3,92740.23,2024,2024,False
El Salvador,SV,SLV,252310,cement,,4984342.07,2024,2024,False
Benin,BJ,BEN,252329,cement,13280.005,896831.98,2024,2024,False
Benin,BJ,BEN,250700,cement,5.918,780.51,2024,2024,False
Costa Rica,CR,CRI,310260,fertilizers,455.025,279356.78,2024,2024,False
China,CN,CHN,310250,fertilizers,63122.075,32748941.87,2024,2024,False
Colombia,CO,COL,252330,cement,19.2,26643.75,2024,2024,False
Colombia,CO,COL,252329,cement,349.4241,47632.54,2024,2024,False
Colombia,CO,COL,252321,cement,5744.69,1767027.22,2024,2024,False
Colombia,CO,COL,252310,cement,2.9,1111.07,2024,2024,False
Colombia,CO,COL,250700,cement,3162.9436,1146899.69,2024,2024,False
China,CN,CHN,310280,fertilizers,2559.95,767745.13,2024,2024,False
China,CN,CHN,310260,fertilizers,651176.132,122636885.69,2024,2024,False
China,CN,CHN,310240,fertilizers,1078.2,232105.17,2024,2024,False
Colombia,CO,COL,280410,hydrogen,0.1169,8491.87,2024,2024,False
China,CN,CHN,310230,fertilizers,41689.22,15496620.46,2024,2024,False
China,CN,CHN,310229,fertilizers,20139.7,5750685.7,2024,2024,False
China,CN,CHN,310221,fertilizers,17124283.0477,2350659821.64,2024,2024,False
China,CN,CHN,310210,fertilizers,260554.338,87223555.12,2024,2024,False
China,CN,CHN,283421,fertilizers,118085.8851,89794790.68,2024,2024,False
China,CN,CHN,281420,fertilizers,3702.743,1071389.89,2024,2024,False
China,CN,CHN,281410,fertilizers,89667.41,38951726.27,2024,2024,False
Colombia,CO,COL,252390,cement,1315.776,522234.37,2024,2024,False
Colombia,CO,COL,280800,fertilizers,1105.095,685834.18,2024,2024,False
Costa Rica,CR,CRI,310240,fertilizers,309.825,129686.03,2024,2024,False
Costa Rica,CR,CRI,252390,cement,7898.26,809025.78,2024,2024,False
Costa Rica,CR,CRI,310230,fertilizers,709.63,538857.48,2024,2024,False
Costa Rica,CR,CRI,310221,fertilizers,593.4195,168514.92,2024,2024,False
Costa Rica,CR,CRI,310210,fertilizers,2915.914,1398691.48,2024,2024,False
Costa Rica,CR,CRI,281420,fertilizers,0.4,3142.04,2024,2024,False
Costa Rica,CR,CRI,281410,fertilizers,5.372,14911.75,2024,2024,False
Costa Rica,CR,CRI,280800,fertilizers,18.56,14699.12,2024,2024,False
Costa Rica,CR,CRI,280410,hydrogen,2.6652,5683.39,2024,2024,False
Costa Rica,CR,CRI,252330,cement,0.042,18.48,2024,2024,False
Colombia,CO,COL,281410,fertilizers,4476.623,3002956.21,2024,2024,False
Costa Rica,CR,CRI,252329,cement,13.4508,7542.61,2024,2024,False
Costa Rica,CR,CRI,252310,cement,103022.0,4608173.47,2024,2024,False
Costa Rica,CR,CRI,250700,cement,201.0882,175176.74,2024,2024,False
Colombia,CO,COL,310280,fertilizers,3.54,69430.74,2024,2024,False
Colombia,CO,COL,310260,fertilizers,41122.97,12088641.05,2024,2024,False
Colombia,CO,COL,310221,fertilizers,138.98,18370.75,2024,2024,False
Colombia,CO,COL,310210,fertilizers,2149.8264,1036583.65,2024,2024,False
Guatemala,GT,GTM,250700,cement,2472.326,1632470.2,2024,2024,False
Guatemala,GT,GTM,252310,cement,53069.0,4432719.71,2024,2024,False
Guatemala,GT,GTM,252321,cement,38777.81,4648687.74,2024,2024,False
Israel,IL,ISR,252329,cement,86.9533,8317.16,2024,2024,False
Ivory Coast,CI,CIV,252330,cement,0.025,198.18,2024,2024,False
Ivory Coast,CI,CIV,252329,cement,317054.386,29358187.0,2024,2024,False
Ivory Coast,CI,CIV,252321,cement,1520.562,284958.17,2024,2024,False
Ivory Coast,CI,CIV,250700,cement,5571.797,419004.7,2024,2024,False
Israel,IL,ISR,310229,fertilizers,5288.5022,1681914.8,2024,2024,False
Israel,IL,ISR,310210,fertilizers,2739.3943,1098789.39,2024,2024,False
Israel,IL,ISR,280410,hydrogen,3.8391,35116.9,2024,2024,False
Israel,IL,ISR,250700,cement,12.5,16634.32,2024,2024,False
Ivory Coast,CI,CIV,280800,fertilizers,1.5,304.89,2024,2024,False
Indonesia,ID,IDN,310280,fertilizers,0.0148,244.89,2024,2024,False
Indonesia,ID,IDN,310260,fertilizers,484.0005,317056.09,2024,2024,False
Indonesia,ID,IDN,310240,fertilizers,0.0281,2.77,2024,2024,False
Indonesia,ID,IDN,310230,fertilizers,49915.6,27208653.75,2024,2024,False
Indonesia,ID,IDN,310229,fertilizers,,146.24,2024,2024,False
Indonesia,ID,IDN,310221,fertilizers,40699.022,4008521.37,2024,2024,False
Indonesia,ID,IDN,310210,fertilizers,1477713.822,451705111.43,2024,2024,False
Ivory Coast,CI,CIV,252390,cement,459.869,191950.53,2024,2024,False
Ivory Coast,CI,CIV,281420,fertilizers,0.205,625.02,2024,2024,False
Indonesia,ID,IDN,281420,fertilizers,0.3602,265.65,2024,2024,False
Japan,JP,JPN,252310,cement,3893197.0,113500652.09,2024,2024,False
Japan,JP,JPN,281410,fertilizers,100.598,823958.31,2024,2024,False
Japan,JP,JPN,280800,fertilizers,,4990656.47,2024,2024,False
Japan,JP,JPN,280410,hydrogen,0.13,24616.36,2024,2024,False
Japan,JP,JPN,252390,cement,21020.0504,7717688.06,2024,2024,False
Japan,JP,JPN,252330,cement,271.7044,771795.06,2024,2024,False
Japan,JP,JPN,252329,cement,4128374.0,134755905.72,2024,2024,False
Japan,JP,JPN,252321,cement,226.5235,144016.72,2024,2024,False
Japan,JP,JPN,250700,cement,10791.4567,4053946.42,2024,2024,False
Ivory Coast,CI,CIV,310210,fertilizers,69110.995,16977834.79,2024,2024,False
Jamaica,JM,JAM,310240,fertilizers,0.05,104.43,2024,2024,False
Jamaica,JM,JAM,310230,fertilizers,126.5,278711.76,2024,2024,False
Jamaica,JM,JAM,252329,cement,9963.4405,1524545.79,2024,2024,False
Jamaica,JM,JAM,252321,cement,18.144,7179.56,2024,2024,False
Ivory Coast,CI,CIV,310260,fertilizers,1754.4,791775.72,2024,2024,False
Ivory Coast,CI,CIV,310230,fertilizers,1064.3,808112.81,2024,2024,False
Ivory Coast,CI,CIV,310221,fertilizers,2700.1,497260.73,2024,2024,False
Indonesia,ID,IDN,283421,fertilizers,1.2257,2669.95,2024,2024,False
Indonesia,ID,IDN,281410,fertilizers,1709673.6256,561647916.77,2024,2024,False
Guatemala,GT,GTM,252329,cement,139678.435,11475985.58,2024,2024,False
Guatemala,GT,GTM,310229,fertilizers,1.71,3229.83,2024,2024,False
Honduras,HN,HND,310210,fertilizers,23952.91,8048341.59,2024,2024,False
Honduras,HN,HND,252329,cement,151024.88,11630022.01,2024,2024,False
Honduras,HN,HND,252310,cement,101451.5,4385440.12,2024,2024,False
Honduras,HN,HND,250700,cement,92.0961,57051.5,2024,2024,False
Guatemala,GT,GTM,310260,fertilizers,827.289,469702.43,2024,2024,False
Guatemala,GT,GTM,310240,fertilizers,0.25,186.67,2024,2024,False
Guatemala,GT,GTM,310230,fertilizers,1102.728,501120.04,2024,2024,False
Guatemala,GT,GTM,310221,fertilizers,7073.494,1546789.58,2024,2024,False
Honduras,HN,HND,310230,fertilizers,1974.82,543909.02,2024,2024,False
Guatemala,GT,GTM,310210,fertilizers,3840.628,1755417.24,2024,2024,False
Guatemala,GT,GTM,283421,fertilizers,29.37,38914.15,2024,2024,False
Guatemala,GT,GTM,281420,fertilizers,36.809,29226.5,2024,2024,False
Guatemala,GT,GTM,281410,fertilizers,426.5,564664.08,2024,2024,False
Guatemala,GT,GTM,280800,fertilizers,23.297,35651.97,2024,2024,False
Guatemala,GT,GTM,280410,hydrogen,14.868,93518.16,2024,2024,False
Guatemala,GT,GTM,252390,cement,192906.801,19171983.18,2024,2024,False
Honduras,HN,HND,310221,fertilizers,18337.58,3503158.3,2024,2024,False
Honduras,HN,HND,310250,fertilizers,8.75,16900.01,2024,2024,False
Indonesia,ID,IDN,280410,hydrogen,168.48,45710.22,2024,2024,False
Hong Kong,HK,HKG,310210,fertilizers,1321.983,515794.24,2024,2024,False
Indonesia,ID,IDN,252390,cement,165194.7667,8170916.79,2024,2024,False
Indonesia,ID,IDN,252330,cement,148.5877,9953.35,2024,2024,False
Indonesia,ID,IDN,252329,cement,914858.733,40861065.21,2024,2024,False
Indonesia,ID,IDN,252321,cement,22163.5921,2631476.7,2024,2024,False
Indonesia,ID,IDN,252310,cement,10941431.8776,294806391.61,2024,2024,False
Indonesia,ID,IDN,250700,cement,259485.9891,14388036.74,2024,2024,False
Hong Kong,HK,HKG,310221,fertilizers,0.008,11.96,2024,2024,False
Hong Kong,HK,HKG,283421,fertilizers,14.973,123661.38,2024,2024,False
Hong Kong,HK,HKG,250700,cement,,156648.66,2024,2024,False
Hong Kong,HK,HKG,281420,fertilizers,4.614,18623.78,2024,2024,False
Hong Kong,HK,HKG,281410,fertilizers,129.545,495845.11,2024,2024,False
Hong Kong,HK,HKG,280800,fertilizers,,23838.39,2024,2024,False
Hong Kong,HK,HKG,280410,hydrogen,0.6792,5985.41,2024,2024,False
Hong Kong,HK,HKG,252329,cement,180.0,8342.56,2024,2024,False
Hong Kong,HK,HKG,252321,cement,21.0,5566.09,2024,2024,False
Hong Kong,HK,HKG,252310,cement,67803.0,2614543.7,2024,2024,False
China,CN,CHN,280800,fertilizers,44875.2573,12920780.89,2024,2024,False
China,CN,CHN,260112,iron_steel,1632628.222,247098457.63,2024,2024,False
Singapore,SG,SGP,252330,cement,179.65,122665.0,2024,2024,False
China,CN,CHN,252390,cement,128125.635,10543424.82,2024,2024,False
Bahrain,BH,BHR,281420,fertilizers,30693.698,8978842.6,2024,2024,False
Bahrain,BH,BHR,281410,fertilizers,7736.665,7962571.94,2024,2024,False
Bahrain,BH,BHR,260112,iron_steel,10363537.531,1637840632.12,2024,2024,False
Bahrain,BH,BHR,252390,cement,4654.068,277211.0,2024,2024,False
Bahrain,BH,BHR,252330,cement,197.023,20851.08,2024,2024,False
Bahrain,BH,BHR,252329,cement,2.2,5333.11,2024,2024,False
Bahrain,BH,BHR,252321,cement,0.004,13.52,2024,2024,False
Bahrain,BH,BHR,252310,cement,1.25,153.61,2024,2024,False
Australia,AU,AUS,310280,fertilizers,23.22,15671.11,2024,2024,False
Australia,AU,AUS,310260,fertilizers,0.25,789.75,2024,2024,False
Australia,AU,AUS,310250,fertilizers,2.675,10251.44,2024,2024,False
Australia,AU,AUS,310240,fertilizers,0.025,20.73,2024,2024,False
Australia,AU,AUS,310230,fertilizers,,10555840.9,2024,2024,False
Australia,AU,AUS,310229,fertilizers,79.819,182795.27,2024,2024,False
Australia,AU,AUS,310221,fertilizers,,21554.26,2024,2024,False
Australia,AU,AUS,310210,fertilizers,,823269.04,2024,2024,False
Australia,AU,AUS,283421,fertilizers,,85031.49,2024,2024,False
Bahrain,BH,BHR,310210,fertilizers,679107.9577,247868067.49,2024,2024,False
Armenia,AM,ARM,250700,cement,3.255,4424.19,2024,2024,False
Armenia,AM,ARM,252330,cement,0.004,13.09,2024,2024,False
Bosnia and Herzegovina,BA,BIH,252321,cement,0.6531,967.72,2024,2024,False
Bosnia and Herzegovina,BA,BIH,310240,fertilizers,0.9,432.78,2024,2024,False
Bosnia and Herzegovina,BA,BIH,310221,fertilizers,3504.75,540380.36,2024,2024,False
Bosnia and Herzegovina,BA,BIH,310210,fertilizers,1622.2494,511554.44,2024,2024,False
Bosnia and Herzegovina,BA,BIH,281420,fertilizers,2.0,1289.05,2024,2024,False
Bosnia and Herzegovina,BA,BIH,280800,fertilizers,86.4,20506.48,2024,2024,False
Bosnia and Herzegovina,BA,BIH,252390,cement,253328.8374,26549961.29,2024,2024,False
Bosnia and Herzegovina,BA,BIH,252329,cement,116518.2275,12360768.07,2024,2024,False
Bosnia and Herzegovina,BA,BIH,252310,cement,264.02,25139.88,2024,2024,False
Armenia,AM,ARM,310210,fertilizers,65.5413,44289.48,2024,2024,False
Bosnia and Herzegovina,BA,BIH,250700,cement,16481.441,261642.05,2024,2024,False
Bolivia,BO,BOL,310210,fertilizers,505458.05,118098868.63,2024,2024,False
Bolivia,BO,BOL,252390,cement,493.86,93541.82,2024,2024,False
Bolivia,BO,BOL,252329,cement,331.1686,57281.79,2024,2024,False
Bolivia,BO,BOL,252321,cement,0.6278,147.86,2024,2024,False
Armenia,AM,ARM,310260,fertilizers,104.9806,91211.44,2024,2024,False
Armenia,AM,ARM,310230,fertilizers,0.0035,26.46,2024,2024,False
Australia,AU,AUS,281420,fertilizers,434.345,139916.05,2024,2024,False
Australia,AU,AUS,281410,fertilizers,320998.05,101595379.95,2024,2024,False
Australia,AU,AUS,280800,fertilizers,,75281.95,2024,2024,False
Algeria,DZ,DZA,280800,fertilizers,0.031,12.91,2024,2024,False
Angola,AO,AGO,252329,cement,36513.065,4538895.61,2024,2024,False
Angola,AO,AGO,252321,cement,72.864,24580.57,2024,2024,False
Angola,AO,AGO,252310,cement,,5347377.47,2024,2024,False
Angola,AO,AGO,250700,cement,17.23,9.7,2024,2024,False
Algeria,DZ,DZA,310230,fertilizers,0.0225,10.16,2024,2024,False
Algeria,DZ,DZA,310210,fertilizers,2165341.8117,870219594.4,2024,2024,False
Algeria,DZ,DZA,281410,fertilizers,719572.7384,399631155.63,2024,2024,False
Algeria,DZ,DZA,260112,iron_steel,0.898,103.19,2024,2024,False
Angola,AO,AGO,260112,iron_steel,0.835,54.86,2024,2024,False
Algeria,DZ,DZA,252390,cement,2995.4726,545167.57,2024,2024,False
Algeria,DZ,DZA,252330,cement,0.0036,1.85,2024,2024,False
Algeria,DZ,DZA,252329,cement,555079.368,51675121.32,2024,2024,False
Algeria,DZ,DZA,252321,cement,93138.8627,12719767.48,2024,2024,False
Algeria,DZ,DZA,252310,cement,4954795.7083,238001737.16,2024,2024,False
Algeria,DZ,DZA,250700,cement,26.7656,7592.69,2024,2024,False
Albania,AL,ALB,252329,cement,641821.55,61708499.69,2024,2024,False
Angola,AO,AGO,252390,cement,36.8457,19144.64,2024,2024,False
Angola,AO,AGO,280410,hydrogen,0.011,92.41,2024,2024,False
Australia,AU,AUS,280410,hydrogen,,69668.35,2024,2024,False
Argentina,AR,ARG,280800,fertilizers,81.8268,78089.55,2024,2024,False
Australia,AU,AUS,260112,iron_steel,2831512.8,318786763.05,2024,2024,False
Australia,AU,AUS,252390,cement,5797.7444,935747.08,2024,2024,False
Australia,AU,AUS,252330,cement,122.3355,181141.38,2024,2024,False
Australia,AU,AUS,252329,cement,,1075480.19,2024,2024,False
Australia,AU,AUS,252321,cement,166.7536,89848.03,2024,2024,False
Australia,AU,AUS,252310,cement,676.467,241012.62,2024,2024,False
Australia,AU,AUS,250700,cement,,4678218.89,2024,2024,False
Azerbaijan,AZ,AZE,310230,fertilizers,22.8,8006.65,2024,2024,False
Angola,AO,AGO,281410,fertilizers,0.594,3227.99,2024,2024,False
Azerbaijan,AZ,AZE,310210,fertilizers,564922.39,116647855.84,2024,2024,False
Azerbaijan,AZ,AZE,260112,iron_steel,0.0074,9.24,2024,2024,False
Azerbaijan,AZ,AZE,252329,cement,45581.0,3135252.9,2024,2024,False
Azerbaijan,AZ,AZE,252321,cement,192.0,14549.49,2024,2024,False
Azerbaijan,AZ,AZE,252310,cement,804940.0,45893381.91,2024,2024,False
Angola,AO,AGO,310230,fertilizers,28.0,29664.54,2024,2024,False
Angola,AO,AGO,310229,fertilizers,,52.6,2024,2024,False
Bosnia and Herzegovina,BA,BIH,310260,fertilizers,13.8,9754.74,2024,2024,False
Brazil,BR,BRA,250700,cement,898068.485,109702066.35,2024,2024,False
Brazil,BR,BRA,252310,cement,3.355,987.89,2024,2024,False
Sri Lanka,LK,LKA,252329,cement,20.3,6867.96,2024,2024,False
Chile,CL,CHL,250700,cement,31.4891,42215.18,2024,2024,False
Sri Lanka,LK,LKA,310240,fertilizers,7.8,12130.36,2024,2024,False
Sri Lanka,LK,LKA,310230,fertilizers,0.025,342.57,2024,2024,False
Sri Lanka,LK,LKA,310210,fertilizers,0.4,191.75,2024,2024,False
Sri Lanka,LK,LKA,281410,fertilizers,92.605,205076.81,2024,2024,False
Sri Lanka,LK,LKA,280800,fertilizers,0.77,1661.48,2024,2024,False
Sri Lanka,LK,LKA,252390,cement,,11146.13,2024,2024,False
Sri Lanka,LK,LKA,252321,cement,0.177,964.37,2024,2024,False
Chile,CL,CHL,252329,cement,40217.6,4217401.39,2024,2024,False
Sri Lanka,LK,LKA,250700,cement,30.747,28915.84,2024,2024,False
Canada,CA,CAN,310280,fertilizers,473776.0,132879410.03,2024,2024,False
Canada,CA,CAN,310260,fertilizers,1424.658,734210.5,2024,2024,False
Canada,CA,CAN,310250,fertilizers,150.398,69456.32,2024,2024,False
Canada,CA,CAN,310240,fertilizers,23003.0,8576756.53,2024,2024,False
Canada,CA,CAN,310230,fertilizers,230445.086,66243367.86,2024,2024,False
Canada,CA,CAN,310229,fertilizers,7701.41,3795732.05,2024,2024,False
Chile,CL,CHL,252310,cement,50.4,3287.57,2024,2024,False
Chile,CL,CHL,252330,cement,6.4068,5349.79,2024,2024,False
Canada,CA,CAN,310210,fertilizers,608058.924,245236349.36,2024,2024,False
Chile,CL,CHL,310230,fertilizers,125804.25,59356103.25,2024,2024,False
China,CN,CHN,252330,cement,54166.702,24584291.66,2024,2024,False
China,CN,CHN,252329,cement,4570655.8884,221168621.2,2024,2024,False
China,CN,CHN,252321,cement,269607.368,14290157.1,2024,2024,False
China,CN,CHN,252310,cement,344911.7134,16445685.24,2024,2024,False
China,CN,CHN,250700,cement,1222967.1149,147906459.66,2024,2024,False
Chile,CL,CHL,310260,fertilizers,200.0,72082.06,2024,2024,False
Chile,CL,CHL,310250,fertilizers,41657.025,47028139.08,2024,2024,False
Chile,CL,CHL,310229,fertilizers,10.0,27330.95,2024,2024,False
Chile,CL,CHL,252390,cement,0.1801,4709.61,2024,2024,False
Chile,CL,CHL,310221,fertilizers,20.113,82111.51,2024,2024,False
Chile,CL,CHL,310210,fertilizers,120.9725,59306.94,2024,2024,False
Chile,CL,CHL,283421,fertilizers,418976.9105,308902407.34,2024,2024,False
Chile,CL,CHL,281410,fertilizers,515.731,631380.32,2024,2024,False
Chile,CL,CHL,280800,fertilizers,7903.422,3012103.11,2024,2024,False
Chile,CL,CHL,280410,hydrogen,1.7917,16130.53,2024,2024,False
Chile,CL,CHL,260112,iron_steel,1056204.838,137340842.47,2024,2024,False
Canada,CA,CAN,310221,fertilizers,409121.469,135185599.26,2024,2024,False
Canada,CA,CAN,283421,fertilizers,3069.209,1098580.27,2024,2024,False
Brazil,BR,BRA,252321,cement,0.019,49.9,2024,2024,False
Brazil,BR,BRA,310210,fertilizers,16884.049,9706245.26,2024,2024,False
Brazil,BR,BRA,310280,fertilizers,754.397,2904532.85,2024,2024,False
Brazil,BR,BRA,310260,fertilizers,551.412,277537.2,2024,2024,False
Brazil,BR,BRA,310250,fertilizers,1019.978,750126.61,2024,2024,False
Brazil,BR,BRA,310240,fertilizers,342.0,137990.94,2024,2024,False
Brazil,BR,BRA,310230,fertilizers,12085.025,5411873.21,2024,2024,False
Brazil,BR,BRA,310229,fertilizers,242.9,1174457.07,2024,2024,False
Brazil,BR,BRA,310221,fertilizers,19038.198,4653218.74,2024,2024,False
Brazil,BR,BRA,281420,fertilizers,285.642,213244.62,2024,2024,False
Brunei Darussalam,BN,BRN,252329,cement,104.0,18380.29,2024,2024,False
Brazil,BR,BRA,281410,fertilizers,240.0,375011.55,2024,2024,False
Brazil,BR,BRA,280800,fertilizers,1032.541,657259.96,2024,2024,False
Brazil,BR,BRA,280410,hydrogen,0.345,15357.18,2024,2024,False
Brazil,BR,BRA,260112,iron_steel,26269920.479,3045365443.12,2024,2024,False
Brazil,BR,BRA,252390,cement,2.751,1454.58,2024,2024,False
Brazil,BR,BRA,252330,cement,463.531,342239.16,2024,2024,False
Brazil,BR,BRA,252329,cement,69410.0005,5217128.73,2024,2024,False
Brunei Darussalam,BN,BRN,252321,cement,0.103,5031.52,2024,2024,False
Brunei Darussalam,BN,BRN,310210,fertilizers,1080752.69,340359205.87,2024,2024,False
Canada,CA,CAN,281420,fertilizers,27705.729,8887638.94,2024,2024,False
Canada,CA,CAN,252321,cement,328644.0,52198249.42,2024,2024,False
Canada,CA,CAN,281410,fertilizers,1080913.0,657317891.97,2024,2024,False
Canada,CA,CAN,280800,fertilizers,1155.137,5887672.67,2024,2024,False
Canada,CA,CAN,280410,hydrogen,33519.3,59758336.84,2024,2024,False
Canada,CA,CAN,260112,iron_steel,13856209.0,1614913516.41,2024,2024,False
Canada,CA,CAN,252390,cement,453499.4509,39334076.76,2024,2024,False
Canada,CA,CAN,252330,cement,10092.0,5934000.13,2024,2024,False
Canada,CA,CAN,252329,cement,3592663.0,382276279.69,2024,2024,False
Canada,CA,CAN,252310,cement,470303.0,32974424.06,2024,2024,False
Myanmar,MM,MMR,260112,iron_steel,272.0,65058.68,2024,2024,False
Canada,CA,CAN,250700,cement,4190.0,1095503.55,2024,2024,False
Cambodia,KH,KHM,310229,fertilizers,0.002,2.7,2024,2024,False
Cambodia,KH,KHM,281420,fertilizers,5.28,26836.71,2024,2024,False
Cambodia,KH,KHM,281410,fertilizers,2.13,3872.11,2024,2024,False
Cambodia,KH,KHM,260112,iron_steel,795060.5,22042154.05,2024,2024,False
Cambodia,KH,KHM,252329,cement,31785.72,1185009.24,2024,2024,False
Cambodia,KH,KHM,252310,cement,0.003,5.54,2024,2024,False
Japan,JP,JPN,281420,fertilizers,2331.926,2781911.68,2024,2024,False
Japan,JP,JPN,283421,fertilizers,,673787.5,2024,2024,False
Japan,JP,JPN,310210,fertilizers,57304.3631,27372023.29,2024,2024,False
Japan,JP,JPN,310221,fertilizers,270078.6642,29905964.17,2024,2024,False
Pakistan,PK,PAK,252321,cement,17080.0,1277581.71,2024,2024,False
Pakistan,PK,PAK,252310,cement,4843745.0,137389037.2,2024,2024,False
Pakistan,PK,PAK,250700,cement,314.0,36663.29,2024,2024,False
Nigeria,NG,NGA,310210,fertilizers,3076845.808,785812980.56,2024,2024,False
Nigeria,NG,NGA,281420,fertilizers,30.0,25716.81,2024,2024,False
Nigeria,NG,NGA,281410,fertilizers,32.768,98648.06,2024,2024,False
Nigeria,NG,NGA,260112,iron_steel,35086.55,3025680.81,2024,2024,False
Nigeria,NG,NGA,252390,cement,53.167,13672.02,2024,2024,False
Nigeria,NG,NGA,252329,cement,315431.708,16724052.2,2024,2024,False
Nigeria,NG,NGA,252321,cement,153.0,22551.78,2024,2024,False
Nigeria,NG,NGA,252310,cement,853329.18,35953774.5,2024,2024,False
Nigeria,NG,NGA,250700,cement,144.0,18235.64,2024,2024,False
Niger,NE,NER,280800,fertilizers,2.638,2897.78,2024,2024,False
Niger,NE,NER,252390,cement,36585.0,1870529.66,2024,2024,False
Niger,NE,NER,252329,cement,84615.0,4206300.0,2024,2024,False
Niger,NE,NER,252310,cement,49741.5,2231778.33,2024,2024,False
Nicaragua,NI,NIC,310240,fertilizers,0.0004,5.08,2024,2024,False
Pakistan,PK,PAK,252329,cement,3413939.0,136525134.99,2024,2024,False
Pakistan,PK,PAK,260112,iron_steel,146052.0,9614265.7,2024,2024,False
Pakistan,PK,PAK,280800,fertilizers,53.288,8605.76,2024,2024,False
Panama,PA,PAN,310230,fertilizers,11582.634,5942463.73,2024,2024,False
Peru,PE,PER,250700,cement,1824.0112,429898.57,2024,2024,False
Paraguay,PY,PRY,310280,fertilizers,361.758,348520.05,2024,2024,False
Paraguay,PY,PRY,310221,fertilizers,26.0,7328.34,2024,2024,False
Paraguay,PY,PRY,252329,cement,1597.1722,198796.48,2024,2024,False
Paraguay,PY,PRY,252321,cement,0.152,62.8,2024,2024,False
Panama,PA,PAN,310260,fertilizers,60.0,41290.08,2024,2024,False
Panama,PA,PAN,310250,fertilizers,46.25,41458.28,2024,2024,False
Panama,PA,PAN,310210,fertilizers,103.439,59145.18,2024,2024,False
Pakistan,PK,PAK,281410,fertilizers,733.135,437116.48,2024,2024,False
Panama,PA,PAN,281410,fertilizers,0.885,6847.8,2024,2024,False
Panama,PA,PAN,280800,fertilizers,19.652,31964.7,2024,2024,False
Panama,PA,PAN,252390,cement,74.97,20860.36,2024,2024,False
Panama,PA,PAN,252329,cement,79522.395,7355317.44,2024,2024,False
Panama,PA,PAN,252321,cement,3.297,5444.97,2024,2024,False
Panama,PA,PAN,250700,cement,4.476,2595.88,2024,2024,False
Pakistan,PK,PAK,281420,fertilizers,2852.145,823806.99,2024,2024,False
Nicaragua,NI,NIC,310210,fertilizers,1484.0,931416.69,2024,2024,False
Nicaragua,NI,NIC,280800,fertilizers,25.025,17401.16,2024,2024,False
Nicaragua,NI,NIC,252329,cement,255.0,35819.52,2024,2024,False
Namibia,,NAM,252329,cement,13676.8603,14514294.07,2024,2024,False
Namibia,,NAM,310221,fertilizers,13481.0,9835536.53,2024,2024,False
Namibia,,NAM,310210,fertilizers,2333.488,17220798.04,2024,2024,False
Namibia,,NAM,281420,fertilizers,0.001,0.51,2024,2024,False
Namibia,,NAM,280800,fertilizers,0.416,1795.17,2024,2024,False
Namibia,,NAM,260112,iron_steel,602.2905,29002.92,2024,2024,False
Namibia,,NAM,252390,cement,1925.28,585826.58,2024,2024,False
Namibia,,NAM,252330,cement,0.011,14.03,2024,2024,False
Namibia,,NAM,252321,cement,22.0,1882.39,2024,2024,False
Namibia,,NAM,310240,fertilizers,245.21,754096.03,2024,2024,False
Namibia,,NAM,252310,cement,8373.6675,469842.5,2024,2024,False
Oman,OM,OMN,310280,fertilizers,0.6,1081.56,2024,2024,False
Oman,OM,OMN,310260,fertilizers,513.044,231169.25,2024,2024,False
Oman,OM,OMN,310230,fertilizers,113094.254,36047792.19,2024,2024,False
Oman,OM,OMN,310229,fertilizers,3984.54,716508.82,2024,2024,False
Oman,OM,OMN,310221,fertilizers,1007.995,458879.92,2024,2024,False
Oman,OM,OMN,310210,fertilizers,3486690.412,1012093215.51,2024,2024,False
Namibia,,NAM,310230,fertilizers,956.75,9187717.12,2024,2024,False
Namibia,,NAM,310250,fertilizers,0.002,148.14,2024,2024,False
Nicaragua,NI,NIC,250700,cement,0.0025,1.85,2024,2024,False
New Zealand,NZ,NZL,281410,fertilizers,26.0,31007.36,2024,2024,False
New Zealand,NZ,NZL,310260,fertilizers,61.6,36068.98,2024,2024,False
New Zealand,NZ,NZL,310250,fertilizers,0.65,1593.99,2024,2024,False
New Zealand,NZ,NZL,310230,fertilizers,141.23,194702.59,2024,2024,False
New Zealand,NZ,NZL,310221,fertilizers,,2492.22,2024,2024,False
New Zealand,NZ,NZL,310210,fertilizers,415.542,291044.08,2024,2024,False
New Zealand,NZ,NZL,283421,fertilizers,8.653,12383.93,2024,2024,False
New Zealand,NZ,NZL,281420,fertilizers,3.876,4396.62,2024,2024,False
New Zealand,NZ,NZL,280800,fertilizers,162.251,131621.86,2024,2024,False
Namibia,,NAM,310260,fertilizers,125.0,158681.19,2024,2024,False
New Zealand,NZ,NZL,280410,hydrogen,26.118,113404.48,2024,2024,False
New Zealand,NZ,NZL,252390,cement,6810.5075,1125921.03,2024,2024,False
New Zealand,NZ,NZL,252330,cement,2.4379,1258.42,2024,2024,False
New Zealand,NZ,NZL,252329,cement,19045.8835,3269909.62,2024,2024,False
New Zealand,NZ,NZL,252321,cement,3012.7729,568993.36,2024,2024,False
New Zealand,NZ,NZL,252310,cement,55.0,19130.15,2024,2024,False
New Zealand,NZ,NZL,250700,cement,5897.237,3998839.19,2024,2024,False
Peru,PE,PER,252310,cement,503382.8313,19919670.95,2024,2024,False
Peru,PE,PER,252321,cement,2160.95,573132.3,2024,2024,False
Peru,PE,PER,252329,cement,,9388939.09,2024,2024,False
Serbia,RS,SRB,310229,fertilizers,87.44,37071.44,2024,2024,False
India,IN,IND,252321,cement,12113.281,1546809.29,2024,2024,False
India,IN,IND,252310,cement,22266.195,1353232.35,2024,2024,False
India,IN,IND,250700,cement,694078.3494,51608591.64,2024,2024,False
Serbia,RS,SRB,310260,fertilizers,47.368,30404.77,2024,2024,False
Serbia,RS,SRB,310250,fertilizers,134.0,129418.72,2024,2024,False
Serbia,RS,SRB,310240,fertilizers,14242.2,4152187.41,2024,2024,False
Serbia,RS,SRB,310230,fertilizers,6613.1883,2672143.06,2024,2024,False
Serbia,RS,SRB,310221,fertilizers,56232.02,12940220.87,2024,2024,False
India,IN,IND,252330,cement,6021.001,2900569.88,2024,2024,False
Serbia,RS,SRB,310210,fertilizers,28762.571,11552251.18,2024,2024,False
Serbia,RS,SRB,283421,fertilizers,39.4148,40699.57,2024,2024,False
Serbia,RS,SRB,281420,fertilizers,3.2933,9103.59,2024,2024,False
Serbia,RS,SRB,281410,fertilizers,3.4,15360.87,2024,2024,False
Serbia,RS,SRB,280800,fertilizers,146.6019,62143.06,2024,2024,False
Serbia,RS,SRB,280410,hydrogen,22.726,374845.21,2024,2024,False
Serbia,RS,SRB,252390,cement,34.438,67258.11,2024,2024,False
India,IN,IND,252329,cement,504750.4106,24351332.33,2024,2024,False
India,IN,IND,252390,cement,454282.5021,18494739.24,2024,2024,False
Serbia,RS,SRB,252321,cement,92.073,23849.92,2024,2024,False
India,IN,IND,310230,fertilizers,14635.0,7790716.53,2024,2024,False
Singapore,SG,SGP,252329,cement,,497241.21,2024,2024,False
Singapore,SG,SGP,252321,cement,922.74,123802.67,2024,2024,False
Singapore,SG,SGP,252310,cement,948.05,355179.11,2024,2024,False
Singapore,SG,SGP,250700,cement,2184.2279,844836.31,2024,2024,False
India,IN,IND,310280,fertilizers,211.3041,86860.68,2024,2024,False
India,IN,IND,310260,fertilizers,44.872,42824.56,2024,2024,False
India,IN,IND,310250,fertilizers,141.4277,119207.62,2024,2024,False
India,IN,IND,310229,fertilizers,163.677,63178.67,2024,2024,False
India,IN,IND,260112,iron_steel,8167092.8407,851784625.28,2024,2024,False
India,IN,IND,310221,fertilizers,6995.5839,1391412.01,2024,2024,False
India,IN,IND,310210,fertilizers,52294.3221,19325417.37,2024,2024,False
India,IN,IND,283421,fertilizers,1849.189,3754910.9,2024,2024,False
India,IN,IND,281420,fertilizers,17144.1645,4110204.18,2024,2024,False
India,IN,IND,281410,fertilizers,2230.487,1677937.07,2024,2024,False
India,IN,IND,280800,fertilizers,11786.2272,4785467.4,2024,2024,False
India,IN,IND,280410,hydrogen,6.1498,16042.31,2024,2024,False
Serbia,RS,SRB,252329,cement,132811.045,15291552.54,2024,2024,False
Serbia,RS,SRB,252310,cement,3.132,2215.14,2024,2024,False
Peru,PE,PER,252390,cement,0.1786,141.28,2024,2024,False
Philippines,PH,PHL,250700,cement,32.49,24226.97,2024,2024,False
Saudi Arabia,SA,SAU,252321,cement,112961.311,9949570.4,2024,2024,False
Saudi Arabia,SA,SAU,252310,cement,4644589.12,165152213.72,2024,2024,False
Philippines,PH,PHL,310210,fertilizers,43.5867,31927.73,2024,2024,False
Philippines,PH,PHL,260112,iron_steel,4179166.0,141999825.34,2024,2024,False
Philippines,PH,PHL,252390,cement,13.4519,39836.43,2024,2024,False
Philippines,PH,PHL,252329,cement,9962.51,1931775.25,2024,2024,False
Philippines,PH,PHL,252310,cement,3111.263,634859.07,2024,2024,False
Peru,PE,PER,310280,fertilizers,4.358,5986.05,2024,2024,False
Saudi Arabia,SA,SAU,260112,iron_steel,4.0,3942.95,2024,2024,False
Peru,PE,PER,310260,fertilizers,55.0,25955.84,2024,2024,False
Peru,PE,PER,310230,fertilizers,1853.829,818527.86,2024,2024,False
Peru,PE,PER,310221,fertilizers,737.0,207524.47,2024,2024,False
Peru,PE,PER,310210,fertilizers,1253.8419,489671.33,2024,2024,False
Peru,PE,PER,283421,fertilizers,150.0,137094.54,2024,2024,False
Peru,PE,PER,280410,hydrogen,13.8559,18411.09,2024,2024,False
Peru,PE,PER,260112,iron_steel,,1704.1,2024,2024,False
Saudi Arabia,SA,SAU,252329,cement,1827966.39,75525641.95,2024,2024,False
Saudi Arabia,SA,SAU,280410,hydrogen,19.585,31946.03,2024,2024,False
Serbia,RS,SRB,250700,cement,73400.162,2007029.85,2024,2024,False
Senegal,SN,SEN,252329,cement,2108751.13,155667921.93,2024,2024,False
Senegal,SN,SEN,310260,fertilizers,4.775,4716.63,2024,2024,False
Senegal,SN,SEN,310229,fertilizers,120.0,54707.51,2024,2024,False
Senegal,SN,SEN,310210,fertilizers,7618.2,2061682.91,2024,2024,False
Senegal,SN,SEN,281420,fertilizers,0.48,9612.76,2024,2024,False
Senegal,SN,SEN,281410,fertilizers,2.64,41134.64,2024,2024,False
Senegal,SN,SEN,280410,hydrogen,1.319,20540.4,2024,2024,False
Senegal,SN,SEN,252390,cement,3530.118,430744.16,2024,2024,False
Senegal,SN,SEN,252310,cement,170000.0,9293394.12,2024,2024,False
Saudi Arabia,SA,SAU,280800,fertilizers,296.3,390433.41,2024,2024,False
Senegal,SN,SEN,250700,cement,55251.86,4365749.17,2024,2024,False
Saudi Arabia,SA,SAU,310250,fertilizers,1.575,2223.82,2024,2024,False
Saudi Arabia,SA,SAU,310230,fertilizers,74.6,22082.25,2024,2024,False
Saudi Arabia,SA,SAU,310229,fertilizers,50.0,42141.76,2024,2024,False
Saudi Arabia,SA,SAU,310210,fertilizers,4439929.952,1498272633.34,2024,2024,False
Saudi Arabia,SA,SAU,281420,fertilizers,291.0,104884.94,2024,2024,False
Saudi Arabia,SA,SAU,281410,fertilizers,2192751.0,765965747.66,2024,2024,False
Oman,OM,OMN,281420,fertilizers,3.225,1780.96,2024,2024,False
Oman,OM,OMN,281410,fertilizers,346997.195,101578760.69,2024,2024,False
Oman,OM,OMN,260112,iron_steel,10268695.833,1623007709.31,2024,2024,False
South Korea,KR,KOR,252329,cement,606343.563,29691926.81,2024,2024,False
South Korea,KR,KOR,281420,fertilizers,1851.0356,2326928.2,2024,2024,False
South Korea,KR,KOR,281410,fertilizers,,23116808.06,2024,2024,False
South Korea,KR,KOR,280800,fertilizers,747960.6576,110310299.42,2024,2024,False
South Korea,KR,KOR,280410,hydrogen,13.8441,72237.32,2024,2024,False
South Korea,KR,KOR,260112,iron_steel,0.1461,1866.74,2024,2024,False
South Korea,KR,KOR,252390,cement,722.2877,741886.15,2024,2024,False
South Korea,KR,KOR,252330,cement,8351.977,7310135.85,2024,2024,False
South Korea,KR,KOR,252321,cement,3812.29,600626.56,2024,2024,False
South Korea,KR,KOR,310210,fertilizers,,11283478.42,2024,2024,False
South Korea,KR,KOR,252310,cement,2363312.0,58252754.83,2024,2024,False
South Korea,KR,KOR,250700,cement,11462.683,1624255.61,2024,2024,False
Kenya,KE,KEN,310280,fertilizers,10306.113,4331127.77,2024,2024,False
Kenya,KE,KEN,310260,fertilizers,3688.53,1353370.49,2024,2024,False
Kenya,KE,KEN,310240,fertilizers,0.4,2290.02,2024,2024,False
Kenya,KE,KEN,310230,fertilizers,261.701,371911.95,2024,2024,False
Kenya,KE,KEN,310229,fertilizers,500.0,124595.14,2024,2024,False
South Korea,KR,KOR,283421,fertilizers,759.6813,1726467.05,2024,2024,False
South Korea,KR,KOR,310221,fertilizers,107218.7401,17028709.92,2024,2024,False
Kenya,KE,KEN,310210,fertilizers,8938.2058,2690679.56,2024,2024,False
Kuwait,KW,KWT,281410,fertilizers,5.1184,2842.62,2024,2024,False
Lebanon,LB,LBN,281420,fertilizers,,30329.91,2024,2024,False
Lebanon,LB,LBN,252390,cement,0.9039,166.34,2024,2024,False
Lebanon,LB,LBN,252321,cement,157.222,22179.1,2024,2024,False
Lebanon,LB,LBN,250700,cement,101.4571,28978.84,2024,2024,False
Kyrgyzstan,KG,KGZ,310230,fertilizers,504.0,89426.12,2024,2024,False
Kyrgyzstan,KG,KGZ,252329,cement,278776.811,6935233.34,2024,2024,False
Kyrgyzstan,KG,KGZ,252321,cement,0.05,4.62,2024,2024,False
Kuwait,KW,KWT,280410,hydrogen,15.301,137754.37,2024,2024,False
South Korea,KR,KOR,310230,fertilizers,169200.7163,80425045.74,2024,2024,False
Kuwait,KW,KWT,252390,cement,3925.0651,714350.8,2024,2024,False
Kuwait,KW,KWT,252329,cement,251.0569,23372.15,2024,2024,False
Kuwait,KW,KWT,250700,cement,16.0866,4563.35,2024,2024,False
South Korea,KR,KOR,310280,fertilizers,6.0,80898.25,2024,2024,False
South Korea,KR,KOR,310260,fertilizers,11.275,9098.97,2024,2024,False
South Korea,KR,KOR,310250,fertilizers,,3483829.59,2024,2024,False
South Korea,KR,KOR,310240,fertilizers,1036.8,1036053.05,2024,2024,False
Kenya,KE,KEN,310221,fertilizers,560.316,137489.48,2024,2024,False
Kenya,KE,KEN,283421,fertilizers,558.291,637879.65,2024,2024,False
Lebanon,LB,LBN,310229,fertilizers,1.1623,369.65,2024,2024,False
Kazakhstan,KZ,KAZ,252390,cement,1374.7,205767.78,2024,2024,False
Kazakhstan,KZ,KAZ,310210,fertilizers,5928.2879,1404931.35,2024,2024,False
Kazakhstan,KZ,KAZ,283421,fertilizers,380.345,314838.68,2024,2024,False
Kazakhstan,KZ,KAZ,281420,fertilizers,0.5149,809.93,2024,2024,False
Kazakhstan,KZ,KAZ,281410,fertilizers,34.92,20003.7,2024,2024,False
Kazakhstan,KZ,KAZ,280800,fertilizers,138.5088,58578.04,2024,2024,False
Kazakhstan,KZ,KAZ,280410,hydrogen,0.615,2727.1,2024,2024,False
Kazakhstan,KZ,KAZ,260112,iron_steel,4831940.0,398353833.83,2024,2024,False
Kazakhstan,KZ,KAZ,252330,cement,228.55,8644.29,2024,2024,False
Kazakhstan,KZ,KAZ,310230,fertilizers,207789.53,46165182.51,2024,2024,False
Kazakhstan,KZ,KAZ,252329,cement,873217.7,43332523.03,2024,2024,False
Kazakhstan,KZ,KAZ,252321,cement,2327.0,328821.15,2024,2024,False
Kazakhstan,KZ,KAZ,252310,cement,305.017,17936.37,2024,2024,False
Kazakhstan,KZ,KAZ,250700,cement,48846.09,1304169.33,2024,2024,False
Japan,JP,JPN,310260,fertilizers,7.0,14970.07,2024,2024,False
Japan,JP,JPN,310250,fertilizers,91.6356,197205.65,2024,2024,False
Japan,JP,JPN,310230,fertilizers,43.5312,21930.05,2024,2024,False
Kazakhstan,KZ,KAZ,310221,fertilizers,90.76,12517.34,2024,2024,False
Kazakhstan,KZ,KAZ,310250,fertilizers,0.5505,318.79,2024,2024,False
Kenya,KE,KEN,281420,fertilizers,65.2094,67392.14,2024,2024,False
Kenya,KE,KEN,250700,cement,517.698,189292.97,2024,2024,False
Kenya,KE,KEN,281410,fertilizers,70.988,231613.07,2024,2024,False
Kenya,KE,KEN,280800,fertilizers,325.209,285161.73,2024,2024,False
Kenya,KE,KEN,280410,hydrogen,0.097,3130.38,2024,2024,False
Kenya,KE,KEN,252390,cement,364.35,41755.41,2024,2024,False
Kenya,KE,KEN,252329,cement,349216.2253,30555655.5,2024,2024,False
Kenya,KE,KEN,252321,cement,155.52,37075.55,2024,2024,False
Kenya,KE,KEN,252310,cement,1812630.295,105867369.38,2024,2024,False
Jordan,JO,JOR,310210,fertilizers,1793.632,1209266.65,2024,2024,False
Kazakhstan,KZ,KAZ,310260,fertilizers,545.0,314524.95,2024,2024,False
Jordan,JO,JOR,283421,fertilizers,134991.05,103642143.99,2024,2024,False
Jordan,JO,JOR,281410,fertilizers,15.81,15295.87,2024,2024,False
Jordan,JO,JOR,260112,iron_steel,2627.93,284738.13,2024,2024,False
Jordan,JO,JOR,252390,cement,1859.0,125525.11,2024,2024,False
Jordan,JO,JOR,252329,cement,12285.19,969148.82,2024,2024,False
Jordan,JO,JOR,252321,cement,31236.0,3235403.18,2024,2024,False
Jordan,JO,JOR,250700,cement,274.375,116903.86,2024,2024,False
Lebanon,LB,LBN,310210,fertilizers,2.5228,1011.92,2024,2024,False
Madagascar,MG,MDG,250700,cement,0.0002,1.45,2024,2024,False
Oman,OM,OMN,252390,cement,23898.18,1796658.21,2024,2024,False
Morocco,MA,MAR,252329,cement,66000.975,2467285.16,2024,2024,False
Morocco,MA,MAR,310210,fertilizers,243.098,112591.87,2024,2024,False
Morocco,MA,MAR,283421,fertilizers,199.65,204107.3,2024,2024,False
Morocco,MA,MAR,281420,fertilizers,9.797,5560.75,2024,2024,False
Morocco,MA,MAR,281410,fertilizers,0.928,3399.41,2024,2024,False
Morocco,MA,MAR,280800,fertilizers,131.926,89480.73,2024,2024,False
Morocco,MA,MAR,252390,cement,9.905,5273.66,2024,2024,False
Morocco,MA,MAR,252330,cement,1.575,3242.7,2024,2024,False
Morocco,MA,MAR,252321,cement,15.8505,4651.24,2024,2024,False
Morocco,MA,MAR,310229,fertilizers,126.699,73958.78,2024,2024,False
Morocco,MA,MAR,252310,cement,1123701.781,40660839.54,2024,2024,False
Morocco,MA,MAR,250700,cement,88154.0685,2756381.45,2024,2024,False
Montenegro,ME,MNE,252329,cement,0.3,29.99,2024,2024,False
Montenegro,ME,MNE,252321,cement,0.0215,1.5,2024,2024,False
Montenegro,ME,MNE,250700,cement,0.0056,24.54,2024,2024,False
Moldova,MD,MDA,310229,fertilizers,0.015,10.17,2024,2024,False
Moldova,MD,MDA,310221,fertilizers,176.0,27963.22,2024,2024,False
Morocco,MA,MAR,310221,fertilizers,31.5672,19746.2,2024,2024,False
Morocco,MA,MAR,310230,fertilizers,2946.645,2489134.96,2024,2024,False
Moldova,MD,MDA,281410,fertilizers,19.28,11047.04,2024,2024,False
Mozambique,MZ,MOZ,310210,fertilizers,37494.1212,15039143.15,2024,2024,False
Oman,OM,OMN,252329,cement,,63514487.76,2024,2024,False
Oman,OM,OMN,252321,cement,556.954,50215.42,2024,2024,False
Oman,OM,OMN,252310,cement,84.027,8510.64,2024,2024,False
Oman,OM,OMN,250700,cement,9.363,7270.46,2024,2024,False
Mozambique,MZ,MOZ,310230,fertilizers,1793.9029,798486.0,2024,2024,False
Mozambique,MZ,MOZ,310229,fertilizers,8456.1363,2689324.92,2024,2024,False
Mozambique,MZ,MOZ,310221,fertilizers,20828.0873,3852965.53,2024,2024,False
Mozambique,MZ,MOZ,280800,fertilizers,0.1,282.51,2024,2024,False
Morocco,MA,MAR,310240,fertilizers,16.4,7971.56,2024,2024,False
Mozambique,MZ,MOZ,252390,cement,9077.35,1770627.21,2024,2024,False
Mozambique,MZ,MOZ,252329,cement,138810.824,10016550.23,2024,2024,False
Mozambique,MZ,MOZ,252321,cement,515.55,215424.36,2024,2024,False
Mozambique,MZ,MOZ,252310,cement,5150.074,355803.53,2024,2024,False
Morocco,MA,MAR,310280,fertilizers,130.05,42198.69,2024,2024,False
Morocco,MA,MAR,310260,fertilizers,68.1,18997.03,2024,2024,False
Morocco,MA,MAR,310250,fertilizers,33.0,54441.61,2024,2024,False
Moldova,MD,MDA,310210,fertilizers,424.045,177844.93,2024,2024,False
Moldova,MD,MDA,252390,cement,9.0,1804.82,2024,2024,False
Madagascar,MG,MDG,252329,cement,1.275,420.44,2024,2024,False
Malaysia,MY,MYS,280800,fertilizers,11650.7936,4172619.67,2024,2024,False
Malaysia,MY,MYS,310230,fertilizers,8294.13,5158480.41,2024,2024,False
Malaysia,MY,MYS,310229,fertilizers,286.4485,114162.88,2024,2024,False
Malaysia,MY,MYS,310221,fertilizers,5626.9531,1461914.72,2024,2024,False
Malaysia,MY,MYS,310210,fertilizers,2032229.3966,629875361.9,2024,2024,False
Malaysia,MY,MYS,283421,fertilizers,,58396.02,2024,2024,False
Malaysia,MY,MYS,281420,fertilizers,1880.7878,1228464.33,2024,2024,False
Malaysia,MY,MYS,281410,fertilizers,457319.063,151200318.22,2024,2024,False
Malaysia,MY,MYS,280410,hydrogen,572.073,5041279.26,2024,2024,False
Malaysia,MY,MYS,310250,fertilizers,2.3322,1985.8,2024,2024,False
Malaysia,MY,MYS,252390,cement,6765.739,760123.76,2024,2024,False
Malaysia,MY,MYS,252330,cement,176.8052,23679.6,2024,2024,False
Malaysia,MY,MYS,252329,cement,1036523.9522,54501749.67,2024,2024,False
Malaysia,MY,MYS,252321,cement,,32386907.03,2024,2024,False
Malaysia,MY,MYS,252310,cement,52502.5367,4953345.58,2024,2024,False
Malaysia,MY,MYS,250700,cement,23178.2287,6216203.44,2024,2024,False
Madagascar,MG,MDG,310221,fertilizers,69959.39,9727222.86,2024,2024,False
Malaysia,MY,MYS,310240,fertilizers,0.551,531.08,2024,2024,False
Malaysia,MY,MYS,310260,fertilizers,550.748,506757.59,2024,2024,False
Moldova,MD,MDA,252329,cement,19904.65,2004573.51,2024,2024,False
Mexico,MX,MEX,250700,cement,591.7855,443824.05,2024,2024,False
Moldova,MD,MDA,252310,cement,0.001,43.43,2024,2024,False
Mexico,MX,MEX,310260,fertilizers,2627.3,2193455.32,2024,2024,False
Mexico,MX,MEX,310210,fertilizers,152.239,263221.51,2024,2024,False
Mexico,MX,MEX,281410,fertilizers,336.833,258177.62,2024,2024,False
Mexico,MX,MEX,252390,cement,74651.69,11688265.41,2024,2024,False
Mexico,MX,MEX,252329,cement,1108247.253,92185012.48,2024,2024,False
Mexico,MX,MEX,252321,cement,201315.9,32670300.34,2024,2024,False
Mauritius,MU,MUS,310221,fertilizers,48.165,25906.19,2024,2024,False
Malaysia,MY,MYS,310280,fertilizers,0.201,352.78,2024,2024,False
Mauritius,MU,MUS,310210,fertilizers,234.395,138268.89,2024,2024,False
Mauritius,MU,MUS,281420,fertilizers,0.2,306.13,2024,2024,False
Mauritius,MU,MUS,281410,fertilizers,0.9,13737.01,2024,2024,False
Mauritius,MU,MUS,252329,cement,4.0,35.34,2024,2024,False
Mauritius,MU,MUS,252321,cement,,140.97,2024,2024,False
Mauritius,MU,MUS,250700,cement,6.667,6125.17,2024,2024,False
Mauritania,MR,MRT,260112,iron_steel,6.5,1304.05,2024,2024,False
Israel,IL,ISR,7614,aluminium,1.2744,4620.65,2024,2024,False
Australia,AU,AUS,761691,aluminium,65.4944,692185.94,2024,2024,False
Israel,IL,ISR,761520,aluminium,5.199,41585.81,2024,2024,False
Egypt,EG,EGY,7608,aluminium,103.8221,787044.84,2024,2024,False
North Macedonia,MK,MKD,761300,aluminium,0.37,16188.0,2024,2024,False
North Macedonia,MK,MKD,7614,aluminium,0.055,3026.15,2024,2024,False
North Macedonia,MK,MKD,761510,aluminium,200.196,872189.51,2024,2024,False
North Macedonia,MK,MKD,761610,aluminium,4.6611,47436.55,2024,2024,False
North Macedonia,MK,MKD,761691,aluminium,0.731,1932.07,2024,2024,False
North Macedonia,MK,MKD,761699,aluminium,325.6705,2130766.96,2024,2024,False
Egypt,EG,EGY,7605,aluminium,13170.8852,57548486.74,2024,2024,False
Egypt,EG,EGY,7606,aluminium,48113.7094,168893362.63,2024,2024,False
Egypt,EG,EGY,7607,aluminium,2069.888,8821557.05,2024,2024,False
Egypt,EG,EGY,760900,aluminium,1.1194,25964.98,2024,2024,False
North Macedonia,MK,MKD,761100,aluminium,0.325,6718.77,2024,2024,False
Egypt,EG,EGY,761010,aluminium,239.0279,2817864.4,2024,2024,False
Egypt,EG,EGY,761090,aluminium,250.0505,2472705.81,2024,2024,False
Egypt,EG,EGY,761100,aluminium,7.1844,98794.01,2024,2024,False
Egypt,EG,EGY,7612,aluminium,3847.0091,37349019.6,2024,2024,False
Egypt,EG,EGY,761300,aluminium,0.6742,10706.04,2024,2024,False
Egypt,EG,EGY,7614,aluminium,13479.0024,51958318.57,2024,2024,False
Egypt,EG,EGY,761510,aluminium,1595.6776,15517425.24,2024,2024,False
Egypt,EG,EGY,761520,aluminium,0.0011,18.85,2024,2024,False
Egypt,EG,EGY,761610,aluminium,,1039.65,2024,2024,False
North Macedonia,MK,MKD,7612,aluminium,3.634,9091.25,2024,2024,False
North Macedonia,MK,MKD,761090,aluminium,1418.1005,7897359.53,2024,2024,False
Egypt,EG,EGY,761699,aluminium,346.6545,5666504.45,2024,2024,False
Ukraine,UA,UKR,7614,aluminium,120.721,353412.47,2024,2024,False
Ukraine,UA,UKR,7605,aluminium,15.3018,63483.99,2024,2024,False
Ukraine,UA,UKR,7606,aluminium,29.741,182336.12,2024,2024,False
Ukraine,UA,UKR,7607,aluminium,596.4253,2767982.96,2024,2024,False
Ukraine,UA,UKR,7608,aluminium,25.6551,100099.42,2024,2024,False
Ukraine,UA,UKR,760900,aluminium,24.8833,274428.65,2024,2024,False
Ukraine,UA,UKR,761010,aluminium,684.804,6012779.51,2024,2024,False
Ukraine,UA,UKR,761090,aluminium,134.2712,1330036.82,2024,2024,False
Ukraine,UA,UKR,7612,aluminium,311.1563,2617433.74,2024,2024,False
Ukraine,UA,UKR,761300,aluminium,1.7185,2560.31,2024,2024,False
Ukraine,UA,UKR,761510,aluminium,128.9018,728952.61,2024,2024,False
North Macedonia,MK,MKD,761010,aluminium,529.039,3303937.28,2024,2024,False
Ukraine,UA,UKR,761520,aluminium,10.3701,37091.3,2024,2024,False
Ukraine,UA,UKR,761610,aluminium,0.7341,128534.42,2024,2024,False
Ukraine,UA,UKR,761691,aluminium,5.9789,86829.08,2024,2024,False
Ukraine,UA,UKR,761699,aluminium,482.3641,4929763.94,2024,2024,False
North Macedonia,MK,MKD,7605,aluminium,10.768,63615.47,2024,2024,False
North Macedonia,MK,MKD,7606,aluminium,383.7392,1274226.98,2024,2024,False
North Macedonia,MK,MKD,7607,aluminium,153.7656,914798.48,2024,2024,False
North Macedonia,MK,MKD,7608,aluminium,4.7362,37180.97,2024,2024,False
North Macedonia,MK,MKD,760900,aluminium,0.1028,5353.09,2024,2024,False
Egypt,EG,EGY,761691,aluminium,0.0131,138.62,2024,2024,False
United Kingdom,GB,GBR,7605,aluminium,4487.2276,23175991.31,2024,2024,False
Uganda,UG,UGA,761610,aluminium,39.962,31605.77,2024,2024,False
United States,US,USA,760900,aluminium,8617.08,173732330.65,2024,2024,False
Tanzania,TZ,TZA,761300,aluminium,0.071,13.86,2024,2024,False
Tanzania,TZ,TZA,7614,aluminium,5.05,169.84,2024,2024,False
Tanzania,TZ,TZA,761510,aluminium,30.286,60170.57,2024,2024,False
Tanzania,TZ,TZA,761610,aluminium,52.865,89544.01,2024,2024,False
Tanzania,TZ,TZA,761699,aluminium,5.09,572781.6,2024,2024,False
United States,US,USA,7605,aluminium,16211.6406,79369956.57,2024,2024,False
United States,US,USA,7606,aluminium,533874.8381,2793938013.12,2024,2024,False
United States,US,USA,7607,aluminium,103051.8188,602184311.99,2024,2024,False
United States,US,USA,7608,aluminium,40392.104,290440424.18,2024,2024,False
United States,US,USA,761010,aluminium,12856.963,125219249.61,2024,2024,False
Tanzania,TZ,TZA,761100,aluminium,65.6,11323.44,2024,2024,False
United States,US,USA,761090,aluminium,30846.882,342262001.66,2024,2024,False
United States,US,USA,761100,aluminium,4171.031,57356864.43,2024,2024,False
United States,US,USA,7612,aluminium,83739.5973,732779365.12,2024,2024,False
United States,US,USA,761300,aluminium,8176.6938,129836980.87,2024,2024,False
United States,US,USA,7614,aluminium,,19273468.26,2024,2024,False
United States,US,USA,761510,aluminium,10276.4812,95728934.48,2024,2024,False
United States,US,USA,761520,aluminium,160.251,3975340.54,2024,2024,False
United States,US,USA,761610,aluminium,9323.867,251365751.78,2024,2024,False
United States,US,USA,761691,aluminium,1550.229,15812944.28,2024,2024,False
Tanzania,TZ,TZA,7612,aluminium,0.9098,7323.53,2024,2024,False
Tanzania,TZ,TZA,761090,aluminium,57.812,149739.91,2024,2024,False
United Kingdom,GB,GBR,7606,aluminium,,541159308.24,2024,2024,False
United Kingdom,GB,GBR,7614,aluminium,,1408843.25,2024,2024,False
United Kingdom,GB,GBR,7607,aluminium,,147176660.26,2024,2024,False
United Kingdom,GB,GBR,7608,aluminium,448.7618,26267192.73,2024,2024,False
Israel,IL,ISR,761610,aluminium,,549856.76,2024,2024,False
United Kingdom,GB,GBR,760900,aluminium,389.9011,35877110.38,2024,2024,False
United Kingdom,GB,GBR,761010,aluminium,3021.5941,61767198.06,2024,2024,False
United Kingdom,GB,GBR,761090,aluminium,,126990529.44,2024,2024,False
United Kingdom,GB,GBR,761100,aluminium,410.2475,7877177.94,2024,2024,False
United Kingdom,GB,GBR,7612,aluminium,17938.0831,131957000.49,2024,2024,False
United Kingdom,GB,GBR,761300,aluminium,5764.8846,105312175.27,2024,2024,False
United Kingdom,GB,GBR,761510,aluminium,7612.154,41964302.23,2024,2024,False
Tanzania,TZ,TZA,761010,aluminium,119.211,47641.62,2024,2024,False
United Kingdom,GB,GBR,761520,aluminium,139.2706,2595264.59,2024,2024,False
United Kingdom,GB,GBR,761610,aluminium,329.5122,37446420.95,2024,2024,False
United Kingdom,GB,GBR,761691,aluminium,126.4099,2085976.68,2024,2024,False
United Kingdom,GB,GBR,761699,aluminium,7940.4654,245850038.09,2024,2024,False
Tanzania,TZ,TZA,7605,aluminium,0.3,1293.78,2024,2024,False
Tanzania,TZ,TZA,7606,aluminium,,14283.41,2024,2024,False
Tanzania,TZ,TZA,7607,aluminium,2.5,20348.84,2024,2024,False
Tanzania,TZ,TZA,7608,aluminium,7.142,143.14,2024,2024,False
Tanzania,TZ,TZA,760900,aluminium,0.094,1722.26,2024,2024,False
Uganda,UG,UGA,761699,aluminium,33.3902,133776.34,2024,2024,False
Uganda,UG,UGA,761510,aluminium,1321.7148,5106007.95,2024,2024,False
Uruguay,UY,URY,7606,aluminium,0.183,1768.78,2024,2024,False
Togo,TG,TGO,761300,aluminium,0.037,8363.54,2024,2024,False
Paraguay,PY,PRY,761610,aluminium,4.7739,38966.65,2024,2024,False
Paraguay,PY,PRY,761699,aluminium,6986.7486,66541390.59,2024,2024,False
Peru,PE,PER,7605,aluminium,1.3425,6854.67,2024,2024,False
Peru,PE,PER,7606,aluminium,51.272,129631.59,2024,2024,False
Peru,PE,PER,7607,aluminium,2621.8587,16040839.59,2024,2024,False
Peru,PE,PER,7608,aluminium,,20041.11,2024,2024,False
Thailand,TH,THA,761691,aluminium,208.4918,1772494.98,2024,2024,False
Thailand,TH,THA,761699,aluminium,47459.3094,289032900.96,2024,2024,False
Togo,TG,TGO,7612,aluminium,129.887,460024.14,2024,2024,False
Togo,TG,TGO,761510,aluminium,0.084,9463.0,2024,2024,False
Paraguay,PY,PRY,7614,aluminium,5.558,23117.09,2024,2024,False
Togo,TG,TGO,761520,aluminium,12.0,2214.4,2024,2024,False
Togo,TG,TGO,761699,aluminium,4.46,1152.74,2024,2024,False
Trinidad and Tobago,TT,TTO,7605,aluminium,0.023,191.39,2024,2024,False
Trinidad and Tobago,TT,TTO,7606,aluminium,216.7791,336018.81,2024,2024,False
Trinidad and Tobago,TT,TTO,7607,aluminium,11.2475,48832.28,2024,2024,False
Trinidad and Tobago,TT,TTO,7608,aluminium,1.662,8820.0,2024,2024,False
Trinidad and Tobago,TT,TTO,760900,aluminium,2.103,11484.87,2024,2024,False
Trinidad and Tobago,TT,TTO,761010,aluminium,168.472,978993.58,2024,2024,False
Trinidad and Tobago,TT,TTO,761090,aluminium,105.0748,364917.37,2024,2024,False
Paraguay,PY,PRY,761510,aluminium,73.1968,374421.47,2024,2024,False
Paraguay,PY,PRY,761300,aluminium,0.003,184.83,2024,2024,False
Trinidad and Tobago,TT,TTO,7612,aluminium,10.911,97255.07,2024,2024,False
Panama,PA,PAN,7612,aluminium,2.062,13176.23,2024,2024,False
Pakistan,PK,PAK,761699,aluminium,406.8912,1788160.61,2024,2024,False
Panama,PA,PAN,7605,aluminium,0.021,157.1,2024,2024,False
Panama,PA,PAN,7606,aluminium,10.306,46969.78,2024,2024,False
Panama,PA,PAN,7607,aluminium,7.65,71305.79,2024,2024,False
Panama,PA,PAN,7608,aluminium,4.959,50046.21,2024,2024,False
Panama,PA,PAN,760900,aluminium,0.061,2728.03,2024,2024,False
Panama,PA,PAN,761010,aluminium,138.241,507000.28,2024,2024,False
Panama,PA,PAN,761090,aluminium,213.58,480367.8,2024,2024,False
Panama,PA,PAN,761100,aluminium,3.3,22872.19,2024,2024,False
Panama,PA,PAN,761300,aluminium,3.926,12272.43,2024,2024,False
Paraguay,PY,PRY,7612,aluminium,2725.2428,18208512.01,2024,2024,False
Panama,PA,PAN,761510,aluminium,20.667,117410.59,2024,2024,False
Panama,PA,PAN,761520,aluminium,0.35,147.86,2024,2024,False
Panama,PA,PAN,761699,aluminium,24.222,132032.16,2024,2024,False
Paraguay,PY,PRY,7606,aluminium,291.0714,830748.46,2024,2024,False
Paraguay,PY,PRY,7607,aluminium,342.6507,1679593.8,2024,2024,False
Paraguay,PY,PRY,7608,aluminium,55.3685,232519.57,2024,2024,False
Paraguay,PY,PRY,760900,aluminium,204.5785,1279863.61,2024,2024,False
Paraguay,PY,PRY,761010,aluminium,2.138,15443.86,2024,2024,False
Paraguay,PY,PRY,761090,aluminium,0.01,2588.15,2024,2024,False
Trinidad and Tobago,TT,TTO,761100,aluminium,0.291,306.12,2024,2024,False
Trinidad and Tobago,TT,TTO,761300,aluminium,0.072,185.78,2024,2024,False
Uganda,UG,UGA,7614,aluminium,0.01,1062.11,2024,2024,False
Turkey,TR,TUR,761691,aluminium,49.323,429476.94,2024,2024,False
Turkey,TR,TUR,761010,aluminium,15923.517,135645258.29,2024,2024,False
Turkey,TR,TUR,761090,aluminium,63287.35,314789036.13,2024,2024,False
Turkey,TR,TUR,761100,aluminium,791.752,5155888.55,2024,2024,False
Turkey,TR,TUR,7612,aluminium,11340.505,95090539.69,2024,2024,False
Turkey,TR,TUR,761300,aluminium,1772.789,16819809.63,2024,2024,False
Turkey,TR,TUR,7614,aluminium,33621.551,113677874.5,2024,2024,False
Turkey,TR,TUR,761510,aluminium,26264.398,129627401.35,2024,2024,False
Turkey,TR,TUR,761520,aluminium,173.596,2638811.57,2024,2024,False
Turkey,TR,TUR,761610,aluminium,428.365,4422031.24,2024,2024,False
Turkey,TR,TUR,761699,aluminium,49787.138,402448249.7,2024,2024,False
Turkey,TR,TUR,7608,aluminium,5674.1882,33055712.97,2024,2024,False
Uganda,UG,UGA,7606,aluminium,66.11,194277.91,2024,2024,False
Uganda,UG,UGA,7607,aluminium,240.5479,569927.66,2024,2024,False
Uganda,UG,UGA,7608,aluminium,18.086,43656.5,2024,2024,False
Uganda,UG,UGA,760900,aluminium,1.4,1830.77,2024,2024,False
Uganda,UG,UGA,761010,aluminium,101.5724,482416.0,2024,2024,False
Uganda,UG,UGA,761090,aluminium,6.771,26333.92,2024,2024,False
Uganda,UG,UGA,761100,aluminium,34.269,41954.67,2024,2024,False
Uganda,UG,UGA,7612,aluminium,1.133,1087.65,2024,2024,False
Uganda,UG,UGA,761300,aluminium,9.025,13724.02,2024,2024,False
Turkey,TR,TUR,760900,aluminium,2730.293,26797953.98,2024,2024,False
Turkey,TR,TUR,7607,aluminium,135878.676,501008295.91,2024,2024,False
Trinidad and Tobago,TT,TTO,7614,aluminium,0.4966,2012.78,2024,2024,False
Tunisia,TN,TUN,760900,aluminium,1.5949,29480.41,2024,2024,False
Trinidad and Tobago,TT,TTO,761510,aluminium,40.689,39502.03,2024,2024,False
Trinidad and Tobago,TT,TTO,761520,aluminium,0.036,143.34,2024,2024,False
Trinidad and Tobago,TT,TTO,761610,aluminium,4.59,3206.74,2024,2024,False
Trinidad and Tobago,TT,TTO,761699,aluminium,63.961,315864.27,2024,2024,False
Tunisia,TN,TUN,7605,aluminium,1.2017,5587.09,2024,2024,False
Tunisia,TN,TUN,7606,aluminium,748.0348,2533506.98,2024,2024,False
Tunisia,TN,TUN,7607,aluminium,946.3534,6374083.18,2024,2024,False
Peru,PE,PER,760900,aluminium,2.0504,25610.24,2024,2024,False
Tunisia,TN,TUN,7608,aluminium,203.62,1242747.91,2024,2024,False
Tunisia,TN,TUN,761010,aluminium,498.1369,5182251.36,2024,2024,False
Turkey,TR,TUR,7606,aluminium,303628.324,948148953.89,2024,2024,False
Tunisia,TN,TUN,761100,aluminium,0.5656,7288.77,2024,2024,False
Tunisia,TN,TUN,7612,aluminium,4045.8919,34026594.12,2024,2024,False
Tunisia,TN,TUN,761300,aluminium,,64474.16,2024,2024,False
Tunisia,TN,TUN,7614,aluminium,10.7039,37840.09,2024,2024,False
Tunisia,TN,TUN,761510,aluminium,396.671,3400863.05,2024,2024,False
Tunisia,TN,TUN,761520,aluminium,1.0785,12752.44,2024,2024,False
Tunisia,TN,TUN,761610,aluminium,,74785.62,2024,2024,False
Tunisia,TN,TUN,761699,aluminium,2994.7041,45342055.29,2024,2024,False
Turkey,TR,TUR,7605,aluminium,28228.04,80791016.54,2024,2024,False
United States,US,USA,761699,aluminium,55440.7303,1231484531.0,2024,2024,False
Uruguay,UY,URY,7607,aluminium,383.775,2242962.76,2024,2024,False
Pakistan,PK,PAK,761610,aluminium,41.044,278540.82,2024,2024,False
Singapore,SG,SGP,7608,aluminium,508.8905,8830745.99,2024,2024,False
India,IN,IND,7614,aluminium,147517.9882,482227483.57,2024,2024,False
India,IN,IND,761510,aluminium,25352.9222,111835231.35,2024,2024,False
India,IN,IND,761520,aluminium,299.679,1356864.47,2024,2024,False
India,IN,IND,761610,aluminium,455.5986,5102022.81,2024,2024,False
India,IN,IND,761691,aluminium,215.8109,1467346.99,2024,2024,False
India,IN,IND,761699,aluminium,48157.3927,435671710.85,2024,2024,False
Singapore,SG,SGP,7605,aluminium,1577.574,17860103.53,2024,2024,False
Singapore,SG,SGP,7606,aluminium,26563.8831,82531516.93,2024,2024,False
Singapore,SG,SGP,7607,aluminium,7068.2567,66274732.39,2024,2024,False
Singapore,SG,SGP,760900,aluminium,423.7554,3406055.23,2024,2024,False
India,IN,IND,7612,aluminium,9830.9384,70421322.25,2024,2024,False
Singapore,SG,SGP,761010,aluminium,19449.5019,30075393.47,2024,2024,False
Singapore,SG,SGP,761090,aluminium,2274.9754,17874236.23,2024,2024,False
Singapore,SG,SGP,761100,aluminium,210.21,613596.81,2024,2024,False
Singapore,SG,SGP,7612,aluminium,,10535979.44,2024,2024,False
Singapore,SG,SGP,761300,aluminium,,7042522.82,2024,2024,False
Singapore,SG,SGP,7614,aluminium,84.5319,2817124.76,2024,2024,False
Singapore,SG,SGP,761510,aluminium,108.7976,804113.27,2024,2024,False
Singapore,SG,SGP,761520,aluminium,64.1776,651751.28,2024,2024,False
Singapore,SG,SGP,761610,aluminium,90.8698,6101573.82,2024,2024,False
India,IN,IND,761300,aluminium,1596.3758,11365176.19,2024,2024,False
India,IN,IND,761100,aluminium,27.723,96805.48,2024,2024,False
Singapore,SG,SGP,761699,aluminium,11841.3637,230371422.67,2024,2024,False
Serbia,RS,SRB,761510,aluminium,191.7708,1981717.03,2024,2024,False
Serbia,RS,SRB,7607,aluminium,1386.7453,8516584.42,2024,2024,False
Serbia,RS,SRB,7608,aluminium,3733.8185,16824299.97,2024,2024,False
Serbia,RS,SRB,760900,aluminium,41.6215,400778.12,2024,2024,False
Serbia,RS,SRB,761010,aluminium,2684.225,27852537.66,2024,2024,False
Serbia,RS,SRB,761090,aluminium,5033.707,39001467.52,2024,2024,False
Serbia,RS,SRB,761100,aluminium,15.385,64998.61,2024,2024,False
Serbia,RS,SRB,7612,aluminium,20091.2707,108214382.22,2024,2024,False
Serbia,RS,SRB,761300,aluminium,2.712,114212.18,2024,2024,False
Serbia,RS,SRB,7614,aluminium,311.9105,964272.25,2024,2024,False
Serbia,RS,SRB,761520,aluminium,23.108,80629.33,2024,2024,False
India,IN,IND,761090,aluminium,11368.1298,64379329.35,2024,2024,False
Serbia,RS,SRB,761610,aluminium,368.6474,3235841.42,2024,2024,False
Serbia,RS,SRB,761691,aluminium,18.348,106865.35,2024,2024,False
Serbia,RS,SRB,761699,aluminium,20367.5946,146688573.14,2024,2024,False
India,IN,IND,7605,aluminium,193231.7493,480423555.23,2024,2024,False
India,IN,IND,7606,aluminium,66567.9823,191415598.59,2024,2024,False
India,IN,IND,7607,aluminium,53563.9438,228505176.91,2024,2024,False
India,IN,IND,7608,aluminium,2340.4129,11614061.08,2024,2024,False
India,IN,IND,760900,aluminium,5969.6316,34475235.69,2024,2024,False
India,IN,IND,761010,aluminium,2959.487,18663474.25,2024,2024,False
Singapore,SG,SGP,761691,aluminium,2.1046,45793.11,2024,2024,False
South Africa,ZA,ZAF,7605,aluminium,2560.4125,7918518.31,2024,2024,False
Serbia,RS,SRB,7605,aluminium,50.2163,220978.65,2024,2024,False
Thailand,TH,THA,7608,aluminium,2475.6807,17482817.52,2024,2024,False
Suriname,SR,SUR,761010,aluminium,2.054,14318.44,2024,2024,False
Suriname,SR,SUR,761090,aluminium,43.099,64835.51,2024,2024,False
Suriname,SR,SUR,761100,aluminium,10.16,26799.74,2024,2024,False
Suriname,SR,SUR,7612,aluminium,0.104,1963.77,2024,2024,False
Suriname,SR,SUR,761300,aluminium,0.5864,15027.11,2024,2024,False
Suriname,SR,SUR,761699,aluminium,4.3713,118086.1,2024,2024,False
Thailand,TH,THA,7605,aluminium,9699.256,32568752.27,2024,2024,False
Thailand,TH,THA,7606,aluminium,,730488304.11,2024,2024,False
Thailand,TH,THA,7607,aluminium,105214.443,384319337.19,2024,2024,False
Thailand,TH,THA,760900,aluminium,745.3113,14364644.06,2024,2024,False
Zimbabwe,ZW,ZWE,761699,aluminium,1.3789,299039.81,2024,2024,False
Thailand,TH,THA,761010,aluminium,,167543733.54,2024,2024,False
Thailand,TH,THA,761090,aluminium,23687.5422,117172501.9,2024,2024,False
Thailand,TH,THA,761100,aluminium,322.366,2181124.79,2024,2024,False
Thailand,TH,THA,7612,aluminium,,85849865.8,2024,2024,False
Thailand,TH,THA,761300,aluminium,576.849,7038930.91,2024,2024,False
Thailand,TH,THA,7614,aluminium,207.47,1072684.93,2024,2024,False
Thailand,TH,THA,761510,aluminium,16446.6407,101777495.68,2024,2024,False
Thailand,TH,THA,761520,aluminium,77.2163,474602.29,2024,2024,False
Thailand,TH,THA,761610,aluminium,356.2951,6522862.93,2024,2024,False
Suriname,SR,SUR,7606,aluminium,16.2375,28590.77,2024,2024,False
Zimbabwe,ZW,ZWE,761610,aluminium,0.0043,53.73,2024,2024,False
South Africa,ZA,ZAF,7606,aluminium,,267751626.67,2024,2024,False
South Africa,ZA,ZAF,761510,aluminium,1040.8962,4459378.82,2024,2024,False
South Africa,ZA,ZAF,7607,aluminium,10223.1515,36476171.92,2024,2024,False
South Africa,ZA,ZAF,7608,aluminium,18200.916,65186982.57,2024,2024,False
South Africa,ZA,ZAF,760900,aluminium,90.5031,597415.37,2024,2024,False
South Africa,ZA,ZAF,761010,aluminium,7237.5239,19161676.64,2024,2024,False
South Africa,ZA,ZAF,761090,aluminium,2761.8518,12375090.51,2024,2024,False
South Africa,ZA,ZAF,761100,aluminium,76.1196,178285.16,2024,2024,False
South Africa,ZA,ZAF,7612,aluminium,18927.7319,51866893.53,2024,2024,False
South Africa,ZA,ZAF,761300,aluminium,50.8403,443034.59,2024,2024,False
South Africa,ZA,ZAF,7614,aluminium,682.3081,2734625.64,2024,2024,False
South Africa,ZA,ZAF,761520,aluminium,49.7698,340546.42,2024,2024,False
Zimbabwe,ZW,ZWE,761510,aluminium,110.1945,426530.38,2024,2024,False
South Africa,ZA,ZAF,761610,aluminium,91.7893,550299.99,2024,2024,False
South Africa,ZA,ZAF,761691,aluminium,40.5486,184508.59,2024,2024,False
South Africa,ZA,ZAF,761699,aluminium,,26400940.78,2024,2024,False
Zimbabwe,ZW,ZWE,7607,aluminium,23.737,33041.33,2024,2024,False
Zimbabwe,ZW,ZWE,761010,aluminium,309.951,968599.58,2024,2024,False
Zimbabwe,ZW,ZWE,761090,aluminium,3.08,1767.02,2024,2024,False
Zimbabwe,ZW,ZWE,761100,aluminium,0.5947,7062.74,2024,2024,False
Zimbabwe,ZW,ZWE,7612,aluminium,20.02,18923.63,2024,2024,False
Zimbabwe,ZW,ZWE,761300,aluminium,291.9602,4469.93,2024,2024,False
Serbia,RS,SRB,7606,aluminium,,189429959.34,2024,2024,False
Senegal,SN,SEN,761699,aluminium,6.553,447827.5,2024,2024,False
Uruguay,UY,URY,7608,aluminium,70.819,315863.6,2024,2024,False
Zambia,ZM,ZMB,761610,aluminium,15.1663,9298.07,2024,2024,False
Zambia,ZM,ZMB,7606,aluminium,18.1724,58470.88,2024,2024,False
Zambia,ZM,ZMB,7607,aluminium,2.3882,22468.29,2024,2024,False
Zambia,ZM,ZMB,760900,aluminium,0.6273,3898.58,2024,2024,False
Zambia,ZM,ZMB,761010,aluminium,56.0572,24633.49,2024,2024,False
Zambia,ZM,ZMB,761090,aluminium,19.358,303400.96,2024,2024,False
Zambia,ZM,ZMB,7612,aluminium,0.033,5612.44,2024,2024,False
Zambia,ZM,ZMB,761300,aluminium,0.023,241.05,2024,2024,False
Zambia,ZM,ZMB,761510,aluminium,120.054,156508.84,2024,2024,False
Zambia,ZM,ZMB,761520,aluminium,0.029,31.71,2024,2024,False
Peru,PE,PER,761010,aluminium,1.7363,2224.07,2024,2024,False
Yemen,YE,YEM,761699,aluminium,,190153.61,2024,2024,False
Peru,PE,PER,761090,aluminium,,165890.4,2024,2024,False
Peru,PE,PER,7612,aluminium,419.1205,4385400.64,2024,2024,False
Peru,PE,PER,761300,aluminium,,4639.05,2024,2024,False
Peru,PE,PER,7614,aluminium,,86608.51,2024,2024,False
Peru,PE,PER,761510,aluminium,487.1092,1145837.4,2024,2024,False
Peru,PE,PER,761520,aluminium,0.8158,13834.53,2024,2024,False
Peru,PE,PER,761610,aluminium,4.6662,48544.23,2024,2024,False
Peru,PE,PER,761691,aluminium,0.0504,733.42,2024,2024,False
Peru,PE,PER,761699,aluminium,44.5895,457985.8,2024,2024,False
Zambia,ZM,ZMB,7605,aluminium,21.956,99952.54,2024,2024,False
Yemen,YE,YEM,7605,aluminium,0.648,2299.53,2024,2024,False
Philippines,PH,PHL,7606,aluminium,99.2493,862876.81,2024,2024,False
Uzbekistan,UZ,UZB,7605,aluminium,1255.461,3356551.15,2024,2024,False
Uruguay,UY,URY,760900,aluminium,0.004,182.98,2024,2024,False
Uruguay,UY,URY,761010,aluminium,95.45,1936441.18,2024,2024,False
Uruguay,UY,URY,761090,aluminium,0.017,420.48,2024,2024,False
Uruguay,UY,URY,7612,aluminium,1.503,53214.12,2024,2024,False
Uruguay,UY,URY,761300,aluminium,1.397,16671.29,2024,2024,False
Uruguay,UY,URY,7614,aluminium,0.454,2228.08,2024,2024,False
Uruguay,UY,URY,761510,aluminium,18.614,192430.46,2024,2024,False
Uruguay,UY,URY,761610,aluminium,0.001,25.88,2024,2024,False
Uruguay,UY,URY,761699,aluminium,0.4718,52379.63,2024,2024,False
Uzbekistan,UZ,UZB,7606,aluminium,2477.6118,4533990.36,2024,2024,False
Uzbekistan,UZ,UZB,761699,aluminium,629.4081,2774013.44,2024,2024,False
Uzbekistan,UZ,UZB,7607,aluminium,45.2875,123238.13,2024,2024,False
Uzbekistan,UZ,UZB,7608,aluminium,,137630.53,2024,2024,False
Uzbekistan,UZ,UZB,760900,aluminium,0.004,73.93,2024,2024,False
Uzbekistan,UZ,UZB,761010,aluminium,374.5498,931084.0,2024,2024,False
Uzbekistan,UZ,UZB,761090,aluminium,154.5144,885254.56,2024,2024,False
Uzbekistan,UZ,UZB,7612,aluminium,0.948,3436.84,2024,2024,False
Uzbekistan,UZ,UZB,7614,aluminium,4.0,15729.6,2024,2024,False
Uzbekistan,UZ,UZB,761510,aluminium,153.5322,393578.19,2024,2024,False
Uzbekistan,UZ,UZB,761610,aluminium,22.183,5414.46,2024,2024,False
Philippines,PH,PHL,7605,aluminium,128.1624,1566265.59,2024,2024,False
Philippines,PH,PHL,7607,aluminium,21063.7688,36257914.24,2024,2024,False
Senegal,SN,SEN,761610,aluminium,0.965,1487.24,2024,2024,False
Saudi Arabia,SA,SAU,761699,aluminium,4083.56,7706092.28,2024,2024,False
Saudi Arabia,SA,SAU,761090,aluminium,9538.7908,21249388.62,2024,2024,False
Saudi Arabia,SA,SAU,761100,aluminium,97.661,209042.91,2024,2024,False
Saudi Arabia,SA,SAU,7612,aluminium,12074.854,71702932.87,2024,2024,False
Saudi Arabia,SA,SAU,761300,aluminium,4299.107,2854096.72,2024,2024,False
Saudi Arabia,SA,SAU,7614,aluminium,4826.621,20606643.11,2024,2024,False
Saudi Arabia,SA,SAU,761510,aluminium,1100.529,4820862.52,2024,2024,False
Saudi Arabia,SA,SAU,761520,aluminium,204.289,841148.36,2024,2024,False
Saudi Arabia,SA,SAU,761610,aluminium,25.51,62030.25,2024,2024,False
Saudi Arabia,SA,SAU,761691,aluminium,34.78,705730.69,2024,2024,False
Senegal,SN,SEN,7605,aluminium,32.069,78173.03,2024,2024,False
Saudi Arabia,SA,SAU,760900,aluminium,16.406,80073.68,2024,2024,False
Senegal,SN,SEN,7606,aluminium,333.805,942427.89,2024,2024,False
Senegal,SN,SEN,7607,aluminium,1.55,9713.86,2024,2024,False
Senegal,SN,SEN,760900,aluminium,0.96,4474.71,2024,2024,False
Senegal,SN,SEN,761010,aluminium,1.518,3059.24,2024,2024,False
Senegal,SN,SEN,761090,aluminium,0.607,2184.13,2024,2024,False
Senegal,SN,SEN,7612,aluminium,17.074,31613.51,2024,2024,False
Senegal,SN,SEN,761300,aluminium,0.5,91.18,2024,2024,False
Senegal,SN,SEN,761510,aluminium,36.637,252335.1,2024,2024,False
Senegal,SN,SEN,761520,aluminium,3.359,3259.92,2024,2024,False
Saudi Arabia,SA,SAU,761010,aluminium,429.41,4002534.72,2024,2024,False
Saudi Arabia,SA,SAU,7608,aluminium,1337.59,8589798.63,2024,2024,False
Philippines,PH,PHL,7608,aluminium,195.1209,668386.47,2024,2024,False
Philippines,PH,PHL,761610,aluminium,33.8864,1082396.27,2024,2024,False
Philippines,PH,PHL,760900,aluminium,708.1801,4027239.63,2024,2024,False
Philippines,PH,PHL,761010,aluminium,4001.9529,9015079.94,2024,2024,False
Philippines,PH,PHL,761090,aluminium,3720.8863,8698869.79,2024,2024,False
Philippines,PH,PHL,761100,aluminium,10.0592,22740.04,2024,2024,False
Philippines,PH,PHL,7612,aluminium,31.6947,235213.94,2024,2024,False
Philippines,PH,PHL,761300,aluminium,18.3698,23989.46,2024,2024,False
Philippines,PH,PHL,7614,aluminium,370.9271,4863409.11,2024,2024,False
Philippines,PH,PHL,761510,aluminium,12.6487,88041.77,2024,2024,False
Philippines,PH,PHL,761520,aluminium,0.9673,6983.64,2024,2024,False
Philippines,PH,PHL,761699,aluminium,2670.8108,24743893.36,2024,2024,False
Saudi Arabia,SA,SAU,7607,aluminium,11140.515,27605610.13,2024,2024,False
Qatar,QA,QAT,7606,aluminium,0.0,868712.23,2024,2024,False
Qatar,QA,QAT,7607,aluminium,0.0,172769.98,2024,2024,False
Qatar,QA,QAT,7608,aluminium,0.0,134556.48,2024,2024,False
Qatar,QA,QAT,760900,aluminium,0.86,7133.06,2024,2024,False
Qatar,QA,QAT,7612,aluminium,0.0,24330.49,2024,2024,False
Qatar,QA,QAT,761300,aluminium,1.84,33569.24,2024,2024,False
Qatar,QA,QAT,7614,aluminium,0.0,9370.52,2024,2024,False
Saudi Arabia,SA,SAU,7605,aluminium,6858.38,19340611.29,2024,2024,False
Saudi Arabia,SA,SAU,7606,aluminium,226025.5883,662395309.81,2024,2024,False
Pakistan,PK,PAK,761691,aluminium,2.837,15661.66,2024,2024,False
Tunisia,TN,TUN,761090,aluminium,822.8615,7444216.48,2024,2024,False
Pakistan,PK,PAK,761520,aluminium,2.857,2413.72,2024,2024,False
Mexico,MX,MEX,761300,aluminium,,444960.72,2024,2024,False
Kyrgyzstan,KG,KGZ,761300,aluminium,0.001,45.28,2024,2024,False
Kyrgyzstan,KG,KGZ,761510,aluminium,0.11,607.15,2024,2024,False
Kyrgyzstan,KG,KGZ,761610,aluminium,64.071,998857.78,2024,2024,False
Kyrgyzstan,KG,KGZ,761699,aluminium,4925.7748,4213970.06,2024,2024,False
Lebanon,LB,LBN,7605,aluminium,9.5492,27723.87,2024,2024,False
Lebanon,LB,LBN,7606,aluminium,348.0178,1298258.02,2024,2024,False
Lebanon,LB,LBN,7607,aluminium,543.098,3327722.95,2024,2024,False
Lebanon,LB,LBN,7608,aluminium,29.256,178789.39,2024,2024,False
Lebanon,LB,LBN,760900,aluminium,0.3536,6535.44,2024,2024,False
Pakistan,PK,PAK,761510,aluminium,7881.433,24712576.39,2024,2024,False
Lebanon,LB,LBN,761090,aluminium,375.5908,3397873.58,2024,2024,False
Lebanon,LB,LBN,761100,aluminium,1.5456,19917.75,2024,2024,False
Lebanon,LB,LBN,7612,aluminium,148.8239,1961981.33,2024,2024,False
Lebanon,LB,LBN,761300,aluminium,,7988.17,2024,2024,False
Lebanon,LB,LBN,761510,aluminium,71.9066,616492.01,2024,2024,False
Lebanon,LB,LBN,761520,aluminium,0.0381,450.97,2024,2024,False
Lebanon,LB,LBN,761610,aluminium,,2166.16,2024,2024,False
Lebanon,LB,LBN,761691,aluminium,1.5161,11182.89,2024,2024,False
Lebanon,LB,LBN,761699,aluminium,125.053,1893396.17,2024,2024,False
Madagascar,MG,MDG,7608,aluminium,4.02,1260.03,2024,2024,False
Madagascar,MG,MDG,760900,aluminium,0.34,101.77,2024,2024,False
Kyrgyzstan,KG,KGZ,7612,aluminium,0.01,1606.14,2024,2024,False
Kyrgyzstan,KG,KGZ,761090,aluminium,1.924,63775.99,2024,2024,False
Kyrgyzstan,KG,KGZ,761010,aluminium,12.912,22726.18,2024,2024,False
Kuwait,KW,KWT,7612,aluminium,4013.6886,33393052.4,2024,2024,False
South Korea,KR,KOR,761699,aluminium,48579.5045,429770746.7,2024,2024,False
Kuwait,KW,KWT,7605,aluminium,356.1498,1041152.39,2024,2024,False
Kuwait,KW,KWT,7606,aluminium,423.6763,1597267.35,2024,2024,False
Kuwait,KW,KWT,7607,aluminium,52.1666,323414.66,2024,2024,False
Kuwait,KW,KWT,7608,aluminium,2.4418,14740.78,2024,2024,False
Kuwait,KW,KWT,760900,aluminium,0.5154,9353.11,2024,2024,False
Kuwait,KW,KWT,761010,aluminium,25.8032,262447.09,2024,2024,False
Kuwait,KW,KWT,761090,aluminium,194.0722,1708393.86,2024,2024,False
Kuwait,KW,KWT,761100,aluminium,5.3797,67086.22,2024,2024,False
Kuwait,KW,KWT,761300,aluminium,,300.34,2024,2024,False
Kyrgyzstan,KG,KGZ,760900,aluminium,0.005,5800.76,2024,2024,False
Kuwait,KW,KWT,7614,aluminium,5.0778,18409.57,2024,2024,False
Kuwait,KW,KWT,761510,aluminium,56.6189,473978.38,2024,2024,False
Kuwait,KW,KWT,761520,aluminium,0.2086,2431.38,2024,2024,False
Kuwait,KW,KWT,761610,aluminium,,19159.97,2024,2024,False
Kuwait,KW,KWT,761691,aluminium,0.0222,163.57,2024,2024,False
Kuwait,KW,KWT,761699,aluminium,31.0101,453466.41,2024,2024,False
Kyrgyzstan,KG,KGZ,7605,aluminium,0.098,2893.45,2024,2024,False
Kyrgyzstan,KG,KGZ,7606,aluminium,,73654.93,2024,2024,False
Kyrgyzstan,KG,KGZ,7608,aluminium,0.039,1802.05,2024,2024,False
Madagascar,MG,MDG,761010,aluminium,37.4313,69550.35,2024,2024,False
Madagascar,MG,MDG,761090,aluminium,8.6065,2839.53,2024,2024,False
Madagascar,MG,MDG,7612,aluminium,0.0772,1238.88,2024,2024,False
Mauritius,MU,MUS,761610,aluminium,0.006,10687.9,2024,2024,False
Mauritius,MU,MUS,7606,aluminium,2.736,28767.36,2024,2024,False
Mauritius,MU,MUS,7607,aluminium,14.365,195295.81,2024,2024,False
Mauritius,MU,MUS,7608,aluminium,0.162,802.54,2024,2024,False
Mauritius,MU,MUS,760900,aluminium,1.123,6656.04,2024,2024,False
Mauritius,MU,MUS,761010,aluminium,,4284315.95,2024,2024,False
Mauritius,MU,MUS,761090,aluminium,335.197,1995358.82,2024,2024,False
Mauritius,MU,MUS,7612,aluminium,1.612,59209.56,2024,2024,False
Mauritius,MU,MUS,761300,aluminium,0.002,1409.8,2024,2024,False
Mauritius,MU,MUS,761510,aluminium,31.69,212780.25,2024,2024,False
Mauritius,MU,MUS,761691,aluminium,0.085,645.33,2024,2024,False
Mauritania,MR,MRT,761699,aluminium,0.287,14901.23,2024,2024,False
Mauritius,MU,MUS,761699,aluminium,2.568,67186.67,2024,2024,False
Mexico,MX,MEX,7605,aluminium,0.0,2175168.65,2024,2024,False
Mexico,MX,MEX,7606,aluminium,0.0,30242347.29,2024,2024,False
Mexico,MX,MEX,7607,aluminium,0.0,14250073.93,2024,2024,False
Mexico,MX,MEX,7608,aluminium,0.0,72431863.04,2024,2024,False
Mexico,MX,MEX,760900,aluminium,61086.5991,23525292.49,2024,2024,False
Mexico,MX,MEX,761010,aluminium,10490.202,85175373.81,2024,2024,False
Mexico,MX,MEX,761090,aluminium,23064.9339,177971277.15,2024,2024,False
Mexico,MX,MEX,761100,aluminium,17.4945,218161.91,2024,2024,False
Mauritius,MU,MUS,7605,aluminium,0.032,404.77,2024,2024,False
Mauritania,MR,MRT,7614,aluminium,43.89,126893.45,2024,2024,False
Madagascar,MG,MDG,7614,aluminium,0.35,340.38,2024,2024,False
Malaysia,MY,MYS,761010,aluminium,17333.3876,76762776.02,2024,2024,False
Madagascar,MG,MDG,761510,aluminium,0.4295,11555.06,2024,2024,False
Madagascar,MG,MDG,761520,aluminium,0.035,65.88,2024,2024,False
Madagascar,MG,MDG,761610,aluminium,0.007,667.24,2024,2024,False
Madagascar,MG,MDG,761699,aluminium,11.2654,284936.2,2024,2024,False
Malaysia,MY,MYS,7605,aluminium,122561.2747,310000776.8,2024,2024,False
Malaysia,MY,MYS,7606,aluminium,64273.2147,118676831.8,2024,2024,False
Malaysia,MY,MYS,7607,aluminium,44950.855,181027870.24,2024,2024,False
Malaysia,MY,MYS,7608,aluminium,1235.9306,6164410.2,2024,2024,False
Malaysia,MY,MYS,760900,aluminium,447.9233,2813056.2,2024,2024,False
Malaysia,MY,MYS,761090,aluminium,6370.9227,27196470.22,2024,2024,False
Mauritania,MR,MRT,7606,aluminium,1.07,3334.49,2024,2024,False
Malaysia,MY,MYS,761100,aluminium,78.7231,1345774.92,2024,2024,False
Malaysia,MY,MYS,7612,aluminium,10310.0439,49179447.58,2024,2024,False
Malaysia,MY,MYS,761300,aluminium,75.1807,456552.76,2024,2024,False
Malaysia,MY,MYS,7614,aluminium,,60365.06,2024,2024,False
Malaysia,MY,MYS,761510,aluminium,1648.2102,6067887.94,2024,2024,False
Malaysia,MY,MYS,761520,aluminium,39.7059,662891.3,2024,2024,False
Malaysia,MY,MYS,761610,aluminium,604.3863,6230494.6,2024,2024,False
Malaysia,MY,MYS,761691,aluminium,373.8697,1623889.12,2024,2024,False
Malaysia,MY,MYS,761699,aluminium,46342.2433,671600080.23,2024,2024,False
South Korea,KR,KOR,761691,aluminium,28.3624,468571.3,2024,2024,False
South Korea,KR,KOR,761610,aluminium,883.6882,10931323.35,2024,2024,False
South Korea,KR,KOR,761520,aluminium,9.4813,174530.08,2024,2024,False
Japan,JP,JPN,7614,aluminium,,2172436.88,2024,2024,False
Japan,JP,JPN,7606,aluminium,,499015321.43,2024,2024,False
Japan,JP,JPN,7607,aluminium,63392.7104,514657848.66,2024,2024,False
Japan,JP,JPN,7608,aluminium,3749.7465,34147915.63,2024,2024,False
Japan,JP,JPN,760900,aluminium,230.305,7779888.34,2024,2024,False
Japan,JP,JPN,761010,aluminium,943.239,10924714.34,2024,2024,False
Japan,JP,JPN,761090,aluminium,2122.836,19013174.18,2024,2024,False
Japan,JP,JPN,761100,aluminium,12.691,93172.21,2024,2024,False
Japan,JP,JPN,7612,aluminium,1757.218,16021528.88,2024,2024,False
Japan,JP,JPN,761300,aluminium,8.577,212438.25,2024,2024,False
Japan,JP,JPN,761510,aluminium,297.206,3153452.71,2024,2024,False
Jamaica,JM,JAM,761699,aluminium,2.7686,198169.3,2024,2024,False
Japan,JP,JPN,761520,aluminium,0.085,15208.18,2024,2024,False
Japan,JP,JPN,761610,aluminium,628.6941,18420226.29,2024,2024,False
Japan,JP,JPN,761691,aluminium,4.312,195844.18,2024,2024,False
Japan,JP,JPN,761699,aluminium,7237.5666,247823799.45,2024,2024,False
Kazakhstan,KZ,KAZ,7605,aluminium,17067.3434,43583742.29,2024,2024,False
Kazakhstan,KZ,KAZ,7606,aluminium,,357608.81,2024,2024,False
Kazakhstan,KZ,KAZ,7607,aluminium,93.2929,736782.26,2024,2024,False
Kazakhstan,KZ,KAZ,7608,aluminium,16.7015,444037.21,2024,2024,False
Kazakhstan,KZ,KAZ,760900,aluminium,3.543,116352.19,2024,2024,False
Japan,JP,JPN,7605,aluminium,8092.6795,38155077.53,2024,2024,False
Jamaica,JM,JAM,761510,aluminium,31.6323,170316.05,2024,2024,False
Kazakhstan,KZ,KAZ,761090,aluminium,73.3562,584595.53,2024,2024,False
Ivory Coast,CI,CIV,7612,aluminium,13.808,122934.2,2024,2024,False
Israel,IL,ISR,761691,aluminium,6.7656,49902.97,2024,2024,False
Israel,IL,ISR,761699,aluminium,1402.4218,21233712.23,2024,2024,False
Ivory Coast,CI,CIV,7606,aluminium,604.147,472172.85,2024,2024,False
Ivory Coast,CI,CIV,7607,aluminium,9.906,35459.92,2024,2024,False
Ivory Coast,CI,CIV,7608,aluminium,0.101,1932.36,2024,2024,False
Ivory Coast,CI,CIV,760900,aluminium,0.237,1327.53,2024,2024,False
Ivory Coast,CI,CIV,761010,aluminium,22.83,27000.95,2024,2024,False
Ivory Coast,CI,CIV,761090,aluminium,10.902,14389.18,2024,2024,False
Ivory Coast,CI,CIV,761100,aluminium,0.898,914.66,2024,2024,False
Ivory Coast,CI,CIV,761300,aluminium,1.005,4087.5,2024,2024,False
Jamaica,JM,JAM,7612,aluminium,0.027,3719.62,2024,2024,False
Ivory Coast,CI,CIV,7614,aluminium,6.399,31653.6,2024,2024,False
Ivory Coast,CI,CIV,761510,aluminium,118.337,160523.44,2024,2024,False
Ivory Coast,CI,CIV,761520,aluminium,0.85,1626.43,2024,2024,False
Ivory Coast,CI,CIV,761610,aluminium,0.09,542.7,2024,2024,False
Ivory Coast,CI,CIV,761699,aluminium,83.575,614798.43,2024,2024,False
Jamaica,JM,JAM,7606,aluminium,75.7192,229744.02,2024,2024,False
Jamaica,JM,JAM,7607,aluminium,0.2207,4114.22,2024,2024,False
Jamaica,JM,JAM,761010,aluminium,12.835,18359.67,2024,2024,False
Jamaica,JM,JAM,761090,aluminium,16.3044,313899.82,2024,2024,False
Kazakhstan,KZ,KAZ,761010,aluminium,47.3698,495205.78,2024,2024,False
Kazakhstan,KZ,KAZ,761100,aluminium,0.228,3465.95,2024,2024,False
South Korea,KR,KOR,761510,aluminium,8259.1772,78308351.35,2024,2024,False
South Korea,KR,KOR,7605,aluminium,8605.5986,28430256.91,2024,2024,False
Kenya,KE,KEN,761090,aluminium,49.3083,188775.3,2024,2024,False
Kenya,KE,KEN,761100,aluminium,9.887,19280.52,2024,2024,False
Kenya,KE,KEN,7612,aluminium,20.4817,192646.46,2024,2024,False
Kenya,KE,KEN,761300,aluminium,5.5377,10427.77,2024,2024,False
Kenya,KE,KEN,7614,aluminium,16.5595,40561.34,2024,2024,False
Kenya,KE,KEN,761510,aluminium,2636.2481,8993085.07,2024,2024,False
Kenya,KE,KEN,761520,aluminium,4.8006,27566.45,2024,2024,False
Kenya,KE,KEN,761610,aluminium,2.1763,595.43,2024,2024,False
Kenya,KE,KEN,761699,aluminium,60.8932,172728.4,2024,2024,False
South Korea,KR,KOR,7606,aluminium,739969.2616,2358122691.99,2024,2024,False
Kenya,KE,KEN,760900,aluminium,0.338,1638.78,2024,2024,False
South Korea,KR,KOR,7607,aluminium,,411889175.68,2024,2024,False
South Korea,KR,KOR,7608,aluminium,8436.4147,52142959.99,2024,2024,False
South Korea,KR,KOR,760900,aluminium,3100.7002,34395065.15,2024,2024,False
South Korea,KR,KOR,761010,aluminium,7539.9552,69347181.41,2024,2024,False
South Korea,KR,KOR,761090,aluminium,22864.941,130618774.6,2024,2024,False
South Korea,KR,KOR,761100,aluminium,582.0757,3650517.51,2024,2024,False
South Korea,KR,KOR,7612,aluminium,1966.1318,14074295.35,2024,2024,False
South Korea,KR,KOR,761300,aluminium,1031.7291,13328607.34,2024,2024,False
South Korea,KR,KOR,7614,aluminium,3466.8667,33022321.41,2024,2024,False
Kenya,KE,KEN,761010,aluminium,66.5121,308591.55,2024,2024,False
Kenya,KE,KEN,7608,aluminium,12.2236,57100.1,2024,2024,False
Kazakhstan,KZ,KAZ,7612,aluminium,4618.394,33963707.84,2024,2024,False
Jordan,JO,JOR,7608,aluminium,1.502,4019.79,2024,2024,False
Kazakhstan,KZ,KAZ,761300,aluminium,2.5225,38155.72,2024,2024,False
Kazakhstan,KZ,KAZ,7614,aluminium,3305.7802,10218250.35,2024,2024,False
Kazakhstan,KZ,KAZ,761510,aluminium,45.2636,362313.22,2024,2024,False
Kazakhstan,KZ,KAZ,761520,aluminium,0.0089,220.72,2024,2024,False
Kazakhstan,KZ,KAZ,761610,aluminium,18.4304,111633.23,2024,2024,False
Kazakhstan,KZ,KAZ,761691,aluminium,1.4013,6586.43,2024,2024,False
Kazakhstan,KZ,KAZ,761699,aluminium,388.0968,2923361.58,2024,2024,False
Jordan,JO,JOR,7606,aluminium,3930.0751,13582123.62,2024,2024,False
Jordan,JO,JOR,7607,aluminium,1304.7082,3987451.98,2024,2024,False
Jordan,JO,JOR,760900,aluminium,0.402,16877.91,2024,2024,False
Kenya,KE,KEN,7607,aluminium,487.6074,2234263.24,2024,2024,False
Jordan,JO,JOR,761010,aluminium,1573.934,6398990.34,2024,2024,False
Jordan,JO,JOR,761090,aluminium,6025.0984,24743409.81,2024,2024,False
Jordan,JO,JOR,7612,aluminium,10473.821,57735370.99,2024,2024,False
Jordan,JO,JOR,7614,aluminium,283.935,843198.73,2024,2024,False
Jordan,JO,JOR,761510,aluminium,61.576,264414.11,2024,2024,False
Jordan,JO,JOR,761520,aluminium,1.467,34540.3,2024,2024,False
Jordan,JO,JOR,761699,aluminium,3394.696,26087245.41,2024,2024,False
Kenya,KE,KEN,7605,aluminium,0.8765,3010.34,2024,2024,False
Kenya,KE,KEN,7606,aluminium,562.3019,1809763.44,2024,2024,False
Mexico,MX,MEX,7612,aluminium,0.0,168987759.91,2024,2024,False
Lebanon,LB,LBN,761010,aluminium,929.0252,9664897.88,2024,2024,False
Mexico,MX,MEX,7614,aluminium,0.0,76496209.22,2024,2024,False
Namibia,,NAM,761520,aluminium,0.016,209.87,2024,2024,False
Mexico,MX,MEX,761510,aluminium,2278.334,16940813.23,2024,2024,False
New Zealand,NZ,NZL,7612,aluminium,12289.771,39477229.73,2024,2024,False
New Zealand,NZ,NZL,761100,aluminium,12.3902,406672.87,2024,2024,False
New Zealand,NZ,NZL,761090,aluminium,458.243,4859448.23,2024,2024,False
New Zealand,NZ,NZL,761010,aluminium,121.742,1933930.54,2024,2024,False
New Zealand,NZ,NZL,760900,aluminium,26.9855,510220.33,2024,2024,False
New Zealand,NZ,NZL,7608,aluminium,50.0326,251055.55,2024,2024,False
New Zealand,NZ,NZL,7607,aluminium,1081.1159,3604144.75,2024,2024,False
New Zealand,NZ,NZL,7606,aluminium,190.9118,1158763.44,2024,2024,False
New Zealand,NZ,NZL,7605,aluminium,33.925,38648.45,2024,2024,False
Namibia,,NAM,761699,aluminium,77.3904,259906.28,2024,2024,False
Namibia,,NAM,761691,aluminium,0.005,17.6,2024,2024,False
Namibia,,NAM,761610,aluminium,21.0572,76372.54,2024,2024,False
Namibia,,NAM,761510,aluminium,3.8036,15037.54,2024,2024,False
New Zealand,NZ,NZL,761510,aluminium,26.823,372783.47,2024,2024,False
Namibia,,NAM,7614,aluminium,1.019,7150.63,2024,2024,False
Namibia,,NAM,761300,aluminium,0.06,223.96,2024,2024,False
Namibia,,NAM,7612,aluminium,107.04,158907.18,2024,2024,False
Namibia,,NAM,761100,aluminium,0.4788,3192.99,2024,2024,False
Namibia,,NAM,761090,aluminium,21.9123,215703.33,2024,2024,False
Namibia,,NAM,761010,aluminium,265.7795,920245.96,2024,2024,False
Namibia,,NAM,760900,aluminium,9.0832,48285.47,2024,2024,False
Namibia,,NAM,7608,aluminium,2.2693,35195.35,2024,2024,False
Namibia,,NAM,7607,aluminium,44.2998,69547.85,2024,2024,False
Namibia,,NAM,7606,aluminium,2.4532,11617.4,2024,2024,False
Oman,OM,OMN,761699,aluminium,1439.7915,4802913.56,2024,2024,False
Oman,OM,OMN,761691,aluminium,0.072,567.22,2024,2024,False
Oman,OM,OMN,761610,aluminium,4.0761,7477.15,2024,2024,False
New Zealand,NZ,NZL,7614,aluminium,43.8506,94975.69,2024,2024,False
New Zealand,NZ,NZL,761520,aluminium,0.2501,3129.26,2024,2024,False
Oman,OM,OMN,761510,aluminium,280.4207,778058.94,2024,2024,False
Nicaragua,NI,NIC,761699,aluminium,0.7181,7380.83,2024,2024,False
Pakistan,PK,PAK,7612,aluminium,7098.568,54073570.36,2024,2024,False
Pakistan,PK,PAK,761100,aluminium,0.705,5592.89,2024,2024,False
Pakistan,PK,PAK,761090,aluminium,6.653,62605.83,2024,2024,False
Pakistan,PK,PAK,761010,aluminium,1.5,18685.83,2024,2024,False
Pakistan,PK,PAK,760900,aluminium,9.061,21217.0,2024,2024,False
Pakistan,PK,PAK,7608,aluminium,19.42,45265.56,2024,2024,False
Pakistan,PK,PAK,7607,aluminium,281.744,1040131.17,2024,2024,False
Pakistan,PK,PAK,7606,aluminium,5.002,50891.86,2024,2024,False
Nigeria,NG,NGA,7612,aluminium,21242.3586,15510482.2,2024,2024,False
Nigeria,NG,NGA,7607,aluminium,124.6,96978.29,2024,2024,False
Nigeria,NG,NGA,7606,aluminium,3.3173,3109.2,2024,2024,False
Niger,NE,NER,761510,aluminium,0.08,151.97,2024,2024,False
Niger,NE,NER,761010,aluminium,0.095,415.24,2024,2024,False
Nicaragua,NI,NIC,761691,aluminium,0.113,535.99,2024,2024,False
New Zealand,NZ,NZL,761610,aluminium,22.1863,395951.73,2024,2024,False
Nicaragua,NI,NIC,761610,aluminium,0.1109,1271.79,2024,2024,False
Nicaragua,NI,NIC,761510,aluminium,21.07,211667.5,2024,2024,False
Nicaragua,NI,NIC,7614,aluminium,0.0391,356.71,2024,2024,False
Nicaragua,NI,NIC,761300,aluminium,0.3005,4111.08,2024,2024,False
Nicaragua,NI,NIC,7612,aluminium,18.1229,117983.46,2024,2024,False
Nicaragua,NI,NIC,761090,aluminium,0.55,4285.0,2024,2024,False
Nicaragua,NI,NIC,761010,aluminium,23.0272,122252.84,2024,2024,False
Nicaragua,NI,NIC,760900,aluminium,0.0128,111.45,2024,2024,False
Nicaragua,NI,NIC,7608,aluminium,0.2476,1382.59,2024,2024,False
Nicaragua,NI,NIC,7607,aluminium,6.3825,5086.96,2024,2024,False
Nicaragua,NI,NIC,7606,aluminium,5.018,3524.63,2024,2024,False
New Zealand,NZ,NZL,761699,aluminium,1063.4547,11433319.08,2024,2024,False
New Zealand,NZ,NZL,761691,aluminium,50.45,390326.34,2024,2024,False
Oman,OM,OMN,761520,aluminium,0.07,24.03,2024,2024,False
New Zealand,NZ,NZL,761300,aluminium,14.2333,96798.43,2024,2024,False
Oman,OM,OMN,7614,aluminium,4245.694,12474607.16,2024,2024,False
Morocco,MA,MAR,7607,aluminium,47.9951,538065.2,2024,2024,False
Montenegro,ME,MNE,761100,aluminium,23.5,11946.92,2024,2024,False
Montenegro,ME,MNE,761510,aluminium,0.5069,4113.67,2024,2024,False
Montenegro,ME,MNE,761610,aluminium,0.2312,1424.53,2024,2024,False
Montenegro,ME,MNE,761691,aluminium,1.7372,7337.5,2024,2024,False
Montenegro,ME,MNE,761699,aluminium,21.1114,42665.11,2024,2024,False
Morocco,MA,MAR,7605,aluminium,0.77,7553.09,2024,2024,False
Morocco,MA,MAR,7606,aluminium,65.6674,366183.33,2024,2024,False
Morocco,MA,MAR,7608,aluminium,192.9461,1619593.53,2024,2024,False
Montenegro,ME,MNE,761010,aluminium,34.4707,240295.9,2024,2024,False
Morocco,MA,MAR,760900,aluminium,0.2701,6864.26,2024,2024,False
Morocco,MA,MAR,761010,aluminium,697.9442,3936234.18,2024,2024,False
Morocco,MA,MAR,761090,aluminium,612.8023,6449395.45,2024,2024,False
Morocco,MA,MAR,761100,aluminium,0.084,5572.83,2024,2024,False
Morocco,MA,MAR,7612,aluminium,15310.1791,128574597.99,2024,2024,False
Morocco,MA,MAR,761300,aluminium,6.9574,43605.93,2024,2024,False
Morocco,MA,MAR,7614,aluminium,1754.944,7009134.3,2024,2024,False
Montenegro,ME,MNE,761090,aluminium,23.0227,122771.9,2024,2024,False
Montenegro,ME,MNE,760900,aluminium,0.0336,134.37,2024,2024,False
Morocco,MA,MAR,761520,aluminium,1231.9837,1750268.01,2024,2024,False
Moldova,MD,MDA,761090,aluminium,39.7386,350487.94,2024,2024,False
Mexico,MX,MEX,761520,aluminium,2.448,34294.43,2024,2024,False
Oman,OM,OMN,761300,aluminium,638.721,331006.43,2024,2024,False
Mexico,MX,MEX,761691,aluminium,213.925,1505187.14,2024,2024,False
Mexico,MX,MEX,761699,aluminium,67717.7518,599001304.87,2024,2024,False
Moldova,MD,MDA,7607,aluminium,35.7246,266298.86,2024,2024,False
Moldova,MD,MDA,7608,aluminium,0.1325,2729.88,2024,2024,False
Moldova,MD,MDA,761010,aluminium,83.149,620588.67,2024,2024,False
Moldova,MD,MDA,7612,aluminium,1.35,8994.55,2024,2024,False
Montenegro,ME,MNE,7608,aluminium,1.7671,3637.59,2024,2024,False
Moldova,MD,MDA,761300,aluminium,0.008,14.79,2024,2024,False
Moldova,MD,MDA,761510,aluminium,40.357,211499.86,2024,2024,False
Moldova,MD,MDA,761520,aluminium,0.003,114.59,2024,2024,False
Moldova,MD,MDA,761610,aluminium,3.912,31765.09,2024,2024,False
Moldova,MD,MDA,761699,aluminium,10.1074,109237.59,2024,2024,False
Montenegro,ME,MNE,7606,aluminium,1.0412,1622.05,2024,2024,False
Montenegro,ME,MNE,7607,aluminium,1.0211,3235.76,2024,2024,False
Morocco,MA,MAR,761510,aluminium,104.2756,745438.78,2024,2024,False
Mexico,MX,MEX,761610,aluminium,1035.6961,22199776.36,2024,2024,False
Mozambique,MZ,MOZ,7612,aluminium,0.001,7.21,2024,2024,False
Mozambique,MZ,MOZ,7614,aluminium,167.343,866718.97,2024,2024,False
Oman,OM,OMN,761100,aluminium,4.295,14891.82,2024,2024,False
Oman,OM,OMN,761090,aluminium,213.322,483779.73,2024,2024,False
Oman,OM,OMN,761010,aluminium,155.648,393724.62,2024,2024,False
Oman,OM,OMN,760900,aluminium,24.767,47302.43,2024,2024,False
Oman,OM,OMN,7608,aluminium,28.9693,100180.87,2024,2024,False
Oman,OM,OMN,7607,aluminium,3635.3579,11629107.23,2024,2024,False
Oman,OM,OMN,7606,aluminium,104020.4063,297990488.82,2024,2024,False
Oman,OM,OMN,7605,aluminium,43502.544,117528850.01,2024,2024,False
Mozambique,MZ,MOZ,761699,aluminium,32.516,44097.77,2024,2024,False
Mozambique,MZ,MOZ,761610,aluminium,0.5,368.17,2024,2024,False
Mozambique,MZ,MOZ,761510,aluminium,285.788,372039.74,2024,2024,False
Oman,OM,OMN,7612,aluminium,9.269,99366.1,2024,2024,False
Mozambique,MZ,MOZ,761100,aluminium,0.002,5465.21,2024,2024,False
Mozambique,MZ,MOZ,761090,aluminium,0.003,1542.19,2024,2024,False
Mozambique,MZ,MOZ,761010,aluminium,0.004,2802.79,2024,2024,False
Mozambique,MZ,MOZ,7607,aluminium,33.767,95906.29,2024,2024,False
Mozambique,MZ,MOZ,7605,aluminium,,148892097.31,2024,2024,False
Morocco,MA,MAR,761699,aluminium,308.6349,7301988.2,2024,2024,False
Morocco,MA,MAR,761691,aluminium,0.7196,48728.15,2024,2024,False
Morocco,MA,MAR,761610,aluminium,9.2507,1228374.25,2024,2024,False
Mali,ML,MLI,7607,aluminium,0.011,251.64,2024,2023,True
Mali,ML,MLI,761010,aluminium,0.6,2312.33,2024,2023,True
Mali,ML,MLI,7612,aluminium,0.6,274.3,2024,2023,True
Mali,ML,MLI,761691,aluminium,0.552,4064.44,2024,2023,True
Mauritania,MR,MRT,761300,aluminium,0.225,9780.38,2024,2023,True
Mauritius,MU,MUS,761100,aluminium,0.016,183.88,2024,2023,True
Georgia,GE,GEO,722211,iron_steel,0.072,554.48,2024,2023,True
Georgia,GE,GEO,722090,iron_steel,2.263,5102.5,2024,2023,True
Georgia,GE,GEO,721990,iron_steel,1.076,2897.75,2024,2023,True
Mauritius,MU,MUS,761520,aluminium,0.0947,1195.28,2024,2023,True
Ecuador,EC,ECU,721990,iron_steel,0.0003,332.69,2024,2023,True
Ecuador,EC,ECU,722211,iron_steel,,716.94,2024,2023,True
Ecuador,EC,ECU,722410,iron_steel,0.0003,2749.38,2024,2023,True
Ethiopia,ET,ETH,722211,iron_steel,0.15,521.33,2024,2023,True
Madagascar,MG,MDG,761300,aluminium,0.5762,589.39,2024,2023,True
Kyrgyzstan,KG,KGZ,7607,aluminium,5.247,10297.57,2024,2023,True
Kyrgyzstan,KG,KGZ,761100,aluminium,0.02,300.34,2024,2023,True
Kenya,KE,KEN,761691,aluminium,3.816,14821.33,2024,2023,True
Laos,LA,LAO,761510,aluminium,2.09,2207.74,2024,2023,True
Laos,LA,LAO,761610,aluminium,9.26,855.74,2024,2023,True
Lebanon,LB,LBN,7614,aluminium,0.0621,231.03,2024,2023,True
Madagascar,MG,MDG,7605,aluminium,0.035,437.61,2024,2023,True
Madagascar,MG,MDG,7606,aluminium,2.2178,11313.87,2024,2023,True
Laos,LA,LAO,7614,aluminium,40.0,29572.13,2024,2023,True
Laos,LA,LAO,7612,aluminium,1326.312,736936.96,2024,2023,True
Laos,LA,LAO,761090,aluminium,0.015,60.27,2024,2023,True
Laos,LA,LAO,761010,aluminium,0.488,5620.55,2024,2023,True
Jordan,JO,JOR,761691,aluminium,46.4639,456713.8,2024,2023,True
Jordan,JO,JOR,761300,aluminium,0.345,5335.27,2024,2023,True
Kyrgyzstan,KG,KGZ,7614,aluminium,,5.54,2024,2023,True
Kyrgyzstan,KG,KGZ,761691,aluminium,0.076,3053.32,2024,2023,True
North Macedonia,MK,MKD,720249,iron_steel,7.0,32056.03,2024,2023,True
Zambia,ZM,ZMB,722850,iron_steel,0.802,6263.71,2024,2023,True
Honduras,HN,HND,722020,iron_steel,1.0135,8623.04,2024,2023,True
Guatemala,GT,GTM,722519,iron_steel,32.185,57296.92,2024,2023,True
Zambia,ZM,ZMB,722840,iron_steel,10.252,5918.98,2024,2023,True
Uruguay,UY,URY,722699,iron_steel,0.0045,2384.25,2024,2023,True
Uzbekistan,UZ,UZB,722611,iron_steel,0.08,304.96,2024,2023,True
Uzbekistan,UZ,UZB,722692,iron_steel,22.32,87642.55,2024,2023,True
Zambia,ZM,ZMB,722810,iron_steel,0.001,1115.9,2024,2023,True
Colombia,CO,COL,722410,iron_steel,0.285,2749.28,2024,2023,True
Costa Rica,CR,CRI,722490,iron_steel,0.127,873.4,2024,2023,True
Ghana,GH,GHA,722211,iron_steel,0.01,277.38,2024,2023,True
Ghana,GH,GHA,722300,iron_steel,0.05,195.9,2024,2023,True
Ghana,GH,GHA,722240,iron_steel,40.224,116591.83,2024,2023,True
Ghana,GH,GHA,722230,iron_steel,106.0814,60209.97,2024,2023,True
Ghana,GH,GHA,722220,iron_steel,0.2633,169.99,2024,2023,True
Ghana,GH,GHA,722219,iron_steel,127.666,81308.86,2024,2023,True
Ghana,GH,GHA,7221,iron_steel,596.9004,380791.01,2024,2023,True
Ghana,GH,GHA,722090,iron_steel,1.8475,9906.8,2024,2023,True
Ghana,GH,GHA,722012,iron_steel,55.424,160288.16,2024,2023,True
Dominican Republic,DO,DOM,722530,iron_steel,42.0,31244.8,2024,2023,True
Dominican Republic,DO,DOM,722220,iron_steel,0.097,462.07,2024,2023,True
Dominican Republic,DO,DOM,721990,iron_steel,0.4207,2161.12,2024,2023,True
Ukraine,UA,UKR,722620,iron_steel,2.092,181631.53,2024,2023,True
Uganda,UG,UGA,722820,iron_steel,0.008,2.75,2024,2023,True
Uganda,UG,UGA,722620,iron_steel,3.8,4620.29,2024,2023,True
Egypt,EG,EGY,722611,iron_steel,8.1502,26827.47,2024,2023,True
Egypt,EG,EGY,722692,iron_steel,,148.97,2024,2023,True
Egypt,EG,EGY,722699,iron_steel,0.254,462.06,2024,2023,True
Argentina,AR,ARG,722240,iron_steel,7.5084,57391.74,2024,2023,True
Azerbaijan,AZ,AZE,722240,iron_steel,0.0096,75.21,2024,2023,True
Azerbaijan,AZ,AZE,722230,iron_steel,0.0075,15.27,2024,2023,True
Azerbaijan,AZ,AZE,722020,iron_steel,0.018,714.62,2024,2023,True
Bahrain,BH,BHR,722011,iron_steel,0.0245,101.68,2024,2023,True
Bolivia,BO,BOL,722410,iron_steel,0.0015,1108.95,2024,2023,True
Bolivia,BO,BOL,722240,iron_steel,0.088,14877.92,2024,2023,True
Armenia,AM,ARM,722410,iron_steel,72.26,23372.15,2024,2023,True
Bahrain,BH,BHR,722012,iron_steel,6.0327,21676.7,2024,2023,True
Bahrain,BH,BHR,722020,iron_steel,0.0064,29.87,2024,2023,True
Vietnam,VN,VNM,722240,iron_steel,382.6189,2571089.07,2024,2023,True
Angola,AO,AGO,722211,iron_steel,3.2,1214.15,2024,2023,True
Vietnam,VN,VNM,722591,iron_steel,408.3483,495112.5,2024,2023,True
Vietnam,VN,VNM,722550,iron_steel,20949.1428,21516868.15,2024,2023,True
Vietnam,VN,VNM,722540,iron_steel,269.3469,455290.19,2024,2023,True
Vietnam,VN,VNM,722530,iron_steel,13467.1189,11043865.65,2024,2023,True
Vietnam,VN,VNM,722519,iron_steel,40769.4031,57584449.37,2024,2023,True
Vietnam,VN,VNM,722511,iron_steel,609.2688,1821369.97,2024,2023,True
Vietnam,VN,VNM,722490,iron_steel,10758.171,9680009.33,2024,2023,True
Vietnam,VN,VNM,722410,iron_steel,,69885628.14,2024,2023,True
Vietnam,VN,VNM,722300,iron_steel,6318.5538,43785278.5,2024,2023,True
Vietnam,VN,VNM,722230,iron_steel,524.5318,3488902.17,2024,2023,True
Vietnam,VN,VNM,722220,iron_steel,507.9388,2805344.07,2024,2023,True
Vietnam,VN,VNM,722219,iron_steel,19.153,95496.66,2024,2023,True
Vietnam,VN,VNM,722211,iron_steel,6.7154,37612.42,2024,2023,True
Vietnam,VN,VNM,7221,iron_steel,30.3039,111467.63,2024,2023,True
Vietnam,VN,VNM,722090,iron_steel,179.6315,1440402.45,2024,2023,True
Vietnam,VN,VNM,722020,iron_steel,4002.0758,17479134.22,2024,2023,True
Vietnam,VN,VNM,722012,iron_steel,66.6334,233945.54,2024,2023,True
Vietnam,VN,VNM,722011,iron_steel,2.4027,9987.25,2024,2023,True
Vietnam,VN,VNM,721990,iron_steel,1399.9133,5036641.07,2024,2023,True
Bosnia and Herzegovina,BA,BIH,7221,iron_steel,3.798,17411.17,2024,2023,True
Chile,CL,CHL,722020,iron_steel,0.015,2336.57,2024,2023,True
Sri Lanka,LK,LKA,722490,iron_steel,1.46,2501.7,2024,2023,True
Chile,CL,CHL,722511,iron_steel,0.518,10604.9,2024,2023,True
Bosnia and Herzegovina,BA,BIH,722550,iron_steel,13.852,32241.47,2024,2023,True
Bosnia and Herzegovina,BA,BIH,722519,iron_steel,41.662,146639.24,2024,2023,True
Cameroon,CM,CMR,722410,iron_steel,12.1,34427.11,2024,2023,True
Cameroon,CM,CMR,722230,iron_steel,0.037,50.38,2024,2023,True
Cameroon,CM,CMR,722220,iron_steel,6.0,4654.69,2024,2023,True
Cameroon,CM,CMR,722219,iron_steel,0.075,906.27,2024,2023,True
Cameroon,CM,CMR,722211,iron_steel,0.113,833.44,2024,2023,True
Myanmar,MM,MMR,722300,iron_steel,313.1,482555.22,2024,2023,True
Brunei Darussalam,BN,BRN,722240,iron_steel,0.011,34.4,2024,2023,True
Brunei Darussalam,BN,BRN,722090,iron_steel,0.3128,41.86,2024,2023,True
Jordan,JO,JOR,761100,aluminium,0.2743,3691.31,2024,2023,True
Uzbekistan,UZ,UZB,280410,hydrogen,0.857,10389.98,2024,2023,True
Kenya,KE,KEN,252330,cement,0.175,230.23,2024,2023,True
Jordan,JO,JOR,310260,fertilizers,401.2871,215215.82,2024,2023,True
Jordan,JO,JOR,310221,fertilizers,62.1687,15198.97,2024,2023,True
Kuwait,KW,KWT,310221,fertilizers,5.0,2978.28,2024,2023,True
Lebanon,LB,LBN,283421,fertilizers,,8150.82,2024,2023,True
Laos,LA,LAO,260112,iron_steel,3455.5,567813.7,2024,2023,True
Laos,LA,LAO,252329,cement,1352766.48,74133377.2,2024,2023,True
Laos,LA,LAO,252310,cement,293.0,6092.78,2024,2023,True
Kyrgyzstan,KG,KGZ,310210,fertilizers,0.5,3512.61,2024,2023,True
Kyrgyzstan,KG,KGZ,250700,cement,46.0,425.1,2024,2023,True
Kuwait,KW,KWT,280800,fertilizers,10.5,9172.51,2024,2023,True
Kuwait,KW,KWT,260112,iron_steel,5.0,4759.23,2024,2023,True
Kuwait,KW,KWT,252321,cement,3.5,351.98,2024,2023,True
South Korea,KR,KOR,310229,fertilizers,1660.0,452227.15,2024,2023,True
Jamaica,JM,JAM,250700,cement,4.7628,5490.56,2024,2023,True
Ivory Coast,CI,CIV,283421,fertilizers,0.001,152.35,2024,2023,True
Ivory Coast,CI,CIV,281410,fertilizers,0.084,1162.21,2024,2023,True
Ivory Coast,CI,CIV,252310,cement,0.509,126.21,2024,2023,True
Israel,IL,ISR,310230,fertilizers,82.7465,43434.06,2024,2023,True
Israel,IL,ISR,281420,fertilizers,,5544.77,2024,2023,True
Israel,IL,ISR,252321,cement,12.7428,1848.26,2024,2023,True
Jordan,JO,JOR,252310,cement,,112168.53,2024,2023,True
Kazakhstan,KZ,KAZ,310280,fertilizers,52.54,31707.46,2024,2023,True
Kazakhstan,KZ,KAZ,310229,fertilizers,131.736,26287.52,2024,2023,True
Namibia,,NAM,280410,hydrogen,24.0,20949.34,2024,2023,True
Oman,OM,OMN,280410,hydrogen,3.8924,47191.87,2024,2023,True
Oman,OM,OMN,252330,cement,160.9323,79609.69,2024,2023,True
Mozambique,MZ,MOZ,310260,fertilizers,11990.7,10023103.23,2024,2023,True
Namibia,,NAM,310229,fertilizers,0.2,140.69,2024,2023,True
Nicaragua,NI,NIC,310221,fertilizers,432.0,239534.24,2024,2023,True
Nicaragua,NI,NIC,252390,cement,0.16,299.23,2024,2023,True
Nicaragua,NI,NIC,252310,cement,0.0024,41.59,2024,2023,True
New Zealand,NZ,NZL,310240,fertilizers,24.18,19249.46,2024,2023,True
New Zealand,NZ,NZL,310229,fertilizers,20.0,12711.9,2024,2023,True
Namibia,,NAM,310280,fertilizers,5.0,4259.96,2024,2023,True
Mauritius,MU,MUS,280410,hydrogen,0.905,2435.93,2024,2023,True
Mauritania,MR,MRT,310240,fertilizers,1.575,3380.69,2024,2023,True
Mauritania,MR,MRT,281410,fertilizers,4.395,24127.53,2024,2023,True
Mauritania,MR,MRT,252390,cement,235.4679,44888.45,2024,2023,True
Mali,ML,MLI,310230,fertilizers,93.605,171646.82,2024,2023,True
Mali,ML,MLI,310221,fertilizers,6553.62,2496594.97,2024,2023,True
Mali,ML,MLI,310210,fertilizers,13717.1,7108487.44,2024,2023,True
Mali,ML,MLI,252321,cement,1.548,3119.23,2024,2023,True
Mali,ML,MLI,250700,cement,35.0,1371.57,2024,2023,True
Malaysia,MY,MYS,260112,iron_steel,,123.0,2024,2023,True
Mauritius,MU,MUS,283421,fertilizers,3.981,4240.7,2024,2023,True
Mauritius,MU,MUS,310229,fertilizers,0.5,277.75,2024,2023,True
Mauritius,MU,MUS,310260,fertilizers,1.004,1044.47,2024,2023,True
Moldova,MD,MDA,250700,cement,21.6,5271.23,2024,2023,True
Mongolia,MN,MNG,260112,iron_steel,25244.1,2280380.07,2024,2023,True
Indonesia,ID,IDN,310250,fertilizers,15.0037,15455.91,2024,2023,True
Albania,AL,ALB,730630,iron_steel,47.375,70513.15,2024,2023,True
Angola,AO,AGO,730424,iron_steel,2.0,2225.94,2024,2023,True
Azerbaijan,AZ,AZE,730300,iron_steel,0.001,62.58,2024,2023,True
Azerbaijan,AZ,AZE,730411,iron_steel,0.8768,9526.6,2024,2023,True
Azerbaijan,AZ,AZE,730422,iron_steel,0.165,7062.89,2024,2023,True
Congo,CG,COG,252310,cement,84103.0207,5721425.47,2024,2023,True
Azerbaijan,AZ,AZE,730431,iron_steel,0.0006,46.38,2024,2023,True
Congo,CG,COG,252329,cement,288982.3,28891380.98,2024,2023,True
Bahrain,BH,BHR,730611,iron_steel,2.0869,11799.89,2024,2023,True
Armenia,AM,ARM,730300,iron_steel,0.053,322.89,2024,2023,True
Armenia,AM,ARM,730419,iron_steel,0.0038,481.55,2024,2023,True
Armenia,AM,ARM,730451,iron_steel,0.001,119.96,2024,2023,True
Azerbaijan,AZ,AZE,730611,iron_steel,0.015,177.43,2024,2023,True
Azerbaijan,AZ,AZE,730619,iron_steel,0.0007,19.98,2024,2023,True
Argentina,AR,ARG,730419,iron_steel,2924.02,6270201.01,2024,2023,True
Argentina,AR,ARG,730441,iron_steel,2.9356,38332.47,2024,2023,True
Congo,CG,COG,252321,cement,9400.0,238171.77,2024,2023,True
Congo,CG,COG,280410,hydrogen,0.0112,1378.36,2024,2023,True
Honduras,HN,HND,252321,cement,0.8755,604.8,2024,2023,True
Ghana,GH,GHA,310250,fertilizers,135.239,320767.27,2024,2023,True
Ghana,GH,GHA,310230,fertilizers,48587.59,38632228.11,2024,2023,True
Ghana,GH,GHA,283421,fertilizers,0.117,184.82,2024,2023,True
Ghana,GH,GHA,281420,fertilizers,0.005,7.26,2024,2023,True
Ghana,GH,GHA,281410,fertilizers,10.874,25135.61,2024,2023,True
Ghana,GH,GHA,280800,fertilizers,0.0664,421.5,2024,2023,True
Ghana,GH,GHA,280410,hydrogen,0.023,546.98,2024,2023,True
Ghana,GH,GHA,252329,cement,220.193,18838.57,2024,2023,True
Ghana,GH,GHA,252310,cement,50000.01,3282331.0,2024,2023,True
Ghana,GH,GHA,250700,cement,30.357,1352.62,2024,2023,True
Hong Kong,HK,HKG,310230,fertilizers,54.6,41925.82,2024,2023,True
Indonesia,ID,IDN,280800,fertilizers,0.02,51.75,2024,2023,True
Indonesia,ID,IDN,260112,iron_steel,229488.0,22229969.76,2024,2023,True
Honduras,HN,HND,252390,cement,0.815,1214.67,2024,2023,True
Honduras,HN,HND,283421,fertilizers,230.0,307476.2,2024,2023,True
Democratic Republic of the Congo,CD,COD,250700,cement,44.237,5798.41,2024,2023,True
Benin,BJ,BEN,252310,cement,0.163,3.31,2024,2023,True
Costa Rica,CR,CRI,310250,fertilizers,2.0,8280.2,2024,2023,True
Costa Rica,CR,CRI,252321,cement,0.1957,134.0,2024,2023,True
Democratic Republic of the Congo,CD,COD,260112,iron_steel,0.058,7.9,2024,2023,True
Democratic Republic of the Congo,CD,COD,252329,cement,4330.63,578448.09,2024,2023,True
Democratic Republic of the Congo,CD,COD,252321,cement,3.0,1125.43,2024,2023,True
Democratic Republic of the Congo,CD,COD,252310,cement,70200.0,8565095.38,2024,2023,True
Georgia,GE,GEO,280800,fertilizers,25.0,11551.61,2024,2023,True
Gabon,GA,GAB,310221,fertilizers,4056.0,305191.5,2024,2023,True
Gabon,GA,GAB,310210,fertilizers,20.16,17508.67,2024,2023,True
Gabon,GA,GAB,260112,iron_steel,0.779,9757.6,2024,2023,True
Gabon,GA,GAB,252390,cement,4595.68,1457646.19,2024,2023,True
Gabon,GA,GAB,252321,cement,9519.45,652350.8,2024,2023,True
Ethiopia,ET,ETH,252329,cement,572.0,72275.86,2024,2023,True
Ethiopia,ET,ETH,250700,cement,0.0243,137.07,2024,2023,True
El Salvador,SV,SLV,283421,fertilizers,0.0936,289.25,2024,2023,True
Dominican Republic,DO,DOM,310221,fertilizers,7.8766,87369.54,2024,2023,True
Ecuador,EC,ECU,310210,fertilizers,,10285.56,2024,2023,True
Ecuador,EC,ECU,281410,fertilizers,,15.25,2024,2023,True
Ecuador,EC,ECU,252390,cement,,86603.09,2024,2023,True
Ecuador,EC,ECU,252321,cement,,536.36,2024,2023,True
Tanzania,TZ,TZA,280410,hydrogen,0.02,23.84,2024,2023,True
Yemen,YE,YEM,252310,cement,0.75,342.49,2024,2023,True
Tunisia,TN,TUN,722840,iron_steel,0.115,398.68,2024,2023,True
Uzbekistan,UZ,UZB,260112,iron_steel,0.52,64.69,2024,2023,True
Uruguay,UY,URY,310229,fertilizers,26.136,48188.71,2024,2023,True
Uganda,UG,UGA,260112,iron_steel,5994.716,684141.95,2024,2023,True
Egypt,EG,EGY,310240,fertilizers,10.4179,3234.45,2024,2023,True
North Macedonia,MK,MKD,310240,fertilizers,217.045,128996.92,2024,2023,True
Egypt,EG,EGY,280410,hydrogen,3.671,41511.88,2024,2023,True
Egypt,EG,EGY,260112,iron_steel,0.0154,1.85,2024,2023,True
North Macedonia,MK,MKD,310250,fertilizers,7.055,7934.88,2024,2023,True
Yemen,YE,YEM,721730,iron_steel,,1141.63,2024,2023,True
Zambia,ZM,ZMB,721924,iron_steel,15.506,30194.77,2024,2023,True
Zambia,ZM,ZMB,721923,iron_steel,4.357,26495.07,2024,2023,True
Zambia,ZM,ZMB,721922,iron_steel,37.001,96528.46,2024,2023,True
Zambia,ZM,ZMB,721921,iron_steel,1.42,1742.49,2024,2023,True
Zambia,ZM,ZMB,721911,iron_steel,14.37,94618.22,2024,2023,True
Zambia,ZM,ZMB,721730,iron_steel,0.01,31.69,2024,2023,True
Yemen,YE,YEM,721923,iron_steel,,273.99,2024,2023,True
Uzbekistan,UZ,UZB,721921,iron_steel,0.59,2495.15,2024,2023,True
Uzbekistan,UZ,UZB,721790,iron_steel,0.394,125.68,2024,2023,True
Uruguay,UY,URY,721923,iron_steel,10.2477,28178.54,2024,2023,True
Uruguay,UY,URY,721790,iron_steel,0.5638,7231.31,2024,2023,True
Jordan,JO,JOR,7605,aluminium,17.3565,117143.11,2024,2023,True
Egypt,EG,EGY,721934,iron_steel,70.1623,184400.33,2024,2023,True
Egypt,EG,EGY,721911,iron_steel,0.0815,277.24,2024,2023,True
Egypt,EG,EGY,721810,iron_steel,,62840.77,2024,2023,True
North Macedonia,MK,MKD,721924,iron_steel,0.762,3353.41,2024,2023,True
North Macedonia,MK,MKD,721922,iron_steel,0.878,2783.96,2024,2023,True
Zambia,ZM,ZMB,310250,fertilizers,26.25,37143.47,2024,2023,True
Zambia,ZM,ZMB,310221,fertilizers,55.0,37811.42,2024,2023,True
Zambia,ZM,ZMB,252330,cement,30.0,3511.43,2024,2023,True
Tanzania,TZ,TZA,721914,iron_steel,0.9984,1017.32,2024,2023,True
Tanzania,TZ,TZA,721911,iron_steel,1.46,1161.85,2024,2023,True
Tanzania,TZ,TZA,721899,iron_steel,40.0,64705.19,2024,2023,True
Serbia,RS,SRB,310280,fertilizers,10270.58,7630271.69,2024,2023,True
Serbia,RS,SRB,260112,iron_steel,0.017,4.62,2024,2023,True
Serbia,RS,SRB,252330,cement,37.8,92397.19,2024,2023,True
Senegal,SN,SEN,310230,fertilizers,590.066,779037.02,2024,2023,True
Senegal,SN,SEN,310221,fertilizers,5.0,1524.07,2024,2023,True
Vietnam,VN,VNM,252310,cement,10628199.6864,359045231.09,2024,2023,True
Vietnam,VN,VNM,250700,cement,20510.2482,5907091.45,2024,2023,True
Senegal,SN,SEN,260112,iron_steel,0.026,0.08,2024,2023,True
Vietnam,VN,VNM,252329,cement,,736220529.8,2024,2023,True
Papua New Guinea,PG,PNG,260112,iron_steel,0.515,30.78,2024,2023,True
Paraguay,PY,PRY,260112,iron_steel,0.023,61.33,2024,2023,True
Paraguay,PY,PRY,250700,cement,0.002,12.38,2024,2023,True
Papua New Guinea,PG,PNG,310260,fertilizers,110.0,45322.18,2024,2023,True
Papua New Guinea,PG,PNG,310230,fertilizers,930.58,1235217.15,2024,2023,True
Papua New Guinea,PG,PNG,310210,fertilizers,1.064,2094.36,2024,2023,True
Papua New Guinea,PG,PNG,280800,fertilizers,0.003,1.54,2024,2023,True
Papua New Guinea,PG,PNG,252329,cement,,246555.16,2024,2023,True
Peru,PE,PER,280800,fertilizers,0.455,1979.72,2024,2023,True
Panama,PA,PAN,283421,fertilizers,0.2,961.09,2024,2023,True
Pakistan,PK,PAK,252390,cement,12.0,4603.15,2024,2023,True
Peru,PE,PER,281410,fertilizers,10.0,27141.67,2024,2023,True
Senegal,SN,SEN,252321,cement,25.0,10160.21,2024,2023,True
Philippines,PH,PHL,310230,fertilizers,162.807,240698.64,2024,2023,True
Philippines,PH,PHL,281420,fertilizers,21.5164,18556.51,2024,2023,True
Peru,PE,PER,310250,fertilizers,0.0011,283.88,2024,2023,True
Vietnam,VN,VNM,252321,cement,174.1058,19042.77,2024,2023,True
Vietnam,VN,VNM,252330,cement,46.0319,47147.21,2024,2023,True
United Arab Emirates,AE,ARE,252329,cement,3609942.5335,148548334.12,2024,2023,True
United Arab Emirates,AE,ARE,310250,fertilizers,20.8,27264.33,2024,2023,True
United Arab Emirates,AE,ARE,310240,fertilizers,5.4,7549.05,2024,2023,True
United Arab Emirates,AE,ARE,310229,fertilizers,33.8965,58378.8,2024,2023,True
United Arab Emirates,AE,ARE,310221,fertilizers,862.586,414722.49,2024,2023,True
United Arab Emirates,AE,ARE,310210,fertilizers,7040.1918,3391418.69,2024,2023,True
United Arab Emirates,AE,ARE,283421,fertilizers,,235651.75,2024,2023,True
United Arab Emirates,AE,ARE,281420,fertilizers,316.6088,272474.4,2024,2023,True
United Arab Emirates,AE,ARE,281410,fertilizers,474.356,877341.12,2024,2023,True
United Arab Emirates,AE,ARE,280800,fertilizers,389.475,374462.84,2024,2023,True
United Arab Emirates,AE,ARE,280410,hydrogen,623.5903,986179.9,2024,2023,True
United Arab Emirates,AE,ARE,260112,iron_steel,125133.468,7269795.6,2024,2023,True
United Arab Emirates,AE,ARE,252390,cement,216740.6107,24303688.17,2024,2023,True
United Arab Emirates,AE,ARE,252330,cement,216.9335,179495.13,2024,2023,True
United Arab Emirates,AE,ARE,252321,cement,655170.1452,72384210.58,2024,2023,True
United Arab Emirates,AE,ARE,310280,fertilizers,22.838,12646.41,2024,2023,True
United Arab Emirates,AE,ARE,252310,cement,8914108.4365,334796850.63,2024,2023,True
United Arab Emirates,AE,ARE,250700,cement,1927.9755,676933.41,2024,2023,True
Trinidad and Tobago,TT,TTO,310221,fertilizers,0.299,649.6,2024,2023,True
Trinidad and Tobago,TT,TTO,280410,hydrogen,0.189,11812.37,2024,2023,True
United Arab Emirates,AE,ARE,310260,fertilizers,184.6145,141685.28,2024,2023,True
Tunisia,TN,TUN,310210,fertilizers,0.048,150.51,2024,2023,True
Vietnam,VN,VNM,252390,cement,701298.0,29237273.36,2024,2023,True
Vietnam,VN,VNM,310260,fertilizers,425.5277,242572.16,2024,2023,True
Vietnam,VN,VNM,310250,fertilizers,199.0,106561.11,2024,2023,True
Vietnam,VN,VNM,310230,fertilizers,66563.8333,47224336.94,2024,2023,True
Vietnam,VN,VNM,310229,fertilizers,744.5364,155675.08,2024,2023,True
Vietnam,VN,VNM,310221,fertilizers,12739.8201,3041658.31,2024,2023,True
Vietnam,VN,VNM,310210,fertilizers,617453.6257,229104217.03,2024,2023,True
Vietnam,VN,VNM,281420,fertilizers,,98203.02,2024,2023,True
Vietnam,VN,VNM,281410,fertilizers,666.0891,490902.89,2024,2023,True
Vietnam,VN,VNM,280800,fertilizers,497.2825,221252.54,2024,2023,True
Zimbabwe,ZW,ZWE,252310,cement,0.0002,0.91,2024,2023,True
Tajikistan,TJ,TJK,252329,cement,636251.82,19225870.99,2024,2023,True
Eswatini,SZ,SWZ,310229,fertilizers,43591.06,452109.48,2024,2023,True
Eswatini,SZ,SWZ,310221,fertilizers,823.14,185052.0,2024,2023,True
Eswatini,SZ,SWZ,310210,fertilizers,206.0,123702.83,2024,2023,True
Eswatini,SZ,SWZ,252329,cement,170.861,67703.68,2024,2023,True
Eswatini,SZ,SWZ,252321,cement,0.24,30.21,2024,2023,True
Eswatini,SZ,SWZ,252310,cement,0.05,5.13,2024,2023,True
Tunisia,TN,TUN,722870,iron_steel,4.578,26098.44,2024,2023,True
Tunisia,TN,TUN,7227,iron_steel,3.5,9159.95,2024,2023,True
Namibia,,NAM,7605,aluminium,0.929,886.96,2024,2023,True
Mozambique,MZ,MOZ,761520,aluminium,0.24,924.13,2024,2023,True
Pakistan,PK,PAK,7605,aluminium,1.525,31871.4,2024,2023,True
Papua New Guinea,PG,PNG,7605,aluminium,1.919,1919.07,2024,2023,True
Papua New Guinea,PG,PNG,7606,aluminium,0.0258,28.58,2024,2023,True
Papua New Guinea,PG,PNG,7607,aluminium,0.002,144.45,2024,2023,True
Papua New Guinea,PG,PNG,761090,aluminium,0.1731,1629.03,2024,2023,True
Papua New Guinea,PG,PNG,7612,aluminium,0.326,7574.45,2024,2023,True
Papua New Guinea,PG,PNG,761300,aluminium,1.8606,28111.82,2024,2023,True
Nigeria,NG,NGA,761699,aluminium,0.0005,1.37,2024,2023,True
Niger,NE,NER,761699,aluminium,0.014,220.86,2024,2023,True
Nicaragua,NI,NIC,761520,aluminium,0.0924,669.99,2024,2023,True
Montenegro,ME,MNE,761520,aluminium,0.035,252.72,2024,2023,True
Uruguay,UY,URY,722211,iron_steel,0.0076,133.07,2024,2023,True
Uruguay,UY,URY,721990,iron_steel,0.5354,5073.47,2024,2023,True
Uruguay,UY,URY,722011,iron_steel,0.5202,3240.92,2024,2023,True
Egypt,EG,EGY,722410,iron_steel,,184.83,2024,2023,True
Tanzania,TZ,TZA,722011,iron_steel,43.653,33149.83,2024,2023,True
Mongolia,MN,MNG,7612,aluminium,0.0358,2772.39,2024,2023,True
Mongolia,MN,MNG,761300,aluminium,0.03,462.06,2024,2023,True
Mongolia,MN,MNG,761510,aluminium,6.3659,15256.76,2024,2023,True
Mongolia,MN,MNG,761610,aluminium,0.0003,79.0,2024,2023,True
Mongolia,MN,MNG,761699,aluminium,8323.25,9308960.97,2024,2023,True
Moldova,MD,MDA,7605,aluminium,0.338,2815.82,2024,2023,True
Moldova,MD,MDA,7606,aluminium,0.266,1406.52,2024,2023,True
Moldova,MD,MDA,760900,aluminium,0.009,1202.29,2024,2023,True
Moldova,MD,MDA,761100,aluminium,0.084,600.68,2024,2023,True
Montenegro,ME,MNE,7605,aluminium,0.0465,923.57,2024,2023,True
Mongolia,MN,MNG,761010,aluminium,0.076,25.24,2024,2023,True
Mongolia,MN,MNG,7607,aluminium,0.028,1439.19,2024,2023,True
Mongolia,MN,MNG,7606,aluminium,0.568,13044.46,2024,2023,True
Zambia,ZM,ZMB,722219,iron_steel,2.09,2199.27,2024,2023,True
Uruguay,UY,URY,722240,iron_steel,9.0424,35775.81,2024,2023,True
Uzbekistan,UZ,UZB,722020,iron_steel,0.22,879.77,2024,2023,True
Uzbekistan,UZ,UZB,722211,iron_steel,7.0,333767.67,2024,2023,True
Uzbekistan,UZ,UZB,722230,iron_steel,64.18,842860.18,2024,2023,True
Zambia,ZM,ZMB,722211,iron_steel,6.1888,16018.77,2024,2023,True
Zambia,ZM,ZMB,722530,iron_steel,0.3015,739.69,2024,2023,True
Zambia,ZM,ZMB,722550,iron_steel,9.42,15459.15,2024,2023,True
Papua New Guinea,PG,PNG,761699,aluminium,0.7112,10641.59,2024,2023,True
Eswatini,SZ,SWZ,761610,aluminium,0.025,325.25,2024,2023,True
Zimbabwe,ZW,ZWE,7605,aluminium,0.024,259.14,2024,2023,True
Eswatini,SZ,SWZ,7605,aluminium,1.47,4972.05,2024,2023,True
Eswatini,SZ,SWZ,7606,aluminium,0.172,696.19,2024,2023,True
Eswatini,SZ,SWZ,7608,aluminium,0.007,4080.43,2024,2023,True
Eswatini,SZ,SWZ,761010,aluminium,3.1056,3389.27,2024,2023,True
Eswatini,SZ,SWZ,761090,aluminium,25.326,48226.64,2024,2023,True
Eswatini,SZ,SWZ,761100,aluminium,9.03,1908.13,2024,2023,True
Eswatini,SZ,SWZ,761300,aluminium,2.0,315.36,2024,2023,True
Eswatini,SZ,SWZ,7614,aluminium,0.01,24.23,2024,2023,True
Vietnam,VN,VNM,7612,aluminium,6749.299,57441803.82,2024,2023,True
Vietnam,VN,VNM,7605,aluminium,6840.7439,26812742.37,2024,2023,True
Vietnam,VN,VNM,7606,aluminium,3671.6906,14780857.41,2024,2023,True
Vietnam,VN,VNM,7607,aluminium,4121.1994,27841235.71,2024,2023,True
Vietnam,VN,VNM,7608,aluminium,8579.1743,55114092.31,2024,2023,True
Vietnam,VN,VNM,760900,aluminium,2019.0705,35447833.18,2024,2023,True
Vietnam,VN,VNM,761010,aluminium,5623.7824,57122074.01,2024,2023,True
Vietnam,VN,VNM,761090,aluminium,32602.5696,306738321.45,2024,2023,True
Vietnam,VN,VNM,761100,aluminium,5.3359,69064.56,2024,2023,True
Vietnam,VN,VNM,761300,aluminium,39.4289,595722.61,2024,2023,True
Vietnam,VN,VNM,7614,aluminium,4860.6628,16131600.91,2024,2023,True
Vietnam,VN,VNM,761510,aluminium,11882.2059,100838907.91,2024,2023,True
Vietnam,VN,VNM,761520,aluminium,62.5706,736628.16,2024,2023,True
Vietnam,VN,VNM,761610,aluminium,,6543658.8,2024,2023,True
Vietnam,VN,VNM,761691,aluminium,0.7452,6531.73,2024,2023,True
Vietnam,VN,VNM,761699,aluminium,29010.1069,434090479.05,2024,2023,True
Eswatini,SZ,SWZ,761510,aluminium,0.797,12381.45,2024,2023,True
Eswatini,SZ,SWZ,761699,aluminium,42.0977,36369.82,2024,2023,True
Tajikistan,TJ,TJK,7605,aluminium,199.605,419772.66,2024,2023,True
United Arab Emirates,AE,ARE,7605,aluminium,71408.6622,185663780.27,2024,2023,True
United Arab Emirates,AE,ARE,7606,aluminium,,140068347.5,2024,2023,True
United Arab Emirates,AE,ARE,7607,aluminium,31750.119,100882313.31,2024,2023,True
United Arab Emirates,AE,ARE,7608,aluminium,,23269986.85,2024,2023,True
United Arab Emirates,AE,ARE,760900,aluminium,399.4965,2632973.32,2024,2023,True
United Arab Emirates,AE,ARE,761010,aluminium,6330.6838,43828435.18,2024,2023,True
United Arab Emirates,AE,ARE,761090,aluminium,37911.6527,96114058.45,2024,2023,True
United Arab Emirates,AE,ARE,761100,aluminium,82.4378,305375.98,2024,2023,True
United Arab Emirates,AE,ARE,7612,aluminium,20552.256,106514813.27,2024,2023,True
United Arab Emirates,AE,ARE,761300,aluminium,501.5629,4919993.79,2024,2023,True
United Arab Emirates,AE,ARE,7614,aluminium,4569.586,12019486.66,2024,2023,True
United Arab Emirates,AE,ARE,761510,aluminium,12238.5058,38707434.72,2024,2023,True
United Arab Emirates,AE,ARE,761520,aluminium,208.1149,1038390.42,2024,2023,True
Tajikistan,TJ,TJK,7608,aluminium,0.05,11.09,2024,2023,True
Tajikistan,TJ,TJK,761090,aluminium,0.285,55.45,2024,2023,True
Tajikistan,TJ,TJK,7614,aluminium,11.91,48927.09,2024,2023,True
Tajikistan,TJ,TJK,761510,aluminium,2.532,2765.92,2024,2023,True
Tajikistan,TJ,TJK,761699,aluminium,0.3453,6358.01,2024,2023,True
Togo,TG,TGO,7606,aluminium,7.242,6463.68,2024,2023,True
Togo,TG,TGO,761090,aluminium,2.8,4729.12,2024,2023,True
Togo,TG,TGO,761100,aluminium,5.31,2211.4,2024,2023,True
Qatar,QA,QAT,761100,aluminium,2.7539,37066.71,2024,2023,True
Peru,PE,PER,761100,aluminium,0.2026,213.26,2024,2023,True
Senegal,SN,SEN,7608,aluminium,0.256,424.82,2024,2023,True
United Arab Emirates,AE,ARE,761691,aluminium,165.1658,577661.53,2024,2023,True
Lebanon,LB,LBN,722219,iron_steel,14.4606,73551.43,2024,2023,True
Lebanon,LB,LBN,722530,iron_steel,6.0982,5330.38,2024,2023,True
Madagascar,MG,MDG,722230,iron_steel,0.0318,355.42,2024,2023,True
Madagascar,MG,MDG,722240,iron_steel,0.06,310.99,2024,2023,True
Madagascar,MG,MDG,722300,iron_steel,0.01,1008.54,2024,2023,True
Kuwait,KW,KWT,722090,iron_steel,0.053,719.0,2024,2023,True
Laos,LA,LAO,722540,iron_steel,0.252,38237.69,2024,2023,True
Kyrgyzstan,KG,KGZ,721990,iron_steel,17.685,291574.72,2024,2023,True
Kyrgyzstan,KG,KGZ,722220,iron_steel,1.0,24180.76,2024,2023,True
Kyrgyzstan,KG,KGZ,722540,iron_steel,515.828,648196.1,2024,2023,True
Laos,LA,LAO,722090,iron_steel,0.663,482.16,2024,2023,True
Laos,LA,LAO,722219,iron_steel,0.839,3525.52,2024,2023,True
Laos,LA,LAO,722300,iron_steel,0.5137,102922.78,2024,2023,True
Moldova,MD,MDA,722230,iron_steel,0.04,94.26,2024,2023,True
Montenegro,ME,MNE,722240,iron_steel,23.663,3677.69,2024,2023,True
Montenegro,ME,MNE,722300,iron_steel,0.0171,736.02,2024,2023,True
Morocco,MA,MAR,721990,iron_steel,0.225,456.07,2024,2023,True
Morocco,MA,MAR,722219,iron_steel,8.046,43803.75,2024,2023,True
Mozambique,MZ,MOZ,722219,iron_steel,0.7,1848.26,2024,2023,True
Mozambique,MZ,MOZ,722490,iron_steel,0.25,924.13,2024,2023,True
Mozambique,MZ,MOZ,722540,iron_steel,0.9,3696.52,2024,2023,True
Oman,OM,OMN,722011,iron_steel,5.7906,24044.18,2024,2023,True
Mexico,MX,MEX,722550,iron_steel,262.276,544174.29,2024,2023,True
Mauritius,MU,MUS,722220,iron_steel,0.06,1491.99,2024,2023,True
Mali,ML,MLI,722230,iron_steel,0.009,1799.38,2024,2023,True
Mali,ML,MLI,722240,iron_steel,0.132,10643.75,2024,2023,True
Mali,ML,MLI,722300,iron_steel,0.002,0.38,2024,2023,True
Mauritania,MR,MRT,722240,iron_steel,2.203,115493.62,2024,2023,True
Israel,IL,ISR,722240,iron_steel,2.0629,13861.94,2024,2023,True
Ivory Coast,CI,CIV,721990,iron_steel,0.03,504.66,2024,2023,True
Ivory Coast,CI,CIV,722020,iron_steel,0.007,87.16,2024,2023,True
Ivory Coast,CI,CIV,722090,iron_steel,0.822,10138.76,2024,2023,True
Ivory Coast,CI,CIV,722240,iron_steel,0.08,654.56,2024,2023,True
Ivory Coast,CI,CIV,722519,iron_steel,0.05,380.26,2024,2023,True
Ivory Coast,CI,CIV,722540,iron_steel,0.89,2496.15,2024,2023,True
Ivory Coast,CI,CIV,722550,iron_steel,84.214,52672.7,2024,2023,True
Jamaica,JM,JAM,722219,iron_steel,0.09,454.4,2024,2023,True
Jordan,JO,JOR,722012,iron_steel,0.2491,895.14,2024,2023,True
Kenya,KE,KEN,722012,iron_steel,0.027,334.99,2024,2023,True
Kenya,KE,KEN,722020,iron_steel,0.8905,3223.77,2024,2023,True
Kenya,KE,KEN,722219,iron_steel,16.619,17049.87,2024,2023,True
Kazakhstan,KZ,KAZ,722511,iron_steel,0.0013,34.48,2024,2023,True
Kazakhstan,KZ,KAZ,722410,iron_steel,0.004,1564.47,2024,2023,True
Trinidad and Tobago,TT,TTO,722530,iron_steel,0.163,278.19,2024,2023,True
United Arab Emirates,AE,ARE,721990,iron_steel,1458.7504,4352337.45,2024,2023,True
United Arab Emirates,AE,ARE,722011,iron_steel,35.9233,220727.67,2024,2023,True
United Arab Emirates,AE,ARE,722012,iron_steel,50.7662,323172.82,2024,2023,True
United Arab Emirates,AE,ARE,722020,iron_steel,324.6797,1246531.54,2024,2023,True
United Arab Emirates,AE,ARE,722090,iron_steel,58.8082,736676.86,2024,2023,True
United Arab Emirates,AE,ARE,7221,iron_steel,,465468.27,2024,2023,True
United Arab Emirates,AE,ARE,722211,iron_steel,442.7173,4181235.92,2024,2023,True
United Arab Emirates,AE,ARE,722219,iron_steel,233.1695,1452020.02,2024,2023,True
United Arab Emirates,AE,ARE,722220,iron_steel,6432.0405,27085272.53,2024,2023,True
United Arab Emirates,AE,ARE,722230,iron_steel,1345.5029,1875087.92,2024,2023,True
United Arab Emirates,AE,ARE,722240,iron_steel,1000.7292,4727718.55,2024,2023,True
United Arab Emirates,AE,ARE,722300,iron_steel,4024.0449,14603730.36,2024,2023,True
United Arab Emirates,AE,ARE,722410,iron_steel,5.0435,39570.49,2024,2023,True
United Arab Emirates,AE,ARE,722490,iron_steel,,359412.64,2024,2023,True
United Arab Emirates,AE,ARE,722511,iron_steel,9592.907,21838198.02,2024,2023,True
United Arab Emirates,AE,ARE,722519,iron_steel,572.3608,1500580.31,2024,2023,True
United Arab Emirates,AE,ARE,722530,iron_steel,1084.856,840433.15,2024,2023,True
United Arab Emirates,AE,ARE,722540,iron_steel,15596.9759,43101814.35,2024,2023,True
United Arab Emirates,AE,ARE,722550,iron_steel,2.082,1484.65,2024,2023,True
United Arab Emirates,AE,ARE,722591,iron_steel,84.13,65774.08,2024,2023,True
Tunisia,TN,TUN,722011,iron_steel,0.188,4962.12,2024,2023,True
Trinidad and Tobago,TT,TTO,722011,iron_steel,0.05,369.64,2024,2023,True
Trinidad and Tobago,TT,TTO,722211,iron_steel,0.317,3077.85,2024,2023,True
Eswatini,SZ,SWZ,722240,iron_steel,0.045,4497.49,2024,2023,True
Tunisia,TN,TUN,722211,iron_steel,0.271,4648.16,2024,2023,True
Ukraine,UA,UKR,722012,iron_steel,0.107,499.1,2024,2023,True
North Macedonia,MK,MKD,722211,iron_steel,0.958,5492.98,2024,2023,True
North Macedonia,MK,MKD,722219,iron_steel,0.076,410.53,2024,2023,True
Uganda,UG,UGA,722219,iron_steel,2.087,3278.0,2024,2023,True
Uganda,UG,UGA,7221,iron_steel,4.96,4615.81,2024,2023,True
Uganda,UG,UGA,722090,iron_steel,0.575,4114.18,2024,2023,True
Tunisia,TN,TUN,722220,iron_steel,3.277,17271.87,2024,2023,True
Turkey,TR,TUR,722591,iron_steel,8.218,7552.91,2024,2023,True
Eswatini,SZ,SWZ,722300,iron_steel,0.005,18.13,2024,2023,True
Eswatini,SZ,SWZ,722230,iron_steel,6.68,221.09,2024,2023,True
Peru,PE,PER,722550,iron_steel,0.5599,2023.39,2024,2023,True
Nicaragua,NI,NIC,722012,iron_steel,0.6,3179.0,2024,2023,True
Nicaragua,NI,NIC,722240,iron_steel,0.005,18.48,2024,2023,True
Nigeria,NG,NGA,722410,iron_steel,58.0403,145706.7,2024,2023,True
Pakistan,PK,PAK,722519,iron_steel,2.0,27434.8,2024,2023,True
Pakistan,PK,PAK,722550,iron_steel,100.0,62571.8,2024,2023,True
Panama,PA,PAN,722090,iron_steel,3.095,11440.72,2024,2023,True
Papua New Guinea,PG,PNG,722230,iron_steel,,180.24,2024,2023,True
Paraguay,PY,PRY,722300,iron_steel,0.029,351.17,2024,2023,True
Peru,PE,PER,722219,iron_steel,0.3867,4277.48,2024,2023,True
Oman,OM,OMN,722230,iron_steel,0.0165,110.56,2024,2023,True
Namibia,,NAM,722219,iron_steel,1.217,980.05,2024,2023,True
Eswatini,SZ,SWZ,7221,iron_steel,0.408,888.37,2024,2023,True
Senegal,SN,SEN,722220,iron_steel,0.082,4681.08,2024,2023,True
Senegal,SN,SEN,722230,iron_steel,176.0,38711.37,2024,2023,True
Zimbabwe,ZW,ZWE,7221,iron_steel,0.045,1405.52,2024,2023,True
Philippines,PH,PHL,722530,iron_steel,0.12,1384.35,2024,2023,True
Philippines,PH,PHL,722020,iron_steel,0.0483,6988.26,2024,2023,True
Philippines,PH,PHL,722511,iron_steel,45.4644,260252.29,2024,2023,True
Saudi Arabia,SA,SAU,722511,iron_steel,233.1218,696902.67,2024,2023,True
Saudi Arabia,SA,SAU,722219,iron_steel,0.1618,806.83,2024,2023,True
United Arab Emirates,AE,ARE,761610,aluminium,1339.4967,2662773.93,2024,2023,True
United Arab Emirates,AE,ARE,761699,aluminium,13042.6926,54802781.26,2024,2023,True
Mauritius,MU,MUS,722850,iron_steel,0.033,137.58,2024,2023,True
Moldova,MD,MDA,722699,iron_steel,0.53,1546.07,2024,2023,True
Montenegro,ME,MNE,722860,iron_steel,0.02,138.41,2024,2023,True
Montenegro,ME,MNE,7229,iron_steel,0.543,2004.44,2024,2023,True
Mali,ML,MLI,722880,iron_steel,1.662,37322.04,2024,2023,True
Lebanon,LB,LBN,722880,iron_steel,0.981,4202.94,2024,2023,True
Madagascar,MG,MDG,722870,iron_steel,0.58,10179.08,2024,2023,True
Madagascar,MG,MDG,7229,iron_steel,8.034,9570.53,2024,2023,True
Morocco,MA,MAR,722592,iron_steel,48.349,906.3,2024,2023,True
Namibia,,NAM,722820,iron_steel,1.64,5995.0,2024,2023,True
New Zealand,NZ,NZL,722599,iron_steel,46.415,24775.16,2024,2023,True
Nicaragua,NI,NIC,722592,iron_steel,8.97,8703.91,2024,2023,True
Nicaragua,NI,NIC,722830,iron_steel,0.36,2389.52,2024,2023,True
Namibia,,NAM,722810,iron_steel,0.39,658.03,2024,2023,True
Oman,OM,OMN,722611,iron_steel,3.7768,12493.17,2024,2023,True
Morocco,MA,MAR,722870,iron_steel,0.6258,1761.89,2024,2023,True
Morocco,MA,MAR,722880,iron_steel,0.015,45.24,2024,2023,True
Oman,OM,OMN,722619,iron_steel,2.1548,3480.21,2024,2023,True
Namibia,,NAM,722599,iron_steel,0.19,245.44,2024,2023,True
Oman,OM,OMN,722699,iron_steel,0.0094,19.23,2024,2023,True
Oman,OM,OMN,722880,iron_steel,136.0801,583037.68,2024,2023,True
Kazakhstan,KZ,KAZ,722592,iron_steel,220.693,279504.2,2024,2023,True
Kazakhstan,KZ,KAZ,722599,iron_steel,0.3955,7340.47,2024,2023,True
Kazakhstan,KZ,KAZ,722692,iron_steel,0.0108,16.66,2024,2023,True
Israel,IL,ISR,722691,iron_steel,1.3284,2772.39,2024,2023,True
Israel,IL,ISR,722699,iron_steel,5.0797,9241.29,2024,2023,True
Israel,IL,ISR,7227,iron_steel,22.9275,23103.23,2024,2023,True
Ivory Coast,CI,CIV,722699,iron_steel,30.0,3016.46,2024,2023,True
Ivory Coast,CI,CIV,722850,iron_steel,0.416,796.92,2024,2023,True
Ivory Coast,CI,CIV,722860,iron_steel,8.0,1005.49,2024,2023,True
Lebanon,LB,LBN,7227,iron_steel,2.4845,2587.56,2024,2023,True
Kuwait,KW,KWT,722850,iron_steel,50.0,12033.46,2024,2023,True
Kyrgyzstan,KG,KGZ,722820,iron_steel,605.705,162294.61,2024,2023,True
Kyrgyzstan,KG,KGZ,722830,iron_steel,36.124,123701.14,2024,2023,True
Jordan,JO,JOR,722860,iron_steel,5.7753,17615.6,2024,2023,True
Jordan,JO,JOR,722880,iron_steel,0.28,1199.68,2024,2023,True
Jordan,JO,JOR,7229,iron_steel,6.6191,13807.33,2024,2023,True
Kenya,KE,KEN,7227,iron_steel,0.06,29.67,2024,2023,True
Nicaragua,NI,NIC,7229,iron_steel,0.02,184.83,2024,2023,True
Eswatini,SZ,SWZ,7229,iron_steel,0.7092,5347.75,2024,2023,True
Zimbabwe,ZW,ZWE,7229,iron_steel,0.01,275.37,2024,2023,True
Zimbabwe,ZW,ZWE,7301,iron_steel,12.002,9234.95,2024,2023,True
Eswatini,SZ,SWZ,722592,iron_steel,8.5648,79625.68,2024,2023,True
Eswatini,SZ,SWZ,722860,iron_steel,0.015,35.1,2024,2023,True
Eswatini,SZ,SWZ,722870,iron_steel,0.01,79.32,2024,2023,True
Vietnam,VN,VNM,722691,iron_steel,15.8663,33113.84,2024,2023,True
Vietnam,VN,VNM,722592,iron_steel,7135.0297,8170482.55,2024,2023,True
Vietnam,VN,VNM,722599,iron_steel,286.7109,397526.8,2024,2023,True
Vietnam,VN,VNM,722611,iron_steel,2083.529,6858194.72,2024,2023,True
Vietnam,VN,VNM,722619,iron_steel,233.2478,368623.56,2024,2023,True
Vietnam,VN,VNM,722692,iron_steel,,617711.65,2024,2023,True
Vietnam,VN,VNM,7302,iron_steel,211.6969,292152.42,2024,2023,True
Vietnam,VN,VNM,722699,iron_steel,357.6894,650724.39,2024,2023,True
Vietnam,VN,VNM,7227,iron_steel,44766.258,42720662.2,2024,2023,True
Vietnam,VN,VNM,722810,iron_steel,1.5006,27179.99,2024,2023,True
Vietnam,VN,VNM,722820,iron_steel,39.8926,45307.36,2024,2023,True
Vietnam,VN,VNM,722830,iron_steel,2613.2243,3546479.65,2024,2023,True
Vietnam,VN,VNM,722850,iron_steel,45.3635,100485.5,2024,2023,True
Vietnam,VN,VNM,722860,iron_steel,1135.6795,3195314.29,2024,2023,True
Vietnam,VN,VNM,722870,iron_steel,3619.0182,6315970.34,2024,2023,True
Vietnam,VN,VNM,722880,iron_steel,8.6874,39380.33,2024,2023,True
Vietnam,VN,VNM,7229,iron_steel,46299.7817,87010552.22,2024,2023,True
Vietnam,VN,VNM,7301,iron_steel,6129.0042,7691210.23,2024,2023,True
Eswatini,SZ,SWZ,722880,iron_steel,0.3,2224.3,2024,2023,True
Eswatini,SZ,SWZ,7302,iron_steel,2.0,858.69,2024,2023,True
Trinidad and Tobago,TT,TTO,7302,iron_steel,8.397,17714.11,2024,2023,True
United Arab Emirates,AE,ARE,722592,iron_steel,1214.0415,1204654.05,2024,2023,True
United Arab Emirates,AE,ARE,722599,iron_steel,315.798,600988.63,2024,2023,True
United Arab Emirates,AE,ARE,722611,iron_steel,8170.2577,23153922.87,2024,2023,True
United Arab Emirates,AE,ARE,722619,iron_steel,0.633,3243.32,2024,2023,True
United Arab Emirates,AE,ARE,722620,iron_steel,0.056,70.46,2024,2023,True
United Arab Emirates,AE,ARE,722691,iron_steel,47.377,101833.86,2024,2023,True
United Arab Emirates,AE,ARE,722699,iron_steel,,226795.97,2024,2023,True
United Arab Emirates,AE,ARE,7227,iron_steel,59891.5008,33953650.25,2024,2023,True
United Arab Emirates,AE,ARE,722810,iron_steel,231.6618,430986.58,2024,2023,True
United Arab Emirates,AE,ARE,722820,iron_steel,52.0327,142794.86,2024,2023,True
United Arab Emirates,AE,ARE,722830,iron_steel,,11198969.64,2024,2023,True
United Arab Emirates,AE,ARE,722840,iron_steel,687.2536,1975000.6,2024,2023,True
United Arab Emirates,AE,ARE,722850,iron_steel,1227.342,4848777.43,2024,2023,True
United Arab Emirates,AE,ARE,722860,iron_steel,357.98,645038.04,2024,2023,True
United Arab Emirates,AE,ARE,722870,iron_steel,2519.936,3932810.75,2024,2023,True
United Arab Emirates,AE,ARE,722880,iron_steel,517.1944,2665728.77,2024,2023,True
United Arab Emirates,AE,ARE,7229,iron_steel,1931.7155,2189033.19,2024,2023,True
United Arab Emirates,AE,ARE,7301,iron_steel,,108009670.37,2024,2023,True
United Arab Emirates,AE,ARE,7302,iron_steel,8138.3987,11891904.95,2024,2023,True
Tunisia,TN,TUN,722692,iron_steel,1.773,33972.79,2024,2023,True
Trinidad and Tobago,TT,TTO,722820,iron_steel,0.696,944.63,2024,2023,True
Togo,TG,TGO,722860,iron_steel,0.074,11426.46,2024,2023,True
Trinidad and Tobago,TT,TTO,722592,iron_steel,0.205,278.46,2024,2023,True
Trinidad and Tobago,TT,TTO,722691,iron_steel,4.231,3148.76,2024,2023,True
Philippines,PH,PHL,722611,iron_steel,357.5059,297101.93,2024,2023,True
Philippines,PH,PHL,722880,iron_steel,4.9864,9784.68,2024,2023,True
Qatar,QA,QAT,7302,iron_steel,0.0,55853.95,2024,2023,True
Saudi Arabia,SA,SAU,722611,iron_steel,5.6676,18655.58,2024,2023,True
Saudi Arabia,SA,SAU,722699,iron_steel,5.65,10278.78,2024,2023,True
Saudi Arabia,SA,SAU,722810,iron_steel,0.0384,694.95,2024,2023,True
Philippines,PH,PHL,722599,iron_steel,20.3218,24723.22,2024,2023,True
Pakistan,PK,PAK,722850,iron_steel,98.0,201899.32,2024,2023,True
Pakistan,PK,PAK,722880,iron_steel,2.0,57.7,2024,2023,True
Papua New Guinea,PG,PNG,722860,iron_steel,,6.68,2024,2023,True
Papua New Guinea,PG,PNG,722870,iron_steel,0.12,29.58,2024,2023,True
Papua New Guinea,PG,PNG,7301,iron_steel,1.0,137931.05,2024,2023,True
Peru,PE,PER,722619,iron_steel,21.506,22831.88,2024,2023,True
Peru,PE,PER,722620,iron_steel,0.0031,42.48,2024,2023,True
Peru,PE,PER,722691,iron_steel,0.0004,99.34,2024,2023,True
Peru,PE,PER,722820,iron_steel,0.5376,441.65,2024,2023,True
Senegal,SN,SEN,722840,iron_steel,0.045,18.89,2024,2023,True
Serbia,RS,SRB,722620,iron_steel,0.198,252.29,2024,2023,True
Serbia,RS,SRB,722810,iron_steel,0.036,613.62,2024,2023,True
Serbia,RS,SRB,722880,iron_steel,0.63,5375.66,2024,2023,True
Uzbekistan,UZ,UZB,761100,aluminium,0.12,332.69,2024,2023,True
Yemen,YE,YEM,7614,aluminium,6.2,5753.84,2024,2023,True
Yemen,YE,YEM,761610,aluminium,0.24,301.39,2024,2023,True
Tanzania,TZ,TZA,761520,aluminium,1.03,209.72,2024,2023,True
Tanzania,TZ,TZA,761691,aluminium,14.0,3876.94,2024,2023,True
Zambia,ZM,ZMB,7614,aluminium,24.4285,56545.37,2024,2023,True
Bahrain,BH,BHR,722619,iron_steel,0.2897,467.97,2024,2023,True
Bahrain,BH,BHR,722620,iron_steel,0.0046,70.46,2024,2023,True
Bahrain,BH,BHR,722820,iron_steel,0.3202,351.24,2024,2023,True
Bahrain,BH,BHR,722840,iron_steel,2.4953,8270.47,2024,2023,True
Armenia,AM,ARM,722619,iron_steel,47.14,23959.89,2024,2023,True
Armenia,AM,ARM,722850,iron_steel,0.0048,586.48,2024,2023,True
Armenia,AM,ARM,7301,iron_steel,0.0019,170.44,2024,2023,True
Zambia,ZM,ZMB,761691,aluminium,0.011,963.93,2024,2023,True
Armenia,AM,ARM,730621,iron_steel,0.002,1744.9,2024,2023,True
Angola,AO,AGO,722599,iron_steel,1.037,460.85,2024,2023,True
Angola,AO,AGO,7227,iron_steel,0.3246,1439.4,2024,2023,True
Angola,AO,AGO,722880,iron_steel,0.15,178.1,2024,2023,True
Azerbaijan,AZ,AZE,722810,iron_steel,0.001,12.38,2024,2023,True
Australia,AU,AUS,722592,iron_steel,23.0,98538.94,2024,2023,True
Australia,AU,AUS,722611,iron_steel,352.99,846831.86,2024,2023,True
Bosnia and Herzegovina,BA,BIH,722691,iron_steel,0.1,19.18,2024,2023,True
Uganda,UG,UGA,761520,aluminium,16.419,62839.68,2024,2023,True
Uganda,UG,UGA,761691,aluminium,1.7,2585.51,2024,2023,True
Ukraine,UA,UKR,761100,aluminium,1.1934,1102890.92,2024,2023,True
Bosnia and Herzegovina,BA,BIH,722620,iron_steel,0.001,370.15,2024,2023,True
Ghana,GH,GHA,722840,iron_steel,263.0,175508.02,2024,2023,True
Ecuador,EC,ECU,722820,iron_steel,,99.07,2024,2023,True
Ecuador,EC,ECU,722870,iron_steel,,5798.08,2024,2023,True
Ecuador,EC,ECU,7301,iron_steel,0.0052,2553.55,2024,2023,True
El Salvador,SV,SLV,722870,iron_steel,0.0028,28.65,2024,2023,True
Ethiopia,ET,ETH,722820,iron_steel,3.2,1137.12,2024,2023,True
Ethiopia,ET,ETH,7229,iron_steel,0.023,46.49,2024,2023,True
Ethiopia,ET,ETH,7302,iron_steel,0.045,7518.62,2024,2023,True
Gabon,GA,GAB,7301,iron_steel,221.765,24403.97,2024,2023,True
Gabon,GA,GAB,7302,iron_steel,0.014,149.84,2024,2023,True
Georgia,GE,GEO,722870,iron_steel,24.723,53039.12,2024,2023,True
Ghana,GH,GHA,7227,iron_steel,10618.248,6485267.63,2024,2023,True
Ecuador,EC,ECU,722810,iron_steel,0.0001,602.35,2024,2023,True
Ecuador,EC,ECU,7227,iron_steel,,76492.65,2024,2023,True
Congo,CG,COG,722620,iron_steel,0.042,761.91,2024,2023,True
Congo,CG,COG,722850,iron_steel,0.67,9795.07,2024,2023,True
Congo,CG,COG,7301,iron_steel,1.168,2283.25,2024,2023,True
Congo,CG,COG,7302,iron_steel,1.368,1068.71,2024,2023,True
Democratic Republic of the Congo,CD,COD,722880,iron_steel,1.645,254.41,2024,2023,True
Costa Rica,CR,CRI,722619,iron_steel,,1209.8,2024,2023,True
Costa Rica,CR,CRI,722840,iron_steel,0.01,12.94,2024,2023,True
Dominican Republic,DO,DOM,722611,iron_steel,8.821,7974.64,2024,2023,True
Ghana,GH,GHA,722830,iron_steel,4148.6108,2750513.11,2024,2023,True
Ghana,GH,GHA,722860,iron_steel,304.3137,246645.81,2024,2023,True
Ghana,GH,GHA,722880,iron_steel,141.2133,1058988.45,2024,2023,True
Hong Kong,HK,HKG,722810,iron_steel,1.761,33617.07,2024,2023,True
Ghana,GH,GHA,7301,iron_steel,4644.3135,4883514.79,2024,2023,True
Ghana,GH,GHA,7302,iron_steel,4.3676,53554.08,2024,2023,True
Guatemala,GT,GTM,722619,iron_steel,0.244,1470.29,2024,2023,True
Guatemala,GT,GTM,7227,iron_steel,2.204,1601.52,2024,2023,True
Hong Kong,HK,HKG,722620,iron_steel,0.76,6624.81,2024,2023,True
Brunei Darussalam,BN,BRN,722850,iron_steel,0.0205,259.78,2024,2023,True
Brunei Darussalam,BN,BRN,722860,iron_steel,0.0009,185.91,2024,2023,True
Brunei Darussalam,BN,BRN,7302,iron_steel,0.101,151.67,2024,2023,True
Myanmar,MM,MMR,7302,iron_steel,0.377,417.8,2024,2023,True
Cambodia,KH,KHM,7302,iron_steel,36.55,38201.69,2024,2023,True
Cameroon,CM,CMR,7301,iron_steel,1.102,1259.48,2024,2023,True
Bosnia and Herzegovina,BA,BIH,722840,iron_steel,1.505,6046.3,2024,2023,True
Chile,CL,CHL,722692,iron_steel,6.76,57252.73,2024,2023,True
Sri Lanka,LK,LKA,722611,iron_steel,10.866,20377.53,2024,2023,True
Sri Lanka,LK,LKA,7227,iron_steel,0.034,103.82,2024,2023,True
Chile,CL,CHL,722810,iron_steel,0.5138,3297.05,2024,2023,True
Chile,CL,CHL,722820,iron_steel,0.04,101.33,2024,2023,True
Chile,CL,CHL,722850,iron_steel,17.7992,30233.44,2024,2023,True
Armenia,AM,ARM,730459,iron_steel,,3801.52,2024,2023,True
Jordan,JO,JOR,730669,iron_steel,2.3229,4697.31,2024,2023,True
Jordan,JO,JOR,730723,iron_steel,0.8435,20000.83,2024,2023,True
Jordan,JO,JOR,730661,iron_steel,36.6137,41407.27,2024,2023,True
Laos,LA,LAO,730719,iron_steel,0.15,361.33,2024,2023,True
Laos,LA,LAO,730661,iron_steel,36811.49,20939659.2,2024,2023,True
Kyrgyzstan,KG,KGZ,7309,iron_steel,2.328,4847.06,2024,2023,True
Kyrgyzstan,KG,KGZ,730793,iron_steel,0.008,131.23,2024,2023,True
Kyrgyzstan,KG,KGZ,730722,iron_steel,0.004,253.21,2024,2023,True
Kyrgyzstan,KG,KGZ,730690,iron_steel,0.005,134.0,2024,2023,True
Kyrgyzstan,KG,KGZ,730661,iron_steel,254.876,179186.77,2024,2023,True
Laos,LA,LAO,730791,iron_steel,0.5,2033.08,2024,2023,True
Laos,LA,LAO,730799,iron_steel,0.0052,84.95,2024,2023,True
Laos,LA,LAO,7308,iron_steel,273.8229,311631.81,2024,2023,True
Laos,LA,LAO,7309,iron_steel,10.3,15912.73,2024,2023,True
Laos,LA,LAO,7310,iron_steel,26.2537,84168.16,2024,2023,True
Laos,LA,LAO,731100,iron_steel,680.697,219354.73,2024,2023,True
Lebanon,LB,LBN,730669,iron_steel,10.0823,20388.13,2024,2023,True
Kuwait,KW,KWT,730723,iron_steel,3.0,1263.51,2024,2023,True
Ghana,GH,GHA,731100,iron_steel,27.5807,96769.59,2024,2023,True
Ghana,GH,GHA,731811,iron_steel,0.4641,1009.5,2024,2023,True
Ghana,GH,GHA,7310,iron_steel,84.2612,106718.31,2024,2023,True
Ghana,GH,GHA,7309,iron_steel,80.4028,223582.23,2024,2023,True
Ghana,GH,GHA,7308,iron_steel,2997.7599,5690227.06,2024,2023,True
Ghana,GH,GHA,730799,iron_steel,702.4825,895746.24,2024,2023,True
Ghana,GH,GHA,730793,iron_steel,21.3,44913.49,2024,2023,True
Ghana,GH,GHA,730792,iron_steel,4.5024,8854.26,2024,2023,True
Ghana,GH,GHA,730791,iron_steel,36.5711,154236.44,2024,2023,True
Honduras,HN,HND,730640,iron_steel,2.2238,2604.7,2024,2023,True
Jamaica,JM,JAM,730640,iron_steel,0.1214,1262.24,2024,2023,True
Jamaica,JM,JAM,730791,iron_steel,1.496,8547.37,2024,2023,True
Jamaica,JM,JAM,730792,iron_steel,0.13,5041.58,2024,2023,True
Ivory Coast,CI,CIV,730640,iron_steel,1.189,1217.19,2024,2023,True
Oman,OM,OMN,730669,iron_steel,1.9302,3903.21,2024,2023,True
Mozambique,MZ,MOZ,730640,iron_steel,61.216,55447.74,2024,2023,True
Mozambique,MZ,MOZ,730722,iron_steel,0.039,5544.77,2024,2023,True
Mozambique,MZ,MOZ,731811,iron_steel,7.0,91488.77,2024,2023,True
Pakistan,PK,PAK,730650,iron_steel,36.0,27451.99,2024,2023,True
Nigeria,NG,NGA,730792,iron_steel,0.0015,3.75,2024,2023,True
Nigeria,NG,NGA,730791,iron_steel,3.9414,9894.57,2024,2023,True
Nigeria,NG,NGA,730719,iron_steel,1.2682,4110.18,2024,2023,True
Nigeria,NG,NGA,730690,iron_steel,20.0,17640.56,2024,2023,True
Pakistan,PK,PAK,730719,iron_steel,37.0,21432.1,2024,2023,True
Pakistan,PK,PAK,730722,iron_steel,49.0,39892.96,2024,2023,True
Pakistan,PK,PAK,730723,iron_steel,2.0,2085.91,2024,2023,True
Pakistan,PK,PAK,730793,iron_steel,1.0,593.14,2024,2023,True
Nigeria,NG,NGA,730669,iron_steel,299.18,250949.02,2024,2023,True
Niger,NE,NER,7309,iron_steel,31.166,215281.42,2024,2023,True
Nicaragua,NI,NIC,730793,iron_steel,0.0377,106.27,2024,2023,True
Mali,ML,MLI,730792,iron_steel,0.161,6527.06,2024,2023,True
Mauritania,MR,MRT,730711,iron_steel,4.084,14897.34,2024,2023,True
Mali,ML,MLI,731100,iron_steel,19.27,6080.62,2024,2023,True
Mali,ML,MLI,7310,iron_steel,156.625,370106.72,2024,2023,True
Mali,ML,MLI,7309,iron_steel,41.623,53303.74,2024,2023,True
Mali,ML,MLI,7308,iron_steel,639.772,2116929.5,2024,2023,True
Mali,ML,MLI,730799,iron_steel,0.374,4264.1,2024,2023,True
Mali,ML,MLI,730791,iron_steel,0.002,599.5,2024,2023,True
Mali,ML,MLI,730721,iron_steel,0.035,7229.72,2024,2023,True
Mali,ML,MLI,730690,iron_steel,0.2,1257.27,2024,2023,True
Mali,ML,MLI,730650,iron_steel,8.171,8955.29,2024,2023,True
Mauritania,MR,MRT,730793,iron_steel,33.4414,140856.31,2024,2023,True
Mauritania,MR,MRT,730799,iron_steel,12.745,233994.13,2024,2023,True
Madagascar,MG,MDG,730721,iron_steel,0.0004,99.98,2024,2023,True
Madagascar,MG,MDG,730793,iron_steel,0.0172,644.23,2024,2023,True
Madagascar,MG,MDG,730722,iron_steel,0.0006,123.54,2024,2023,True
Montenegro,ME,MNE,730711,iron_steel,0.0023,999.37,2024,2023,True
Mongolia,MN,MNG,731100,iron_steel,0.1975,16867.66,2024,2023,True
Mongolia,MN,MNG,7310,iron_steel,0.2243,1180.33,2024,2023,True
Mongolia,MN,MNG,7309,iron_steel,18.51,34133.69,2024,2023,True
Mongolia,MN,MNG,730690,iron_steel,0.7499,3719.64,2024,2023,True
Mongolia,MN,MNG,730721,iron_steel,0.144,803.18,2024,2023,True
Mongolia,MN,MNG,730722,iron_steel,0.004,319.75,2024,2023,True
Mongolia,MN,MNG,730729,iron_steel,0.0074,4045.87,2024,2023,True
Mongolia,MN,MNG,730791,iron_steel,0.0862,13759.2,2024,2023,True
Mongolia,MN,MNG,730792,iron_steel,8.9953,121352.63,2024,2023,True
Mongolia,MN,MNG,730799,iron_steel,2.7555,159397.79,2024,2023,True
Mongolia,MN,MNG,7308,iron_steel,0.249,2372.95,2024,2023,True
Ghana,GH,GHA,730729,iron_steel,,14616.77,2024,2023,True
Ghana,GH,GHA,730722,iron_steel,0.3494,3191.88,2024,2023,True
Ghana,GH,GHA,730721,iron_steel,0.0186,902.11,2024,2023,True
Armenia,AM,ARM,730690,iron_steel,0.033,1428.38,2024,2023,True
Armenia,AM,ARM,730723,iron_steel,0.0045,3955.49,2024,2023,True
Bolivia,BO,BOL,730719,iron_steel,0.0969,1102.44,2024,2023,True
Bahrain,BH,BHR,730669,iron_steel,4.4075,8912.81,2024,2023,True
Ghana,GH,GHA,730719,iron_steel,4.5155,54526.9,2024,2023,True
Myanmar,MM,MMR,7309,iron_steel,21.0,359948.25,2024,2023,True
Myanmar,MM,MMR,7310,iron_steel,0.1964,36.19,2024,2023,True
Jamaica,JM,JAM,732620,iron_steel,0.0722,1004.73,2024,2023,True
Jamaica,JM,JAM,731812,iron_steel,0.028,172.86,2024,2023,True
Jordan,JO,JOR,731822,iron_steel,,922.83,2024,2023,True
Jordan,JO,JOR,7603,aluminium,14.3414,77555.87,2024,2023,True
Jordan,JO,JOR,731813,iron_steel,0.0755,546.67,2024,2023,True
Azerbaijan,AZ,AZE,730669,iron_steel,0.28,565.05,2024,2023,True
Argentina,AR,ARG,730640,iron_steel,25.6231,280220.97,2024,2023,True
Argentina,AR,ARG,730721,iron_steel,9.2176,107333.91,2024,2023,True
Argentina,AR,ARG,730722,iron_steel,1.2828,52234.77,2024,2023,True
Argentina,AR,ARG,730793,iron_steel,0.146,5792.36,2024,2023,True
Albania,AL,ALB,730640,iron_steel,7.339,36038.26,2024,2023,True
Albania,AL,ALB,730690,iron_steel,,35502.1,2024,2023,True
Angola,AO,AGO,730669,iron_steel,,77724.43,2024,2023,True
Dominican Republic,DO,DOM,730723,iron_steel,0.01,48.05,2024,2023,True
Dominican Republic,DO,DOM,730669,iron_steel,15.4922,20691.53,2024,2023,True
Democratic Republic of the Congo,CD,COD,730722,iron_steel,0.061,3228.11,2024,2023,True
Democratic Republic of the Congo,CD,COD,731100,iron_steel,7.163,9502.68,2024,2023,True
Democratic Republic of the Congo,CD,COD,7310,iron_steel,28.816,3341.01,2024,2023,True
Democratic Republic of the Congo,CD,COD,7309,iron_steel,16.95,607102.88,2024,2023,True
Democratic Republic of the Congo,CD,COD,7308,iron_steel,47.88,46491.86,2024,2023,True
Democratic Republic of the Congo,CD,COD,730799,iron_steel,5.328,66395.29,2024,2023,True
Democratic Republic of the Congo,CD,COD,730792,iron_steel,0.023,1840.14,2024,2023,True
Benin,BJ,BEN,730690,iron_steel,18.0,216.83,2024,2023,True
Benin,BJ,BEN,730719,iron_steel,4.108,10239.46,2024,2023,True
Benin,BJ,BEN,730722,iron_steel,4.725,1376.7,2024,2023,True
Gabon,GA,GAB,7310,iron_steel,21.595,76626.38,2024,2023,True
Gabon,GA,GAB,731100,iron_steel,157.732,1751321.91,2024,2023,True
Gabon,GA,GAB,7309,iron_steel,91.839,551559.91,2024,2023,True
Ecuador,EC,ECU,731811,iron_steel,,646.89,2024,2023,True
Gabon,GA,GAB,7308,iron_steel,124.125,802361.46,2024,2023,True
Gabon,GA,GAB,730799,iron_steel,44.727,724131.95,2024,2023,True
Gabon,GA,GAB,730793,iron_steel,0.027,723.02,2024,2023,True
Gabon,GA,GAB,730792,iron_steel,2.361,56970.54,2024,2023,True
Gabon,GA,GAB,730791,iron_steel,25.185,169267.54,2024,2023,True
Gabon,GA,GAB,730729,iron_steel,0.223,21538.64,2024,2023,True
Ghana,GH,GHA,730650,iron_steel,1861.4622,1844499.33,2024,2023,True
Ghana,GH,GHA,730661,iron_steel,39858.7547,35367826.65,2024,2023,True
Ghana,GH,GHA,730669,iron_steel,522.1803,475525.77,2024,2023,True
Ghana,GH,GHA,730690,iron_steel,9104.2762,8676082.49,2024,2023,True
Gabon,GA,GAB,730722,iron_steel,0.875,5804.98,2024,2023,True
Gabon,GA,GAB,730721,iron_steel,0.016,8234.46,2024,2023,True
Gabon,GA,GAB,730690,iron_steel,1.035,43426.79,2024,2023,True
Gabon,GA,GAB,730650,iron_steel,24.19,550334.21,2024,2023,True
Ethiopia,ET,ETH,730690,iron_steel,0.1,19.25,2024,2023,True
Ethiopia,ET,ETH,730719,iron_steel,0.008,61.89,2024,2023,True
Ethiopia,ET,ETH,730722,iron_steel,0.0095,299.44,2024,2023,True
Ethiopia,ET,ETH,730729,iron_steel,0.15,436.31,2024,2023,True
Ethiopia,ET,ETH,730791,iron_steel,2.4178,24891.19,2024,2023,True
Ethiopia,ET,ETH,730792,iron_steel,0.018,700.74,2024,2023,True
Ethiopia,ET,ETH,730799,iron_steel,22.3874,61836.09,2024,2023,True
Ethiopia,ET,ETH,7308,iron_steel,41.5122,109141.98,2024,2023,True
Ethiopia,ET,ETH,7309,iron_steel,45.82,641590.12,2024,2023,True
Ethiopia,ET,ETH,7310,iron_steel,0.0514,499.06,2024,2023,True
Ethiopia,ET,ETH,731100,iron_steel,45.9638,77716.89,2024,2023,True
Democratic Republic of the Congo,CD,COD,730791,iron_steel,0.121,5822.56,2024,2023,True
Democratic Republic of the Congo,CD,COD,730721,iron_steel,0.148,373.15,2024,2023,True
Sri Lanka,LK,LKA,730669,iron_steel,36.5193,34286.98,2024,2023,True
Sri Lanka,LK,LKA,730793,iron_steel,0.0078,430.36,2024,2023,True
Democratic Republic of the Congo,CD,COD,730661,iron_steel,1.142,3494.29,2024,2023,True
Cameroon,CM,CMR,730722,iron_steel,1.8269,20272.13,2024,2023,True
Cameroon,CM,CMR,7308,iron_steel,67.299,337509.47,2024,2023,True
Cameroon,CM,CMR,730799,iron_steel,7.8416,88639.59,2024,2023,True
Cameroon,CM,CMR,730793,iron_steel,2.009,11867.42,2024,2023,True
Cameroon,CM,CMR,730792,iron_steel,3.0162,27587.91,2024,2023,True
Cameroon,CM,CMR,730791,iron_steel,8.448,52082.06,2024,2023,True
Cameroon,CM,CMR,730729,iron_steel,1.999,15021.39,2024,2023,True
Cameroon,CM,CMR,730719,iron_steel,0.8615,6552.06,2024,2023,True
Cameroon,CM,CMR,730690,iron_steel,8.1713,24726.11,2024,2023,True
Cameroon,CM,CMR,730669,iron_steel,48.534,101955.34,2024,2023,True
Cameroon,CM,CMR,730661,iron_steel,0.07,760.34,2024,2023,True
Cameroon,CM,CMR,7309,iron_steel,108.3913,425524.93,2024,2023,True
Cameroon,CM,CMR,7310,iron_steel,45.1416,145431.29,2024,2023,True
Cameroon,CM,CMR,731100,iron_steel,1416.3958,3349119.27,2024,2023,True
Cameroon,CM,CMR,731811,iron_steel,2.333,5180.47,2024,2023,True
Congo,CG,COG,730640,iron_steel,1.5,452.57,2024,2023,True
Congo,CG,COG,730661,iron_steel,25.067,5229.42,2024,2023,True
Congo,CG,COG,730690,iron_steel,315.5588,66192.25,2024,2023,True
Congo,CG,COG,730711,iron_steel,0.604,668.95,2024,2023,True
Congo,CG,COG,730719,iron_steel,0.0013,88.8,2024,2023,True
Congo,CG,COG,730721,iron_steel,0.9688,194.29,2024,2023,True
Congo,CG,COG,730722,iron_steel,2.4386,204823.43,2024,2023,True
Congo,CG,COG,730729,iron_steel,1.1238,37554.6,2024,2023,True
Congo,CG,COG,730791,iron_steel,16.782,25507.81,2024,2023,True
Congo,CG,COG,730792,iron_steel,17.1161,22788.06,2024,2023,True
Congo,CG,COG,730793,iron_steel,0.016,442.56,2024,2023,True
Congo,CG,COG,730799,iron_steel,158.9982,159577.56,2024,2023,True
Congo,CG,COG,7308,iron_steel,222.543,571691.21,2024,2023,True
Congo,CG,COG,7309,iron_steel,51.907,336517.55,2024,2023,True
Congo,CG,COG,7310,iron_steel,26.8291,125459.13,2024,2023,True
Congo,CG,COG,731100,iron_steel,172.5676,317496.54,2024,2023,True
Congo,CG,COG,731811,iron_steel,0.012,652.55,2024,2023,True
Democratic Republic of the Congo,CD,COD,730650,iron_steel,0.602,895.91,2024,2023,True
Papua New Guinea,PG,PNG,730640,iron_steel,1.0,12.9,2024,2023,True
Benin,BJ,BEN,731829,iron_steel,3.062,3568.62,2024,2023,True
Benin,BJ,BEN,731822,iron_steel,0.04,2080.26,2024,2023,True
Benin,BJ,BEN,731816,iron_steel,4.829,6941.82,2024,2023,True
Democratic Republic of the Congo,CD,COD,731822,iron_steel,0.086,1014.7,2024,2023,True
Congo,CG,COG,7601,aluminium,839.58,128088.57,2024,2023,True
Congo,CG,COG,760429,aluminium,0.005,53.26,2024,2023,True
Democratic Republic of the Congo,CD,COD,731815,iron_steel,34.164,87139.84,2024,2023,True
Democratic Republic of the Congo,CD,COD,731816,iron_steel,0.13,1405.03,2024,2023,True
Democratic Republic of the Congo,CD,COD,731819,iron_steel,2.725,1271.88,2024,2023,True
Democratic Republic of the Congo,CD,COD,731821,iron_steel,0.018,144.98,2024,2023,True
Democratic Republic of the Congo,CD,COD,731824,iron_steel,0.012,932.09,2024,2023,True
Democratic Republic of the Congo,CD,COD,731829,iron_steel,0.073,1427.03,2024,2023,True
Democratic Republic of the Congo,CD,COD,732611,iron_steel,0.1,13.61,2024,2023,True
Democratic Republic of the Congo,CD,COD,732619,iron_steel,10.0,11770.73,2024,2023,True
Democratic Republic of the Congo,CD,COD,732620,iron_steel,0.05,45.95,2024,2023,True
Democratic Republic of the Congo,CD,COD,732690,iron_steel,46.519,275076.09,2024,2023,True
Congo,CG,COG,732690,iron_steel,629.0627,3065221.4,2024,2023,True
Congo,CG,COG,732620,iron_steel,0.3269,505.05,2024,2023,True
Congo,CG,COG,731829,iron_steel,0.232,8319.44,2024,2023,True
Congo,CG,COG,731824,iron_steel,0.0257,806.6,2024,2023,True
Congo,CG,COG,731822,iron_steel,0.6709,18330.4,2024,2023,True
Congo,CG,COG,731821,iron_steel,0.011,122.14,2024,2023,True
Congo,CG,COG,731819,iron_steel,0.172,35.18,2024,2023,True
Congo,CG,COG,731816,iron_steel,0.206,4865.05,2024,2023,True
Congo,CG,COG,731815,iron_steel,11.3501,41926.35,2024,2023,True
Honduras,HN,HND,732611,iron_steel,93.43,24677.02,2024,2023,True
Honduras,HN,HND,731813,iron_steel,0.0544,623.36,2024,2023,True
Honduras,HN,HND,731812,iron_steel,0.0105,129.7,2024,2023,True
Guatemala,GT,GTM,732611,iron_steel,136.04,158047.32,2024,2023,True
Gabon,GA,GAB,732690,iron_steel,182.419,1263319.64,2024,2023,True
Gabon,GA,GAB,731819,iron_steel,0.368,5153.66,2024,2023,True
Gabon,GA,GAB,731821,iron_steel,0.049,2100.33,2024,2023,True
Gabon,GA,GAB,731822,iron_steel,0.04,2518.36,2024,2023,True
Gabon,GA,GAB,731824,iron_steel,0.121,5291.2,2024,2023,True
Gabon,GA,GAB,731829,iron_steel,2.824,33133.91,2024,2023,True
Gabon,GA,GAB,732619,iron_steel,396.622,4825212.08,2024,2023,True
Gabon,GA,GAB,7601,aluminium,1786.311,1256209.15,2024,2023,True
Gabon,GA,GAB,760410,aluminium,0.036,14708.26,2024,2023,True
Gabon,GA,GAB,731816,iron_steel,1.108,20701.6,2024,2023,True
Gabon,GA,GAB,731815,iron_steel,4.399,63265.69,2024,2023,True
Gabon,GA,GAB,731813,iron_steel,1.198,43376.18,2024,2023,True
Ethiopia,ET,ETH,760429,aluminium,0.1947,2281.46,2024,2023,True
Ethiopia,ET,ETH,7601,aluminium,100.0,45789.26,2024,2023,True
Ethiopia,ET,ETH,732690,iron_steel,147.6539,338092.81,2024,2023,True
Ethiopia,ET,ETH,732620,iron_steel,1.3234,9411.92,2024,2023,True
Ethiopia,ET,ETH,732619,iron_steel,0.033,45.46,2024,2023,True
Ethiopia,ET,ETH,731829,iron_steel,0.0235,505.15,2024,2023,True
Ethiopia,ET,ETH,731823,iron_steel,0.172,11696.48,2024,2023,True
Ethiopia,ET,ETH,731822,iron_steel,0.0393,16.78,2024,2023,True
Ethiopia,ET,ETH,731821,iron_steel,6.0019,10100.52,2024,2023,True
Ethiopia,ET,ETH,731819,iron_steel,0.3536,1027.34,2024,2023,True
Ethiopia,ET,ETH,731816,iron_steel,0.0043,308.03,2024,2023,True
Ethiopia,ET,ETH,731815,iron_steel,1.2895,23252.88,2024,2023,True
Ethiopia,ET,ETH,731813,iron_steel,0.0021,206.77,2024,2023,True
Ghana,GH,GHA,731819,iron_steel,1.6386,12893.22,2024,2023,True
Ghana,GH,GHA,760429,aluminium,166.3377,164659.7,2024,2023,True
Ghana,GH,GHA,760421,aluminium,9.941,4592.51,2024,2023,True
Ghana,GH,GHA,7601,aluminium,48002.541,101443259.02,2024,2023,True
Ghana,GH,GHA,732690,iron_steel,705.1662,1733806.53,2024,2023,True
Ghana,GH,GHA,732620,iron_steel,22.799,8853.37,2024,2023,True
Ghana,GH,GHA,732619,iron_steel,1.0948,1043.41,2024,2023,True
Ghana,GH,GHA,732611,iron_steel,7899.839,7991928.4,2024,2023,True
Ghana,GH,GHA,731829,iron_steel,2.4976,46956.36,2024,2023,True
Ghana,GH,GHA,731824,iron_steel,5.0876,5356.86,2024,2023,True
Ghana,GH,GHA,731823,iron_steel,0.2179,81.47,2024,2023,True
Ghana,GH,GHA,731822,iron_steel,34.8961,14770.77,2024,2023,True
Ghana,GH,GHA,731821,iron_steel,0.1565,394.6,2024,2023,True
Ghana,GH,GHA,731816,iron_steel,19.574,57938.63,2024,2023,True
Ghana,GH,GHA,731815,iron_steel,1089.6767,2071073.91,2024,2023,True
Ghana,GH,GHA,731814,iron_steel,1.0654,1718.06,2024,2023,True
Ghana,GH,GHA,731813,iron_steel,0.01,82.61,2024,2023,True
Ghana,GH,GHA,731812,iron_steel,0.06,5836.84,2024,2023,True
Georgia,GE,GEO,732611,iron_steel,0.386,11965.78,2024,2023,True
Angola,AO,AGO,732611,iron_steel,0.01,467.36,2024,2023,True
Argentina,AR,ARG,760410,aluminium,5.8775,47029.6,2024,2023,True
Argentina,AR,ARG,731813,iron_steel,6.0811,54519.27,2024,2023,True
Argentina,AR,ARG,731812,iron_steel,21.9107,76586.87,2024,2023,True
Cameroon,CM,CMR,760410,aluminium,140.015,135286.43,2024,2023,True
Cameroon,CM,CMR,7601,aluminium,43916.175,83345008.14,2024,2023,True
Cameroon,CM,CMR,732690,iron_steel,124.693,342760.02,2024,2023,True
Cameroon,CM,CMR,732620,iron_steel,7.334,22666.7,2024,2023,True
Cameroon,CM,CMR,732619,iron_steel,0.7,2381.27,2024,2023,True
Cameroon,CM,CMR,731829,iron_steel,0.1342,1006.15,2024,2023,True
Cameroon,CM,CMR,731824,iron_steel,0.158,4145.12,2024,2023,True
Cameroon,CM,CMR,731821,iron_steel,0.02,539.61,2024,2023,True
Cameroon,CM,CMR,731819,iron_steel,0.001,13.21,2024,2023,True
Cameroon,CM,CMR,731816,iron_steel,0.1264,1512.83,2024,2023,True
Cameroon,CM,CMR,731815,iron_steel,1.5858,24227.11,2024,2023,True
Cameroon,CM,CMR,731814,iron_steel,0.044,586.08,2024,2023,True
Cameroon,CM,CMR,731813,iron_steel,1.643,6207.93,2024,2023,True
Sri Lanka,LK,LKA,7603,aluminium,0.1,1504.95,2024,2023,True
Brunei Darussalam,BN,BRN,731814,iron_steel,21.7499,55738.64,2024,2023,True
Cambodia,KH,KHM,731824,iron_steel,0.0096,678.13,2024,2023,True
Myanmar,MM,MMR,731824,iron_steel,16.4,56109.5,2024,2023,True
Myanmar,MM,MMR,731822,iron_steel,16.0,563094.91,2024,2023,True
Myanmar,MM,MMR,731816,iron_steel,0.0024,105.0,2024,2023,True
Brunei Darussalam,BN,BRN,760429,aluminium,219.3352,327271.57,2024,2023,True
Brunei Darussalam,BN,BRN,760421,aluminium,12.573,21000.2,2024,2023,True
Brunei Darussalam,BN,BRN,760410,aluminium,0.0684,1509.43,2024,2023,True
Brunei Darussalam,BN,BRN,731823,iron_steel,3.7061,135.95,2024,2023,True
Brunei Darussalam,BN,BRN,731819,iron_steel,0.1355,3903.16,2024,2023,True
Papua New Guinea,PG,PNG,730650,iron_steel,0.011,25.61,2024,2023,True
Vietnam,VN,VNM,730793,iron_steel,5496.6028,31410326.2,2024,2023,True
Vietnam,VN,VNM,731811,iron_steel,16.7748,43669.58,2024,2023,True
Vietnam,VN,VNM,731100,iron_steel,4268.8549,17457783.32,2024,2023,True
Vietnam,VN,VNM,7310,iron_steel,3510.0631,14606740.68,2024,2023,True
Vietnam,VN,VNM,7309,iron_steel,8777.7548,52947023.71,2024,2023,True
Vietnam,VN,VNM,7308,iron_steel,262982.4289,785636311.46,2024,2023,True
Zimbabwe,ZW,ZWE,730661,iron_steel,4.029,4446.77,2024,2023,True
Vietnam,VN,VNM,730799,iron_steel,3118.2585,43966618.76,2024,2023,True
Vietnam,VN,VNM,730792,iron_steel,767.4735,9594341.89,2024,2023,True
Vietnam,VN,VNM,730791,iron_steel,4076.5859,23021847.52,2024,2023,True
Vietnam,VN,VNM,730640,iron_steel,19525.4689,118680290.17,2024,2023,True
Vietnam,VN,VNM,730650,iron_steel,11180.0104,28723111.34,2024,2023,True
Vietnam,VN,VNM,730661,iron_steel,199462.7724,211030739.22,2024,2023,True
Vietnam,VN,VNM,730669,iron_steel,1987.5246,4061805.85,2024,2023,True
Vietnam,VN,VNM,730690,iron_steel,3045.355,8157634.52,2024,2023,True
Vietnam,VN,VNM,730711,iron_steel,1024.5136,6262367.17,2024,2023,True
Vietnam,VN,VNM,730719,iron_steel,7958.0604,51697141.99,2024,2023,True
Vietnam,VN,VNM,730721,iron_steel,1839.1315,28301561.8,2024,2023,True
Vietnam,VN,VNM,730722,iron_steel,,15648887.39,2024,2023,True
Vietnam,VN,VNM,730723,iron_steel,261.7246,5492364.71,2024,2023,True
Vietnam,VN,VNM,730729,iron_steel,921.6908,39487622.51,2024,2023,True
Togo,TG,TGO,730729,iron_steel,0.052,1677.99,2024,2023,True
Togo,TG,TGO,730721,iron_steel,0.03,464.93,2024,2023,True
Togo,TG,TGO,730661,iron_steel,397.5,379320.46,2024,2023,True
Trinidad and Tobago,TT,TTO,730640,iron_steel,0.011,122.94,2024,2023,True
Trinidad and Tobago,TT,TTO,730650,iron_steel,1.449,3879.14,2024,2023,True
Eswatini,SZ,SWZ,730711,iron_steel,0.088,1175.07,2024,2023,True
Eswatini,SZ,SWZ,7308,iron_steel,1162.2468,1453417.31,2024,2023,True
Eswatini,SZ,SWZ,730799,iron_steel,0.3653,11513.46,2024,2023,True
Eswatini,SZ,SWZ,730791,iron_steel,0.001,174.1,2024,2023,True
Eswatini,SZ,SWZ,730729,iron_steel,0.2708,534.66,2024,2023,True
Eswatini,SZ,SWZ,730721,iron_steel,0.316,883.47,2024,2023,True
Eswatini,SZ,SWZ,730719,iron_steel,0.11,1716.98,2024,2023,True
Eswatini,SZ,SWZ,730690,iron_steel,0.4633,1399.03,2024,2023,True
Eswatini,SZ,SWZ,730669,iron_steel,0.5,3144.59,2024,2023,True
Eswatini,SZ,SWZ,7309,iron_steel,42.9087,28568.98,2024,2023,True
Eswatini,SZ,SWZ,7310,iron_steel,100.3828,53227.44,2024,2023,True
Eswatini,SZ,SWZ,731100,iron_steel,398.0624,160402.67,2024,2023,True
Eswatini,SZ,SWZ,731811,iron_steel,0.714,58.95,2024,2023,True
Tajikistan,TJ,TJK,730661,iron_steel,77.541,62995.1,2024,2023,True
Tajikistan,TJ,TJK,730791,iron_steel,0.0085,48.05,2024,2023,True
Tajikistan,TJ,TJK,730799,iron_steel,0.042,671.84,2024,2023,True
Tajikistan,TJ,TJK,7308,iron_steel,37.703,24436.74,2024,2023,True
Tajikistan,TJ,TJK,7310,iron_steel,3.6,1386.19,2024,2023,True
Tajikistan,TJ,TJK,731100,iron_steel,13.0179,24091.12,2024,2023,True
Papua New Guinea,PG,PNG,7308,iron_steel,9922.1794,486161.84,2024,2023,True
Paraguay,PY,PRY,730650,iron_steel,0.0019,58.94,2024,2023,True
Papua New Guinea,PG,PNG,731100,iron_steel,777.2874,3178771.84,2024,2023,True
Papua New Guinea,PG,PNG,7310,iron_steel,4.1893,18994.31,2024,2023,True
Papua New Guinea,PG,PNG,7309,iron_steel,,42843.03,2024,2023,True
Papua New Guinea,PG,PNG,730799,iron_steel,,12569.02,2024,2023,True
Papua New Guinea,PG,PNG,730793,iron_steel,1.0,20.46,2024,2023,True
Papua New Guinea,PG,PNG,730792,iron_steel,20.365,1203.4,2024,2023,True
Papua New Guinea,PG,PNG,730729,iron_steel,0.172,3894.31,2024,2023,True
Papua New Guinea,PG,PNG,730722,iron_steel,,459.21,2024,2023,True
Papua New Guinea,PG,PNG,730719,iron_steel,0.007,32.35,2024,2023,True
Papua New Guinea,PG,PNG,730690,iron_steel,773.0,1168.94,2024,2023,True
Paraguay,PY,PRY,730721,iron_steel,0.5798,20986.6,2024,2023,True
Senegal,SN,SEN,730669,iron_steel,1.542,1626.3,2024,2023,True
Uruguay,UY,URY,730793,iron_steel,0.0616,246.74,2024,2023,True
Ivory Coast,CI,CIV,731812,iron_steel,0.001,18.59,2024,2023,True
Israel,IL,ISR,732611,iron_steel,88.4026,83171.61,2024,2023,True
Uzbekistan,UZ,UZB,730711,iron_steel,5.273,47482.66,2024,2023,True
Uzbekistan,UZ,UZB,730719,iron_steel,2.7308,9560.11,2024,2023,True
Uzbekistan,UZ,UZB,730723,iron_steel,1.04,1689.31,2024,2023,True
United Arab Emirates,AE,ARE,730719,iron_steel,6614.7669,30779920.88,2024,2023,True
United Arab Emirates,AE,ARE,730792,iron_steel,1333.4431,11505625.37,2024,2023,True
United Arab Emirates,AE,ARE,730791,iron_steel,8827.5087,35780625.47,2024,2023,True
United Arab Emirates,AE,ARE,730729,iron_steel,9248.6519,41594080.89,2024,2023,True
United Arab Emirates,AE,ARE,730723,iron_steel,961.5836,11832120.52,2024,2023,True
United Arab Emirates,AE,ARE,730722,iron_steel,627.9058,9476195.0,2024,2023,True
United Arab Emirates,AE,ARE,730721,iron_steel,3507.7737,19228221.17,2024,2023,True
United Arab Emirates,AE,ARE,730711,iron_steel,2823.4275,11319819.22,2024,2023,True
United Arab Emirates,AE,ARE,730690,iron_steel,265448.199,264789459.39,2024,2023,True
United Arab Emirates,AE,ARE,730669,iron_steel,144.6053,766210.16,2024,2023,True
United Arab Emirates,AE,ARE,730661,iron_steel,47671.4379,39622900.0,2024,2023,True
United Arab Emirates,AE,ARE,730650,iron_steel,41051.5648,51869220.96,2024,2023,True
United Arab Emirates,AE,ARE,730640,iron_steel,7909.0641,27982378.64,2024,2023,True
United Arab Emirates,AE,ARE,730793,iron_steel,5887.9014,26314717.38,2024,2023,True
United Arab Emirates,AE,ARE,730799,iron_steel,15840.1574,79591689.32,2024,2023,True
United Arab Emirates,AE,ARE,7308,iron_steel,665341.7537,1316482991.61,2024,2023,True
United Arab Emirates,AE,ARE,7309,iron_steel,18347.5677,79664894.66,2024,2023,True
United Arab Emirates,AE,ARE,7310,iron_steel,30299.1161,69040674.86,2024,2023,True
United Arab Emirates,AE,ARE,731100,iron_steel,27047.3232,65465010.95,2024,2023,True
United Arab Emirates,AE,ARE,731811,iron_steel,276.9291,1404298.73,2024,2023,True
Egypt,EG,EGY,730650,iron_steel,6.1171,15715.74,2024,2023,True
Uganda,UG,UGA,731811,iron_steel,0.004,51.19,2024,2023,True
Bolivia,BO,BOL,730411,iron_steel,0.15,55.45,2024,2023,True
Papua New Guinea,PG,PNG,730429,iron_steel,1140.506,161716.23,2024,2023,True
Paraguay,PY,PRY,730629,iron_steel,33.892,33127.82,2024,2023,True
Papua New Guinea,PG,PNG,730619,iron_steel,8.0,380051.98,2024,2023,True
Papua New Guinea,PG,PNG,730449,iron_steel,1.0,179.54,2024,2023,True
Papua New Guinea,PG,PNG,730441,iron_steel,1.0,710.66,2024,2023,True
Philippines,PH,PHL,730429,iron_steel,113.1331,268727.47,2024,2023,True
Philippines,PH,PHL,730439,iron_steel,0.064,8307.0,2024,2023,True
Papua New Guinea,PG,PNG,730439,iron_steel,4.0,3970.9,2024,2023,True
Papua New Guinea,PG,PNG,730424,iron_steel,0.432,465.58,2024,2023,True
Nigeria,NG,NGA,7305,iron_steel,41.0,29697.71,2024,2023,True
Nigeria,NG,NGA,730490,iron_steel,100.153,792045.71,2024,2023,True
Nigeria,NG,NGA,730451,iron_steel,1.5,20522.29,2024,2023,True
Nigeria,NG,NGA,730429,iron_steel,24157.435,294211.37,2024,2023,True
Niger,NE,NER,730490,iron_steel,9.054,8610.76,2024,2023,True
Nicaragua,NI,NIC,730619,iron_steel,0.007,44.36,2024,2023,True
Papua New Guinea,PG,PNG,730423,iron_steel,,9622.8,2024,2023,True
Nicaragua,NI,NIC,730429,iron_steel,0.1096,2149.58,2024,2023,True
Nigeria,NG,NGA,730619,iron_steel,166347.0,457508.07,2024,2023,True
Pakistan,PK,PAK,730300,iron_steel,5.0,4213.46,2024,2023,True
Pakistan,PK,PAK,730424,iron_steel,3.0,2223.24,2024,2023,True
Pakistan,PK,PAK,730431,iron_steel,5.0,9330.49,2024,2023,True
Pakistan,PK,PAK,730439,iron_steel,12.0,26525.02,2024,2023,True
Pakistan,PK,PAK,730441,iron_steel,7.0,41039.88,2024,2023,True
Pakistan,PK,PAK,730629,iron_steel,37.0,69068.78,2024,2023,True
Panama,PA,PAN,730429,iron_steel,0.261,1194.9,2024,2023,True
Papua New Guinea,PG,PNG,730419,iron_steel,7.0,289.1,2024,2023,True
Papua New Guinea,PG,PNG,730422,iron_steel,45.88,12724.69,2024,2023,True
Senegal,SN,SEN,730619,iron_steel,1.089,2653.56,2024,2023,True
Senegal,SN,SEN,730431,iron_steel,0.043,2074.35,2024,2023,True
New Zealand,NZ,NZL,730629,iron_steel,23.729,61617.55,2024,2023,True
Montenegro,ME,MNE,730441,iron_steel,0.158,1357.8,2024,2023,True
Montenegro,ME,MNE,730429,iron_steel,516.219,1165593.6,2024,2023,True
Moldova,MD,MDA,7305,iron_steel,372.18,272745.59,2024,2023,True
Mongolia,MN,MNG,730630,iron_steel,0.0386,24.67,2024,2023,True
Mongolia,MN,MNG,730490,iron_steel,3.2925,40237.12,2024,2023,True
Mongolia,MN,MNG,730451,iron_steel,0.0036,133.26,2024,2023,True
Mongolia,MN,MNG,730449,iron_steel,0.0012,371.15,2024,2023,True
Mongolia,MN,MNG,730439,iron_steel,0.039,1630.78,2024,2023,True
Montenegro,ME,MNE,7305,iron_steel,147.073,180471.34,2024,2023,True
Montenegro,ME,MNE,730630,iron_steel,0.453,5396.61,2024,2023,True
Morocco,MA,MAR,730424,iron_steel,0.007,2892.13,2024,2023,True
Mongolia,MN,MNG,730423,iron_steel,0.984,2851.68,2024,2023,True
Mexico,MX,MEX,730629,iron_steel,66.471,89755.11,2024,2023,True
New Zealand,NZ,NZL,730621,iron_steel,0.432,4297.08,2024,2023,True
Mauritius,MU,MUS,730441,iron_steel,0.15,682.82,2024,2023,True
Mauritius,MU,MUS,730300,iron_steel,0.548,2512.37,2024,2023,True
Mauritania,MR,MRT,730424,iron_steel,36.728,1277594.93,2024,2023,True
Mali,ML,MLI,730630,iron_steel,12.638,62795.18,2024,2023,True
Mali,ML,MLI,730629,iron_steel,0.168,1466.48,2024,2023,True
Mali,ML,MLI,730619,iron_steel,6.4,3657.52,2024,2023,True
Mali,ML,MLI,730490,iron_steel,1.0,7162.64,2024,2023,True
Mauritius,MU,MUS,7305,iron_steel,0.022,80.82,2024,2023,True
Mexico,MX,MEX,730411,iron_steel,10.263,45078.09,2024,2023,True
Morocco,MA,MAR,730621,iron_steel,0.4,547.28,2024,2023,True
Namibia,,NAM,730621,iron_steel,0.003,28.84,2024,2023,True
Namibia,,NAM,730619,iron_steel,0.031,242.59,2024,2023,True
Namibia,,NAM,730611,iron_steel,56.748,318439.77,2024,2023,True
Mozambique,MZ,MOZ,730423,iron_steel,2.22,15710.19,2024,2023,True
Mozambique,MZ,MOZ,730424,iron_steel,0.4,2772.39,2024,2023,True
Mozambique,MZ,MOZ,730431,iron_steel,31.702,30496.26,2024,2023,True
Mozambique,MZ,MOZ,730441,iron_steel,30.082,28648.0,2024,2023,True
Uganda,UG,UGA,730431,iron_steel,14.5,28488.04,2024,2023,True
Uganda,UG,UGA,730451,iron_steel,0.06,263.31,2024,2023,True
Ukraine,UA,UKR,730411,iron_steel,3.7368,76823.92,2024,2023,True
Ukraine,UA,UKR,730422,iron_steel,0.568,3714.09,2024,2023,True
Ukraine,UA,UKR,730423,iron_steel,146.7047,293887.58,2024,2023,True
United Arab Emirates,AE,ARE,730630,iron_steel,136896.2297,134048811.16,2024,2023,True
United Arab Emirates,AE,ARE,730629,iron_steel,27559.3298,51548959.36,2024,2023,True
United Arab Emirates,AE,ARE,730621,iron_steel,165.7352,435582.44,2024,2023,True
United Arab Emirates,AE,ARE,730619,iron_steel,9070.548,18586102.25,2024,2023,True
Tunisia,TN,TUN,7305,iron_steel,0.17,4687.96,2024,2023,True
Tanzania,TZ,TZA,730611,iron_steel,41.037,61453.95,2024,2023,True
North Macedonia,MK,MKD,730619,iron_steel,0.098,342.09,2024,2023,True
North Macedonia,MK,MKD,730423,iron_steel,3.717,15510.99,2024,2023,True
North Macedonia,MK,MKD,730422,iron_steel,17.05,13510.53,2024,2023,True
Egypt,EG,EGY,730424,iron_steel,0.6123,5535.63,2024,2023,True
Egypt,EG,EGY,730439,iron_steel,36.97,63713.87,2024,2023,True
United Arab Emirates,AE,ARE,730611,iron_steel,370.7258,1730147.78,2024,2023,True
United Arab Emirates,AE,ARE,7305,iron_steel,29458.7887,39870736.3,2024,2023,True
United Arab Emirates,AE,ARE,730490,iron_steel,73522.0435,120615675.54,2024,2023,True
Vietnam,VN,VNM,730629,iron_steel,27341.3491,53284805.38,2024,2023,True
Vietnam,VN,VNM,730630,iron_steel,99810.1335,142463639.22,2024,2023,True
Vietnam,VN,VNM,730621,iron_steel,,18902.13,2024,2023,True
Vietnam,VN,VNM,730441,iron_steel,507.5819,9503616.72,2024,2023,True
Vietnam,VN,VNM,730619,iron_steel,3159.971,3916534.99,2024,2023,True
Vietnam,VN,VNM,730611,iron_steel,166.4059,873144.98,2024,2023,True
Vietnam,VN,VNM,7305,iron_steel,7889.456,9412394.18,2024,2023,True
Vietnam,VN,VNM,730490,iron_steel,,1546628.72,2024,2023,True
Vietnam,VN,VNM,730459,iron_steel,214.0151,625941.4,2024,2023,True
Vietnam,VN,VNM,730451,iron_steel,65.2708,195939.9,2024,2023,True
Vietnam,VN,VNM,730449,iron_steel,68.7089,800569.0,2024,2023,True
Vietnam,VN,VNM,730439,iron_steel,684.2236,1179187.64,2024,2023,True
United Arab Emirates,AE,ARE,730459,iron_steel,23707.781,93753472.3,2024,2023,True
Vietnam,VN,VNM,730431,iron_steel,94.482,277927.81,2024,2023,True
Vietnam,VN,VNM,730300,iron_steel,440.8893,667219.66,2024,2023,True
Vietnam,VN,VNM,730411,iron_steel,51.4817,597350.38,2024,2023,True
Vietnam,VN,VNM,730419,iron_steel,2068.6714,3290453.24,2024,2023,True
Vietnam,VN,VNM,730422,iron_steel,,2427.46,2024,2023,True
Vietnam,VN,VNM,730423,iron_steel,61.7861,224286.11,2024,2023,True
Vietnam,VN,VNM,730424,iron_steel,11.8227,106880.14,2024,2023,True
Vietnam,VN,VNM,730429,iron_steel,91.1267,174607.36,2024,2023,True
Zimbabwe,ZW,ZWE,730449,iron_steel,0.015,3558.37,2024,2023,True
Suriname,SR,SUR,730490,iron_steel,15.55,22970.42,2024,2023,True
Togo,TG,TGO,730630,iron_steel,15.0,14854.4,2024,2023,True
Togo,TG,TGO,730429,iron_steel,0.185,5460.46,2024,2023,True
United Arab Emirates,AE,ARE,730300,iron_steel,263132.8643,267527119.93,2024,2023,True
United Arab Emirates,AE,ARE,730411,iron_steel,7329.5856,19236118.23,2024,2023,True
United Arab Emirates,AE,ARE,730419,iron_steel,54115.8357,97612036.29,2024,2023,True
United Arab Emirates,AE,ARE,730422,iron_steel,1986.0321,3545219.45,2024,2023,True
United Arab Emirates,AE,ARE,730423,iron_steel,8839.8733,22500021.19,2024,2023,True
United Arab Emirates,AE,ARE,730424,iron_steel,7681.8914,47247361.4,2024,2023,True
United Arab Emirates,AE,ARE,730429,iron_steel,63735.521,126156662.08,2024,2023,True
United Arab Emirates,AE,ARE,730431,iron_steel,22532.4273,26022870.86,2024,2023,True
United Arab Emirates,AE,ARE,730439,iron_steel,10090.5074,25178313.05,2024,2023,True
United Arab Emirates,AE,ARE,730441,iron_steel,4873.9921,37391819.52,2024,2023,True
United Arab Emirates,AE,ARE,730449,iron_steel,2969.9244,13874102.63,2024,2023,True
United Arab Emirates,AE,ARE,730451,iron_steel,194.8455,2764159.46,2024,2023,True
Togo,TG,TGO,730423,iron_steel,36.604,35534.32,2024,2023,True
Eswatini,SZ,SWZ,730419,iron_steel,0.4971,2481.02,2024,2023,True
Eswatini,SZ,SWZ,730422,iron_steel,0.12,392.27,2024,2023,True
Eswatini,SZ,SWZ,730424,iron_steel,1.0,81.25,2024,2023,True
Eswatini,SZ,SWZ,730429,iron_steel,5.985,6009.92,2024,2023,True
Eswatini,SZ,SWZ,730439,iron_steel,3.1,928.9,2024,2023,True
Eswatini,SZ,SWZ,730449,iron_steel,1.905,3017.6,2024,2023,True
Eswatini,SZ,SWZ,730490,iron_steel,0.052,161.58,2024,2023,True
Eswatini,SZ,SWZ,7305,iron_steel,0.0066,10.44,2024,2023,True
Eswatini,SZ,SWZ,730621,iron_steel,1.0,6331.71,2024,2023,True
Eswatini,SZ,SWZ,730630,iron_steel,1.0,26074.82,2024,2023,True
Tajikistan,TJ,TJK,730300,iron_steel,0.02,92.41,2024,2023,True
Tajikistan,TJ,TJK,730429,iron_steel,0.66,5974.49,2024,2023,True
Tajikistan,TJ,TJK,730630,iron_steel,26.399,21305.79,2024,2023,True
Mali,ML,MLI,730441,iron_steel,2.185,514.34,2024,2023,True
Mali,ML,MLI,730439,iron_steel,39.083,41876.02,2024,2023,True
Mali,ML,MLI,730429,iron_steel,9.589,36510.75,2024,2023,True
Congo,CG,COG,730490,iron_steel,13.717,29292.93,2024,2023,True
Democratic Republic of the Congo,CD,COD,730619,iron_steel,2.128,6528.65,2024,2023,True
Democratic Republic of the Congo,CD,COD,730423,iron_steel,1.423,2059.57,2024,2023,True
Democratic Republic of the Congo,CD,COD,730411,iron_steel,10.535,17592.75,2024,2023,True
Democratic Republic of the Congo,CD,COD,730300,iron_steel,0.009,49.37,2024,2023,True
Congo,CG,COG,730630,iron_steel,100.0,33396.29,2024,2023,True
Congo,CG,COG,730449,iron_steel,20.903,974.09,2024,2023,True
Congo,CG,COG,730300,iron_steel,0.3,230.86,2024,2023,True
Congo,CG,COG,730441,iron_steel,0.0525,3655.72,2024,2023,True
Congo,CG,COG,730439,iron_steel,0.925,37070.82,2024,2023,True
Congo,CG,COG,730429,iron_steel,2724.1,1286321.25,2024,2023,True
Congo,CG,COG,730424,iron_steel,42.3181,162334.84,2024,2023,True
Congo,CG,COG,730423,iron_steel,26.7168,344062.58,2024,2023,True
Congo,CG,COG,730422,iron_steel,3.0,1371.43,2024,2023,True
Costa Rica,CR,CRI,730423,iron_steel,15.0703,69959.78,2024,2023,True
Costa Rica,CR,CRI,730451,iron_steel,4.96,14786.06,2024,2023,True
Benin,BJ,BEN,730300,iron_steel,1511.391,1816981.11,2024,2023,True
Benin,BJ,BEN,730423,iron_steel,9.256,53195.36,2024,2023,True
Congo,CG,COG,730419,iron_steel,103.731,38229.57,2024,2023,True
Benin,BJ,BEN,730441,iron_steel,6.741,92855.76,2024,2023,True
Colombia,CO,COL,730629,iron_steel,25.0,312400.86,2024,2023,True
Benin,BJ,BEN,730439,iron_steel,15.63,32774.73,2024,2023,True
Mali,ML,MLI,730423,iron_steel,11.0576,31154.0,2024,2023,True
Ethiopia,ET,ETH,730423,iron_steel,13.3635,73066.2,2024,2023,True
Gabon,GA,GAB,730424,iron_steel,178.948,910430.68,2024,2023,True
Gabon,GA,GAB,730423,iron_steel,215.325,1434942.39,2024,2023,True
Gabon,GA,GAB,730411,iron_steel,0.01,35.75,2024,2023,True
Ethiopia,ET,ETH,730630,iron_steel,2.86,3300.64,2024,2023,True
Ethiopia,ET,ETH,7305,iron_steel,0.231,4601.75,2024,2023,True
Ethiopia,ET,ETH,730490,iron_steel,90.6232,315262.67,2024,2023,True
Ethiopia,ET,ETH,730419,iron_steel,2.37,994.79,2024,2023,True
Ethiopia,ET,ETH,730411,iron_steel,0.0404,2611.23,2024,2023,True
Ethiopia,ET,ETH,730300,iron_steel,0.025,69.34,2024,2023,True
Gabon,GA,GAB,730429,iron_steel,12853.119,23598046.92,2024,2023,True
Gabon,GA,GAB,730431,iron_steel,0.072,11136.09,2024,2023,True
Gabon,GA,GAB,730439,iron_steel,12.322,1254357.02,2024,2023,True
Gabon,GA,GAB,730490,iron_steel,43.255,1136358.29,2024,2023,True
Gabon,GA,GAB,7305,iron_steel,633.628,1957944.43,2024,2023,True
Gabon,GA,GAB,730611,iron_steel,186.874,288459.03,2024,2023,True
Gabon,GA,GAB,730619,iron_steel,529.69,1487808.69,2024,2023,True
Gabon,GA,GAB,730629,iron_steel,76.455,305518.39,2024,2023,True
Georgia,GE,GEO,730424,iron_steel,7.005,22306.09,2024,2023,True
Georgia,GE,GEO,730429,iron_steel,178.639,114335.61,2024,2023,True
Georgia,GE,GEO,730449,iron_steel,2.39,2425.84,2024,2023,True
Benin,BJ,BEN,730619,iron_steel,9.0,9398.54,2024,2023,True
Dominican Republic,DO,DOM,730629,iron_steel,0.002,3.7,2024,2023,True
Ecuador,EC,ECU,730422,iron_steel,0.0,1560.67,2024,2023,True
El Salvador,SV,SLV,730441,iron_steel,0.78,4130.86,2024,2023,True
Dominican Republic,DO,DOM,730449,iron_steel,0.9495,16422.81,2024,2023,True
Dominican Republic,DO,DOM,730439,iron_steel,0.02,69.38,2024,2023,True
Ecuador,EC,ECU,730431,iron_steel,,512.98,2024,2023,True
Ecuador,EC,ECU,730619,iron_steel,0.0031,2938.73,2024,2023,True
Brunei Darussalam,BN,BRN,730424,iron_steel,262.194,532625.31,2024,2023,True
Brunei Darussalam,BN,BRN,730621,iron_steel,0.063,20.64,2024,2023,True
Myanmar,MM,MMR,730611,iron_steel,25.557,7855.1,2024,2023,True
Myanmar,MM,MMR,730630,iron_steel,0.0633,59.06,2024,2023,True
Cambodia,KH,KHM,730419,iron_steel,5.898,3815.36,2024,2023,True
Cambodia,KH,KHM,730429,iron_steel,0.992,25552.17,2024,2023,True
Bolivia,BO,BOL,7305,iron_steel,1.6956,501.25,2024,2023,True
Bosnia and Herzegovina,BA,BIH,730611,iron_steel,0.1,174.76,2024,2023,True
Cameroon,CM,CMR,730300,iron_steel,4.634,6317.34,2024,2023,True
Cameroon,CM,CMR,730419,iron_steel,29.398,20359.27,2024,2023,True
Cameroon,CM,CMR,730423,iron_steel,15.3,51247.53,2024,2023,True
Sri Lanka,LK,LKA,730629,iron_steel,5.75,1344.32,2024,2023,True
Cameroon,CM,CMR,730429,iron_steel,0.775,2556.84,2024,2023,True
Chile,CL,CHL,730621,iron_steel,16.744,178020.52,2024,2023,True
Sri Lanka,LK,LKA,730423,iron_steel,19.0596,32043.22,2024,2023,True
Cameroon,CM,CMR,730431,iron_steel,10.0,9451.99,2024,2023,True
Cameroon,CM,CMR,730439,iron_steel,3000.0,2533714.92,2024,2023,True
Cameroon,CM,CMR,730451,iron_steel,1.5093,10938.93,2024,2023,True
Cameroon,CM,CMR,730459,iron_steel,0.1021,917.15,2024,2023,True
Cameroon,CM,CMR,730490,iron_steel,4.5,1013.79,2024,2023,True
Cameroon,CM,CMR,7305,iron_steel,82.0,180251.99,2024,2023,True
Cameroon,CM,CMR,730619,iron_steel,879.546,2272923.73,2024,2023,True
Cameroon,CM,CMR,730630,iron_steel,980.0,831771.22,2024,2023,True
Georgia,GE,GEO,730459,iron_steel,2.0161,22123.65,2024,2023,True
Kenya,KE,KEN,730621,iron_steel,2.036,13021.6,2024,2023,True
Kazakhstan,KZ,KAZ,730629,iron_steel,0.0133,197.34,2024,2023,True
Jordan,JO,JOR,730451,iron_steel,1.0625,3787.63,2024,2023,True
Madagascar,MG,MDG,730449,iron_steel,0.003,137.95,2024,2023,True
Madagascar,MG,MDG,730431,iron_steel,0.173,206.33,2024,2023,True
Madagascar,MG,MDG,730423,iron_steel,0.166,157.18,2024,2023,True
Madagascar,MG,MDG,730419,iron_steel,0.0025,169.39,2024,2023,True
Mali,ML,MLI,730300,iron_steel,0.15,761.98,2024,2023,True
Mali,ML,MLI,730419,iron_steel,7.244,10526.18,2024,2023,True
Kyrgyzstan,KG,KGZ,730619,iron_steel,0.151,34738.01,2024,2023,True
Lebanon,LB,LBN,730423,iron_steel,860.3272,3439658.07,2024,2023,True
Lebanon,LB,LBN,730424,iron_steel,0.667,7111.17,2024,2023,True
Lebanon,LB,LBN,730451,iron_steel,9.5709,34118.84,2024,2023,True
Japan,JP,JPN,730629,iron_steel,5.67,11182.33,2024,2023,True
Georgia,GE,GEO,7305,iron_steel,11.0,3596.63,2024,2023,True
Honduras,HN,HND,730429,iron_steel,0.5716,1378.69,2024,2023,True
Honduras,HN,HND,730411,iron_steel,0.105,33.27,2024,2023,True
Hong Kong,HK,HKG,730423,iron_steel,1.245,9781.89,2024,2023,True
Hong Kong,HK,HKG,730619,iron_steel,0.016,3636.52,2024,2023,True
Ghana,GH,GHA,730423,iron_steel,251.6991,90737.92,2024,2023,True
Ghana,GH,GHA,730459,iron_steel,0.1128,1644.06,2024,2023,True
Ghana,GH,GHA,730451,iron_steel,14.9181,45895.32,2024,2023,True
Ghana,GH,GHA,730449,iron_steel,1.216,12691.09,2024,2023,True
Ghana,GH,GHA,730431,iron_steel,29.379,24121.61,2024,2023,True
Ghana,GH,GHA,730429,iron_steel,0.3263,138.59,2024,2023,True
Ghana,GH,GHA,730424,iron_steel,28.069,153777.45,2024,2023,True
Ghana,GH,GHA,730422,iron_steel,2.29,10949.87,2024,2023,True
Ghana,GH,GHA,730419,iron_steel,471.4,1569424.72,2024,2023,True
Ghana,GH,GHA,730411,iron_steel,0.0145,4.69,2024,2023,True
Ghana,GH,GHA,730300,iron_steel,1.0373,1453.32,2024,2023,True
Georgia,GE,GEO,730629,iron_steel,2.1369,6658.99,2024,2023,True
Georgia,GE,GEO,730621,iron_steel,0.234,713.19,2024,2023,True
Ghana,GH,GHA,730490,iron_steel,439.1785,490738.27,2024,2023,True
Ghana,GH,GHA,7305,iron_steel,5.107,78988.13,2024,2023,True
Ghana,GH,GHA,730611,iron_steel,160.2745,239913.62,2024,2023,True
Ghana,GH,GHA,730619,iron_steel,6.9,156165.66,2024,2023,True
Ghana,GH,GHA,730629,iron_steel,84.763,9897.55,2024,2023,True
Jamaica,JM,JAM,730419,iron_steel,0.8,667.67,2024,2023,True
Ivory Coast,CI,CIV,730629,iron_steel,20.015,28951.09,2024,2023,True
Ivory Coast,CI,CIV,730611,iron_steel,0.6,1268.25,2024,2023,True
Ivory Coast,CI,CIV,730459,iron_steel,8.7,13097.19,2024,2023,True
Ivory Coast,CI,CIV,730451,iron_steel,0.02,1127.9,2024,2023,True
Ivory Coast,CI,CIV,730449,iron_steel,3.093,26313.32,2024,2023,True
Jamaica,JM,JAM,7305,iron_steel,0.485,1102.41,2024,2023,True
Jamaica,JM,JAM,730630,iron_steel,1.155,5525.24,2024,2023,True
Israel,IL,ISR,730422,iron_steel,,181129.29,2024,2023,True
Israel,IL,ISR,730423,iron_steel,232.939,845578.04,2024,2023,True
Israel,IL,ISR,730451,iron_steel,4.002,12013.68,2024,2023,True
Israel,IL,ISR,730611,iron_steel,4.4031,23103.23,2024,2023,True
Israel,IL,ISR,730619,iron_steel,6.7105,8317.16,2024,2023,True
Pakistan,PK,PAK,760421,aluminium,7.236,22668.09,2024,2023,True
Papua New Guinea,PG,PNG,731821,iron_steel,0.001,92.33,2024,2023,True
Papua New Guinea,PG,PNG,731815,iron_steel,7.9825,39817.87,2024,2023,True
Papua New Guinea,PG,PNG,731816,iron_steel,1.902,1020.63,2024,2023,True
Nigeria,NG,NGA,732619,iron_steel,0.0142,35.59,2024,2023,True
Papua New Guinea,PG,PNG,731819,iron_steel,0.3331,3186.54,2024,2023,True
Papua New Guinea,PG,PNG,731822,iron_steel,0.3303,72.55,2024,2023,True
Paraguay,PY,PRY,7601,aluminium,85.0,100545.24,2024,2023,True
Papua New Guinea,PG,PNG,731824,iron_steel,0.026,235.24,2024,2023,True
Paraguay,PY,PRY,731812,iron_steel,0.018,180.48,2024,2023,True
Papua New Guinea,PG,PNG,760429,aluminium,0.265,231.88,2024,2023,True
Papua New Guinea,PG,PNG,7603,aluminium,1903.72,648009.21,2024,2023,True
Papua New Guinea,PG,PNG,7601,aluminium,,635680.64,2024,2023,True
Papua New Guinea,PG,PNG,732690,iron_steel,,143624.59,2024,2023,True
Papua New Guinea,PG,PNG,732620,iron_steel,0.3822,1130.41,2024,2023,True
Papua New Guinea,PG,PNG,732619,iron_steel,0.475,72025.15,2024,2023,True
Papua New Guinea,PG,PNG,732611,iron_steel,0.017,30.5,2024,2023,True
Papua New Guinea,PG,PNG,731829,iron_steel,2.0364,7801.73,2024,2023,True
Vietnam,VN,VNM,732611,iron_steel,86.2525,81148.71,2024,2023,True
Niger,NE,NER,731824,iron_steel,0.003,201.76,2024,2023,True
Niger,NE,NER,731829,iron_steel,0.073,408.67,2024,2023,True
Nicaragua,NI,NIC,731814,iron_steel,0.015,27.72,2024,2023,True
Nicaragua,NI,NIC,731812,iron_steel,0.0012,19.41,2024,2023,True
Vietnam,VN,VNM,731814,iron_steel,5293.6849,35069450.8,2024,2023,True
Vietnam,VN,VNM,731812,iron_steel,4848.5595,23819959.3,2024,2023,True
Vietnam,VN,VNM,731813,iron_steel,1.5513,9939.93,2024,2023,True
Vietnam,VN,VNM,731815,iron_steel,,305160678.4,2024,2023,True
Vietnam,VN,VNM,731816,iron_steel,,21689960.07,2024,2023,True
Vietnam,VN,VNM,731819,iron_steel,,26664849.66,2024,2023,True
Vietnam,VN,VNM,731821,iron_steel,55.0781,1234121.84,2024,2023,True
Vietnam,VN,VNM,731822,iron_steel,,24805734.81,2024,2023,True
Vietnam,VN,VNM,731823,iron_steel,229.1968,2030333.12,2024,2023,True
Vietnam,VN,VNM,731824,iron_steel,2031.1447,26173693.19,2024,2023,True
Philippines,PH,PHL,732611,iron_steel,0.4322,3316.7,2024,2023,True
Peru,PE,PER,7603,aluminium,5.0,47712.78,2024,2023,True
Senegal,SN,SEN,7603,aluminium,0.604,265.09,2024,2023,True
Senegal,SN,SEN,731823,iron_steel,0.113,60.96,2024,2023,True
Laos,LA,LAO,760410,aluminium,187.8631,351452.36,2024,2023,True
Laos,LA,LAO,7601,aluminium,1040.872,906326.03,2024,2023,True
Laos,LA,LAO,732690,iron_steel,122.3176,43189.55,2024,2023,True
Laos,LA,LAO,732620,iron_steel,0.6,2800.11,2024,2023,True
Laos,LA,LAO,732619,iron_steel,0.129,231.03,2024,2023,True
Laos,LA,LAO,731829,iron_steel,0.006,4027.11,2024,2023,True
Laos,LA,LAO,731822,iron_steel,0.8527,2082.41,2024,2023,True
Laos,LA,LAO,731821,iron_steel,0.0006,534.46,2024,2023,True
Laos,LA,LAO,731815,iron_steel,0.003,92.41,2024,2023,True
Kyrgyzstan,KG,KGZ,7603,aluminium,35.497,202930.41,2024,2023,True
Madagascar,MG,MDG,731814,iron_steel,0.0155,301.08,2024,2023,True
Mali,ML,MLI,731815,iron_steel,9.8465,112881.04,2024,2023,True
Madagascar,MG,MDG,7601,aluminium,0.319,2134.7,2024,2023,True
Madagascar,MG,MDG,731821,iron_steel,0.0018,181.56,2024,2023,True
Kyrgyzstan,KG,KGZ,732611,iron_steel,5.0,4158.58,2024,2023,True
Kyrgyzstan,KG,KGZ,731813,iron_steel,0.062,13589.32,2024,2023,True
Kuwait,KW,KWT,732611,iron_steel,0.003,111.31,2024,2023,True
Mali,ML,MLI,731816,iron_steel,0.1701,9763.64,2024,2023,True
Montenegro,ME,MNE,731814,iron_steel,0.6396,12517.38,2024,2023,True
Mali,ML,MLI,731819,iron_steel,0.6,598.92,2024,2023,True
Mozambique,MZ,MOZ,732611,iron_steel,0.01,924.13,2024,2023,True
Mozambique,MZ,MOZ,731814,iron_steel,1.924,25875.61,2024,2023,True
Mauritius,MU,MUS,731821,iron_steel,0.119,5957.84,2024,2023,True
Mauritius,MU,MUS,731814,iron_steel,0.011,150.66,2024,2023,True
Mauritania,MR,MRT,731821,iron_steel,3.7,12336.15,2024,2023,True
Mauritania,MR,MRT,731819,iron_steel,0.122,275.93,2024,2023,True
Mali,ML,MLI,760429,aluminium,301.5,186685.8,2024,2023,True
Mali,ML,MLI,7601,aluminium,143.495,97033.48,2024,2023,True
Mali,ML,MLI,732690,iron_steel,31.67,187580.57,2024,2023,True
Mali,ML,MLI,732619,iron_steel,0.345,518.15,2024,2023,True
Mali,ML,MLI,732611,iron_steel,394.399,458956.23,2024,2023,True
Mali,ML,MLI,731829,iron_steel,1.232,71839.76,2024,2023,True
Mali,ML,MLI,731824,iron_steel,0.139,3604.23,2024,2023,True
Mali,ML,MLI,731822,iron_steel,0.511,2791.85,2024,2023,True
Mali,ML,MLI,731821,iron_steel,0.001,158.87,2024,2023,True
Mongolia,MN,MNG,732690,iron_steel,4.0254,279969.99,2024,2023,True
Mongolia,MN,MNG,732619,iron_steel,27.2927,152499.0,2024,2023,True
Mongolia,MN,MNG,731829,iron_steel,1.724,64250.98,2024,2023,True
Mongolia,MN,MNG,731824,iron_steel,3.5856,105784.96,2024,2023,True
Mongolia,MN,MNG,731823,iron_steel,0.3312,2749.77,2024,2023,True
Mongolia,MN,MNG,731822,iron_steel,2.3152,110922.11,2024,2023,True
Mongolia,MN,MNG,731821,iron_steel,0.044,12222.82,2024,2023,True
Mongolia,MN,MNG,731819,iron_steel,0.107,11412.97,2024,2023,True
Mongolia,MN,MNG,731816,iron_steel,2.9882,63092.8,2024,2023,True
Mongolia,MN,MNG,731815,iron_steel,17.1424,304074.51,2024,2023,True
Mongolia,MN,MNG,731813,iron_steel,0.1551,6628.46,2024,2023,True
Vietnam,VN,VNM,731829,iron_steel,,19284113.66,2024,2023,True
Vietnam,VN,VNM,732619,iron_steel,1783.8361,8717947.88,2024,2023,True
Angola,AO,AGO,310210,fertilizers,0.072,21.79,2024,2023,True
Argentina,AR,ARG,250700,cement,107.455,38575.39,2024,2023,True
Argentina,AR,ARG,281420,fertilizers,77.3006,51832.73,2024,2023,True
Argentina,AR,ARG,310210,fertilizers,1280.5,562435.01,2024,2023,True
Albania,AL,ALB,310230,fertilizers,179.3,88913.4,2024,2023,True
Albania,AL,ALB,310210,fertilizers,2288.48,1244483.58,2024,2023,True
Albania,AL,ALB,252321,cement,590.27,99739.38,2024,2023,True
Zambia,ZM,ZMB,760410,aluminium,220.0408,491930.6,2024,2023,True
Bahrain,BH,BHR,283421,fertilizers,,39.32,2024,2023,True
Armenia,AM,ARM,281420,fertilizers,0.0002,0.28,2024,2023,True
Armenia,AM,ARM,283421,fertilizers,4.85,8466.78,2024,2023,True
Vietnam,VN,VNM,732620,iron_steel,12988.7459,38419446.43,2024,2023,True
Uzbekistan,UZ,UZB,7603,aluminium,3.14,5236.11,2024,2023,True
Yemen,YE,YEM,731813,iron_steel,7.0,4794.86,2024,2023,True
Bolivia,BO,BOL,260112,iron_steel,0.1077,1990.57,2024,2023,True
Zambia,ZM,ZMB,730619,iron_steel,36.2,7202.01,2024,2023,True
Zambia,ZM,ZMB,730459,iron_steel,4.045,4465.28,2024,2023,True
Zambia,ZM,ZMB,730424,iron_steel,2.952,59313.05,2024,2023,True
Sri Lanka,LK,LKA,310229,fertilizers,12.05,1860.05,2024,2023,True
Sri Lanka,LK,LKA,252330,cement,0.0885,120.75,2024,2023,True
Uruguay,UY,URY,730449,iron_steel,1.0508,18160.98,2024,2023,True
Uruguay,UY,URY,730459,iron_steel,0.0104,165.42,2024,2023,True
Uruguay,UY,URY,7305,iron_steel,6.8533,13138.34,2024,2023,True
Uzbekistan,UZ,UZB,730429,iron_steel,100.61,33918.31,2024,2023,True
Brazil,BR,BRA,283421,fertilizers,0.001,15.71,2024,2023,True
Brunei Darussalam,BN,BRN,252310,cement,0.2,55.05,2024,2023,True
Brunei Darussalam,BN,BRN,252330,cement,0.0525,248.76,2024,2023,True
Bosnia and Herzegovina,BA,BIH,310230,fertilizers,5.78,6975.42,2024,2023,True
Bosnia and Herzegovina,BA,BIH,252330,cement,14.2,5327.77,2024,2023,True
Brunei Darussalam,BN,BRN,310229,fertilizers,0.002,4.69,2024,2023,True
Cameroon,CM,CMR,310280,fertilizers,29.0,12288.4,2024,2023,True
Cameroon,CM,CMR,310230,fertilizers,398.5,891953.67,2024,2023,True
Cameroon,CM,CMR,310210,fertilizers,828.0,740591.28,2024,2023,True
Cameroon,CM,CMR,281410,fertilizers,2.01,22303.62,2024,2023,True
Cameroon,CM,CMR,280800,fertilizers,0.0006,28.93,2024,2023,True
Cameroon,CM,CMR,280410,hydrogen,0.384,2173.51,2024,2023,True
Cameroon,CM,CMR,252390,cement,70539.608,10784041.75,2024,2023,True
Cameroon,CM,CMR,252329,cement,5095.445,488922.47,2024,2023,True
Cameroon,CM,CMR,252321,cement,285.0,68661.45,2024,2023,True
Cameroon,CM,CMR,252310,cement,0.12,46.38,2024,2023,True
Cameroon,CM,CMR,250700,cement,224.0578,45730.89,2024,2023,True
Togo,TG,TGO,731821,iron_steel,0.069,5604.68,2024,2023,True
Togo,TG,TGO,731823,iron_steel,0.001,87.48,2024,2023,True
United Arab Emirates,AE,ARE,732620,iron_steel,7070.0626,17018359.35,2024,2023,True
United Arab Emirates,AE,ARE,731822,iron_steel,848.8705,7815174.52,2024,2023,True
United Arab Emirates,AE,ARE,731823,iron_steel,379.1106,975111.05,2024,2023,True
United Arab Emirates,AE,ARE,731824,iron_steel,221.5625,5589067.81,2024,2023,True
United Arab Emirates,AE,ARE,731829,iron_steel,7850.2882,29242211.65,2024,2023,True
United Arab Emirates,AE,ARE,732611,iron_steel,170.9522,460155.05,2024,2023,True
United Arab Emirates,AE,ARE,732619,iron_steel,5486.5507,17209625.48,2024,2023,True
United Arab Emirates,AE,ARE,732690,iron_steel,162124.4053,358530267.32,2024,2023,True
United Arab Emirates,AE,ARE,7601,aluminium,2685580.8176,5773818371.67,2024,2023,True
United Arab Emirates,AE,ARE,7603,aluminium,5441.781,10519034.41,2024,2023,True
United Arab Emirates,AE,ARE,760410,aluminium,37254.6519,116586002.37,2024,2023,True
United Arab Emirates,AE,ARE,760421,aluminium,838.5535,3158651.41,2024,2023,True
United Arab Emirates,AE,ARE,760429,aluminium,,97258856.08,2024,2023,True
United Arab Emirates,AE,ARE,731821,iron_steel,468.3192,3102234.01,2024,2023,True
United Arab Emirates,AE,ARE,731819,iron_steel,26456.9945,28509203.24,2024,2023,True
United Arab Emirates,AE,ARE,731816,iron_steel,3636.0417,16421147.96,2024,2023,True
United Arab Emirates,AE,ARE,731815,iron_steel,64503.1224,238824347.82,2024,2023,True
United Arab Emirates,AE,ARE,731814,iron_steel,5485.8235,16976082.01,2024,2023,True
United Arab Emirates,AE,ARE,731813,iron_steel,237.6337,1116660.26,2024,2023,True
United Arab Emirates,AE,ARE,731812,iron_steel,194.0981,724939.15,2024,2023,True
Trinidad and Tobago,TT,TTO,760410,aluminium,0.532,3876.54,2024,2023,True
Zimbabwe,ZW,ZWE,731819,iron_steel,0.0016,588.86,2024,2023,True
Vietnam,VN,VNM,760429,aluminium,30892.4392,167583407.18,2024,2023,True
Vietnam,VN,VNM,760421,aluminium,10315.3316,52364596.04,2024,2023,True
Vietnam,VN,VNM,760410,aluminium,37.9895,243098.04,2024,2023,True
Vietnam,VN,VNM,7603,aluminium,10.6876,39923.76,2024,2023,True
Vietnam,VN,VNM,7601,aluminium,236488.2161,574667140.59,2024,2023,True
Vietnam,VN,VNM,732690,iron_steel,,464713733.89,2024,2023,True
Eswatini,SZ,SWZ,731824,iron_steel,0.002,2.63,2024,2023,True
Tajikistan,TJ,TJK,760429,aluminium,21.968,71278.99,2024,2023,True
Tajikistan,TJ,TJK,760421,aluminium,371.633,1130035.12,2024,2023,True
Tajikistan,TJ,TJK,760410,aluminium,9.899,25615.01,2024,2023,True
Tajikistan,TJ,TJK,7601,aluminium,59062.852,122294092.04,2024,2023,True
Tajikistan,TJ,TJK,732690,iron_steel,700.5199,1447916.09,2024,2023,True
Tajikistan,TJ,TJK,731822,iron_steel,,246.74,2024,2023,True
Tajikistan,TJ,TJK,731815,iron_steel,,266.15,2024,2023,True
Tajikistan,TJ,TJK,731814,iron_steel,56.208,113004.34,2024,2023,True
Eswatini,SZ,SWZ,760429,aluminium,7.497,3316.44,2024,2023,True
Eswatini,SZ,SWZ,760410,aluminium,0.501,1833.19,2024,2023,True
Eswatini,SZ,SWZ,732690,iron_steel,54.5062,62689.27,2024,2023,True
Eswatini,SZ,SWZ,732620,iron_steel,38.9,289571.96,2024,2023,True
Eswatini,SZ,SWZ,732619,iron_steel,0.662,2921.1,2024,2023,True
Eswatini,SZ,SWZ,731829,iron_steel,0.1922,4727.68,2024,2023,True
Eswatini,SZ,SWZ,731823,iron_steel,0.01,100.79,2024,2023,True
Zimbabwe,ZW,ZWE,732619,iron_steel,0.21,9583.99,2024,2023,True
Eswatini,SZ,SWZ,731822,iron_steel,0.3358,724.09,2024,2023,True
Eswatini,SZ,SWZ,731821,iron_steel,0.002,12.73,2024,2023,True
Eswatini,SZ,SWZ,731819,iron_steel,0.231,352.45,2024,2023,True
Eswatini,SZ,SWZ,731816,iron_steel,0.469,1073.36,2024,2023,True
Eswatini,SZ,SWZ,731815,iron_steel,2.292,8482.06,2024,2023,True
Eswatini,SZ,SWZ,731814,iron_steel,1.9435,2236.92,2024,2023,True
Eswatini,SZ,SWZ,731812,iron_steel,0.031,118.97,2024,2023,True
Zimbabwe,ZW,ZWE,760421,aluminium,0.203,409.4,2024,2023,True
Egypt,EG,EGY,731812,iron_steel,8.5589,42047.87,2024,2023,True
Egypt,EG,EGY,7603,aluminium,2.7403,14123.26,2024,2023,True
Uganda,UG,UGA,7603,aluminium,0.1042,1213.1,2024,2023,True
Uganda,UG,UGA,731823,iron_steel,,958.11,2024,2023,True
Mali,ML,MLI,7208,iron_steel,1.366,1977.65,2024,2023,True
Mali,ML,MLI,7209,iron_steel,102.403,94417.85,2024,2023,True
Mali,ML,MLI,7210,iron_steel,749.886,878654.27,2024,2023,True
Mali,ML,MLI,721119,iron_steel,1080.0,946382.73,2024,2023,True
Mali,ML,MLI,7213,iron_steel,716.179,755332.89,2024,2023,True
Mali,ML,MLI,721410,iron_steel,661.326,223273.36,2024,2023,True
Mali,ML,MLI,721420,iron_steel,6600.0,6046486.49,2024,2023,True
Mali,ML,MLI,721499,iron_steel,0.32,609.59,2024,2023,True
Mali,ML,MLI,7215,iron_steel,707.079,1009449.01,2024,2023,True
Mali,ML,MLI,7216,iron_steel,3517.058,3413906.54,2024,2023,True
Madagascar,MG,MDG,7208,iron_steel,6.9947,11376.44,2024,2023,True
Madagascar,MG,MDG,7209,iron_steel,5.76,10045.76,2024,2023,True
Madagascar,MG,MDG,7212,iron_steel,7.289,10055.3,2024,2023,True
Mauritius,MU,MUS,7213,iron_steel,27.428,26881.75,2024,2023,True
Moldova,MD,MDA,7213,iron_steel,54.592,30463.91,2024,2023,True
Montenegro,ME,MNE,7212,iron_steel,6.513,6601.19,2024,2023,True
Moldova,MD,MDA,721119,iron_steel,23.46,16368.17,2024,2023,True
Mongolia,MN,MNG,7216,iron_steel,1.032,906.18,2024,2023,True
Mongolia,MN,MNG,7215,iron_steel,0.06,45.91,2024,2023,True
Lebanon,LB,LBN,721420,iron_steel,86.4931,57189.72,2024,2023,True
Kenya,KE,KEN,721119,iron_steel,87.924,83469.58,2024,2023,True
Kenya,KE,KEN,721123,iron_steel,28.05,33892.86,2024,2023,True
Kenya,KE,KEN,721410,iron_steel,23.256,5397.24,2024,2023,True
Kenya,KE,KEN,721491,iron_steel,3.104,2480.7,2024,2023,True
Jordan,JO,JOR,7215,iron_steel,0.474,968.97,2024,2023,True
Kazakhstan,KZ,KAZ,721410,iron_steel,0.458,313.05,2024,2023,True
Jordan,JO,JOR,721410,iron_steel,10.087,13895.45,2024,2023,True
Kyrgyzstan,KG,KGZ,721491,iron_steel,110.0,55706.5,2024,2023,True
Laos,LA,LAO,7210,iron_steel,359.723,146320.15,2024,2023,True
Laos,LA,LAO,721420,iron_steel,1216.846,618487.48,2024,2023,True
Laos,LA,LAO,7215,iron_steel,956.974,376047.96,2024,2023,True
Kuwait,KW,KWT,721420,iron_steel,0.616,1200.34,2024,2023,True
South Korea,KR,KOR,721430,iron_steel,,596.06,2024,2023,True
Philippines,PH,PHL,7213,iron_steel,5.1046,31839.02,2024,2023,True
Philippines,PH,PHL,721430,iron_steel,0.0996,7196.19,2024,2023,True
Peru,PE,PER,721129,iron_steel,86.4222,76822.86,2024,2023,True
Papua New Guinea,PG,PNG,720719,iron_steel,0.25,4.59,2024,2023,True
Papua New Guinea,PG,PNG,7208,iron_steel,,96.52,2024,2023,True
Papua New Guinea,PG,PNG,7210,iron_steel,13.003,11705.57,2024,2023,True
Papua New Guinea,PG,PNG,721114,iron_steel,0.03,247.83,2024,2023,True
Papua New Guinea,PG,PNG,721499,iron_steel,21.2,4634.61,2024,2023,True
Papua New Guinea,PG,PNG,7215,iron_steel,1.03,165.23,2024,2023,True
Papua New Guinea,PG,PNG,7216,iron_steel,162.151,39971.28,2024,2023,True
Paraguay,PY,PRY,7208,iron_steel,20.65,53455.87,2024,2023,True
Paraguay,PY,PRY,721499,iron_steel,36.0,39996.3,2024,2023,True
Peru,PE,PER,721114,iron_steel,11.84,16152.11,2024,2023,True
Senegal,SN,SEN,721129,iron_steel,0.025,144.1,2024,2023,True
Saudi Arabia,SA,SAU,720719,iron_steel,,1683036.52,2024,2023,True
Saudi Arabia,SA,SAU,721430,iron_steel,483.7037,488192.7,2024,2023,True
Oman,OM,OMN,721491,iron_steel,185.6101,164129.64,2024,2023,True
Oman,OM,OMN,721499,iron_steel,1166.044,1100391.29,2024,2023,True
Namibia,,NAM,720719,iron_steel,28.0,4408.65,2024,2023,True
Namibia,,NAM,721113,iron_steel,3.0,104.49,2024,2023,True
Namibia,,NAM,721410,iron_steel,0.587,1474.61,2024,2023,True
Namibia,,NAM,721430,iron_steel,0.1,10.53,2024,2023,True
Mozambique,MZ,MOZ,720719,iron_steel,707.05,76702.71,2024,2023,True
Mozambique,MZ,MOZ,7213,iron_steel,0.84,6468.9,2024,2023,True
Mozambique,MZ,MOZ,721420,iron_steel,307.582,207004.9,2024,2023,True
Mozambique,MZ,MOZ,721430,iron_steel,19.66,10165.42,2024,2023,True
Pakistan,PK,PAK,721129,iron_steel,1.0,1157.53,2024,2023,True
Pakistan,PK,PAK,721491,iron_steel,1.0,65.5,2024,2023,True
Nicaragua,NI,NIC,721410,iron_steel,0.04,133.07,2024,2023,True
Nicaragua,NI,NIC,7212,iron_steel,191.884,263820.11,2024,2023,True
Nicaragua,NI,NIC,721129,iron_steel,1.25,3239.77,2024,2023,True
Nicaragua,NI,NIC,721190,iron_steel,0.5,2759.91,2024,2023,True
Sri Lanka,LK,LKA,721123,iron_steel,24.813,43899.85,2024,2023,True
Sri Lanka,LK,LKA,721491,iron_steel,0.0107,66.82,2024,2023,True
Sri Lanka,LK,LKA,721499,iron_steel,5.948,5580.79,2024,2023,True
Congo,CG,COG,7208,iron_steel,1.01,390.88,2024,2023,True
Congo,CG,COG,7209,iron_steel,,363.95,2024,2023,True
Congo,CG,COG,7210,iron_steel,1.475,732.25,2024,2023,True
Congo,CG,COG,721499,iron_steel,210.0,133333.53,2024,2023,True
Congo,CG,COG,7215,iron_steel,1.08,27935.68,2024,2023,True
Congo,CG,COG,7216,iron_steel,4.571,21945.62,2024,2023,True
Democratic Republic of the Congo,CD,COD,7212,iron_steel,0.421,1255.53,2024,2023,True
Cameroon,CM,CMR,7216,iron_steel,117.273,76712.04,2024,2023,True
Kazakhstan,KZ,KAZ,721123,iron_steel,1.531,2837.01,2024,2023,True
Bosnia and Herzegovina,BA,BIH,721410,iron_steel,30.41,19987.6,2024,2023,True
Bolivia,BO,BOL,721420,iron_steel,3432.083,3072621.21,2024,2023,True
Cameroon,CM,CMR,7215,iron_steel,543.259,429055.83,2024,2023,True
Bahrain,BH,BHR,721430,iron_steel,0.0096,9.85,2024,2023,True
Armenia,AM,ARM,7215,iron_steel,0.4258,3122.22,2024,2023,True
Myanmar,MM,MMR,721420,iron_steel,6.5,1301.53,2024,2023,True
Cambodia,KH,KHM,721410,iron_steel,0.01,10.17,2024,2023,True
Cambodia,KH,KHM,721499,iron_steel,260.024,159789.45,2024,2023,True
Cambodia,KH,KHM,7216,iron_steel,0.115,116.9,2024,2023,True
Cameroon,CM,CMR,7208,iron_steel,2984.79,2536742.83,2024,2023,True
Cameroon,CM,CMR,7210,iron_steel,19.808,32970.32,2024,2023,True
Cameroon,CM,CMR,7212,iron_steel,100.083,183442.8,2024,2023,True
Cameroon,CM,CMR,7213,iron_steel,10.0,5376.18,2024,2023,True
Cameroon,CM,CMR,721410,iron_steel,138.0,107766.21,2024,2023,True
Cameroon,CM,CMR,721420,iron_steel,23176.8,18964486.47,2024,2023,True
Cameroon,CM,CMR,721491,iron_steel,4.5,6059.72,2024,2023,True
Cameroon,CM,CMR,721499,iron_steel,3783.7,3141209.26,2024,2023,True
Democratic Republic of the Congo,CD,COD,721499,iron_steel,0.001,3.96,2024,2023,True
Indonesia,ID,IDN,721114,iron_steel,0.1995,263.9,2024,2023,True
Indonesia,ID,IDN,720719,iron_steel,66.9273,75377.28,2024,2023,True
Ivory Coast,CI,CIV,721129,iron_steel,5.0,19986.56,2024,2023,True
Ivory Coast,CI,CIV,721190,iron_steel,0.014,274.22,2024,2023,True
Jamaica,JM,JAM,721420,iron_steel,0.0035,96.93,2024,2023,True
Jamaica,JM,JAM,7215,iron_steel,0.0202,125.72,2024,2023,True
Hong Kong,HK,HKG,721113,iron_steel,0.52,491.01,2024,2023,True
Dominican Republic,DO,DOM,7212,iron_steel,0.002,4.1,2024,2023,True
Ecuador,EC,ECU,721430,iron_steel,,1567.6,2024,2023,True
Costa Rica,CR,CRI,721113,iron_steel,0.81,908.88,2024,2023,True
Costa Rica,CR,CRI,721190,iron_steel,1.3274,6806.46,2024,2023,True
Benin,BJ,BEN,7212,iron_steel,1.08,339.7,2024,2023,True
Ghana,GH,GHA,720719,iron_steel,1000.0304,419143.37,2024,2023,True
Ghana,GH,GHA,7208,iron_steel,43833.7481,43420906.85,2024,2023,True
Honduras,HN,HND,720720,iron_steel,7050.2,4460589.68,2024,2023,True
Ghana,GH,GHA,721491,iron_steel,566.1157,366916.22,2024,2023,True
Ghana,GH,GHA,7209,iron_steel,9102.3811,7617778.86,2024,2023,True
Ghana,GH,GHA,7210,iron_steel,40545.5299,37765346.5,2024,2023,True
Ghana,GH,GHA,721119,iron_steel,151.9387,101915.41,2024,2023,True
Ghana,GH,GHA,721190,iron_steel,19.6,23539.6,2024,2023,True
Ghana,GH,GHA,7212,iron_steel,289.2145,235172.0,2024,2023,True
Ghana,GH,GHA,7213,iron_steel,44298.7181,24310345.72,2024,2023,True
Ghana,GH,GHA,721410,iron_steel,622.0,406282.48,2024,2023,True
Ghana,GH,GHA,721420,iron_steel,138876.0786,107345320.19,2024,2023,True
Ghana,GH,GHA,721499,iron_steel,654.2724,490153.94,2024,2023,True
Ghana,GH,GHA,7215,iron_steel,206.7255,1078672.31,2024,2023,True
Ghana,GH,GHA,7216,iron_steel,36173.7958,25784631.85,2024,2023,True
Brunei Darussalam,BN,BRN,721710,iron_steel,0.001,3.65,2024,2023,True
Brunei Darussalam,BN,BRN,721899,iron_steel,3.5,240.82,2024,2023,True
Cameroon,CM,CMR,721710,iron_steel,79.5,133237.0,2024,2023,True
Cameroon,CM,CMR,721720,iron_steel,12.382,14361.1,2024,2023,True
Cameroon,CM,CMR,721790,iron_steel,34.57,51120.85,2024,2023,True
Brazil,BR,BRA,721891,iron_steel,0.005,32.34,2024,2023,True
Bolivia,BO,BOL,721899,iron_steel,0.04,147.86,2024,2023,True
Bosnia and Herzegovina,BA,BIH,721911,iron_steel,0.0141,37.84,2024,2023,True
Bosnia and Herzegovina,BA,BIH,721924,iron_steel,0.588,2742.21,2024,2023,True
Sri Lanka,LK,LKA,721922,iron_steel,0.01,112.19,2024,2023,True
Sri Lanka,LK,LKA,721921,iron_steel,0.3,470.21,2024,2023,True
Canada,CA,CAN,721913,iron_steel,81.379,250727.69,2024,2023,True
Sri Lanka,LK,LKA,721810,iron_steel,0.12,1311.92,2024,2023,True
Armenia,AM,ARM,721730,iron_steel,,264.53,2024,2023,True
Vietnam,VN,VNM,721933,iron_steel,125582.3929,336861022.48,2024,2023,True
Vietnam,VN,VNM,721935,iron_steel,12189.9988,36731874.46,2024,2023,True
Vietnam,VN,VNM,721934,iron_steel,81101.5753,213150808.47,2024,2023,True
Vietnam,VN,VNM,721932,iron_steel,13947.7295,41834373.06,2024,2023,True
Vietnam,VN,VNM,721931,iron_steel,91.5548,294852.42,2024,2023,True
Vietnam,VN,VNM,721710,iron_steel,38286.9018,44021318.15,2024,2023,True
Vietnam,VN,VNM,721720,iron_steel,27729.1001,36097266.86,2024,2023,True
Vietnam,VN,VNM,721730,iron_steel,44089.5979,65334843.11,2024,2023,True
Vietnam,VN,VNM,721790,iron_steel,3017.2041,4833449.64,2024,2023,True
Vietnam,VN,VNM,721810,iron_steel,,6239696.76,2024,2023,True
Vietnam,VN,VNM,721891,iron_steel,3.6323,14480.18,2024,2023,True
Vietnam,VN,VNM,721899,iron_steel,58.3215,429945.6,2024,2023,True
Vietnam,VN,VNM,721911,iron_steel,412.8542,1404034.52,2024,2023,True
Vietnam,VN,VNM,721912,iron_steel,1011.0894,2622354.29,2024,2023,True
Vietnam,VN,VNM,721913,iron_steel,45.3476,98590.29,2024,2023,True
Vietnam,VN,VNM,721914,iron_steel,8.6914,19296.69,2024,2023,True
Vietnam,VN,VNM,721921,iron_steel,1.5675,6581.2,2024,2023,True
Vietnam,VN,VNM,721922,iron_steel,162.2365,580196.85,2024,2023,True
Vietnam,VN,VNM,721923,iron_steel,80.3273,233603.11,2024,2023,True
Vietnam,VN,VNM,721924,iron_steel,12.4155,42816.24,2024,2023,True
Albania,AL,ALB,721710,iron_steel,2156.048,1900585.01,2024,2023,True
Bahrain,BH,BHR,721923,iron_steel,1.1004,3378.84,2024,2023,True
Azerbaijan,AZ,AZE,721899,iron_steel,78.89,150041.27,2024,2023,True
Angola,AO,AGO,721720,iron_steel,0.45,3061.9,2024,2023,True
Angola,AO,AGO,721899,iron_steel,0.03,41.71,2024,2023,True
Azerbaijan,AZ,AZE,721710,iron_steel,4.965,4323.46,2024,2023,True
Kenya,KE,KEN,721730,iron_steel,1.0,791.33,2024,2023,True
Kenya,KE,KEN,721921,iron_steel,0.748,2643.6,2024,2023,True
Jordan,JO,JOR,721934,iron_steel,15.3244,43488.73,2024,2023,True
Jordan,JO,JOR,721921,iron_steel,12.6461,56145.74,2024,2023,True
Kazakhstan,KZ,KAZ,721891,iron_steel,0.001,1344.07,2024,2023,True
Kazakhstan,KZ,KAZ,721935,iron_steel,,11850.33,2024,2023,True
Jordan,JO,JOR,721710,iron_steel,35.2115,41367.01,2024,2023,True
Congo,CG,COG,721710,iron_steel,0.0032,9.14,2024,2023,True
Congo,CG,COG,721790,iron_steel,1.852,481.07,2024,2023,True
Costa Rica,CR,CRI,721810,iron_steel,0.0012,2772.39,2024,2023,True
Dominican Republic,DO,DOM,721790,iron_steel,28.6073,7193.86,2024,2023,True
Dominican Republic,DO,DOM,721914,iron_steel,0.0155,480.55,2024,2023,True
Colombia,CO,COL,721931,iron_steel,3.951,23703.91,2024,2023,True
Colombia,CO,COL,721924,iron_steel,3.9884,18866.09,2024,2023,True
Ghana,GH,GHA,721710,iron_steel,472.993,266133.32,2024,2023,True
Honduras,HN,HND,721720,iron_steel,72.974,114698.35,2024,2023,True
Honduras,HN,HND,721790,iron_steel,0.0003,0.92,2024,2023,True
Honduras,HN,HND,721891,iron_steel,1.7,18482.58,2024,2023,True
Ghana,GH,GHA,721720,iron_steel,1636.1265,1464563.05,2024,2023,True
Ghana,GH,GHA,721730,iron_steel,0.5,151.78,2024,2023,True
Ghana,GH,GHA,721790,iron_steel,4201.999,1552343.33,2024,2023,True
Ghana,GH,GHA,721911,iron_steel,65.145,37953.4,2024,2023,True
Ghana,GH,GHA,721922,iron_steel,10.124,24588.65,2024,2023,True
Ghana,GH,GHA,721923,iron_steel,9.945,24153.9,2024,2023,True
Ghana,GH,GHA,721924,iron_steel,6.812,16544.63,2024,2023,True
Guatemala,GT,GTM,721931,iron_steel,0.474,3193.79,2024,2023,True
United Arab Emirates,AE,ARE,721119,iron_steel,3974.0328,2477018.57,2024,2023,True
United Arab Emirates,AE,ARE,721129,iron_steel,114.2238,117730.64,2024,2023,True
United Arab Emirates,AE,ARE,721190,iron_steel,58199.2084,96976935.87,2024,2023,True
United Arab Emirates,AE,ARE,7212,iron_steel,19060.2964,18524414.58,2024,2023,True
United Arab Emirates,AE,ARE,7213,iron_steel,,101119046.44,2024,2023,True
United Arab Emirates,AE,ARE,721410,iron_steel,66155.5958,44397636.71,2024,2023,True
United Arab Emirates,AE,ARE,721420,iron_steel,567450.7203,358325080.81,2024,2023,True
United Arab Emirates,AE,ARE,721430,iron_steel,,1698906.79,2024,2023,True
United Arab Emirates,AE,ARE,721491,iron_steel,4154.8883,3585082.48,2024,2023,True
United Arab Emirates,AE,ARE,721499,iron_steel,5417.3362,3791062.09,2024,2023,True
United Arab Emirates,AE,ARE,7215,iron_steel,19870.5881,11529984.2,2024,2023,True
United Arab Emirates,AE,ARE,7216,iron_steel,512639.9616,454197944.71,2024,2023,True
Tunisia,TN,TUN,720720,iron_steel,504.633,238766.35,2024,2023,True
Tunisia,TN,TUN,721119,iron_steel,158.62,107376.37,2024,2023,True
Ukraine,UA,UKR,721129,iron_steel,0.353,495.82,2024,2023,True
Ukraine,UA,UKR,721410,iron_steel,6.872,6027.92,2024,2023,True
North Macedonia,MK,MKD,721129,iron_steel,1.302,4533.24,2024,2023,True
Uganda,UG,UGA,720719,iron_steel,0.258,246.85,2024,2023,True
United Arab Emirates,AE,ARE,721123,iron_steel,44.8241,61659.7,2024,2023,True
United Arab Emirates,AE,ARE,721114,iron_steel,471.4916,399274.41,2024,2023,True
Eswatini,SZ,SWZ,7208,iron_steel,0.9211,216.09,2024,2023,True
Eswatini,SZ,SWZ,7209,iron_steel,0.03,45.69,2024,2023,True
Eswatini,SZ,SWZ,7210,iron_steel,1.654,9321.81,2024,2023,True
Eswatini,SZ,SWZ,721114,iron_steel,0.12,231.47,2024,2023,True
Eswatini,SZ,SWZ,7212,iron_steel,0.01,15.9,2024,2023,True
Eswatini,SZ,SWZ,7213,iron_steel,1.674,458.6,2024,2023,True
Eswatini,SZ,SWZ,721420,iron_steel,7.9643,2222.62,2024,2023,True
Eswatini,SZ,SWZ,7215,iron_steel,0.6,749.33,2024,2023,True
Eswatini,SZ,SWZ,7216,iron_steel,5.897,1818.85,2024,2023,True
Tajikistan,TJ,TJK,7208,iron_steel,1.7,355.79,2024,2023,True
Tajikistan,TJ,TJK,7210,iron_steel,310.087,142803.81,2024,2023,True
Tajikistan,TJ,TJK,7213,iron_steel,45.1,14989.37,2024,2023,True
Tajikistan,TJ,TJK,721499,iron_steel,132.49,50900.1,2024,2023,True
Tajikistan,TJ,TJK,7216,iron_steel,146.812,35347.93,2024,2023,True
United Arab Emirates,AE,ARE,721113,iron_steel,277.9214,202918.4,2024,2023,True
Trinidad and Tobago,TT,TTO,721410,iron_steel,21.148,28859.63,2024,2023,True
United Arab Emirates,AE,ARE,720719,iron_steel,16703.5044,9767214.98,2024,2023,True
United Arab Emirates,AE,ARE,720720,iron_steel,111919.2775,59891700.89,2024,2023,True
United Arab Emirates,AE,ARE,7208,iron_steel,,229728232.96,2024,2023,True
United Arab Emirates,AE,ARE,7209,iron_steel,16442.7583,12477713.76,2024,2023,True
United Arab Emirates,AE,ARE,7210,iron_steel,539223.7423,536100078.9,2024,2023,True
Togo,TG,TGO,721190,iron_steel,14.71,6094.11,2024,2023,True
Togo,TG,TGO,7210,iron_steel,110.0,134070.49,2024,2023,True
El Salvador,SV,SLV,721934,iron_steel,0.12,2872.19,2024,2023,True
Gabon,GA,GAB,721710,iron_steel,0.001,95.5,2024,2023,True
Gabon,GA,GAB,721790,iron_steel,0.129,6.0,2024,2023,True
Georgia,GE,GEO,721932,iron_steel,10.048,36955.92,2024,2023,True
Serbia,RS,SRB,721810,iron_steel,6.194,6449.5,2024,2023,True
Ecuador,EC,ECU,721932,iron_steel,,643.66,2024,2023,True
Ecuador,EC,ECU,721810,iron_steel,,1455.97,2024,2023,True
Yemen,YE,YEM,721499,iron_steel,120.0,13288.62,2024,2023,True
Zambia,ZM,ZMB,720719,iron_steel,13.5,34611.63,2024,2023,True
Zambia,ZM,ZMB,721119,iron_steel,1.51,1758.86,2024,2023,True
Serbia,RS,SRB,721891,iron_steel,1.0,2667.04,2024,2023,True
Yemen,YE,YEM,721410,iron_steel,1.65,4525.44,2024,2023,True
Yemen,YE,YEM,7210,iron_steel,,913.31,2024,2023,True
Tanzania,TZ,TZA,720719,iron_steel,0.9943,873.76,2024,2023,True
Egypt,EG,EGY,720720,iron_steel,0.5894,778.54,2024,2023,True
Uruguay,UY,URY,721123,iron_steel,0.0018,158.03,2024,2023,True
Uzbekistan,UZ,UZB,720720,iron_steel,0.03,15.71,2024,2023,True
Uzbekistan,UZ,UZB,721113,iron_steel,0.79,581.28,2024,2023,True
Uzbekistan,UZ,UZB,721129,iron_steel,23.06,81932.35,2024,2023,True
Tanzania,TZ,TZA,721430,iron_steel,0.38,152.26,2024,2023,True
Kenya,KE,KEN,720711,iron_steel,1.0,9390.31,2024,2023,True
Laos,LA,LAO,310520,fertilizers,11746.0,9144965.7,2024,2023,True
Kyrgyzstan,KG,KGZ,7205,iron_steel,1.8,4158.58,2024,2023,True
Kyrgyzstan,KG,KGZ,310559,fertilizers,13.6,2032.16,2024,2023,True
Kyrgyzstan,KG,KGZ,310540,fertilizers,301.2,96843.18,2024,2023,True
Kyrgyzstan,KG,KGZ,310520,fertilizers,5.2,447.28,2024,2023,True
Jordan,JO,JOR,720690,iron_steel,,622631.67,2024,2023,True
Jordan,JO,JOR,720610,iron_steel,722.5738,948042.39,2024,2023,True
Japan,JP,JPN,310551,fertilizers,28.0,97161.27,2024,2023,True
Laos,LA,LAO,310510,fertilizers,70.0,32344.52,2024,2023,True
Laos,LA,LAO,7201,iron_steel,40.0,3272.02,2024,2023,True
Oman,OM,OMN,310540,fertilizers,41.9366,36155.2,2024,2023,True
Morocco,MA,MAR,7201,iron_steel,0.026,135.54,2024,2023,True
Oman,OM,OMN,310551,fertilizers,26.812,24515.26,2024,2023,True
Oman,OM,OMN,720211,iron_steel,27.839,27714.26,2024,2023,True
Moldova,MD,MDA,310510,fertilizers,0.027,40.66,2024,2023,True
Malaysia,MY,MYS,720241,iron_steel,0.001,4.05,2024,2023,True
Madagascar,MG,MDG,310590,fertilizers,15.0,4941.96,2024,2023,True
Mauritius,MU,MUS,720690,iron_steel,9.5,1776.1,2024,2023,True
Mauritius,MU,MUS,310290,fertilizers,0.01,38.14,2024,2023,True
Mauritania,MR,MRT,7205,iron_steel,0.05,89.29,2024,2023,True
Mali,ML,MLI,720711,iron_steel,354.6,108079.65,2024,2023,True
Mali,ML,MLI,7201,iron_steel,36236.1,4978788.47,2024,2023,True
Mali,ML,MLI,310540,fertilizers,14029.1,8522023.31,2024,2023,True
Mali,ML,MLI,310530,fertilizers,2909.0,1500534.92,2024,2023,True
Mali,ML,MLI,310520,fertilizers,56579.0,31250174.89,2024,2023,True
Chile,CL,CHL,720690,iron_steel,18.65,9189.3,2024,2023,True
Congo,CG,COG,720711,iron_steel,2673.05,627275.47,2024,2023,True
Congo,CG,COG,7201,iron_steel,250.0,20952.41,2024,2023,True
Colombia,CO,COL,720690,iron_steel,0.4745,585.24,2024,2023,True
Colombia,CO,COL,7203,iron_steel,1.9107,7690.59,2024,2023,True
Cambodia,KH,KHM,310510,fertilizers,2.0,2088.53,2024,2023,True
Brunei Darussalam,BN,BRN,310510,fertilizers,0.5,4267.91,2024,2023,True
Cameroon,CM,CMR,310530,fertilizers,1.0,983.07,2024,2023,True
Cameroon,CM,CMR,310590,fertilizers,29.0,12288.4,2024,2023,True
Cameroon,CM,CMR,7205,iron_steel,7.2,26116.55,2024,2023,True
Chile,CL,CHL,310551,fertilizers,2.016,4919.14,2024,2023,True
Cameroon,CM,CMR,720610,iron_steel,0.6,2560.93,2024,2023,True
Sri Lanka,LK,LKA,720690,iron_steel,0.013,22.0,2024,2023,True
Sri Lanka,LK,LKA,7203,iron_steel,0.04,18.76,2024,2023,True
Sri Lanka,LK,LKA,310559,fertilizers,3.1424,3867.84,2024,2023,True
Sri Lanka,LK,LKA,310510,fertilizers,0.012,161.54,2024,2023,True
Cameroon,CM,CMR,720690,iron_steel,2.6,2347.7,2024,2023,True
Costa Rica,CR,CRI,310540,fertilizers,215.67,161217.1,2024,2023,True
Indonesia,ID,IDN,310530,fertilizers,100.6261,63290.28,2024,2023,True
Hong Kong,HK,HKG,720260,iron_steel,161.06,593111.09,2024,2023,True
Israel,IL,ISR,310290,fertilizers,451.7535,444506.05,2024,2023,True
Ivory Coast,CI,CIV,720690,iron_steel,54.007,6711.25,2024,2023,True
Ivory Coast,CI,CIV,720219,iron_steel,19.0,27334.87,2024,2023,True
Ivory Coast,CI,CIV,310559,fertilizers,0.001,3.0,2024,2023,True
Israel,IL,ISR,310559,fertilizers,246.4378,190370.58,2024,2023,True
Costa Rica,CR,CRI,7201,iron_steel,0.0265,8.32,2024,2023,True
Georgia,GE,GEO,720219,iron_steel,324.318,269740.09,2024,2023,True
Gabon,GA,GAB,720610,iron_steel,4500.0,2055846.09,2024,2023,True
Gabon,GA,GAB,310590,fertilizers,24.47,20710.76,2024,2023,True
Dominican Republic,DO,DOM,720260,iron_steel,49321.2712,294478597.61,2024,2023,True
Dominican Republic,DO,DOM,310540,fertilizers,0.001,2.77,2024,2023,True
Ghana,GH,GHA,310290,fertilizers,22.7,4187.78,2024,2023,True
Ghana,GH,GHA,310510,fertilizers,0.045,65.26,2024,2023,True
Guatemala,GT,GTM,720610,iron_steel,34.35,3630.9,2024,2023,True
Guatemala,GT,GTM,7203,iron_steel,21.781,4436.74,2024,2023,True
Ghana,GH,GHA,310520,fertilizers,5481.015,1781832.57,2024,2023,True
Ghana,GH,GHA,720690,iron_steel,0.4,1339.85,2024,2023,True
Ghana,GH,GHA,7203,iron_steel,0.1429,232.73,2024,2023,True
Ghana,GH,GHA,310590,fertilizers,7361.1232,2620617.86,2024,2023,True
Ghana,GH,GHA,310530,fertilizers,820.0,304932.42,2024,2023,True
Brazil,BR,BRA,310530,fertilizers,236.0,158443.77,2024,2023,True
Uganda,UG,UGA,310290,fertilizers,0.75,365.66,2024,2023,True
Uganda,UG,UGA,310559,fertilizers,10.0,9846.16,2024,2023,True
North Macedonia,MK,MKD,310510,fertilizers,2.386,4094.63,2024,2023,True
Trinidad and Tobago,TT,TTO,7205,iron_steel,0.19,233.14,2024,2023,True
Thailand,TH,THA,720260,iron_steel,194.94,56490.37,2024,2023,True
Trinidad and Tobago,TT,TTO,720690,iron_steel,0.273,225.89,2024,2023,True
United Arab Emirates,AE,ARE,310290,fertilizers,370.6,162377.3,2024,2023,True
United Arab Emirates,AE,ARE,310510,fertilizers,1562.1617,345838.4,2024,2023,True
United Arab Emirates,AE,ARE,720260,iron_steel,174.717,141844.3,2024,2023,True
United Arab Emirates,AE,ARE,720712,iron_steel,,676917.53,2024,2023,True
United Arab Emirates,AE,ARE,720711,iron_steel,141049.5446,68249939.26,2024,2023,True
United Arab Emirates,AE,ARE,720690,iron_steel,532.4399,250346.56,2024,2023,True
United Arab Emirates,AE,ARE,720610,iron_steel,705.0798,931555.12,2024,2023,True
United Arab Emirates,AE,ARE,7205,iron_steel,12345.6709,4811511.85,2024,2023,True
United Arab Emirates,AE,ARE,7203,iron_steel,456084.67,117091900.2,2024,2023,True
United Arab Emirates,AE,ARE,720249,iron_steel,179.4155,935795.12,2024,2023,True
United Arab Emirates,AE,ARE,310520,fertilizers,25996.2461,19064053.02,2024,2023,True
United Arab Emirates,AE,ARE,720241,iron_steel,244.1694,1368838.93,2024,2023,True
United Arab Emirates,AE,ARE,720219,iron_steel,271.91,437908.79,2024,2023,True
United Arab Emirates,AE,ARE,720211,iron_steel,61.3629,304339.58,2024,2023,True
United Arab Emirates,AE,ARE,7201,iron_steel,1122.524,592503.97,2024,2023,True
United Arab Emirates,AE,ARE,310590,fertilizers,565.4671,1079124.66,2024,2023,True
United Arab Emirates,AE,ARE,310559,fertilizers,100.7094,61152.56,2024,2023,True
United Arab Emirates,AE,ARE,310540,fertilizers,315.844,241950.25,2024,2023,True
United Arab Emirates,AE,ARE,310530,fertilizers,1784.21,424209.08,2024,2023,True
North Macedonia,MK,MKD,310540,fertilizers,438.8,258615.8,2024,2023,True
Zambia,ZM,ZMB,7203,iron_steel,27.714,26590.95,2024,2023,True
Tanzania,TZ,TZA,310290,fertilizers,0.0256,18.76,2024,2023,True
Zambia,ZM,ZMB,720219,iron_steel,72.0,57773.69,2024,2023,True
Egypt,EG,EGY,720712,iron_steel,0.2906,179.9,2024,2023,True
North Macedonia,MK,MKD,7203,iron_steel,0.6,1314.67,2024,2023,True
Egypt,EG,EGY,310510,fertilizers,,203770.45,2024,2023,True
Egypt,EG,EGY,720610,iron_steel,1.6884,1791.03,2024,2023,True
Tanzania,TZ,TZA,310559,fertilizers,954.238,463021.41,2024,2023,True
Uzbekistan,UZ,UZB,310290,fertilizers,507.7846,550179.28,2024,2023,True
Uzbekistan,UZ,UZB,7205,iron_steel,160.0,687159.23,2024,2023,True
Yemen,YE,YEM,7203,iron_steel,300.0,1369.96,2024,2023,True
Zambia,ZM,ZMB,310540,fertilizers,510.0,527995.93,2024,2023,True
Saudi Arabia,SA,SAU,310510,fertilizers,,40612.14,2024,2023,True
Philippines,PH,PHL,720219,iron_steel,0.0056,36.97,2024,2023,True
Senegal,SN,SEN,720690,iron_steel,23.315,27661.87,2024,2023,True
Senegal,SN,SEN,7205,iron_steel,7.0,2276.44,2024,2023,True
Saudi Arabia,SA,SAU,7203,iron_steel,25633.8322,11822652.94,2024,2023,True
Saudi Arabia,SA,SAU,720219,iron_steel,1.5196,2331.52,2024,2023,True
Saudi Arabia,SA,SAU,720211,iron_steel,163.5894,160475.12,2024,2023,True
Peru,PE,PER,720219,iron_steel,20.81,87253.32,2024,2023,True
Pakistan,PK,PAK,720219,iron_steel,2.0,518.9,2024,2023,True
Nigeria,NG,NGA,720610,iron_steel,22.9,60930.13,2024,2023,True
Nigeria,NG,NGA,310520,fertilizers,200.0,147005.98,2024,2023,True
Niger,NE,NER,720249,iron_steel,13.0,1120.16,2024,2023,True
Nicaragua,NI,NIC,7203,iron_steel,0.0105,4.62,2024,2023,True
Nicaragua,NI,NIC,310510,fertilizers,0.0514,803.71,2024,2023,True
New Zealand,NZ,NZL,7203,iron_steel,81.324,21804.32,2024,2023,True
New Zealand,NZ,NZL,720249,iron_steel,0.16,743.42,2024,2023,True
New Zealand,NZ,NZL,720219,iron_steel,6.0,8863.72,2024,2023,True
Pakistan,PK,PAK,720712,iron_steel,1.0,927.41,2024,2023,True
Paraguay,PY,PRY,310551,fertilizers,24.724,121650.25,2024,2023,True
Paraguay,PY,PRY,310559,fertilizers,1.6308,3328.97,2024,2023,True
Panama,PA,PAN,310520,fertilizers,100.215,237020.61,2024,2023,True
Paraguay,PY,PRY,310290,fertilizers,13.025,46206.45,2024,2023,True
Papua New Guinea,PG,PNG,310590,fertilizers,0.3663,2702.23,2024,2023,True
Papua New Guinea,PG,PNG,310530,fertilizers,0.2892,717.05,2024,2023,True
Papua New Guinea,PG,PNG,310520,fertilizers,3.6627,8345.51,2024,2023,True
Papua New Guinea,PG,PNG,310510,fertilizers,0.183,268.07,2024,2023,True
Vietnam,VN,VNM,720712,iron_steel,1343853.6416,764917738.59,2024,2023,True
Vietnam,VN,VNM,720711,iron_steel,84535.481,55853301.1,2024,2023,True
Vietnam,VN,VNM,720610,iron_steel,184.8032,196035.49,2024,2023,True
Vietnam,VN,VNM,7205,iron_steel,300.6209,612720.92,2024,2023,True
Vietnam,VN,VNM,720260,iron_steel,907.599,3272070.05,2024,2023,True
Vietnam,VN,VNM,720219,iron_steel,12498.9762,19177572.76,2024,2023,True
Vietnam,VN,VNM,720211,iron_steel,1977.0843,1939446.45,2024,2023,True
Vietnam,VN,VNM,7201,iron_steel,10531.0626,6193289.92,2024,2023,True
Vietnam,VN,VNM,310590,fertilizers,13053.3949,3426034.34,2024,2023,True
Vietnam,VN,VNM,310559,fertilizers,11159.9924,2893420.48,2024,2023,True
Vietnam,VN,VNM,310551,fertilizers,100.0,33638.3,2024,2023,True
Vietnam,VN,VNM,310540,fertilizers,5955.0,2792539.56,2024,2023,True
Vietnam,VN,VNM,310530,fertilizers,188260.8173,94312536.9,2024,2023,True
Vietnam,VN,VNM,310520,fertilizers,250447.9133,117839990.67,2024,2023,True
Vietnam,VN,VNM,310510,fertilizers,11057.843,3702087.5,2024,2023,True
Tajikistan,TJ,TJK,720711,iron_steel,292.65,113587.47,2024,2023,True
Vietnam,VN,VNM,310290,fertilizers,268.1647,211961.43,2024,2023,True
Serbia,RS,SRB,720711,iron_steel,0.106,2096.85,2024,2023,True
Serbia,RS,SRB,720690,iron_steel,,1575.64,2024,2023,True
Bolivia,BO,BOL,761010,aluminium,0.2224,2121.44,2024,2023,True
Bolivia,BO,BOL,761100,aluminium,0.966,3326.86,2024,2023,True
Bolivia,BO,BOL,7614,aluminium,0.006,27.72,2024,2023,True
Bolivia,BO,BOL,761691,aluminium,0.0001,46.77,2024,2023,True
Bolivia,BO,BOL,761520,aluminium,0.033,140.47,2024,2023,True
Azerbaijan,AZ,AZE,761520,aluminium,0.347,387.21,2024,2023,True
Azerbaijan,AZ,AZE,761510,aluminium,0.2252,918.37,2024,2023,True
Azerbaijan,AZ,AZE,7612,aluminium,14.6894,153390.68,2024,2023,True
Cameroon,CM,CMR,761699,aluminium,58.2136,358843.82,2024,2023,True
Cameroon,CM,CMR,761610,aluminium,32.4717,61226.25,2024,2023,True
Cameroon,CM,CMR,761510,aluminium,71.9932,508915.91,2024,2023,True
Cameroon,CM,CMR,7612,aluminium,0.01,10.08,2024,2023,True
Cameroon,CM,CMR,761090,aluminium,148.164,309668.54,2024,2023,True
Cameroon,CM,CMR,7607,aluminium,0.202,194.64,2024,2023,True
Cameroon,CM,CMR,7606,aluminium,3011.758,10179048.59,2024,2023,True
Sri Lanka,LK,LKA,7614,aluminium,0.0,0.91,2024,2023,True
Cambodia,KH,KHM,761300,aluminium,43.337,26781.26,2024,2023,True
Brunei Darussalam,BN,BRN,760900,aluminium,30.0288,33040.17,2024,2023,True
Brunei Darussalam,BN,BRN,7607,aluminium,0.1128,1606.95,2024,2023,True
Brunei Darussalam,BN,BRN,761510,aluminium,0.389,1070.72,2024,2023,True
Myanmar,MM,MMR,761610,aluminium,8.5067,62464.78,2024,2023,True
Myanmar,MM,MMR,7614,aluminium,0.0015,144.38,2024,2023,True
Brunei Darussalam,BN,BRN,761520,aluminium,0.003,52.98,2024,2023,True
Myanmar,MM,MMR,7612,aluminium,220.7805,345372.15,2024,2023,True
Myanmar,MM,MMR,761010,aluminium,17.7523,124366.86,2024,2023,True
Myanmar,MM,MMR,7608,aluminium,0.0986,516.33,2024,2023,True
Azerbaijan,AZ,AZE,7608,aluminium,0.001,34.53,2024,2023,True
Zimbabwe,ZW,ZWE,7208,iron_steel,75.622,170874.85,2024,2023,True
Zimbabwe,ZW,ZWE,7209,iron_steel,0.52,104.54,2024,2023,True
Zimbabwe,ZW,ZWE,721499,iron_steel,0.016,1546.02,2024,2023,True
Zimbabwe,ZW,ZWE,7215,iron_steel,0.045,1.2,2024,2023,True
Angola,AO,AGO,720719,iron_steel,0.402,15.29,2024,2023,True
Vietnam,VN,VNM,721190,iron_steel,851.2583,1108425.31,2024,2023,True
Vietnam,VN,VNM,7212,iron_steel,,192115635.03,2024,2023,True
Vietnam,VN,VNM,7213,iron_steel,563028.449,374340562.34,2024,2023,True
Vietnam,VN,VNM,721410,iron_steel,10.1553,12294.91,2024,2023,True
Vietnam,VN,VNM,721420,iron_steel,666314.3294,432996720.39,2024,2023,True
Vietnam,VN,VNM,721430,iron_steel,94.1582,95031.99,2024,2023,True
Vietnam,VN,VNM,721491,iron_steel,190.3499,161167.37,2024,2023,True
Vietnam,VN,VNM,721499,iron_steel,2667.3928,2409837.41,2024,2023,True
Vietnam,VN,VNM,7215,iron_steel,1657.2506,2563453.9,2024,2023,True
Vietnam,VN,VNM,7216,iron_steel,181718.2783,151586638.7,2024,2023,True
Angola,AO,AGO,721114,iron_steel,0.001,10.57,2024,2023,True
Angola,AO,AGO,721119,iron_steel,30.0,152402.42,2024,2023,True
Australia,AU,AUS,721113,iron_steel,3.83,18165.89,2024,2023,True
Argentina,AR,ARG,7216,iron_steel,6.4912,25550.25,2024,2023,True
Azerbaijan,AZ,AZE,720719,iron_steel,0.605,4620.65,2024,2023,True
Azerbaijan,AZ,AZE,7215,iron_steel,0.003,850.2,2024,2023,True
Vietnam,VN,VNM,721129,iron_steel,211.0263,416160.07,2024,2023,True
Vietnam,VN,VNM,721123,iron_steel,1180.965,1375003.67,2024,2023,True
Vietnam,VN,VNM,721119,iron_steel,2683.657,2624162.51,2024,2023,True
Ethiopia,ET,ETH,7210,iron_steel,551.862,324175.66,2024,2023,True
Albania,AL,ALB,760900,aluminium,0.1995,2691.74,2024,2023,True
Albania,AL,ALB,7606,aluminium,0.0,101347.81,2024,2023,True
El Salvador,SV,SLV,721190,iron_steel,0.9499,4579.06,2024,2023,True
Angola,AO,AGO,7605,aluminium,0.023,37.77,2024,2023,True
Ethiopia,ET,ETH,721420,iron_steel,31.74,14356.53,2024,2023,True
Vietnam,VN,VNM,721114,iron_steel,2156.6936,2192526.82,2024,2023,True
Ethiopia,ET,ETH,7215,iron_steel,6.013,1706.47,2024,2023,True
Vietnam,VN,VNM,720719,iron_steel,33135.5852,17749705.69,2024,2023,True
Vietnam,VN,VNM,720720,iron_steel,194591.2176,156835714.57,2024,2023,True
Vietnam,VN,VNM,7208,iron_steel,3139915.0033,1978684933.56,2024,2023,True
Vietnam,VN,VNM,7209,iron_steel,323534.4935,256937698.84,2024,2023,True
Vietnam,VN,VNM,7210,iron_steel,2148797.1502,2102109991.97,2024,2023,True
Vietnam,VN,VNM,721113,iron_steel,82.6141,76447.54,2024,2023,True
Ethiopia,ET,ETH,7216,iron_steel,0.22,326.4,2024,2023,True
Gabon,GA,GAB,7208,iron_steel,6.422,12413.38,2024,2023,True
Gabon,GA,GAB,721123,iron_steel,20.509,23869.54,2024,2023,True
Gabon,GA,GAB,721420,iron_steel,128.41,86324.52,2024,2023,True
Jamaica,JM,JAM,761520,aluminium,0.0205,20.47,2024,2023,True
Jamaica,JM,JAM,761100,aluminium,0.005,22.18,2024,2023,True
Ivory Coast,CI,CIV,761691,aluminium,0.005,4.62,2024,2023,True
Honduras,HN,HND,7614,aluminium,0.051,2555.1,2024,2023,True
Bahrain,BH,BHR,720712,iron_steel,158.6894,103524.75,2024,2023,True
Australia,AU,AUS,720260,iron_steel,25.6,177290.52,2024,2023,True
Bosnia and Herzegovina,BA,BIH,720711,iron_steel,6305.254,2762436.88,2024,2023,True
Bolivia,BO,BOL,310290,fertilizers,5.5,137488.31,2024,2023,True
Armenia,AM,ARM,310540,fertilizers,,144225.13,2024,2023,True
El Salvador,SV,SLV,310540,fertilizers,385.205,436471.68,2024,2023,True
Ecuador,EC,ECU,720241,iron_steel,,22486.83,2024,2023,True
El Salvador,SV,SLV,720219,iron_steel,0.0005,191.29,2024,2023,True
Eswatini,SZ,SWZ,310290,fertilizers,106.74,720.57,2024,2023,True
Argentina,AR,ARG,7205,iron_steel,43.6,59271.3,2024,2023,True
Argentina,AR,ARG,310590,fertilizers,172.642,115756.4,2024,2023,True
Argentina,AR,ARG,310559,fertilizers,1397.0,2452078.73,2024,2023,True
Azerbaijan,AZ,AZE,7205,iron_steel,21.0,28361.25,2024,2023,True
Angola,AO,AGO,7205,iron_steel,0.5,397.88,2024,2023,True
Angola,AO,AGO,720219,iron_steel,10.7,3525.08,2024,2023,True
Eswatini,SZ,SWZ,310520,fertilizers,3.004,1532.26,2024,2023,True
Angola,AO,AGO,310590,fertilizers,27.075,19143.65,2024,2023,True
Eswatini,SZ,SWZ,310590,fertilizers,60.2091,25084.15,2024,2023,True
Eswatini,SZ,SWZ,310559,fertilizers,33.0,360.89,2024,2023,True
Honduras,HN,HND,7605,aluminium,26.8523,24866.99,2024,2023,True
Democratic Republic of the Congo,CD,COD,761699,aluminium,0.14,763.65,2024,2023,True
Democratic Republic of the Congo,CD,COD,761520,aluminium,0.028,206.68,2024,2023,True
Democratic Republic of the Congo,CD,COD,761510,aluminium,87.723,1546926.22,2024,2023,True
Democratic Republic of the Congo,CD,COD,7612,aluminium,0.05,307.66,2024,2023,True
Democratic Republic of the Congo,CD,COD,7607,aluminium,0.128,871.89,2024,2023,True
Congo,CG,COG,761699,aluminium,0.6391,12300.48,2024,2023,True
Congo,CG,COG,761510,aluminium,2.062,1140.42,2024,2023,True
Congo,CG,COG,761300,aluminium,2.325,2429.21,2024,2023,True
Congo,CG,COG,761090,aluminium,0.0201,2043.89,2024,2023,True
Benin,BJ,BEN,7612,aluminium,0.406,1408.21,2024,2023,True
Benin,BJ,BEN,761090,aluminium,0.017,605.26,2024,2023,True
Benin,BJ,BEN,7608,aluminium,59.67,1145.91,2024,2023,True
Congo,CG,COG,761010,aluminium,3.4139,11914.99,2024,2023,True
Congo,CG,COG,7607,aluminium,3.3769,12423.99,2024,2023,True
Congo,CG,COG,7606,aluminium,2.338,1042.29,2024,2023,True
Chile,CL,CHL,761691,aluminium,25.69,133795.63,2024,2023,True
Ghana,GH,GHA,7612,aluminium,49.829,72418.5,2024,2023,True
Ghana,GH,GHA,761100,aluminium,3.0,2441.89,2024,2023,True
Ghana,GH,GHA,761090,aluminium,15.0783,54438.14,2024,2023,True
Ghana,GH,GHA,761010,aluminium,101.9566,65249.1,2024,2023,True
Ghana,GH,GHA,760900,aluminium,0.075,1006.32,2024,2023,True
Ghana,GH,GHA,7608,aluminium,0.2,145.49,2024,2023,True
Ghana,GH,GHA,7607,aluminium,1.3847,5439.55,2024,2023,True
Ghana,GH,GHA,7606,aluminium,61.1302,217366.01,2024,2023,True
Ghana,GH,GHA,7605,aluminium,803.242,2184940.42,2024,2023,True
Ghana,GH,GHA,761300,aluminium,0.549,143.91,2024,2023,True
Ghana,GH,GHA,7614,aluminium,21.169,185296.58,2024,2023,True
Ghana,GH,GHA,761510,aluminium,901.9384,4566286.64,2024,2023,True
Ghana,GH,GHA,761520,aluminium,33.366,127408.18,2024,2023,True
Ghana,GH,GHA,761699,aluminium,161.2839,69381.69,2024,2023,True
Ghana,GH,GHA,761691,aluminium,0.0709,7362.19,2024,2023,True
Ghana,GH,GHA,761610,aluminium,0.08,37.16,2024,2023,True
Gabon,GA,GAB,761699,aluminium,249.293,276983.65,2024,2023,True
Gabon,GA,GAB,761691,aluminium,0.02,7.43,2024,2023,True
Ecuador,EC,ECU,761691,aluminium,,8.32,2024,2023,True
El Salvador,SV,SLV,761520,aluminium,0.0023,4.62,2024,2023,True
Ethiopia,ET,ETH,761699,aluminium,12.8435,5316.3,2024,2023,True
Gabon,GA,GAB,761610,aluminium,0.01,1492.03,2024,2023,True
Gabon,GA,GAB,761520,aluminium,0.149,486.33,2024,2023,True
Gabon,GA,GAB,761510,aluminium,2.653,5748.79,2024,2023,True
Gabon,GA,GAB,761300,aluminium,0.115,1447.04,2024,2023,True
Gabon,GA,GAB,761100,aluminium,17.5,913.71,2024,2023,True
Gabon,GA,GAB,761090,aluminium,2.537,13312.97,2024,2023,True
Gabon,GA,GAB,761010,aluminium,1.3,42.64,2024,2023,True
Gabon,GA,GAB,760900,aluminium,1.56,3807.12,2024,2023,True
Ethiopia,ET,ETH,761520,aluminium,0.035,1.82,2024,2023,True
Ethiopia,ET,ETH,761510,aluminium,5.8646,61623.67,2024,2023,True
Ethiopia,ET,ETH,761100,aluminium,0.001,255.44,2024,2023,True
Ethiopia,ET,ETH,761090,aluminium,0.083,9.46,2024,2023,True
Ethiopia,ET,ETH,761010,aluminium,0.028,6061.08,2024,2023,True
Ethiopia,ET,ETH,7608,aluminium,36.053,268579.47,2024,2023,True
Ethiopia,ET,ETH,7606,aluminium,4.4722,9952.24,2024,2023,True
El Salvador,SV,SLV,761691,aluminium,0.0213,105.35,2024,2023,True
Namibia,,NAM,721911,iron_steel,0.1,2104.14,2024,2023,True
Namibia,,NAM,721810,iron_steel,0.07,351.14,2024,2023,True
Namibia,,NAM,721730,iron_steel,0.02,31.98,2024,2023,True
Oman,OM,OMN,721935,iron_steel,0.1263,439.83,2024,2023,True
Oman,OM,OMN,721932,iron_steel,17.1554,55248.25,2024,2023,True
Oman,OM,OMN,721931,iron_steel,4.3813,14596.19,2024,2023,True
Oman,OM,OMN,721922,iron_steel,2.3096,8601.97,2024,2023,True
Oman,OM,OMN,721913,iron_steel,0.2027,509.53,2024,2023,True
Oman,OM,OMN,721730,iron_steel,4.4312,6768.13,2024,2023,True
Kuwait,KW,KWT,721935,iron_steel,1.9474,1528.25,2024,2023,True
Paraguay,PY,PRY,721710,iron_steel,18.01,20638.02,2024,2023,True
Papua New Guinea,PG,PNG,721790,iron_steel,,1.84,2024,2023,True
Papua New Guinea,PG,PNG,721720,iron_steel,1.0,4.07,2024,2023,True
Pakistan,PK,PAK,721935,iron_steel,1.0,2776.48,2024,2023,True
Pakistan,PK,PAK,721790,iron_steel,2.0,620.68,2024,2023,True
Pakistan,PK,PAK,721730,iron_steel,1.0,280.29,2024,2023,True
Pakistan,PK,PAK,721720,iron_steel,1.0,6644.84,2024,2023,True
Nicaragua,NI,NIC,721790,iron_steel,0.0325,50.83,2024,2023,True
New Zealand,NZ,NZL,721922,iron_steel,0.0422,150.95,2024,2023,True
Morocco,MA,MAR,721931,iron_steel,0.2,273.64,2024,2023,True
Morocco,MA,MAR,721912,iron_steel,3.37,2585.28,2024,2023,True
Madagascar,MG,MDG,721921,iron_steel,0.2966,2385.74,2024,2023,True
Madagascar,MG,MDG,721913,iron_steel,0.06,496.61,2024,2023,True
Lebanon,LB,LBN,721931,iron_steel,0.8338,2777.93,2024,2023,True
Lebanon,LB,LBN,721923,iron_steel,14.8254,45523.52,2024,2023,True
Lebanon,LB,LBN,721730,iron_steel,1.0788,1647.72,2024,2023,True
Laos,LA,LAO,721710,iron_steel,10.575,3909.07,2024,2023,True
Kyrgyzstan,KG,KGZ,721730,iron_steel,19.305,34702.89,2024,2023,True
Kyrgyzstan,KG,KGZ,721720,iron_steel,0.114,1101.56,2024,2023,True
Moldova,MD,MDA,721924,iron_steel,0.14,100.73,2024,2023,True
Moldova,MD,MDA,721730,iron_steel,0.156,2880.51,2024,2023,True
Mexico,MX,MEX,721914,iron_steel,0.293,2194.81,2024,2023,True
Mauritius,MU,MUS,721710,iron_steel,1.46,5755.75,2024,2023,True
Mali,ML,MLI,721790,iron_steel,728.909,1356752.96,2024,2023,True
Mali,ML,MLI,721720,iron_steel,1955.36,3189338.19,2024,2023,True
United Arab Emirates,AE,ARE,721720,iron_steel,37697.0507,32862470.8,2024,2023,True
Tunisia,TN,TUN,721810,iron_steel,0.217,6535.42,2024,2023,True
Tunisia,TN,TUN,721720,iron_steel,0.001,6.06,2024,2023,True
United Arab Emirates,AE,ARE,721935,iron_steel,782.0469,1594393.52,2024,2023,True
United Arab Emirates,AE,ARE,721934,iron_steel,4412.4541,12091304.97,2024,2023,True
United Arab Emirates,AE,ARE,721933,iron_steel,,13206012.35,2024,2023,True
United Arab Emirates,AE,ARE,721932,iron_steel,1238.7066,4129337.02,2024,2023,True
United Arab Emirates,AE,ARE,721931,iron_steel,942.6045,1402566.05,2024,2023,True
United Arab Emirates,AE,ARE,721924,iron_steel,72.909,110047.28,2024,2023,True
United Arab Emirates,AE,ARE,721923,iron_steel,455.3198,1456249.15,2024,2023,True
United Arab Emirates,AE,ARE,721922,iron_steel,1704.7795,6763802.7,2024,2023,True
United Arab Emirates,AE,ARE,721921,iron_steel,1228.8399,6554433.89,2024,2023,True
United Arab Emirates,AE,ARE,721914,iron_steel,,588793.49,2024,2023,True
United Arab Emirates,AE,ARE,721913,iron_steel,265.893,549130.59,2024,2023,True
United Arab Emirates,AE,ARE,721912,iron_steel,576.0479,1580296.28,2024,2023,True
United Arab Emirates,AE,ARE,721911,iron_steel,477.2465,1453071.83,2024,2023,True
United Arab Emirates,AE,ARE,721899,iron_steel,354.1948,869237.23,2024,2023,True
United Arab Emirates,AE,ARE,721891,iron_steel,614.072,1239445.75,2024,2023,True
United Arab Emirates,AE,ARE,721810,iron_steel,2091.2466,4726581.23,2024,2023,True
United Arab Emirates,AE,ARE,721790,iron_steel,18019.992,14200426.37,2024,2023,True
Ukraine,UA,UKR,721899,iron_steel,133.843,692556.67,2024,2023,True
Uganda,UG,UGA,721913,iron_steel,1.4,9832.61,2024,2023,True
Uganda,UG,UGA,721891,iron_steel,1.188,399.72,2024,2023,True
Uganda,UG,UGA,721810,iron_steel,1.802,784.36,2024,2023,True
United Arab Emirates,AE,ARE,721730,iron_steel,290.3052,450863.65,2024,2023,True
United Arab Emirates,AE,ARE,721710,iron_steel,95838.663,246482742.94,2024,2023,True
Saudi Arabia,SA,SAU,721934,iron_steel,10.6893,28093.52,2024,2023,True
Philippines,PH,PHL,721911,iron_steel,,132192.03,2024,2023,True
Eswatini,SZ,SWZ,721790,iron_steel,1.82,239.94,2024,2023,True
Togo,TG,TGO,721934,iron_steel,0.012,1735.72,2024,2023,True
Eswatini,SZ,SWZ,721899,iron_steel,0.3748,764.13,2024,2023,True
Tajikistan,TJ,TJK,721790,iron_steel,16.0,4687.18,2024,2023,True
Tajikistan,TJ,TJK,721710,iron_steel,12.89,4764.81,2024,2023,True
Kyrgyzstan,KG,KGZ,721710,iron_steel,44.147,29166.44,2024,2023,True
Kuwait,KW,KWT,721933,iron_steel,0.02,279.78,2024,2023,True
Kuwait,KW,KWT,721932,iron_steel,1.346,5511.33,2024,2023,True
Kuwait,KW,KWT,721912,iron_steel,8954.53,6141311.39,2024,2023,True
Kuwait,KW,KWT,721921,iron_steel,1.336,1895.27,2024,2023,True
Nepal,NP,NPL,721420,iron_steel,60.011,36775.26,2024,2022,True
Nepal,NP,NPL,721410,iron_steel,7.998,5979.28,2024,2022,True
Ethiopia,ET,ETH,252321,cement,1018.0,54232.45,2024,2022,True
Ghana,GH,GHA,260112,iron_steel,0.384,387.09,2024,2022,True
Ghana,GH,GHA,252390,cement,131.8175,38452.68,2024,2022,True
Ghana,GH,GHA,252321,cement,28.0,1391.15,2024,2022,True
Georgia,GE,GEO,310260,fertilizers,44.0,30496.26,2024,2022,True
Georgia,GE,GEO,252390,cement,0.08,4.74,2024,2022,True
Georgia,GE,GEO,252330,cement,19.0,4319.38,2024,2022,True
Georgia,GE,GEO,252321,cement,0.0151,4.55,2024,2022,True
Gabon,GA,GAB,281410,fertilizers,0.201,1086.72,2024,2022,True
Azerbaijan,AZ,AZE,250700,cement,35.154,41527.8,2024,2022,True
Azerbaijan,AZ,AZE,252390,cement,211.486,19108.84,2024,2022,True
Argentina,AR,ARG,310250,fertilizers,6.806,28322.73,2024,2022,True
Angola,AO,AGO,252330,cement,0.022,85.77,2024,2022,True
Niger,NE,NER,7208,iron_steel,233.9,520688.05,2024,2022,True
Niger,NE,NER,721410,iron_steel,45.0,1125.97,2024,2022,True
Ghana,GH,GHA,310280,fertilizers,3750.595,4548366.51,2024,2022,True
Israel,IL,ISR,283421,fertilizers,2.1088,2772.39,2024,2022,True
Iran,IR,IRN,310280,fertilizers,53287.0,2352383.33,2024,2022,True
Iran,IR,IRN,310260,fertilizers,42.014,14487.57,2024,2022,True
Iran,IR,IRN,310250,fertilizers,1111.0,655717.59,2024,2022,True
Iran,IR,IRN,310230,fertilizers,480.0,181868.59,2024,2022,True
Iran,IR,IRN,310229,fertilizers,0.66,313.28,2024,2022,True
Iran,IR,IRN,310221,fertilizers,24414.3,4724655.76,2024,2022,True
Iran,IR,IRN,310210,fertilizers,5079621.748,2642753365.68,2024,2022,True
Iran,IR,IRN,283421,fertilizers,25.0,22762.22,2024,2022,True
Iran,IR,IRN,281420,fertilizers,46.021,14561.5,2024,2022,True
Iran,IR,IRN,281410,fertilizers,556242.48,385611794.66,2024,2022,True
Iran,IR,IRN,280800,fertilizers,4368.468,630082.25,2024,2022,True
Iran,IR,IRN,280410,hydrogen,0.989,7352.37,2024,2022,True
Iran,IR,IRN,260112,iron_steel,4311661.43,503733047.78,2024,2022,True
Iran,IR,IRN,252390,cement,441948.78,12273301.91,2024,2022,True
Iran,IR,IRN,252330,cement,28.445,9987.99,2024,2022,True
Iran,IR,IRN,252329,cement,3339271.89,87465870.07,2024,2022,True
Iran,IR,IRN,252321,cement,462595.59,22656529.9,2024,2022,True
Iran,IR,IRN,252310,cement,10210871.52,198669325.39,2024,2022,True
Iran,IR,IRN,250700,cement,106319.392,5030917.66,2024,2022,True
Ghana,GH,GHA,310210,fertilizers,81.0,83324.12,2024,2022,True
Israel,IL,ISR,310221,fertilizers,111.9048,43434.06,2024,2022,True
Jamaica,JM,JAM,310260,fertilizers,0.265,260.43,2024,2022,True
Jamaica,JM,JAM,283421,fertilizers,0.52,1122.87,2024,2022,True
Guatemala,GT,GTM,260112,iron_steel,0.06,72.08,2024,2022,True
Ghana,GH,GHA,310260,fertilizers,436.8,264714.45,2024,2022,True
Ghana,GH,GHA,310229,fertilizers,630.0,425035.16,2024,2022,True
Ghana,GH,GHA,310221,fertilizers,655.0,362219.02,2024,2022,True
Hong Kong,HK,HKG,310250,fertilizers,15.75,17395.97,2024,2022,True
Sri Lanka,LK,LKA,260112,iron_steel,0.004,30.54,2024,2022,True
Chile,CL,CHL,252321,cement,42.6828,16414.59,2024,2022,True
Benin,BJ,BEN,281420,fertilizers,0.5,118.68,2024,2022,True
Cuba,CU,CUB,252329,cement,10375.4342,773510.5,2024,2022,True
Democratic Republic of the Congo,CD,COD,310230,fertilizers,26.22,14201.78,2024,2022,True
Dominican Republic,DO,DOM,280800,fertilizers,5.475,15052.44,2024,2022,True
Ecuador,EC,ECU,310230,fertilizers,570.0,515302.65,2024,2022,True
Congo,CG,COG,252390,cement,370.5,88628.23,2024,2022,True
Ecuador,EC,ECU,310260,fertilizers,652.0,648216.8,2024,2022,True
Dominican Republic,DO,DOM,310260,fertilizers,0.1896,148.25,2024,2022,True
Armenia,AM,ARM,252321,cement,45.0,5451.21,2024,2022,True
Armenia,AM,ARM,252329,cement,0.01,2.24,2024,2022,True
Armenia,AM,ARM,280800,fertilizers,0.002,312.48,2024,2022,True
Armenia,AM,ARM,310221,fertilizers,4.3164,10754.14,2024,2022,True
Bolivia,BO,BOL,252310,cement,0.0894,71.88,2024,2022,True
Sri Lanka,LK,LKA,252310,cement,1.85,6641.17,2024,2022,True
Myanmar,MM,MMR,252329,cement,0.9638,1085.51,2024,2022,True
Brunei Darussalam,BN,BRN,250700,cement,0.016,23.66,2024,2022,True
Brunei Darussalam,BN,BRN,252390,cement,16.0,22079.23,2024,2022,True
Brunei Darussalam,BN,BRN,280410,hydrogen,1.8965,13998.4,2024,2022,True
Brunei Darussalam,BN,BRN,280800,fertilizers,0.0024,22.1,2024,2022,True
Brunei Darussalam,BN,BRN,281410,fertilizers,38.64,2791.47,2024,2022,True
Myanmar,MM,MMR,250700,cement,80.0,3696.52,2024,2022,True
Cameroon,CM,CMR,310221,fertilizers,290.0,154712.01,2024,2022,True
Cambodia,KH,KHM,310210,fertilizers,59.05,8458.32,2024,2022,True
Peru,PE,PER,252330,cement,0.6,592.45,2024,2022,True
Paraguay,PY,PRY,310210,fertilizers,12.288,193153.13,2024,2022,True
Paraguay,PY,PRY,280410,hydrogen,51.8,36798.82,2024,2022,True
Papua New Guinea,PG,PNG,280410,hydrogen,1.12,628.94,2024,2022,True
Saudi Arabia,SA,SAU,310240,fertilizers,25.8,7102.98,2024,2022,True
Saudi Arabia,SA,SAU,250700,cement,26.06,16320.12,2024,2022,True
Rwanda,RW,RWA,252390,cement,0.0018,0.32,2024,2022,True
Rwanda,RW,RWA,252329,cement,229248.221,37954552.64,2024,2022,True
Rwanda,RW,RWA,252321,cement,11.752,6347.38,2024,2022,True
Rwanda,RW,RWA,252310,cement,6299.6564,711027.95,2024,2022,True
Papua New Guinea,PG,PNG,252310,cement,0.005,57.65,2024,2022,True
Nepal,NP,NPL,252329,cement,,251713.47,2024,2022,True
Nepal,NP,NPL,252310,cement,3671.0,203447.02,2024,2022,True
Nicaragua,NI,NIC,252321,cement,0.0033,36.97,2024,2022,True
Panama,PA,PAN,252310,cement,60255.0,5998995.47,2024,2022,True
Pakistan,PK,PAK,252330,cement,1.0,787.61,2024,2022,True
Nigeria,NG,NGA,280800,fertilizers,8.0,50427.24,2024,2022,True
Niger,NE,NER,252330,cement,110.0,11815.32,2024,2022,True
Senegal,SN,SEN,310250,fertilizers,1.0,4601.22,2024,2022,True
Senegal,SN,SEN,280800,fertilizers,7.0,1710.46,2024,2022,True
Kenya,KE,KEN,310250,fertilizers,0.1015,2892.05,2024,2022,True
Lebanon,LB,LBN,260112,iron_steel,2.22,9232.05,2024,2022,True
Laos,LA,LAO,310250,fertilizers,30.0,42972.0,2024,2022,True
Laos,LA,LAO,310230,fertilizers,132.0,134183.53,2024,2022,True
Kyrgyzstan,KG,KGZ,310250,fertilizers,0.087,9.24,2024,2022,True
Japan,JP,JPN,310229,fertilizers,149.7534,68871.42,2024,2022,True
Jordan,JO,JOR,310250,fertilizers,38.0178,33581.65,2024,2022,True
Jordan,JO,JOR,310229,fertilizers,57.1226,35528.86,2024,2022,True
Madagascar,MG,MDG,252310,cement,0.06,11.48,2024,2022,True
Morocco,MA,MAR,260112,iron_steel,0.145,20.01,2024,2022,True
Namibia,,NAM,281410,fertilizers,1.042,4858.08,2024,2022,True
Namibia,,NAM,250700,cement,0.001,0.56,2024,2022,True
Madagascar,MG,MDG,310229,fertilizers,4.5,1061.67,2024,2022,True
Madagascar,MG,MDG,260112,iron_steel,0.0125,5.47,2024,2022,True
Moldova,MD,MDA,252321,cement,11.2,2427.69,2024,2022,True
Mongolia,MN,MNG,252329,cement,0.05,406.62,2024,2022,True
Nepal,NP,NPL,721129,iron_steel,1158.3,843342.24,2024,2022,True
Mauritius,MU,MUS,280800,fertilizers,1.064,532.75,2024,2022,True
Nepal,NP,NPL,7212,iron_steel,566.87,555212.86,2024,2022,True
Nepal,NP,NPL,7210,iron_steel,39558.072,40934962.47,2024,2022,True
Laos,LA,LAO,721410,iron_steel,5.36,1238.33,2024,2022,True
Laos,LA,LAO,7213,iron_steel,12.54,4911.6,2024,2022,True
Laos,LA,LAO,721113,iron_steel,0.6,377.04,2024,2022,True
Laos,LA,LAO,7209,iron_steel,13.5,6487.39,2024,2022,True
Kyrgyzstan,KG,KGZ,7212,iron_steel,11.13,9756.95,2024,2022,True
Kyrgyzstan,KG,KGZ,720720,iron_steel,22.0,39706.13,2024,2022,True
Georgia,GE,GEO,721491,iron_steel,0.0024,3.21,2024,2022,True
Georgia,GE,GEO,7213,iron_steel,8.382,7537.61,2024,2022,True
Gabon,GA,GAB,7216,iron_steel,30.524,30507.3,2024,2022,True
Gabon,GA,GAB,7215,iron_steel,0.04,19.74,2024,2022,True
Jordan,JO,JOR,721129,iron_steel,15.083,29762.11,2024,2022,True
Lebanon,LB,LBN,721114,iron_steel,20.32,95247.2,2024,2022,True
Gabon,GA,GAB,7209,iron_steel,3.762,855.82,2024,2022,True
Madagascar,MG,MDG,721190,iron_steel,20.793,18905.63,2024,2022,True
Lebanon,LB,LBN,721430,iron_steel,2.0,2776.08,2024,2022,True
Gabon,GA,GAB,7212,iron_steel,0.043,553.56,2024,2022,True
Kyrgyzstan,KG,KGZ,731811,iron_steel,0.0887,210.7,2024,2022,True
Laos,LA,LAO,730640,iron_steel,9.32,28003.88,2024,2022,True
Laos,LA,LAO,730721,iron_steel,7.4,43988.54,2024,2022,True
Ecuador,EC,ECU,730640,iron_steel,13.0376,40686.26,2024,2022,True
Ethiopia,ET,ETH,730669,iron_steel,0.03,193.12,2024,2022,True
Ethiopia,ET,ETH,730711,iron_steel,0.005,436.81,2024,2022,True
Jordan,JO,JOR,731811,iron_steel,0.3493,829.5,2024,2022,True
Nepal,NP,NPL,7209,iron_steel,7944.754,5542716.89,2024,2022,True
Israel,IL,ISR,721119,iron_steel,1.606,1848.26,2024,2022,True
Iran,IR,IRN,7216,iron_steel,304355.509,173638186.86,2024,2022,True
Iran,IR,IRN,721499,iron_steel,499.74,251013.77,2024,2022,True
Iran,IR,IRN,721430,iron_steel,1100.0,500030.5,2024,2022,True
Iran,IR,IRN,721420,iron_steel,2168858.066,1113081854.73,2024,2022,True
Iran,IR,IRN,721410,iron_steel,129.76,59562.89,2024,2022,True
Iran,IR,IRN,7213,iron_steel,386609.137,214618219.2,2024,2022,True
Iran,IR,IRN,7212,iron_steel,191.395,163001.57,2024,2022,True
Iran,IR,IRN,721190,iron_steel,1489.912,763925.7,2024,2022,True
Iran,IR,IRN,721129,iron_steel,420.09,297265.5,2024,2022,True
Iran,IR,IRN,721123,iron_steel,3325.965,2073483.04,2024,2022,True
Iran,IR,IRN,721119,iron_steel,168.975,92084.84,2024,2022,True
Iran,IR,IRN,721114,iron_steel,4001.213,2305805.38,2024,2022,True
Iran,IR,IRN,721113,iron_steel,1710.45,852006.28,2024,2022,True
Iran,IR,IRN,7210,iron_steel,95128.663,88560693.1,2024,2022,True
Iran,IR,IRN,7209,iron_steel,14330.61,11748698.83,2024,2022,True
Iran,IR,IRN,7208,iron_steel,305100.09,198921863.97,2024,2022,True
Iran,IR,IRN,720719,iron_steel,813395.3,368192453.56,2024,2022,True
Guatemala,GT,GTM,721123,iron_steel,0.85,19892.8,2024,2022,True
Ghana,GH,GHA,721430,iron_steel,287.7,195090.99,2024,2022,True
Ethiopia,ET,ETH,7209,iron_steel,0.0823,26.65,2024,2022,True
Ethiopia,ET,ETH,7208,iron_steel,0.3797,554.96,2024,2022,True
Mozambique,MZ,MOZ,721119,iron_steel,0.129,236.48,2024,2022,True
Morocco,MA,MAR,721430,iron_steel,1.58,1309.7,2024,2022,True
Nepal,NP,NPL,720720,iron_steel,17.055,12348.79,2024,2022,True
Namibia,,NAM,721123,iron_steel,20.0723,29927.19,2024,2022,True
Namibia,,NAM,721119,iron_steel,127.7521,57798.48,2024,2022,True
Oman,OM,OMN,721430,iron_steel,1.0648,1247.39,2024,2022,True
Oman,OM,OMN,721129,iron_steel,6.1219,12079.77,2024,2022,True
Montenegro,ME,MNE,7215,iron_steel,0.182,456.14,2024,2022,True
Mauritius,MU,MUS,721190,iron_steel,1.716,8838.83,2024,2022,True
Mauritius,MU,MUS,720719,iron_steel,0.416,880.98,2024,2022,True
Mauritania,MR,MRT,721114,iron_steel,2.68,4870.68,2024,2022,True
Mauritania,MR,MRT,7208,iron_steel,419.0,254514.45,2024,2022,True
Jamaica,JM,JAM,7212,iron_steel,0.015,92.91,2024,2022,True
Ivory Coast,CI,CIV,721119,iron_steel,0.07,193.22,2024,2022,True
Israel,IL,ISR,721420,iron_steel,1.1605,924.13,2024,2022,True
Montenegro,ME,MNE,721410,iron_steel,499.79,557039.37,2024,2022,True
Montenegro,ME,MNE,7208,iron_steel,5.055,11139.61,2024,2022,True
Moldova,MD,MDA,721499,iron_steel,2.628,5395.99,2024,2022,True
Moldova,MD,MDA,721190,iron_steel,0.009,980.5,2024,2022,True
Moldova,MD,MDA,7208,iron_steel,0.017,697.72,2024,2022,True
Mongolia,MN,MNG,7209,iron_steel,0.08,110.9,2024,2022,True
Bosnia and Herzegovina,BA,BIH,721113,iron_steel,2.445,2427.22,2024,2022,True
Bolivia,BO,BOL,7216,iron_steel,0.0002,15.9,2024,2022,True
Bahrain,BH,BHR,721499,iron_steel,0.33,1023.94,2024,2022,True
Brunei Darussalam,BN,BRN,721420,iron_steel,6.55,3036.52,2024,2022,True
Brunei Darussalam,BN,BRN,7213,iron_steel,0.0693,2714.17,2024,2022,True
Brunei Darussalam,BN,BRN,7212,iron_steel,24.24,19785.3,2024,2022,True
Zimbabwe,ZW,ZWE,721420,iron_steel,75.0,12912.27,2024,2022,True
Zimbabwe,ZW,ZWE,7210,iron_steel,11.312,41630.67,2024,2022,True
Bahrain,BH,BHR,721190,iron_steel,0.25,430.11,2024,2022,True
Australia,AU,AUS,721114,iron_steel,17.81,27331.61,2024,2022,True
Azerbaijan,AZ,AZE,7212,iron_steel,2.897,3635.78,2024,2022,True
Argentina,AR,ARG,7215,iron_steel,900.566,1752045.71,2024,2022,True
Azerbaijan,AZ,AZE,721491,iron_steel,195.0,138157.29,2024,2022,True
Benin,BJ,BEN,721499,iron_steel,50.16,24628.3,2024,2022,True
Myanmar,MM,MMR,720719,iron_steel,1154.655,106705.02,2024,2022,True
Cuba,CU,CUB,720720,iron_steel,8076.14,4260823.73,2024,2022,True
Costa Rica,CR,CRI,720719,iron_steel,44.177,10863.85,2024,2022,True
Congo,CG,COG,721410,iron_steel,7277.73,1841489.41,2024,2022,True
Cambodia,KH,KHM,7208,iron_steel,0.0005,38.81,2024,2022,True
Myanmar,MM,MMR,720720,iron_steel,308.7,28527.86,2024,2022,True
Chile,CL,CHL,721119,iron_steel,2.176,1164.89,2024,2022,True
Sri Lanka,LK,LKA,721129,iron_steel,0.01,345.15,2024,2022,True
North Macedonia,MK,MKD,260112,iron_steel,263.82,17332.43,2024,2022,True
Israel,IL,ISR,730629,iron_steel,83.3508,154329.54,2024,2022,True
Iran,IR,IRN,730300,iron_steel,72945.44,38373505.22,2024,2022,True
Iran,IR,IRN,730411,iron_steel,84.92,45356.25,2024,2022,True
Iran,IR,IRN,730419,iron_steel,15.3,14458.0,2024,2022,True
Iran,IR,IRN,730424,iron_steel,14.919,20395.53,2024,2022,True
Iran,IR,IRN,730429,iron_steel,167.8,79068.48,2024,2022,True
Iran,IR,IRN,730431,iron_steel,97.095,126251.73,2024,2022,True
Iran,IR,IRN,730439,iron_steel,0.9,1184.73,2024,2022,True
Iran,IR,IRN,730449,iron_steel,10.975,15533.68,2024,2022,True
Iran,IR,IRN,730459,iron_steel,6.519,3091.21,2024,2022,True
Iran,IR,IRN,730490,iron_steel,11365.049,22545833.1,2024,2022,True
Iran,IR,IRN,7305,iron_steel,4130.561,2779729.23,2024,2022,True
Iran,IR,IRN,730611,iron_steel,11909.538,7084422.88,2024,2022,True
Iran,IR,IRN,730619,iron_steel,7973.445,4923541.26,2024,2022,True
Iran,IR,IRN,730629,iron_steel,9.5,6540.06,2024,2022,True
Iran,IR,IRN,730630,iron_steel,40852.102,26022842.62,2024,2022,True
Kenya,KE,KEN,730451,iron_steel,1.881,1124.32,2024,2022,True
Cuba,CU,CUB,730439,iron_steel,0.0922,2390.14,2024,2022,True
Benin,BJ,BEN,730419,iron_steel,1.0,1275.86,2024,2022,True
Benin,BJ,BEN,730451,iron_steel,5.0,1713.51,2024,2022,True
Benin,BJ,BEN,730459,iron_steel,0.8,51481.61,2024,2022,True
Dominican Republic,DO,DOM,730423,iron_steel,11.5896,12700.3,2024,2022,True
Dominican Republic,DO,DOM,730429,iron_steel,22.774,37883.01,2024,2022,True
Dominican Republic,DO,DOM,7305,iron_steel,1.0682,1164.79,2024,2022,True
Congo,CG,COG,730411,iron_steel,0.0713,1637.26,2024,2022,True
Congo,CG,COG,730451,iron_steel,15.3,94426.16,2024,2022,True
Congo,CG,COG,7305,iron_steel,3.823,1795.87,2024,2022,True
Congo,CG,COG,730619,iron_steel,344.266,533513.34,2024,2022,True
Democratic Republic of the Congo,CD,COD,730422,iron_steel,0.9,1201.19,2024,2022,True
Democratic Republic of the Congo,CD,COD,730439,iron_steel,20.062,40560.06,2024,2022,True
Hong Kong,HK,HKG,730611,iron_steel,1.923,168797.2,2024,2022,True
Ghana,GH,GHA,730439,iron_steel,19.0914,133285.44,2024,2022,True
Ghana,GH,GHA,730621,iron_steel,0.017,75.74,2024,2022,True
Guatemala,GT,GTM,730451,iron_steel,1.78,11035.02,2024,2022,True
Ghana,GH,GHA,730630,iron_steel,51.0206,77372.9,2024,2022,True
Nepal,NP,NPL,730630,iron_steel,1429.451,1164427.65,2024,2022,True
Mozambique,MZ,MOZ,730629,iron_steel,64.2,234614.27,2024,2022,True
Papua New Guinea,PG,PNG,730431,iron_steel,,159135.04,2024,2022,True
Papua New Guinea,PG,PNG,730451,iron_steel,,569.56,2024,2022,True
Papua New Guinea,PG,PNG,730459,iron_steel,4.365,43914.23,2024,2022,True
Papua New Guinea,PG,PNG,730490,iron_steel,2.235,1402.61,2024,2022,True
Papua New Guinea,PG,PNG,7305,iron_steel,111.92,30302.91,2024,2022,True
Papua New Guinea,PG,PNG,730611,iron_steel,0.05,60.61,2024,2022,True
Papua New Guinea,PG,PNG,730629,iron_steel,,1390.58,2024,2022,True
Paraguay,PY,PRY,730419,iron_steel,0.01,212.55,2024,2022,True
Paraguay,PY,PRY,730423,iron_steel,0.273,3841.6,2024,2022,True
Paraguay,PY,PRY,730431,iron_steel,0.001,199.11,2024,2022,True
Paraguay,PY,PRY,730619,iron_steel,0.012,443.58,2024,2022,True
Papua New Guinea,PG,PNG,730300,iron_steel,58.123,1142.32,2024,2022,True
Nicaragua,NI,NIC,730300,iron_steel,0.3621,619.31,2024,2022,True
Nicaragua,NI,NIC,730411,iron_steel,2.2425,9703.35,2024,2022,True
Nicaragua,NI,NIC,730449,iron_steel,3.1373,9349.41,2024,2022,True
Pakistan,PK,PAK,7305,iron_steel,10.0,29566.65,2024,2022,True
Niger,NE,NER,730431,iron_steel,9.033,51877.65,2024,2022,True
Niger,NE,NER,730630,iron_steel,8.001,21900.42,2024,2022,True
Pakistan,PK,PAK,730449,iron_steel,3.0,12112.0,2024,2022,True
Kuwait,KW,KWT,730619,iron_steel,8.395,10625.36,2024,2022,True
Kyrgyzstan,KG,KGZ,730411,iron_steel,3.45,22196.65,2024,2022,True
Kyrgyzstan,KG,KGZ,730459,iron_steel,0.004,298.49,2024,2022,True
Laos,LA,LAO,730411,iron_steel,96.177,71103.96,2024,2022,True
Laos,LA,LAO,730429,iron_steel,101.5,75039.28,2024,2022,True
Laos,LA,LAO,730630,iron_steel,14.25,2734.72,2024,2022,True
Mozambique,MZ,MOZ,730459,iron_steel,0.55,6561.99,2024,2022,True
Mozambique,MZ,MOZ,730411,iron_steel,0.01,933.1,2024,2022,True
Moldova,MD,MDA,730429,iron_steel,0.02,46.21,2024,2022,True
Lebanon,LB,LBN,730621,iron_steel,0.8,554.48,2024,2022,True
Mongolia,MN,MNG,730431,iron_steel,0.0012,49.46,2024,2022,True
Moldova,MD,MDA,730431,iron_steel,0.181,108.12,2024,2022,True
Montenegro,ME,MNE,730629,iron_steel,7.7795,77210.82,2024,2022,True
Moldova,MD,MDA,730439,iron_steel,2.136,3179.0,2024,2022,True
Moldova,MD,MDA,730441,iron_steel,1.778,20427.87,2024,2022,True
Montenegro,ME,MNE,730619,iron_steel,82.09,7580.28,2024,2022,True
Zimbabwe,ZW,ZWE,730630,iron_steel,28.0407,44934.77,2024,2022,True
Zimbabwe,ZW,ZWE,730300,iron_steel,11.252,16151.58,2024,2022,True
Georgia,GE,GEO,730422,iron_steel,10.5,2541.35,2024,2022,True
Madagascar,MG,MDG,730411,iron_steel,0.663,7587.43,2024,2022,True
Madagascar,MG,MDG,730439,iron_steel,7.7216,65065.36,2024,2022,True
Madagascar,MG,MDG,730441,iron_steel,0.386,16295.14,2024,2022,True
Madagascar,MG,MDG,730459,iron_steel,20.4812,100331.79,2024,2022,True
Madagascar,MG,MDG,7305,iron_steel,1.6584,1535.67,2024,2022,True
Georgia,GE,GEO,730411,iron_steel,0.0012,235.56,2024,2022,True
El Salvador,SV,SLV,730629,iron_steel,0.8556,672.77,2024,2022,True
Gabon,GA,GAB,730630,iron_steel,0.001,12.36,2024,2022,True
Gabon,GA,GAB,730419,iron_steel,334.236,761496.37,2024,2022,True
Gabon,GA,GAB,730422,iron_steel,230.208,870851.51,2024,2022,True
Gabon,GA,GAB,730459,iron_steel,0.012,144.26,2024,2022,True
Serbia,RS,SRB,730424,iron_steel,0.1065,2535.81,2024,2022,True
Mali,ML,MLI,730422,iron_steel,1.341,5911.21,2024,2022,True
Mali,ML,MLI,730431,iron_steel,0.167,12769.16,2024,2022,True
Mauritania,MR,MRT,730422,iron_steel,32.3,11891.4,2024,2022,True
Mauritania,MR,MRT,730449,iron_steel,0.03,9.63,2024,2022,True
Mauritius,MU,MUS,730459,iron_steel,0.009,742.46,2024,2022,True
Argentina,AR,ARG,730300,iron_steel,4.461,9633.81,2024,2022,True
Sri Lanka,LK,LKA,730449,iron_steel,0.1,475.36,2024,2022,True
Sri Lanka,LK,LKA,730451,iron_steel,0.0085,2430.93,2024,2022,True
Argentina,AR,ARG,730429,iron_steel,13497.5,17353950.98,2024,2022,True
Myanmar,MM,MMR,730300,iron_steel,0.5,443.58,2024,2022,True
Myanmar,MM,MMR,730490,iron_steel,0.923,179767.86,2024,2022,True
Myanmar,MM,MMR,7305,iron_steel,1.8,334.53,2024,2022,True
Cameroon,CM,CMR,730441,iron_steel,0.928,2237.66,2024,2022,True
Cameroon,CM,CMR,730611,iron_steel,0.07,193.93,2024,2022,True
Cameroon,CM,CMR,730621,iron_steel,8.5,145928.48,2024,2022,True
Sri Lanka,LK,LKA,730621,iron_steel,0.4957,2330.35,2024,2022,True
Argentina,AR,ARG,730449,iron_steel,0.6024,17438.43,2024,2022,True
Armenia,AM,ARM,730619,iron_steel,0.006,6.04,2024,2022,True
Bolivia,BO,BOL,730429,iron_steel,107.781,230065.84,2024,2022,True
Bolivia,BO,BOL,730459,iron_steel,0.728,11157.82,2024,2022,True
Bosnia and Herzegovina,BA,BIH,730423,iron_steel,2.0839,2740.56,2024,2022,True
Zimbabwe,ZW,ZWE,252390,cement,0.08,11.29,2024,2022,True
Rwanda,RW,RWA,7216,iron_steel,153.3906,168231.03,2024,2022,True
Rwanda,RW,RWA,7215,iron_steel,19.84,6705.6,2024,2022,True
Rwanda,RW,RWA,721499,iron_steel,394.306,598184.3,2024,2022,True
Rwanda,RW,RWA,721430,iron_steel,13998.312,17256147.34,2024,2022,True
Rwanda,RW,RWA,721420,iron_steel,6165.6596,7027001.52,2024,2022,True
Rwanda,RW,RWA,7213,iron_steel,189.13,273859.87,2024,2022,True
Rwanda,RW,RWA,7212,iron_steel,12.0,508.23,2024,2022,True
Rwanda,RW,RWA,721119,iron_steel,201.971,234011.68,2024,2022,True
Rwanda,RW,RWA,721113,iron_steel,0.126,302.57,2024,2022,True
Rwanda,RW,RWA,7210,iron_steel,2162.5396,3849947.44,2024,2022,True
Rwanda,RW,RWA,7209,iron_steel,66.08,43357.17,2024,2022,True
Rwanda,RW,RWA,7208,iron_steel,1469.9887,2145455.17,2024,2022,True
Rwanda,RW,RWA,720719,iron_steel,0.77,2375.23,2024,2022,True
Eswatini,SZ,SWZ,721499,iron_steel,0.03,166.73,2024,2022,True
Eswatini,SZ,SWZ,721190,iron_steel,0.5,122.79,2024,2022,True
Suriname,SR,SUR,7213,iron_steel,2.189,7608.17,2024,2022,True
Senegal,SN,SEN,7212,iron_steel,0.951,2058.48,2024,2022,True
Pakistan,PK,PAK,7213,iron_steel,3.0,3079.19,2024,2022,True
Peru,PE,PER,720720,iron_steel,0.0008,0.92,2024,2022,True
Tajikistan,TJ,TJK,721420,iron_steel,161.6,46372.79,2024,2022,True
Uganda,UG,UGA,720720,iron_steel,0.006,688.48,2024,2022,True
United Arab Emirates,AE,ARE,310230,fertilizers,0.475,410.54,2024,2022,True
Uganda,UG,UGA,283421,fertilizers,0.014,192.2,2024,2022,True
Eswatini,SZ,SWZ,310260,fertilizers,43.5,19723.03,2024,2022,True
Eswatini,SZ,SWZ,310240,fertilizers,14.0,7284.15,2024,2022,True
Eswatini,SZ,SWZ,252390,cement,0.4,65.62,2024,2022,True
Suriname,SR,SUR,252321,cement,,10734.68,2024,2022,True
Zimbabwe,ZW,ZWE,310260,fertilizers,56.0,57409.09,2024,2022,True
Zimbabwe,ZW,ZWE,281410,fertilizers,0.108,187.03,2024,2022,True
Zimbabwe,ZW,ZWE,280800,fertilizers,14.751,5410.33,2024,2022,True
Togo,TG,TGO,310210,fertilizers,8990.0,8169946.32,2024,2022,True
Thailand,TH,THA,310280,fertilizers,0.001,5.18,2024,2022,True
Thailand,TH,THA,310240,fertilizers,299.175,28816.31,2024,2022,True
Uruguay,UY,URY,310260,fertilizers,1.0,1096.94,2024,2022,True
North Macedonia,MK,MKD,310260,fertilizers,8.4,5492.81,2024,2022,True
North Macedonia,MK,MKD,252330,cement,2.8,3262.93,2024,2022,True
Ukraine,UA,UKR,310221,fertilizers,44.0,25694.56,2024,2022,True
Ukraine,UA,UKR,283421,fertilizers,2.0,3096.03,2024,2022,True
Tunisia,TN,TUN,730629,iron_steel,49.813,137052.1,2024,2022,True
Rwanda,RW,RWA,7305,iron_steel,1.96,354.2,2024,2022,True
Rwanda,RW,RWA,730611,iron_steel,0.05,91.23,2024,2022,True
Rwanda,RW,RWA,730619,iron_steel,2.4,2682.76,2024,2022,True
Rwanda,RW,RWA,730630,iron_steel,8.314,6305.48,2024,2022,True
Rwanda,RW,RWA,730490,iron_steel,10.2,10780.13,2024,2022,True
Rwanda,RW,RWA,730439,iron_steel,31.144,64298.46,2024,2022,True
Rwanda,RW,RWA,730423,iron_steel,0.3,101.63,2024,2022,True
Peru,PE,PER,730621,iron_steel,0.2402,5630.5,2024,2022,True
Rwanda,RW,RWA,730422,iron_steel,0.13,32.91,2024,2022,True
Rwanda,RW,RWA,730300,iron_steel,48.288,27724.51,2024,2022,True
Rwanda,RW,RWA,730411,iron_steel,2.0,976.96,2024,2022,True
Rwanda,RW,RWA,730419,iron_steel,0.99,743.67,2024,2022,True
Senegal,SN,SEN,730441,iron_steel,0.25,37444.36,2024,2022,True
Togo,TG,TGO,730422,iron_steel,0.49,2010.46,2024,2022,True
Togo,TG,TGO,730451,iron_steel,5.0,1711.18,2024,2022,True
Togo,TG,TGO,730490,iron_steel,2.5,6101.0,2024,2022,True
Eswatini,SZ,SWZ,730411,iron_steel,4.0,1464.35,2024,2022,True
Suriname,SR,SUR,7305,iron_steel,1044.858,2014718.35,2024,2022,True
Suriname,SR,SUR,730619,iron_steel,2.187,28648.0,2024,2022,True
Suriname,SR,SUR,730629,iron_steel,214.75,57126.68,2024,2022,True
Eswatini,SZ,SWZ,730423,iron_steel,0.12,2437.49,2024,2022,True
Eswatini,SZ,SWZ,730459,iron_steel,0.033,256.0,2024,2022,True
Egypt,EG,EGY,730621,iron_steel,14.2617,165234.27,2024,2022,True
Egypt,EG,EGY,730629,iron_steel,210.5662,389877.09,2024,2022,True
Uzbekistan,UZ,UZB,721114,iron_steel,3575.82,2147942.89,2024,2022,True
Uruguay,UY,URY,721190,iron_steel,0.0371,2234.54,2024,2022,True
North Macedonia,MK,MKD,721123,iron_steel,0.105,230.68,2024,2022,True
Tanzania,TZ,TZA,730621,iron_steel,0.25,460.24,2024,2022,True
Tanzania,TZ,TZA,730431,iron_steel,0.123,27135.02,2024,2022,True
Uzbekistan,UZ,UZB,721410,iron_steel,2.39,3661.4,2024,2022,True
Zambia,ZM,ZMB,721123,iron_steel,23.18,13492.94,2024,2022,True
Zambia,ZM,ZMB,721114,iron_steel,4.0,3574.74,2024,2022,True
Zambia,ZM,ZMB,721113,iron_steel,0.59,839.1,2024,2022,True
Uzbekistan,UZ,UZB,730419,iron_steel,20.87,9644.21,2024,2022,True
Uzbekistan,UZ,UZB,730441,iron_steel,14.7506,218459.48,2024,2022,True
Suriname,SR,SUR,7601,aluminium,17.0,13510.77,2024,2022,True
Zimbabwe,ZW,ZWE,760429,aluminium,0.8367,9777.52,2024,2022,True
Suriname,SR,SUR,760410,aluminium,0.0028,1174.38,2024,2022,True
Suriname,SR,SUR,760421,aluminium,2.1,15372.42,2024,2022,True
Tunisia,TN,TUN,732611,iron_steel,0.41,812.29,2024,2022,True
Tajikistan,TJ,TJK,731819,iron_steel,0.027,1193.97,2024,2022,True
Eswatini,SZ,SWZ,760421,aluminium,0.03,586.02,2024,2022,True
Eswatini,SZ,SWZ,7601,aluminium,0.001,7.65,2024,2022,True
Eswatini,SZ,SWZ,731813,iron_steel,0.003,28.06,2024,2022,True
Togo,TG,TGO,760421,aluminium,1.2,620.03,2024,2022,True
Nigeria,NG,NGA,732611,iron_steel,125.0,10535.69,2024,2022,True
Niger,NE,NER,760421,aluminium,1.5,12969.53,2024,2022,True
Nicaragua,NI,NIC,760421,aluminium,0.004,46.21,2024,2022,True
Nicaragua,NI,NIC,7601,aluminium,0.017,18.48,2024,2022,True
Nicaragua,NI,NIC,731813,iron_steel,0.0035,149.82,2024,2022,True
Papua New Guinea,PG,PNG,731813,iron_steel,0.0027,9.39,2024,2022,True
Nigeria,NG,NGA,7603,aluminium,214.27,171126.77,2024,2022,True
Nepal,NP,NPL,732620,iron_steel,0.11,1506.87,2024,2022,True
Namibia,,NAM,7603,aluminium,0.0205,29.06,2024,2022,True
Saudi Arabia,SA,SAU,731812,iron_steel,0.041,1029.11,2024,2022,True
Rwanda,RW,RWA,760429,aluminium,1.5,177.8,2024,2022,True
Rwanda,RW,RWA,760421,aluminium,1.6183,1473.16,2024,2022,True
Rwanda,RW,RWA,7601,aluminium,497.6947,797850.57,2024,2022,True
Rwanda,RW,RWA,732690,iron_steel,325.0518,268690.57,2024,2022,True
Rwanda,RW,RWA,732620,iron_steel,0.0,20240.86,2024,2022,True
Rwanda,RW,RWA,732619,iron_steel,20.6478,8799.45,2024,2022,True
Rwanda,RW,RWA,731829,iron_steel,6.73,4015.5,2024,2022,True
Rwanda,RW,RWA,731822,iron_steel,9.097,2772.23,2024,2022,True
Rwanda,RW,RWA,731821,iron_steel,1.61,259.2,2024,2022,True
Rwanda,RW,RWA,731819,iron_steel,3.24,3127.45,2024,2022,True
Rwanda,RW,RWA,731816,iron_steel,0.403,538.38,2024,2022,True
Rwanda,RW,RWA,731815,iron_steel,36.4574,22829.09,2024,2022,True
Rwanda,RW,RWA,731814,iron_steel,3.65,1712.85,2024,2022,True
Rwanda,RW,RWA,731813,iron_steel,2.361,1413.9,2024,2022,True
Rwanda,RW,RWA,731812,iron_steel,3.05,457.46,2024,2022,True
North Macedonia,MK,MKD,761520,aluminium,0.002,23.8,2024,2022,True
Uruguay,UY,URY,761691,aluminium,0.0072,207.93,2024,2022,True
Suriname,SR,SUR,761520,aluminium,0.003,4611.4,2024,2022,True
Eswatini,SZ,SWZ,760900,aluminium,0.012,1485.04,2024,2022,True
Tajikistan,TJ,TJK,7606,aluminium,0.184,961.09,2024,2022,True
Zambia,ZM,ZMB,310559,fertilizers,141.57,102373.53,2024,2022,True
Uruguay,UY,URY,310510,fertilizers,1.3,6851.49,2024,2022,True
Uzbekistan,UZ,UZB,720249,iron_steel,180.0,1130241.2,2024,2022,True
Uruguay,UY,URY,760410,aluminium,0.16,5207.47,2024,2022,True
Uruguay,UY,URY,7603,aluminium,26.016,91915.72,2024,2022,True
Democratic Republic of the Congo,CD,COD,731823,iron_steel,0.102,2.94,2024,2022,True
Cambodia,KH,KHM,760421,aluminium,40.9115,68676.13,2024,2022,True
Cameroon,CM,CMR,731822,iron_steel,0.002,40.02,2024,2022,True
Myanmar,MM,MMR,760410,aluminium,0.0568,453.75,2024,2022,True
Cambodia,KH,KHM,731814,iron_steel,0.0049,64.69,2024,2022,True
Ghana,GH,GHA,760410,aluminium,8.575,7104.72,2024,2022,True
Iran,IR,IRN,731814,iron_steel,9.87,30103.5,2024,2022,True
Iran,IR,IRN,731815,iron_steel,2902.671,4271571.94,2024,2022,True
Iran,IR,IRN,731816,iron_steel,179.293,226720.27,2024,2022,True
Iran,IR,IRN,731819,iron_steel,568.105,739817.95,2024,2022,True
Iran,IR,IRN,731821,iron_steel,1.145,10296.65,2024,2022,True
Iran,IR,IRN,731822,iron_steel,178.491,290069.31,2024,2022,True
Iran,IR,IRN,731823,iron_steel,4.155,3251.09,2024,2022,True
Iran,IR,IRN,731824,iron_steel,91.19,42135.66,2024,2022,True
Iran,IR,IRN,731829,iron_steel,105.464,169524.07,2024,2022,True
Iran,IR,IRN,732611,iron_steel,5660.405,4301023.93,2024,2022,True
Iran,IR,IRN,732619,iron_steel,4170.325,6411819.61,2024,2022,True
Iran,IR,IRN,732620,iron_steel,1140.481,1598285.74,2024,2022,True
Iran,IR,IRN,732690,iron_steel,46888.232,64477336.66,2024,2022,True
Iran,IR,IRN,7601,aluminium,405367.32,933806674.06,2024,2022,True
Iran,IR,IRN,7603,aluminium,79.59,563508.92,2024,2022,True
Iran,IR,IRN,760410,aluminium,510.956,1538288.51,2024,2022,True
Iran,IR,IRN,760421,aluminium,11320.051,32389957.49,2024,2022,True
Iran,IR,IRN,760429,aluminium,1183.236,2727113.95,2024,2022,True
Iran,IR,IRN,731813,iron_steel,2.77,4713.06,2024,2022,True
Iran,IR,IRN,731812,iron_steel,5.016,8031.61,2024,2022,True
Costa Rica,CR,CRI,7603,aluminium,4.0,19620.0,2024,2022,True
Cuba,CU,CUB,731815,iron_steel,0.0957,2963.98,2024,2022,True
Cuba,CU,CUB,731816,iron_steel,0.136,61.95,2024,2022,True
Cuba,CU,CUB,731821,iron_steel,0.136,8.89,2024,2022,True
Cuba,CU,CUB,731824,iron_steel,0.3604,4091.27,2024,2022,True
Cuba,CU,CUB,731829,iron_steel,0.0382,3352.75,2024,2022,True
Cuba,CU,CUB,732620,iron_steel,0.0168,451.54,2024,2022,True
Cuba,CU,CUB,732690,iron_steel,0.5238,119290.92,2024,2022,True
Cuba,CU,CUB,7601,aluminium,42.04,74798.33,2024,2022,True
Ethiopia,ET,ETH,760410,aluminium,57.585,52985.81,2024,2022,True
Gabon,GA,GAB,732611,iron_steel,120.12,114038.99,2024,2022,True
Madagascar,MG,MDG,760410,aluminium,0.311,1791.89,2024,2022,True
Madagascar,MG,MDG,731813,iron_steel,0.0061,34.44,2024,2022,True
Lebanon,LB,LBN,732611,iron_steel,1.455,1000.83,2024,2022,True
Mali,ML,MLI,7603,aluminium,50.0,45044.89,2024,2022,True
Laos,LA,LAO,760429,aluminium,58.9078,119694.25,2024,2022,True
Montenegro,ME,MNE,7603,aluminium,0.01,50.85,2024,2022,True
Montenegro,ME,MNE,731821,iron_steel,0.6201,1012.22,2024,2022,True
Mozambique,MZ,MOZ,731823,iron_steel,0.001,3.59,2024,2022,True
Mozambique,MZ,MOZ,731813,iron_steel,0.12,93.7,2024,2022,True
Mozambique,MZ,MOZ,731812,iron_steel,0.036,2768.6,2024,2022,True
Mongolia,MN,MNG,760429,aluminium,0.0029,87.19,2024,2022,True
Mongolia,MN,MNG,732611,iron_steel,0.0014,23.5,2024,2022,True
Mongolia,MN,MNG,731814,iron_steel,0.0,6.84,2024,2022,True
Mongolia,MN,MNG,731812,iron_steel,0.0034,3.33,2024,2022,True
Argentina,AR,ARG,7601,aluminium,18824.352,44793356.34,2024,2022,True
Madagascar,MG,MDG,730669,iron_steel,0.7846,6381.32,2024,2022,True
Madagascar,MG,MDG,730711,iron_steel,0.0207,298.53,2024,2022,True
Madagascar,MG,MDG,730719,iron_steel,0.159,1794.1,2024,2022,True
Mauritania,MR,MRT,7310,iron_steel,20.02,16878.47,2024,2022,True
Mauritius,MU,MUS,730669,iron_steel,0.224,600.33,2024,2022,True
Iran,IR,IRN,7308,iron_steel,122182.555,108666675.91,2024,2022,True
Iran,IR,IRN,7309,iron_steel,1842.917,3521674.52,2024,2022,True
Iran,IR,IRN,7310,iron_steel,17452.548,18680110.9,2024,2022,True
Iran,IR,IRN,731100,iron_steel,19586.2,22708014.97,2024,2022,True
Iran,IR,IRN,731811,iron_steel,198.436,296047.5,2024,2022,True
Iran,IR,IRN,730799,iron_steel,928.386,1258030.68,2024,2022,True
Iran,IR,IRN,730793,iron_steel,224.172,344281.49,2024,2022,True
Iran,IR,IRN,730792,iron_steel,1.38,2040.48,2024,2022,True
Iran,IR,IRN,730791,iron_steel,101.856,133440.53,2024,2022,True
Iran,IR,IRN,730640,iron_steel,407.441,382005.36,2024,2022,True
Iran,IR,IRN,730650,iron_steel,365.299,251901.86,2024,2022,True
Iran,IR,IRN,730661,iron_steel,130085.72,83810662.6,2024,2022,True
Iran,IR,IRN,730669,iron_steel,980.42,553953.42,2024,2022,True
Iran,IR,IRN,730690,iron_steel,99251.783,58868081.51,2024,2022,True
Iran,IR,IRN,730711,iron_steel,234.961,209402.09,2024,2022,True
Iran,IR,IRN,730719,iron_steel,542.161,365576.19,2024,2022,True
Iran,IR,IRN,730721,iron_steel,42.063,73411.88,2024,2022,True
Iran,IR,IRN,730722,iron_steel,115.477,185837.72,2024,2022,True
Iran,IR,IRN,730723,iron_steel,1326.897,1805499.49,2024,2022,True
Iran,IR,IRN,730729,iron_steel,95.831,161598.74,2024,2022,True
Nicaragua,NI,NIC,730640,iron_steel,0.1479,988.64,2024,2022,True
Nicaragua,NI,NIC,730711,iron_steel,0.018,312.89,2024,2022,True
Nepal,NP,NPL,730640,iron_steel,0.003,195.94,2024,2022,True
Nepal,NP,NPL,730690,iron_steel,192.909,148259.86,2024,2022,True
Nepal,NP,NPL,7308,iron_steel,88.8,133386.26,2024,2022,True
Nepal,NP,NPL,7309,iron_steel,1.4837,8460.67,2024,2022,True
Nepal,NP,NPL,731100,iron_steel,1.6868,6109.78,2024,2022,True
Papua New Guinea,PG,PNG,730721,iron_steel,0.5,1319.09,2024,2022,True
Papua New Guinea,PG,PNG,730791,iron_steel,2.76,2404.55,2024,2022,True
Niger,NE,NER,730669,iron_steel,0.15,358.24,2024,2022,True
Niger,NE,NER,730690,iron_steel,12.47,43923.3,2024,2022,True
Niger,NE,NER,730723,iron_steel,0.258,10158.31,2024,2022,True
Niger,NE,NER,7310,iron_steel,0.4,907.49,2024,2022,True
Nigeria,NG,NGA,730640,iron_steel,350.43,380246.72,2024,2022,True
Nigeria,NG,NGA,731811,iron_steel,33.5,85190.63,2024,2022,True
Montenegro,ME,MNE,731811,iron_steel,1.58,1153.56,2024,2022,True
Montenegro,ME,MNE,730722,iron_steel,0.0008,314.59,2024,2022,True
Montenegro,ME,MNE,730793,iron_steel,1.0688,4780.48,2024,2022,True
Mongolia,MN,MNG,730719,iron_steel,0.1001,844.83,2024,2022,True
Mongolia,MN,MNG,730793,iron_steel,0.0134,33.1,2024,2022,True
Mozambique,MZ,MOZ,730793,iron_steel,0.01,933.1,2024,2022,True
Mozambique,MZ,MOZ,730723,iron_steel,21.5,234688.96,2024,2022,True
Mozambique,MZ,MOZ,730669,iron_steel,30.521,39665.19,2024,2022,True
Armenia,AM,ARM,730669,iron_steel,0.0,15.85,2024,2022,True
Brunei Darussalam,BN,BRN,730723,iron_steel,0.006,779.07,2024,2022,True
Cambodia,KH,KHM,730650,iron_steel,4.8997,1546.22,2024,2022,True
Cambodia,KH,KHM,730721,iron_steel,0.3401,2158.67,2024,2022,True
Cambodia,KH,KHM,730722,iron_steel,0.0311,524.02,2024,2022,True
Brunei Darussalam,BN,BRN,730661,iron_steel,0.2,721.1,2024,2022,True
Brunei Darussalam,BN,BRN,730669,iron_steel,1035.672,1161514.11,2024,2022,True
Angola,AO,AGO,731811,iron_steel,0.058,4647.54,2024,2022,True
Zimbabwe,ZW,ZWE,730650,iron_steel,0.005,59.19,2024,2022,True
Zimbabwe,ZW,ZWE,730669,iron_steel,,3653.83,2024,2022,True
Zimbabwe,ZW,ZWE,730711,iron_steel,0.0934,10457.06,2024,2022,True
Argentina,AR,ARG,730723,iron_steel,5.9101,74897.03,2024,2022,True
Cuba,CU,CUB,730690,iron_steel,0.0292,1869.61,2024,2022,True
Cuba,CU,CUB,730721,iron_steel,0.136,30.4,2024,2022,True
Cuba,CU,CUB,730729,iron_steel,0.003,69.46,2024,2022,True
Cuba,CU,CUB,730791,iron_steel,1.0741,5993.21,2024,2022,True
Cuba,CU,CUB,730792,iron_steel,0.0006,30.16,2024,2022,True
Cuba,CU,CUB,730793,iron_steel,0.0209,7054.28,2024,2022,True
Cuba,CU,CUB,730799,iron_steel,0.0126,1699.74,2024,2022,True
Cuba,CU,CUB,7308,iron_steel,33.7367,223739.39,2024,2022,True
Cuba,CU,CUB,731100,iron_steel,1.501,27685.89,2024,2022,True
Benin,BJ,BEN,730650,iron_steel,161.56,118450.08,2024,2022,True
Benin,BJ,BEN,730729,iron_steel,0.328,40515.37,2024,2022,True
Cameroon,CM,CMR,730640,iron_steel,1.202,11703.72,2024,2022,True
Democratic Republic of the Congo,CD,COD,730690,iron_steel,10.802,11649.05,2024,2022,True
Democratic Republic of the Congo,CD,COD,730711,iron_steel,0.003,221.52,2024,2022,True
Ghana,GH,GHA,730640,iron_steel,7.7827,670753.46,2024,2022,True
Dominican Republic,DO,DOM,730793,iron_steel,0.018,84.53,2024,2022,True
Gabon,GA,GAB,730711,iron_steel,0.222,3721.62,2024,2022,True
Gabon,GA,GAB,730719,iron_steel,0.053,482.8,2024,2022,True
Cameroon,CM,CMR,730650,iron_steel,4.2,996.51,2024,2022,True
Cameroon,CM,CMR,730711,iron_steel,0.002,705.67,2024,2022,True
Suriname,SR,SUR,760900,aluminium,14.0,10738.38,2024,2022,True
Cuba,CU,CUB,761699,aluminium,0.136,6801.65,2024,2022,True
Benin,BJ,BEN,760900,aluminium,10.7,26473.75,2024,2022,True
Gabon,GA,GAB,7606,aluminium,0.688,1538.53,2024,2022,True
Gabon,GA,GAB,7608,aluminium,0.107,1787.28,2024,2022,True
Gabon,GA,GAB,7612,aluminium,0.001,20.22,2024,2022,True
Mongolia,MN,MNG,760900,aluminium,0.0007,682.9,2024,2022,True
Mongolia,MN,MNG,761090,aluminium,0.078,83.93,2024,2022,True
Cuba,CU,CUB,761300,aluminium,0.9549,18452.42,2024,2022,True
Cuba,CU,CUB,7607,aluminium,0.0002,489.79,2024,2022,True
Democratic Republic of the Congo,CD,COD,7608,aluminium,0.001,812.52,2024,2022,True
Democratic Republic of the Congo,CD,COD,760900,aluminium,0.001,397.84,2024,2022,True
Democratic Republic of the Congo,CD,COD,761010,aluminium,0.007,153.98,2024,2022,True
Democratic Republic of the Congo,CD,COD,761090,aluminium,63.0,11358.66,2024,2022,True
Democratic Republic of the Congo,CD,COD,761100,aluminium,0.897,3994.56,2024,2022,True
Democratic Republic of the Congo,CD,COD,761691,aluminium,0.001,633.73,2024,2022,True
Congo,CG,COG,761610,aluminium,1.68,1020.5,2024,2022,True
Congo,CG,COG,7612,aluminium,0.2964,53417.3,2024,2022,True
Papua New Guinea,PG,PNG,7608,aluminium,0.0687,93.2,2024,2022,True
Papua New Guinea,PG,PNG,760900,aluminium,1.552,93.91,2024,2022,True
Papua New Guinea,PG,PNG,761010,aluminium,0.0,0.26,2024,2022,True
Papua New Guinea,PG,PNG,7614,aluminium,,184.45,2024,2022,True
Papua New Guinea,PG,PNG,761510,aluminium,0.015,117.05,2024,2022,True
Senegal,SN,SEN,761100,aluminium,4.2,28170.9,2024,2022,True
Senegal,SN,SEN,7614,aluminium,0.057,2224.85,2024,2022,True
Rwanda,RW,RWA,760900,aluminium,0.56,2871.09,2024,2022,True
Philippines,PH,PHL,761691,aluminium,0.5335,92.41,2024,2022,True
Rwanda,RW,RWA,7605,aluminium,12.662,13245.98,2024,2022,True
Rwanda,RW,RWA,7606,aluminium,18.7782,7447.15,2024,2022,True
Rwanda,RW,RWA,7607,aluminium,51.8415,57508.81,2024,2022,True
Rwanda,RW,RWA,7608,aluminium,0.5,318.57,2024,2022,True
Rwanda,RW,RWA,761010,aluminium,28.6827,35483.5,2024,2022,True
Rwanda,RW,RWA,761090,aluminium,15.796,14319.65,2024,2022,True
Rwanda,RW,RWA,761100,aluminium,1.5,787.06,2024,2022,True
Rwanda,RW,RWA,7612,aluminium,3.088,4644.41,2024,2022,True
Rwanda,RW,RWA,761300,aluminium,0.8,1012.28,2024,2022,True
Rwanda,RW,RWA,7614,aluminium,11.57,1889.15,2024,2022,True
Rwanda,RW,RWA,761510,aluminium,408.2627,567430.81,2024,2022,True
Rwanda,RW,RWA,761520,aluminium,19.7723,38813.77,2024,2022,True
Rwanda,RW,RWA,761610,aluminium,1.024,12722.44,2024,2022,True
Rwanda,RW,RWA,761691,aluminium,0.75,839.52,2024,2022,True
Rwanda,RW,RWA,761699,aluminium,95.8812,222891.37,2024,2022,True
Mozambique,MZ,MOZ,760900,aluminium,11.0,161439.24,2024,2022,True
Montenegro,ME,MNE,7612,aluminium,,10651.27,2024,2022,True
Montenegro,ME,MNE,7614,aluminium,3.77,13666.57,2024,2022,True
Mozambique,MZ,MOZ,7608,aluminium,1.0,2799.32,2024,2022,True
Nicaragua,NI,NIC,761100,aluminium,0.085,2310.32,2024,2022,True
Niger,NE,NER,761090,aluminium,7.5,7199.12,2024,2022,True
Pakistan,PK,PAK,761300,aluminium,0.005,134.91,2024,2022,True
Nicaragua,NI,NIC,7605,aluminium,0.01,9.24,2024,2022,True
Nepal,NP,NPL,7606,aluminium,0.007,40.51,2024,2022,True
Nepal,NP,NPL,761510,aluminium,19.0202,148431.16,2024,2022,True
Tajikistan,TJ,TJK,730690,iron_steel,7.6,8964.05,2024,2022,True
Eswatini,SZ,SWZ,730792,iron_steel,0.048,629.35,2024,2022,True
Rwanda,RW,RWA,7309,iron_steel,2.4,1881.6,2024,2022,True
Rwanda,RW,RWA,730640,iron_steel,4.582,7488.47,2024,2022,True
Rwanda,RW,RWA,730650,iron_steel,32.2882,8544.96,2024,2022,True
Rwanda,RW,RWA,730661,iron_steel,165.9757,204921.94,2024,2022,True
Rwanda,RW,RWA,730690,iron_steel,4874.0375,6809769.15,2024,2022,True
Rwanda,RW,RWA,730719,iron_steel,9.429,16159.63,2024,2022,True
Rwanda,RW,RWA,730722,iron_steel,3.52,6874.16,2024,2022,True
Rwanda,RW,RWA,730723,iron_steel,0.899,484.7,2024,2022,True
Rwanda,RW,RWA,730729,iron_steel,1.84,1605.89,2024,2022,True
Rwanda,RW,RWA,730791,iron_steel,0.323,155.03,2024,2022,True
Rwanda,RW,RWA,730792,iron_steel,1.014,519.9,2024,2022,True
Rwanda,RW,RWA,730793,iron_steel,1.22,304.92,2024,2022,True
Rwanda,RW,RWA,730799,iron_steel,39.177,29361.04,2024,2022,True
Philippines,PH,PHL,730669,iron_steel,0.4844,1167.17,2024,2022,True
Rwanda,RW,RWA,7308,iron_steel,515.1671,567212.72,2024,2022,True
Rwanda,RW,RWA,7310,iron_steel,4.674,7250.9,2024,2022,True
Rwanda,RW,RWA,731100,iron_steel,40.837,100565.0,2024,2022,True
Suriname,SR,SUR,730711,iron_steel,10.4739,48694.12,2024,2022,True
Suriname,SR,SUR,730793,iron_steel,4.7675,107586.18,2024,2022,True
Eswatini,SZ,SWZ,730640,iron_steel,4.226,19512.87,2024,2022,True
Eswatini,SZ,SWZ,730722,iron_steel,0.231,742.77,2024,2022,True
Rwanda,RW,RWA,731811,iron_steel,3.835,1748.62,2024,2022,True
Senegal,SN,SEN,730640,iron_steel,81.945,90647.51,2024,2022,True
Cameroon,CM,CMR,7614,aluminium,0.15,3542.97,2024,2022,True
Uruguay,UY,URY,731811,iron_steel,0.1509,519.36,2024,2022,True
Zambia,ZM,ZMB,730650,iron_steel,531.6677,591323.4,2024,2022,True
Uruguay,UY,URY,730650,iron_steel,0.0001,3.7,2024,2022,True
Myanmar,MM,MMR,761520,aluminium,10.4414,4388.7,2024,2022,True
Cameroon,CM,CMR,7605,aluminium,1.0,1375.42,2024,2022,True
Cameroon,CM,CMR,761100,aluminium,0.0005,50.63,2024,2022,True
Mauritania,MR,MRT,252321,cement,0.083,3366.51,2024,2022,True
Benin,BJ,BEN,722619,iron_steel,19.0,10619.73,2024,2022,True
Benin,BJ,BEN,7301,iron_steel,44.57,5044.1,2024,2022,True
Ghana,GH,GHA,722599,iron_steel,122.633,174145.25,2024,2022,True
Ghana,GH,GHA,722870,iron_steel,5.94,5265.55,2024,2022,True
Ghana,GH,GHA,7229,iron_steel,38.2199,30855.57,2024,2022,True
Guatemala,GT,GTM,722592,iron_steel,84.456,139259.77,2024,2022,True
Congo,CG,COG,722699,iron_steel,0.001,3726.83,2024,2022,True
Iran,IR,IRN,722599,iron_steel,119.235,140488.86,2024,2022,True
Iran,IR,IRN,722691,iron_steel,5724.46,3512036.78,2024,2022,True
Iran,IR,IRN,722830,iron_steel,14026.128,20276629.7,2024,2022,True
Hong Kong,HK,HKG,722592,iron_steel,0.101,152.22,2024,2022,True
Cameroon,CM,CMR,722860,iron_steel,1.0,223.77,2024,2022,True
Cameroon,CM,CMR,7229,iron_steel,5.78,1229.22,2024,2022,True
Cambodia,KH,KHM,722620,iron_steel,0.2834,10691.62,2024,2022,True
Myanmar,MM,MMR,722880,iron_steel,63.084,11639.65,2024,2022,True
Brunei Darussalam,BN,BRN,722810,iron_steel,7.3,24257.31,2024,2022,True
Brunei Darussalam,BN,BRN,7229,iron_steel,1.2,86547.85,2024,2022,True
Myanmar,MM,MMR,722810,iron_steel,0.015,10.98,2024,2022,True
Sri Lanka,LK,LKA,722619,iron_steel,1020.68,973859.84,2024,2022,True
Sri Lanka,LK,LKA,722870,iron_steel,1.2,1255.14,2024,2022,True
Chile,CL,CHL,722599,iron_steel,24.215,42777.93,2024,2022,True
Iran,IR,IRN,722840,iron_steel,17905.365,10260912.12,2024,2022,True
Iran,IR,IRN,722860,iron_steel,0.5,784.59,2024,2022,True
Iran,IR,IRN,7229,iron_steel,817.936,783880.42,2024,2022,True
Philippines,PH,PHL,722619,iron_steel,388.074,57062.19,2024,2022,True
Philippines,PH,PHL,722830,iron_steel,0.18,7346.83,2024,2022,True
Rwanda,RW,RWA,722620,iron_steel,0.04,798.77,2024,2022,True
Rwanda,RW,RWA,722870,iron_steel,0.072,432.6,2024,2022,True
Rwanda,RW,RWA,722880,iron_steel,0.03,162.49,2024,2022,True
Rwanda,RW,RWA,7229,iron_steel,1.39,1421.46,2024,2022,True
Rwanda,RW,RWA,7301,iron_steel,30.2314,3616.06,2024,2022,True
Rwanda,RW,RWA,7302,iron_steel,0.902,205.67,2024,2022,True
Papua New Guinea,PG,PNG,722619,iron_steel,692.325,6551.46,2024,2022,True
Papua New Guinea,PG,PNG,722810,iron_steel,24.54,8934.1,2024,2022,True
Papua New Guinea,PG,PNG,722880,iron_steel,0.3,935.92,2024,2022,True
Paraguay,PY,PRY,722810,iron_steel,3.1,24951.48,2024,2022,True
Senegal,SN,SEN,7229,iron_steel,0.14,266.57,2024,2022,True
Senegal,SN,SEN,722880,iron_steel,20.0,4538.06,2024,2022,True
Eswatini,SZ,SWZ,7227,iron_steel,0.201,100.67,2024,2022,True
Tajikistan,TJ,TJK,722820,iron_steel,624.162,161376.03,2024,2022,True
Pakistan,PK,PAK,722830,iron_steel,10.0,48764.19,2024,2022,True
Pakistan,PK,PAK,722810,iron_steel,1.0,1815.53,2024,2022,True
Iran,IR,IRN,7301,iron_steel,30.65,15998.52,2024,2022,True
Mongolia,MN,MNG,722860,iron_steel,0.104,491.14,2024,2022,True
Moldova,MD,MDA,722592,iron_steel,3.586,5753.63,2024,2022,True
Moldova,MD,MDA,722830,iron_steel,0.66,1388.97,2024,2022,True
Montenegro,ME,MNE,722850,iron_steel,22.37,28425.37,2024,2022,True
Montenegro,ME,MNE,722870,iron_steel,22.34,1603.52,2024,2022,True
Montenegro,ME,MNE,7301,iron_steel,69.0196,16178.64,2024,2022,True
Morocco,MA,MAR,722619,iron_steel,157.0221,370656.15,2024,2022,True
Morocco,MA,MAR,722620,iron_steel,0.155,90.95,2024,2022,True
Morocco,MA,MAR,7227,iron_steel,0.19,289.95,2024,2022,True
Morocco,MA,MAR,722810,iron_steel,0.58,654.85,2024,2022,True
Jamaica,JM,JAM,722880,iron_steel,0.9,158.98,2024,2022,True
Iran,IR,IRN,7302,iron_steel,31.05,47854.17,2024,2022,True
Israel,IL,ISR,722620,iron_steel,0.3839,6468.9,2024,2022,True
Israel,IL,ISR,722880,iron_steel,2.2562,9241.29,2024,2022,True
Ivory Coast,CI,CIV,722870,iron_steel,4.266,8345.71,2024,2022,True
Nicaragua,NI,NIC,722840,iron_steel,3.2989,11641.39,2024,2022,True
Namibia,,NAM,722620,iron_steel,9.758,15520.26,2024,2022,True
Laos,LA,LAO,722830,iron_steel,106.09,44118.38,2024,2022,True
Laos,LA,LAO,7229,iron_steel,10.0,4158.58,2024,2022,True
Laos,LA,LAO,7302,iron_steel,342.8,291063.67,2024,2022,True
Lebanon,LB,LBN,722620,iron_steel,0.025,46.21,2024,2022,True
Madagascar,MG,MDG,7301,iron_steel,0.516,3832.26,2024,2022,True
Madagascar,MG,MDG,7302,iron_steel,0.0017,20.36,2024,2022,True
Laos,LA,LAO,7227,iron_steel,8.2,4990.3,2024,2022,True
Kuwait,KW,KWT,722860,iron_steel,0.0779,274.61,2024,2022,True
El Salvador,SV,SLV,722619,iron_steel,1.248,3604.1,2024,2022,True
El Salvador,SV,SLV,722692,iron_steel,2.276,4486.54,2024,2022,True
El Salvador,SV,SLV,722810,iron_steel,0.9,7599.8,2024,2022,True
El Salvador,SV,SLV,722850,iron_steel,0.5896,806.11,2024,2022,True
Ethiopia,ET,ETH,7301,iron_steel,0.8,925.93,2024,2022,True
Georgia,GE,GEO,722820,iron_steel,0.0076,257.88,2024,2022,True
Georgia,GE,GEO,722850,iron_steel,33.275,112567.9,2024,2022,True
El Salvador,SV,SLV,721933,iron_steel,3.6654,15343.41,2024,2022,True
El Salvador,SV,SLV,721932,iron_steel,3.266,12832.46,2024,2022,True
El Salvador,SV,SLV,721922,iron_steel,6.2964,30219.02,2024,2022,True
Ecuador,EC,ECU,722880,iron_steel,0.1234,5117.36,2024,2022,True
Ecuador,EC,ECU,721934,iron_steel,16.92,48985.68,2024,2022,True
Ecuador,EC,ECU,721913,iron_steel,0.225,1252.84,2024,2022,True
Ecuador,EC,ECU,722692,iron_steel,0.0086,167.54,2024,2022,True
Ecuador,EC,ECU,722850,iron_steel,6.5399,21744.02,2024,2022,True
Zimbabwe,ZW,ZWE,7302,iron_steel,3.084,5879.5,2024,2022,True
Argentina,AR,ARG,722830,iron_steel,141.551,120481.14,2024,2022,True
Australia,AU,AUS,722619,iron_steel,109.13,53256.83,2024,2022,True
Australia,AU,AUS,722620,iron_steel,7.95,16460.63,2024,2022,True
Bosnia and Herzegovina,BA,BIH,722619,iron_steel,0.84,2282.07,2024,2022,True
Bosnia and Herzegovina,BA,BIH,722820,iron_steel,4.827,13639.86,2024,2022,True
Armenia,AM,ARM,722599,iron_steel,4.35,2773.08,2024,2022,True
Mali,ML,MLI,7302,iron_steel,6.155,1707.48,2024,2022,True
Mauritius,MU,MUS,722860,iron_steel,0.3,720.62,2024,2022,True
Zimbabwe,ZW,ZWE,7614,aluminium,2.979,13424.31,2024,2022,True
Zambia,ZM,ZMB,7608,aluminium,2.02,1358.61,2024,2022,True
Zambia,ZM,ZMB,761100,aluminium,27.0,245.52,2024,2022,True
Mali,ML,MLI,760900,aluminium,0.007,6.88,2024,2022,True
Mali,ML,MLI,761510,aluminium,0.0123,723.58,2024,2022,True
Mali,ML,MLI,761699,aluminium,0.604,584.37,2024,2022,True
Madagascar,MG,MDG,761100,aluminium,0.178,2513.73,2024,2022,True
Argentina,AR,ARG,7606,aluminium,294.9244,1450717.2,2024,2022,True
Argentina,AR,ARG,310540,fertilizers,61.002,40470.64,2024,2022,True
Armenia,AM,ARM,7201,iron_steel,298.24,96464.28,2024,2022,True
Canada,CA,CAN,720260,iron_steel,40.952,120055.74,2024,2022,True
Cameroon,CM,CMR,7201,iron_steel,106.0,20277.31,2024,2022,True
Brunei Darussalam,BN,BRN,310290,fertilizers,2.65,845.35,2024,2022,True
Brunei Darussalam,BN,BRN,310590,fertilizers,0.0042,8.57,2024,2022,True
Brunei Darussalam,BN,BRN,720711,iron_steel,0.005,474.98,2024,2022,True
Myanmar,MM,MMR,720711,iron_steel,10000.0,6006838.55,2024,2022,True
Cameroon,CM,CMR,310520,fertilizers,100.0,105712.43,2024,2022,True
Azerbaijan,AZ,AZE,720711,iron_steel,27426.96,17085890.28,2024,2022,True
Angola,AO,AGO,310530,fertilizers,0.005,200.65,2024,2022,True
Bolivia,BO,BOL,760900,aluminium,0.0001,43.05,2024,2022,True
Bosnia and Herzegovina,BA,BIH,761300,aluminium,0.0087,91.09,2024,2022,True
Uruguay,UY,URY,722880,iron_steel,4.2,14694.58,2024,2022,True
Uruguay,UY,URY,7302,iron_steel,3.872,4241.75,2024,2022,True
Uzbekistan,UZ,UZB,722691,iron_steel,2.09,1796.51,2024,2022,True
Tanzania,TZ,TZA,722619,iron_steel,2.5,35513.15,2024,2022,True
Zambia,ZM,ZMB,722619,iron_steel,3.0,143.84,2024,2022,True
Zambia,ZM,ZMB,722620,iron_steel,394.74,724798.25,2024,2022,True
Zambia,ZM,ZMB,722699,iron_steel,9.998,10783.81,2024,2022,True
Uganda,UG,UGA,722592,iron_steel,23.935,22072.88,2024,2022,True
Uganda,UG,UGA,722599,iron_steel,5.0,3200.91,2024,2022,True
United Arab Emirates,AE,ARE,722692,iron_steel,2.41,3865.5,2024,2022,True
Tunisia,TN,TUN,722850,iron_steel,0.04,275.83,2024,2022,True
Uganda,UG,UGA,722691,iron_steel,7.029,10546.49,2024,2022,True
North Macedonia,MK,MKD,722860,iron_steel,4.4,807.05,2024,2022,True
North Macedonia,MK,MKD,722870,iron_steel,98.226,113305.3,2024,2022,True
Uganda,UG,UGA,7227,iron_steel,3.58,7014.58,2024,2022,True
Ukraine,UA,UKR,722691,iron_steel,0.3365,8109.11,2024,2022,True
Ukraine,UA,UKR,722692,iron_steel,0.0259,488.74,2024,2022,True
Jordan,JO,JOR,761610,aluminium,,3137.61,2024,2022,True
Laos,LA,LAO,761699,aluminium,141.0,130302.19,2024,2022,True
Ethiopia,ET,ETH,7607,aluminium,0.03,187.92,2024,2022,True
Iran,IR,IRN,7605,aluminium,5927.737,13689079.57,2024,2022,True
Iran,IR,IRN,7606,aluminium,6811.148,12609789.3,2024,2022,True
Iran,IR,IRN,7607,aluminium,5765.446,16388666.48,2024,2022,True
Iran,IR,IRN,7608,aluminium,898.08,2234162.28,2024,2022,True
Iran,IR,IRN,760900,aluminium,4.168,16681.45,2024,2022,True
Iran,IR,IRN,761010,aluminium,578.279,1468269.11,2024,2022,True
Iran,IR,IRN,761090,aluminium,385.709,1030177.43,2024,2022,True
Iran,IR,IRN,761100,aluminium,25.449,76850.57,2024,2022,True
Iran,IR,IRN,7612,aluminium,4339.661,28424606.78,2024,2022,True
Iran,IR,IRN,7614,aluminium,17756.43,37452655.95,2024,2022,True
Iran,IR,IRN,761510,aluminium,11908.626,31472521.95,2024,2022,True
Iran,IR,IRN,761520,aluminium,30.801,65450.51,2024,2022,True
Iran,IR,IRN,761610,aluminium,122.722,220573.88,2024,2022,True
Iran,IR,IRN,761691,aluminium,12.92,45219.48,2024,2022,True
Iran,IR,IRN,761699,aluminium,987.094,2220247.67,2024,2022,True
Ethiopia,ET,ETH,760900,aluminium,0.0186,1327.03,2024,2022,True
Ethiopia,ET,ETH,7612,aluminium,1.109,1823.71,2024,2022,True
Ethiopia,ET,ETH,761300,aluminium,0.237,4229.85,2024,2022,True
Ethiopia,ET,ETH,761691,aluminium,0.05,654.77,2024,2022,True
Jamaica,JM,JAM,760900,aluminium,0.4948,450.7,2024,2022,True
Jamaica,JM,JAM,761610,aluminium,0.016,353.09,2024,2022,True
Jamaica,JM,JAM,7605,aluminium,0.04,1204.51,2024,2022,True
Bosnia and Herzegovina,BA,BIH,722530,iron_steel,0.355,2649.13,2024,2022,True
Cameroon,CM,CMR,721990,iron_steel,14.677,138314.53,2024,2022,True
Cameroon,CM,CMR,722011,iron_steel,0.552,5444.98,2024,2022,True
Cambodia,KH,KHM,722240,iron_steel,0.572,1105.26,2024,2022,True
Myanmar,MM,MMR,722011,iron_steel,0.0834,2648.09,2024,2022,True
Australia,AU,AUS,722591,iron_steel,1.0,2435.86,2024,2022,True
Bolivia,BO,BOL,722300,iron_steel,0.5499,1050.14,2024,2022,True
Bolivia,BO,BOL,722090,iron_steel,0.0246,292.0,2024,2022,True
Armenia,AM,ARM,722020,iron_steel,7.3828,98853.88,2024,2022,True
Bahrain,BH,BHR,722540,iron_steel,0.389,35679.39,2024,2022,True
Bahrain,BH,BHR,722490,iron_steel,0.2,650.72,2024,2022,True
Egypt,EG,EGY,7221,iron_steel,0.3457,1228.17,2024,2022,True
Egypt,EG,EGY,722220,iron_steel,2.6242,14475.56,2024,2022,True
Egypt,EG,EGY,722490,iron_steel,145.9448,356197.21,2024,2022,True
Zambia,ZM,ZMB,722591,iron_steel,28.7,9070.78,2024,2022,True
Sri Lanka,LK,LKA,722090,iron_steel,0.2238,2023.99,2024,2022,True
Zambia,ZM,ZMB,7221,iron_steel,15.0095,4170.12,2024,2022,True
Madagascar,MG,MDG,722550,iron_steel,7.835,8998.24,2024,2022,True
Madagascar,MG,MDG,722540,iron_steel,0.038,71.97,2024,2022,True
Mauritius,MU,MUS,7221,iron_steel,0.12,33.74,2024,2022,True
Mauritius,MU,MUS,722240,iron_steel,0.179,312.69,2024,2022,True
Kenya,KE,KEN,722519,iron_steel,0.117,108.3,2024,2022,True
Kyrgyzstan,KG,KGZ,722511,iron_steel,57.87,90891.78,2024,2022,True
Angola,AO,AGO,7221,iron_steel,,823.86,2024,2022,True
Angola,AO,AGO,721990,iron_steel,0.0245,88.89,2024,2022,True
Serbia,RS,SRB,722530,iron_steel,0.754,1285.46,2024,2022,True
Serbia,RS,SRB,722519,iron_steel,10.945,22562.61,2024,2022,True
Ukraine,UA,UKR,722530,iron_steel,938.06,742348.05,2024,2022,True
Jamaica,JM,JAM,722240,iron_steel,0.031,185.82,2024,2022,True
Jamaica,JM,JAM,722300,iron_steel,0.21,2386.72,2024,2022,True
Jamaica,JM,JAM,722410,iron_steel,0.2101,277.7,2024,2022,True
Hong Kong,HK,HKG,722591,iron_steel,15.252,52804.83,2024,2022,True
Israel,IL,ISR,722011,iron_steel,1.4234,6468.9,2024,2022,True
Mozambique,MZ,MOZ,722211,iron_steel,0.2,694.81,2024,2022,True
Jordan,JO,JOR,722090,iron_steel,32.5057,221270.33,2024,2022,True
Jordan,JO,JOR,722220,iron_steel,2.3562,12997.11,2024,2022,True
Moldova,MD,MDA,722540,iron_steel,24.788,57515.94,2024,2022,True
Colombia,CO,COL,722530,iron_steel,31.94,39552.35,2024,2022,True
Sri Lanka,LK,LKA,722519,iron_steel,0.96,519.48,2024,2022,True
Congo,CG,COG,7221,iron_steel,0.0081,978.77,2024,2022,True
Ghana,GH,GHA,722011,iron_steel,9.93,25259.1,2024,2022,True
Georgia,GE,GEO,722300,iron_steel,0.211,1937.43,2024,2022,True
Costa Rica,CR,CRI,722011,iron_steel,1.8517,7393.86,2024,2022,True
Costa Rica,CR,CRI,722519,iron_steel,0.028,643.44,2024,2022,True
Costa Rica,CR,CRI,722550,iron_steel,25.3,40430.64,2024,2022,True
Oman,OM,OMN,722410,iron_steel,,324.47,2024,2022,True
Oman,OM,OMN,722530,iron_steel,45.494,44305.32,2024,2022,True
Uganda,UG,UGA,722020,iron_steel,5.0,4572.08,2024,2022,True
Uganda,UG,UGA,722211,iron_steel,15.1,9126.3,2024,2022,True
Uganda,UG,UGA,722490,iron_steel,0.48,877.34,2024,2022,True
Ukraine,UA,UKR,722090,iron_steel,3.545,3682.46,2024,2022,True
Ukraine,UA,UKR,7221,iron_steel,0.705,7664.28,2024,2022,True
Tunisia,TN,TUN,722219,iron_steel,0.785,5694.16,2024,2022,True
Suriname,SR,SUR,722240,iron_steel,6.0,8317.16,2024,2022,True
Suriname,SR,SUR,722219,iron_steel,2.555,9271.56,2024,2022,True
New Zealand,NZ,NZL,722519,iron_steel,1.52,2280.46,2024,2022,True
Nicaragua,NI,NIC,722011,iron_steel,1.192,7393.03,2024,2022,True
Nicaragua,NI,NIC,722090,iron_steel,10.0803,44015.66,2024,2022,True
Nicaragua,NI,NIC,722219,iron_steel,0.0954,1198.57,2024,2022,True
Niger,NE,NER,722230,iron_steel,0.009,48.59,2024,2022,True
Pakistan,PK,PAK,722540,iron_steel,113.0,207799.38,2024,2022,True
Papua New Guinea,PG,PNG,722240,iron_steel,1.543,88.54,2024,2022,True
Paraguay,PY,PRY,722550,iron_steel,80.146,218760.74,2024,2022,True
Oman,OM,OMN,722550,iron_steel,0.1538,175.45,2024,2022,True
Namibia,,NAM,721990,iron_steel,0.063,94.92,2024,2022,True
Namibia,,NAM,722012,iron_steel,49.351,82032.22,2024,2022,True
Namibia,,NAM,722550,iron_steel,18.742,30971.83,2024,2022,True
Rwanda,RW,RWA,722300,iron_steel,4.79,2829.77,2024,2022,True
Rwanda,RW,RWA,722230,iron_steel,1.328,2626.37,2024,2022,True
Senegal,SN,SEN,7221,iron_steel,0.063,9.77,2024,2022,True
Suriname,SR,SUR,722090,iron_steel,18.2,116070.6,2024,2022,True
Rwanda,RW,RWA,722240,iron_steel,0.2,117.25,2024,2022,True
Rwanda,RW,RWA,7221,iron_steel,0.17,101.99,2024,2022,True
Peru,PE,PER,722530,iron_steel,8.3074,14118.45,2024,2022,True
Kenya,KE,KEN,722511,iron_steel,44.362,127959.11,2024,2022,True
Cambodia,KH,KHM,721934,iron_steel,0.4534,2451.03,2024,2022,True
Cambodia,KH,KHM,721710,iron_steel,0.2,406.62,2024,2022,True
Myanmar,MM,MMR,721720,iron_steel,1.008,2421.96,2024,2022,True
Myanmar,MM,MMR,721710,iron_steel,6.818,2704.69,2024,2022,True
Sri Lanka,LK,LKA,721924,iron_steel,0.0266,224.89,2024,2022,True
Bahrain,BH,BHR,721891,iron_steel,0.385,1278.05,2024,2022,True
Armenia,AM,ARM,721934,iron_steel,0.64,15551.96,2024,2022,True
Georgia,GE,GEO,721899,iron_steel,3.666,4519.4,2024,2022,True
Costa Rica,CR,CRI,721931,iron_steel,45.5968,59357.99,2024,2022,True
Costa Rica,CR,CRI,721913,iron_steel,5.7025,22240.55,2024,2022,True
Ghana,GH,GHA,721914,iron_steel,7.42,20278.99,2024,2022,True
Ghana,GH,GHA,721913,iron_steel,7.728,20495.88,2024,2022,True
Ghana,GH,GHA,721912,iron_steel,7.822,20745.18,2024,2022,True
Costa Rica,CR,CRI,721912,iron_steel,1.646,4334.28,2024,2022,True
Democratic Republic of the Congo,CD,COD,721899,iron_steel,0.8,1560.48,2024,2022,True
Colombia,CO,COL,721913,iron_steel,0.1043,2200.17,2024,2022,True
Mauritius,MU,MUS,721914,iron_steel,40.98,62399.52,2024,2022,True
Mali,ML,MLI,721730,iron_steel,2.1,3771.31,2024,2022,True
Serbia,RS,SRB,721912,iron_steel,7.344,10734.68,2024,2022,True
Kuwait,KW,KWT,721914,iron_steel,0.3018,905.31,2024,2022,True
Kuwait,KW,KWT,721810,iron_steel,,5296.08,2024,2022,True
Madagascar,MG,MDG,721899,iron_steel,0.202,14205.5,2024,2022,True
Azerbaijan,AZ,AZE,721931,iron_steel,6.12,10627.48,2024,2022,True
Azerbaijan,AZ,AZE,721932,iron_steel,10.18,50387.67,2024,2022,True
Azerbaijan,AZ,AZE,721914,iron_steel,7.5,24258.39,2024,2022,True
Azerbaijan,AZ,AZE,721790,iron_steel,0.009,3.59,2024,2022,True
Angola,AO,AGO,721891,iron_steel,0.015,51.0,2024,2022,True
Angola,AO,AGO,721810,iron_steel,0.045,48.16,2024,2022,True
Ukraine,UA,UKR,721924,iron_steel,0.007,32.85,2024,2022,True
Ukraine,UA,UKR,721810,iron_steel,40.51,99643.18,2024,2022,True
North Macedonia,MK,MKD,721914,iron_steel,0.296,1553.27,2024,2022,True
North Macedonia,MK,MKD,721935,iron_steel,5.729,18273.37,2024,2022,True
Tunisia,TN,TUN,721922,iron_steel,0.311,4163.51,2024,2022,True
Tunisia,TN,TUN,721932,iron_steel,0.055,9265.22,2024,2022,True
Ethiopia,ET,ETH,722230,iron_steel,0.088,249.4,2024,2022,True
Ethiopia,ET,ETH,722090,iron_steel,0.025,732.18,2024,2022,True
El Salvador,SV,SLV,722540,iron_steel,0.545,2498.84,2024,2022,True
El Salvador,SV,SLV,722230,iron_steel,0.0485,1154.21,2024,2022,True
Ecuador,EC,ECU,722220,iron_steel,0.2232,2282.04,2024,2022,True
Ecuador,EC,ECU,722219,iron_steel,0.0279,2357.08,2024,2022,True
Iran,IR,IRN,722410,iron_steel,309690.4,164292082.06,2024,2022,True
Iran,IR,IRN,722540,iron_steel,893.77,690885.32,2024,2022,True
Iran,IR,IRN,722490,iron_steel,2.0,2858.33,2024,2022,True
Iran,IR,IRN,722300,iron_steel,5.04,2631.0,2024,2022,True
Iran,IR,IRN,722240,iron_steel,23.84,10794.75,2024,2022,True
Iran,IR,IRN,722219,iron_steel,1.042,570.19,2024,2022,True
Iran,IR,IRN,721990,iron_steel,0.4,2374.09,2024,2022,True
Tanzania,TZ,TZA,721921,iron_steel,26.9941,27722.3,2024,2022,True
Tanzania,TZ,TZA,721710,iron_steel,0.753,8565.75,2024,2022,True
Uzbekistan,UZ,UZB,721891,iron_steel,22.05,51458.28,2024,2022,True
Uruguay,UY,URY,721931,iron_steel,0.3709,705.11,2024,2022,True
Uruguay,UY,URY,721899,iron_steel,0.193,2789.02,2024,2022,True
Uruguay,UY,URY,721730,iron_steel,0.859,1500.79,2024,2022,True
Uruguay,UY,URY,721710,iron_steel,0.135,536.92,2024,2022,True
Montenegro,ME,MNE,721730,iron_steel,0.0025,20.24,2024,2022,True
Montenegro,ME,MNE,721720,iron_steel,0.099,186.88,2024,2022,True
Moldova,MD,MDA,721922,iron_steel,0.828,4299.05,2024,2022,True
Ivory Coast,CI,CIV,721912,iron_steel,290.0,24557.54,2024,2022,True
Israel,IL,ISR,721921,iron_steel,6.8602,30496.26,2024,2022,True
Morocco,MA,MAR,721899,iron_steel,0.048,867.27,2024,2022,True
Morocco,MA,MAR,721932,iron_steel,4.46,14697.06,2024,2022,True
Nepal,NP,NPL,721730,iron_steel,0.02,276.32,2024,2022,True
Nepal,NP,NPL,721720,iron_steel,2418.504,1903111.36,2024,2022,True
Namibia,,NAM,721922,iron_steel,23.2568,112988.39,2024,2022,True
Namibia,,NAM,721913,iron_steel,0.66,875.77,2024,2022,True
Oman,OM,OMN,721923,iron_steel,0.0244,93.73,2024,2022,True
Israel,IL,ISR,721720,iron_steel,0.5849,924.13,2024,2022,True
Iran,IR,IRN,721934,iron_steel,5.04,2328.81,2024,2022,True
Iran,IR,IRN,721923,iron_steel,0.544,1131.13,2024,2022,True
Iran,IR,IRN,721810,iron_steel,258.0,98473.34,2024,2022,True
Iran,IR,IRN,721790,iron_steel,7140.717,4545592.83,2024,2022,True
Iran,IR,IRN,721730,iron_steel,624.542,414190.0,2024,2022,True
Iran,IR,IRN,721720,iron_steel,38568.285,27928537.1,2024,2022,True
Iran,IR,IRN,721710,iron_steel,37257.953,23884938.55,2024,2022,True
Indonesia,ID,IDN,721924,iron_steel,20.84,47184.18,2024,2022,True
Trinidad and Tobago,TT,TTO,721933,iron_steel,0.024,245.07,2024,2022,True
Tajikistan,TJ,TJK,721720,iron_steel,136.0,78550.97,2024,2022,True
Eswatini,SZ,SWZ,721933,iron_steel,0.3,190.7,2024,2022,True
Saudi Arabia,SA,SAU,721914,iron_steel,7.0,2444.63,2024,2022,True
Rwanda,RW,RWA,721790,iron_steel,148.991,160052.98,2024,2022,True
Trinidad and Tobago,TT,TTO,721913,iron_steel,0.018,937.95,2024,2022,True
Rwanda,RW,RWA,721720,iron_steel,1.0,481.78,2024,2022,True
Rwanda,RW,RWA,721710,iron_steel,12.414,7370.74,2024,2022,True
Pakistan,PK,PAK,721914,iron_steel,1.0,501.64,2024,2022,True
Pakistan,PK,PAK,721913,iron_steel,1.0,331.48,2024,2022,True
Philippines,PH,PHL,721730,iron_steel,9.6,26109.42,2024,2022,True
Papua New Guinea,PG,PNG,721710,iron_steel,0.003,32.1,2024,2022,True
Peru,PE,PER,721891,iron_steel,0.0224,883.13,2024,2022,True
Paraguay,PY,PRY,721790,iron_steel,0.085,255.78,2024,2022,True
Paraguay,PY,PRY,721720,iron_steel,23.052,12781.81,2024,2022,True
Kyrgyzstan,KG,KGZ,720249,iron_steel,59.5,340432.49,2024,2022,True
Laos,LA,LAO,310290,fertilizers,60.0,33268.64,2024,2022,True
Laos,LA,LAO,720690,iron_steel,44.4,41031.33,2024,2022,True
Lebanon,LB,LBN,720712,iron_steel,24.0,45961.56,2024,2022,True
Madagascar,MG,MDG,310290,fertilizers,5.0,10199.76,2024,2022,True
Kuwait,KW,KWT,310510,fertilizers,41.939,134227.82,2024,2022,True
Kuwait,KW,KWT,720241,iron_steel,24.0555,36212.54,2024,2022,True
Mongolia,MN,MNG,7201,iron_steel,325.0,172696.61,2024,2022,True
Montenegro,ME,MNE,720219,iron_steel,2.014,3323.32,2024,2022,True
Montenegro,ME,MNE,720249,iron_steel,11.576,12388.85,2024,2022,True
Montenegro,ME,MNE,720260,iron_steel,0.071,120.5,2024,2022,True
Morocco,MA,MAR,720241,iron_steel,1.0,6473.76,2024,2022,True
Mozambique,MZ,MOZ,720249,iron_steel,1905.0,163134.18,2024,2022,True
Mozambique,MZ,MOZ,720690,iron_steel,30.0,24557.18,2024,2022,True
Mali,ML,MLI,720219,iron_steel,0.5,742.38,2024,2022,True
Mali,ML,MLI,310290,fertilizers,210.0,31180.11,2024,2022,True
Mali,ML,MLI,310590,fertilizers,148.45,86784.65,2024,2022,True
Mali,ML,MLI,720690,iron_steel,45.097,22271.69,2024,2022,True
Mauritius,MU,MUS,720610,iron_steel,0.002,423.11,2024,2022,True
Jamaica,JM,JAM,720690,iron_steel,9.8,15617.65,2024,2022,True
Iran,IR,IRN,720610,iron_steel,3353571.84,1634316613.99,2024,2022,True
Iran,IR,IRN,310510,fertilizers,1320.008,372466.5,2024,2022,True
Iran,IR,IRN,310540,fertilizers,4907.117,2817234.08,2024,2022,True
Iran,IR,IRN,310559,fertilizers,5.08,11480.45,2024,2022,True
Iran,IR,IRN,310590,fertilizers,15729.451,3473452.55,2024,2022,True
Iran,IR,IRN,7201,iron_steel,192669.671,46797928.1,2024,2022,True
Iran,IR,IRN,720211,iron_steel,6.03,9568.43,2024,2022,True
Iran,IR,IRN,720219,iron_steel,4.84,10282.78,2024,2022,True
Iran,IR,IRN,720241,iron_steel,13883.364,18483656.78,2024,2022,True
Iran,IR,IRN,7203,iron_steel,816003.317,157983028.37,2024,2022,True
Iran,IR,IRN,7205,iron_steel,95.1,146270.22,2024,2022,True
Iran,IR,IRN,720690,iron_steel,80851.74,38631754.0,2024,2022,True
Iran,IR,IRN,720711,iron_steel,1167823.2,570562349.14,2024,2022,True
Iran,IR,IRN,720712,iron_steel,1939818.1,980824186.3,2024,2022,True
Israel,IL,ISR,310551,fertilizers,,6468.9,2024,2022,True
Jordan,JO,JOR,720211,iron_steel,50.8835,69561.14,2024,2022,True
Jordan,JO,JOR,720219,iron_steel,22.5211,53573.84,2024,2022,True
Jordan,JO,JOR,720260,iron_steel,1.218,6150.01,2024,2022,True
Jordan,JO,JOR,7203,iron_steel,238.9438,112682.9,2024,2022,True
Jordan,JO,JOR,720712,iron_steel,28.2642,19289.62,2024,2022,True
Kenya,KE,KEN,720211,iron_steel,0.5,11483.39,2024,2022,True
Kenya,KE,KEN,7203,iron_steel,0.155,384.29,2024,2022,True
Kenya,KE,KEN,720610,iron_steel,28.061,40872.6,2024,2022,True
Kazakhstan,KZ,KAZ,720219,iron_steel,16.0,114366.82,2024,2022,True
Vietnam,VN,VNM,720690,iron_steel,0.2287,504.57,2024,2022,True
Oman,OM,OMN,310559,fertilizers,9.9379,8404.89,2024,2022,True
Sri Lanka,LK,LKA,720610,iron_steel,0.188,30.39,2024,2022,True
New Zealand,NZ,NZL,7201,iron_steel,0.058,297.07,2024,2022,True
Nigeria,NG,NGA,310559,fertilizers,0.5,15983.63,2024,2022,True
Pakistan,PK,PAK,7201,iron_steel,1.0,540.1,2024,2022,True
Papua New Guinea,PG,PNG,7205,iron_steel,0.1,900.2,2024,2022,True
Papua New Guinea,PG,PNG,720690,iron_steel,1.0,4428.72,2024,2022,True
Namibia,,NAM,310290,fertilizers,37.9,58565.91,2024,2022,True
Namibia,,NAM,310559,fertilizers,0.865,2675.37,2024,2022,True
Nepal,NP,NPL,310520,fertilizers,5.0,4831.82,2024,2022,True
Nepal,NP,NPL,7205,iron_steel,0.018,138.92,2024,2022,True
Nepal,NP,NPL,720610,iron_steel,1.233,1970.42,2024,2022,True
Nepal,NP,NPL,720690,iron_steel,0.015,15.45,2024,2022,True
Rwanda,RW,RWA,7205,iron_steel,7.04,5382.13,2024,2022,True
Rwanda,RW,RWA,720610,iron_steel,14.055,5813.29,2024,2022,True
Rwanda,RW,RWA,720690,iron_steel,5.58,2944.17,2024,2022,True
Rwanda,RW,RWA,310590,fertilizers,0.519,23418.58,2024,2022,True
Rwanda,RW,RWA,7201,iron_steel,8.0,3730.46,2024,2022,True
Rwanda,RW,RWA,310520,fertilizers,96.0,45260.88,2024,2022,True
Peru,PE,PER,310551,fertilizers,9.1987,13646.67,2024,2022,True
Peru,PE,PER,720610,iron_steel,46.4792,304056.02,2024,2022,True
Philippines,PH,PHL,720690,iron_steel,0.0093,69.31,2024,2022,True
Iran,IR,IRN,310290,fertilizers,107.752,46568.71,2024,2022,True
Togo,TG,TGO,7201,iron_steel,90.0,7111.42,2024,2022,True
Ukraine,UA,UKR,720249,iron_steel,20.3,24387.87,2024,2022,True
North Macedonia,MK,MKD,310559,fertilizers,312.002,237953.16,2024,2022,True
North Macedonia,MK,MKD,720241,iron_steel,3.0,6961.99,2024,2022,True
Ukraine,UA,UKR,720241,iron_steel,5.0,11782.65,2024,2022,True
Uganda,UG,UGA,720249,iron_steel,0.072,175.47,2024,2022,True
Eswatini,SZ,SWZ,310551,fertilizers,34.0,15624.24,2024,2022,True
Eswatini,SZ,SWZ,720690,iron_steel,1.75,1117.27,2024,2022,True
Eswatini,SZ,SWZ,310510,fertilizers,0.0008,1.11,2024,2022,True
Tunisia,TN,TUN,720610,iron_steel,2916.75,1582110.59,2024,2022,True
Tunisia,TN,TUN,310510,fertilizers,125.0,63129.99,2024,2022,True
Tunisia,TN,TUN,720690,iron_steel,2.111,93459.13,2024,2022,True
United Arab Emirates,AE,ARE,310551,fertilizers,190.231,198687.5,2024,2022,True
Georgia,GE,GEO,7205,iron_steel,0.0009,6.47,2024,2022,True
Georgia,GE,GEO,720260,iron_steel,87.5155,843445.32,2024,2022,True
Ethiopia,ET,ETH,7203,iron_steel,500.0,54620.19,2024,2022,True
Ghana,GH,GHA,7205,iron_steel,2.5257,1654.5,2024,2022,True
Ghana,GH,GHA,720610,iron_steel,238.6094,699923.19,2024,2022,True
Ecuador,EC,ECU,720690,iron_steel,0.0081,2180.94,2024,2022,True
Colombia,CO,COL,720249,iron_steel,0.5,3040.38,2024,2022,True
Ecuador,EC,ECU,7201,iron_steel,0.0274,184.27,2024,2022,True
Benin,BJ,BEN,7205,iron_steel,370.0,16838.4,2024,2022,True
Hong Kong,HK,HKG,310290,fertilizers,1.463,1878.25,2024,2022,True
Indonesia,ID,IDN,720219,iron_steel,27.0,98558.36,2024,2022,True
Mauritania,MR,MRT,761510,aluminium,0.0777,624.61,2024,2021,True
Mali,ML,MLI,761090,aluminium,8.9,15096.28,2024,2021,True
Mali,ML,MLI,7606,aluminium,865.318,1351878.79,2024,2021,True
Mozambique,MZ,MOZ,7606,aluminium,50.6,113447.57,2024,2021,True
Pakistan,PK,PAK,7614,aluminium,1.376,4430.23,2024,2021,True
Nepal,NP,NPL,761010,aluminium,0.005,12.75,2024,2021,True
Nepal,NP,NPL,7614,aluminium,0.5,393.53,2024,2021,True
Zimbabwe,ZW,ZWE,721790,iron_steel,20.95,19426.48,2024,2021,True
Eswatini,SZ,SWZ,721710,iron_steel,0.5,601.28,2024,2021,True
Eswatini,SZ,SWZ,721720,iron_steel,3.06,3025.74,2024,2021,True
Thailand,TH,THA,721810,iron_steel,0.136,3154.38,2024,2021,True
Laos,LA,LAO,7606,aluminium,115.66,21596.89,2024,2021,True
Laos,LA,LAO,761691,aluminium,0.089,18.48,2024,2021,True
Madagascar,MG,MDG,7607,aluminium,0.054,151.39,2024,2021,True
Israel,IL,ISR,720249,iron_steel,8.0339,22179.1,2024,2021,True
Israel,IL,ISR,720260,iron_steel,27.7503,110895.48,2024,2021,True
Hong Kong,HK,HKG,720711,iron_steel,1986.21,1159174.82,2024,2021,True
Kazakhstan,KZ,KAZ,310530,fertilizers,0.025,59.75,2024,2021,True
Jamaica,JM,JAM,310559,fertilizers,0.03,608.43,2024,2021,True
Cuba,CU,CUB,310520,fertilizers,0.0124,4093.89,2024,2021,True
Cuba,CU,CUB,720711,iron_steel,3074.5,1761563.18,2024,2021,True
Benin,BJ,BEN,720219,iron_steel,0.875,166.63,2024,2021,True
Ecuador,EC,ECU,310530,fertilizers,5.0,2910.08,2024,2021,True
Ecuador,EC,ECU,310551,fertilizers,2.38,6468.9,2024,2021,True
Costa Rica,CR,CRI,310551,fertilizers,1.2,3007.12,2024,2021,True
Guatemala,GT,GTM,720211,iron_steel,0.022,74.85,2024,2021,True
Honduras,HN,HND,310290,fertilizers,0.406,3142.04,2024,2021,True
Honduras,HN,HND,7203,iron_steel,2.84,1193.05,2024,2021,True
Gabon,GA,GAB,720690,iron_steel,0.003,539.61,2024,2021,True
Georgia,GE,GEO,7203,iron_steel,179.456,49752.15,2024,2021,True
Ghana,GH,GHA,310551,fertilizers,100.0,64392.93,2024,2021,True
Ghana,GH,GHA,310559,fertilizers,0.2,771.69,2024,2021,True
Namibia,,NAM,310551,fertilizers,295.275,139198.35,2024,2021,True
Namibia,,NAM,7203,iron_steel,0.0018,7.5,2024,2021,True
Nicaragua,NI,NIC,310290,fertilizers,0.0004,5.18,2024,2021,True
Mozambique,MZ,MOZ,310559,fertilizers,198.113,414134.46,2024,2021,True
Mozambique,MZ,MOZ,720219,iron_steel,0.23,802.1,2024,2021,True
Mozambique,MZ,MOZ,720610,iron_steel,10.9,2082.31,2024,2021,True
Nicaragua,NI,NIC,310559,fertilizers,20.0049,14521.76,2024,2021,True
Nicaragua,NI,NIC,720249,iron_steel,72.8,4036.6,2024,2021,True
Peru,PE,PER,7201,iron_steel,0.8,1354.51,2024,2021,True
Philippines,PH,PHL,720260,iron_steel,19.163,17709.08,2024,2021,True
Russia,RU,RUS,310290,fertilizers,276.4496,299778.14,2024,2021,True
Russia,RU,RUS,310510,fertilizers,48750.3534,15237567.96,2024,2021,True
Russia,RU,RUS,310520,fertilizers,5879113.2086,1871306425.68,2024,2021,True
Russia,RU,RUS,310530,fertilizers,1291412.037,615426300.55,2024,2021,True
Russia,RU,RUS,310540,fertilizers,2756554.9576,1444117799.15,2024,2021,True
Nicaragua,NI,NIC,7205,iron_steel,48.068,53078.83,2024,2021,True
Pakistan,PK,PAK,720610,iron_steel,11.0,13426.18,2024,2021,True
Paraguay,PY,PRY,310530,fertilizers,1500.0,790130.3,2024,2021,True
Paraguay,PY,PRY,7201,iron_steel,56.15,18680.34,2024,2021,True
Kuwait,KW,KWT,310590,fertilizers,43.2,29064.78,2024,2021,True
Kuwait,KW,KWT,720249,iron_steel,715.0,222509.93,2024,2021,True
Kenya,KE,KEN,720219,iron_steel,1.0,1261.5,2024,2021,True
Kenya,KE,KEN,720249,iron_steel,12.0,18039.48,2024,2021,True
Kenya,KE,KEN,720712,iron_steel,1.2694,1462.8,2024,2021,True
Laos,LA,LAO,310590,fertilizers,12200.0,4910380.17,2024,2021,True
Laos,LA,LAO,7205,iron_steel,12.0,1108.95,2024,2021,True
Mali,ML,MLI,7203,iron_steel,300.86,92552.93,2024,2021,True
Mauritius,MU,MUS,310540,fertilizers,10.0,20741.04,2024,2021,True
Moldova,MD,MDA,310540,fertilizers,22.0,21399.13,2024,2021,True
Lebanon,LB,LBN,720249,iron_steel,76.38,81420.39,2024,2021,True
Lebanon,LB,LBN,720610,iron_steel,9.702,9786.53,2024,2021,True
Tunisia,TN,TUN,721912,iron_steel,0.567,9978.28,2024,2021,True
Trinidad and Tobago,TT,TTO,721924,iron_steel,0.896,2664.15,2024,2021,True
Tunisia,TN,TUN,721913,iron_steel,0.6,488.66,2024,2021,True
Uganda,UG,UGA,721934,iron_steel,38.855,41577.1,2024,2021,True
Qatar,QA,QAT,7605,aluminium,0.0,20882.33,2024,2021,True
Russia,RU,RUS,7605,aluminium,235089.6713,462412524.44,2024,2021,True
Russia,RU,RUS,7606,aluminium,101697.0329,319161930.8,2024,2021,True
Russia,RU,RUS,7607,aluminium,16529.806,57965607.55,2024,2021,True
Russia,RU,RUS,7608,aluminium,0.0,31155680.92,2024,2021,True
Russia,RU,RUS,760900,aluminium,186.6225,1553635.63,2024,2021,True
Russia,RU,RUS,761010,aluminium,0.0,12673992.03,2024,2021,True
Russia,RU,RUS,761090,aluminium,7069.4234,32863859.71,2024,2021,True
Russia,RU,RUS,761100,aluminium,3.6593,3504476.06,2024,2021,True
Russia,RU,RUS,7612,aluminium,0.0,112864352.69,2024,2021,True
Russia,RU,RUS,761300,aluminium,16.1694,638499.06,2024,2021,True
Russia,RU,RUS,761510,aluminium,8755.6996,49565673.8,2024,2021,True
Russia,RU,RUS,7614,aluminium,4374.7931,10859634.04,2024,2021,True
Russia,RU,RUS,761520,aluminium,60.1814,325970.58,2024,2021,True
Russia,RU,RUS,761610,aluminium,542.0444,3502738.06,2024,2021,True
Russia,RU,RUS,761691,aluminium,9.9776,173297.5,2024,2021,True
Russia,RU,RUS,761699,aluminium,14369.6144,71518105.32,2024,2021,True
Brunei Darussalam,BN,BRN,7203,iron_steel,0.01,8.2,2024,2021,True
Belarus,BY,BLR,7201,iron_steel,11.0,9980.59,2024,2021,True
Belarus,BY,BLR,720219,iron_steel,44.952,110248.59,2024,2021,True
Belarus,BY,BLR,720260,iron_steel,195.093,763053.32,2024,2021,True
Belarus,BY,BLR,7205,iron_steel,6498.544,4064689.03,2024,2021,True
Belarus,BY,BLR,720711,iron_steel,149836.71,75840772.57,2024,2021,True
Belarus,BY,BLR,720712,iron_steel,0.016,184.83,2024,2021,True
Cameroon,CM,CMR,310290,fertilizers,34.459,299156.86,2024,2021,True
Cameroon,CM,CMR,310510,fertilizers,15.0,168551.63,2024,2021,True
Armenia,AM,ARM,720690,iron_steel,267.38,78375.38,2024,2021,True
Sri Lanka,LK,LKA,7201,iron_steel,0.012,83.15,2024,2021,True
Bahrain,BH,BHR,720219,iron_steel,238.01,93175.95,2024,2021,True
Bahrain,BH,BHR,720211,iron_steel,8.562,9491.74,2024,2021,True
Egypt,EG,EGY,721935,iron_steel,11.2715,33546.35,2024,2021,True
Uruguay,UY,URY,721720,iron_steel,57.087,82531.19,2024,2021,True
Azerbaijan,AZ,AZE,310540,fertilizers,4765.0,2090313.28,2024,2021,True
Azerbaijan,AZ,AZE,720610,iron_steel,188.7,83661.23,2024,2021,True
Uzbekistan,UZ,UZB,721899,iron_steel,0.0,140.47,2024,2021,True
Uzbekistan,UZ,UZB,721914,iron_steel,0.0,11071.07,2024,2021,True
Angola,AO,AGO,310510,fertilizers,0.25,329.61,2024,2021,True
Myanmar,MM,MMR,7212,iron_steel,29.9768,45659.99,2024,2021,True
Belarus,BY,BLR,720719,iron_steel,439.133,374549.49,2024,2021,True
Armenia,AM,ARM,7213,iron_steel,1.16,1013.06,2024,2021,True
Armenia,AM,ARM,721190,iron_steel,28.686,7776.49,2024,2021,True
Armenia,AM,ARM,721119,iron_steel,1.89,2890.85,2024,2021,True
Belarus,BY,BLR,720720,iron_steel,10576.612,6349413.18,2024,2021,True
Chile,CL,CHL,721114,iron_steel,0.45,551.71,2024,2021,True
Belarus,BY,BLR,7208,iron_steel,12774.117,14071620.0,2024,2021,True
Cambodia,KH,KHM,721119,iron_steel,5.415,6928.3,2024,2021,True
Cambodia,KH,KHM,720720,iron_steel,8538.5364,7216357.37,2024,2021,True
Belarus,BY,BLR,7216,iron_steel,16735.068,18960262.45,2024,2021,True
Belarus,BY,BLR,7215,iron_steel,4093.1157,3465483.78,2024,2021,True
Belarus,BY,BLR,721499,iron_steel,114586.495,72167082.52,2024,2021,True
Belarus,BY,BLR,721491,iron_steel,643.056,606505.87,2024,2021,True
Belarus,BY,BLR,721420,iron_steel,729699.766,435740781.81,2024,2021,True
Belarus,BY,BLR,7213,iron_steel,341452.843,217720266.15,2024,2021,True
Belarus,BY,BLR,7212,iron_steel,4087.461,5938268.18,2024,2021,True
Belarus,BY,BLR,721190,iron_steel,3.588,10535.07,2024,2021,True
Belarus,BY,BLR,721129,iron_steel,249.84,245448.66,2024,2021,True
Belarus,BY,BLR,721123,iron_steel,436.744,524905.28,2024,2021,True
Belarus,BY,BLR,721119,iron_steel,5675.091,5399593.38,2024,2021,True
Belarus,BY,BLR,721114,iron_steel,7.664,11366.79,2024,2021,True
Belarus,BY,BLR,7210,iron_steel,19213.771,24500785.51,2024,2021,True
Belarus,BY,BLR,7209,iron_steel,26874.052,26461232.79,2024,2021,True
Cameroon,CM,CMR,721190,iron_steel,127.343,145896.52,2024,2021,True
Mauritania,MR,MRT,721430,iron_steel,874.0,770817.92,2024,2021,True
Mauritius,MU,MUS,721114,iron_steel,0.77,794.66,2024,2021,True
Mauritania,MR,MRT,721420,iron_steel,132.042,124443.84,2024,2021,True
Mauritania,MR,MRT,721410,iron_steel,3.0,19413.11,2024,2021,True
Mali,ML,MLI,721491,iron_steel,1.055,1011.45,2024,2021,True
Mali,ML,MLI,7212,iron_steel,0.943,1267.19,2024,2021,True
Mali,ML,MLI,721190,iron_steel,28.59,38411.47,2024,2021,True
New Zealand,NZ,NZL,720720,iron_steel,0.013,78.44,2024,2021,True
New Zealand,NZ,NZL,720719,iron_steel,693.47,532113.45,2024,2021,True
Nepal,NP,NPL,7208,iron_steel,0.02,50.57,2024,2021,True
Moldova,MD,MDA,721420,iron_steel,751.84,582929.49,2024,2021,True
Mozambique,MZ,MOZ,7212,iron_steel,0.95,6342.42,2024,2021,True
Philippines,PH,PHL,720720,iron_steel,0.04,146.01,2024,2021,True
Russia,RU,RUS,720719,iron_steel,56666.0883,33173957.49,2024,2021,True
Russia,RU,RUS,7213,iron_steel,1676285.1841,1034674132.46,2024,2021,True
Russia,RU,RUS,7216,iron_steel,538451.035,459808289.63,2024,2021,True
Russia,RU,RUS,7215,iron_steel,179555.0082,139288038.87,2024,2021,True
Russia,RU,RUS,721499,iron_steel,460786.3668,310934827.89,2024,2021,True
Russia,RU,RUS,721491,iron_steel,9153.5646,7750242.81,2024,2021,True
Russia,RU,RUS,721430,iron_steel,260.363,250621.2,2024,2021,True
Russia,RU,RUS,721420,iron_steel,1162741.3226,689342333.86,2024,2021,True
Russia,RU,RUS,721410,iron_steel,21725.345,20877712.77,2024,2021,True
Russia,RU,RUS,7212,iron_steel,37423.8929,47508594.48,2024,2021,True
Russia,RU,RUS,720720,iron_steel,1393801.5629,727062460.3,2024,2021,True
Russia,RU,RUS,721190,iron_steel,26337.4908,23862971.81,2024,2021,True
Russia,RU,RUS,721129,iron_steel,6411.2632,6642576.93,2024,2021,True
Russia,RU,RUS,721123,iron_steel,33333.2668,30714023.35,2024,2021,True
Russia,RU,RUS,721119,iron_steel,40951.9309,34269832.31,2024,2021,True
Russia,RU,RUS,721114,iron_steel,11893.662,10961280.67,2024,2021,True
Russia,RU,RUS,721113,iron_steel,129.211,114364.11,2024,2021,True
Russia,RU,RUS,7210,iron_steel,1022929.0184,1094820222.94,2024,2021,True
Russia,RU,RUS,7209,iron_steel,713184.404,645111866.05,2024,2021,True
Russia,RU,RUS,7208,iron_steel,6596219.5895,4906672409.8,2024,2021,True
Nicaragua,NI,NIC,721119,iron_steel,0.875,612.7,2024,2021,True
Paraguay,PY,PRY,7209,iron_steel,3.015,4383.14,2024,2021,True
Paraguay,PY,PRY,721491,iron_steel,38.597,41177.34,2024,2021,True
Pakistan,PK,PAK,721114,iron_steel,2.0,1913.29,2024,2021,True
Papua New Guinea,PG,PNG,7212,iron_steel,0.885,688.44,2024,2021,True
Ghana,GH,GHA,721114,iron_steel,25.74,17710.02,2024,2021,True
Ghana,GH,GHA,720720,iron_steel,0.388,46.35,2024,2021,True
Honduras,HN,HND,721114,iron_steel,0.088,303.43,2024,2021,True
Congo,CG,COG,721491,iron_steel,0.07,625.26,2024,2021,True
Congo,CG,COG,721420,iron_steel,24.6,10128.47,2024,2021,True
Colombia,CO,COL,720720,iron_steel,0.4534,1328.23,2024,2021,True
Democratic Republic of the Congo,CD,COD,7210,iron_steel,0.95,2665.07,2024,2021,True
Democratic Republic of the Congo,CD,COD,721410,iron_steel,0.07,19.4,2024,2021,True
Cuba,CU,CUB,721499,iron_steel,0.025,161.51,2024,2021,True
Ivory Coast,CI,CIV,721430,iron_steel,0.006,436.83,2024,2021,True
Sri Lanka,LK,LKA,310260,fertilizers,0.34,841.25,2024,2021,True
Sri Lanka,LK,LKA,281420,fertilizers,52.8,16798.81,2024,2021,True
Sri Lanka,LK,LKA,280410,hydrogen,0.2156,1234.0,2024,2021,True
Belarus,BY,BLR,252330,cement,986.65,323722.39,2024,2021,True
Belarus,BY,BLR,252329,cement,1991544.3,91741890.77,2024,2021,True
Belarus,BY,BLR,252321,cement,4423.78,893817.58,2024,2021,True
Belarus,BY,BLR,250700,cement,4.493,21347.38,2024,2021,True
Belarus,BY,BLR,252390,cement,12.22,9795.77,2024,2021,True
Belarus,BY,BLR,280800,fertilizers,6852.59,945383.98,2024,2021,True
Belarus,BY,BLR,283421,fertilizers,37395.041,21475649.2,2024,2021,True
Cameroon,CM,CMR,281420,fertilizers,0.0038,68.17,2024,2021,True
El Salvador,SV,SLV,310229,fertilizers,7.955,22340.82,2024,2021,True
Georgia,GE,GEO,310240,fertilizers,74.75,15760.47,2024,2021,True
Georgia,GE,GEO,283421,fertilizers,0.0006,75.06,2024,2021,True
Congo,CG,COG,310221,fertilizers,9.8,18757.8,2024,2021,True
Congo,CG,COG,281410,fertilizers,21.364,40424.68,2024,2021,True
Colombia,CO,COL,310230,fertilizers,489.5137,173084.0,2024,2021,True
Colombia,CO,COL,310229,fertilizers,0.648,5269.75,2024,2021,True
Benin,BJ,BEN,310230,fertilizers,30.0,7001.74,2024,2021,True
Benin,BJ,BEN,283421,fertilizers,0.135,170.63,2024,2021,True
Cuba,CU,CUB,250700,cement,0.0018,0.4,2024,2021,True
Costa Rica,CR,CRI,310229,fertilizers,1161.75,555269.48,2024,2021,True
Costa Rica,CR,CRI,283421,fertilizers,41.25,32974.31,2024,2021,True
Russia,RU,RUS,721730,iron_steel,2286.0845,3101912.85,2024,2021,True
Russia,RU,RUS,721710,iron_steel,0.0,170112562.47,2024,2021,True
New Zealand,NZ,NZL,721935,iron_steel,57.0,62556.83,2024,2021,True
Nicaragua,NI,NIC,721891,iron_steel,0.6,346.55,2024,2021,True
Nicaragua,NI,NIC,721924,iron_steel,24.65,21261.99,2024,2021,True
Russia,RU,RUS,721720,iron_steel,54012.7943,49601404.53,2024,2021,True
Russia,RU,RUS,721790,iron_steel,0.0,1487968.92,2024,2021,True
Russia,RU,RUS,721810,iron_steel,65.512,131629.14,2024,2021,True
Saudi Arabia,SA,SAU,721932,iron_steel,9.216,50864.06,2024,2021,True
Saudi Arabia,SA,SAU,721935,iron_steel,0.44,589.72,2024,2021,True
Senegal,SN,SEN,721922,iron_steel,16.65,4124.59,2024,2021,True
Senegal,SN,SEN,721933,iron_steel,4.072,36896.98,2024,2021,True
Russia,RU,RUS,721924,iron_steel,363.5247,1357339.68,2024,2021,True
Russia,RU,RUS,721891,iron_steel,7.1722,36071.19,2024,2021,True
Russia,RU,RUS,721899,iron_steel,65.6356,182109.25,2024,2021,True
Russia,RU,RUS,721911,iron_steel,3.4662,7963.48,2024,2021,True
Russia,RU,RUS,721912,iron_steel,5.541,23502.05,2024,2021,True
Russia,RU,RUS,721913,iron_steel,1.152,6642.41,2024,2021,True
Russia,RU,RUS,721914,iron_steel,51.345,183018.04,2024,2021,True
Russia,RU,RUS,721921,iron_steel,1877.6866,7156039.2,2024,2021,True
Russia,RU,RUS,721922,iron_steel,3364.8351,13957520.62,2024,2021,True
Russia,RU,RUS,721923,iron_steel,1434.2987,5179393.13,2024,2021,True
Russia,RU,RUS,721931,iron_steel,55.388,233412.45,2024,2021,True
Russia,RU,RUS,721932,iron_steel,635.0591,2759939.85,2024,2021,True
Russia,RU,RUS,721933,iron_steel,2065.8922,7399023.57,2024,2021,True
Russia,RU,RUS,721934,iron_steel,1973.8124,7151138.74,2024,2021,True
Russia,RU,RUS,721935,iron_steel,20.8479,65976.6,2024,2021,True
Rwanda,RW,RWA,721911,iron_steel,0.402,2493.0,2024,2021,True
Bahrain,BH,BHR,250700,cement,15.975,7973.71,2024,2021,True
Bosnia and Herzegovina,BA,BIH,280410,hydrogen,0.1732,879.53,2024,2021,True
Armenia,AM,ARM,252310,cement,0.05,0.62,2024,2021,True
Russia,RU,RUS,310559,fertilizers,626160.0344,215130517.21,2024,2021,True
Nepal,NP,NPL,721921,iron_steel,0.008,38.65,2024,2021,True
Morocco,MA,MAR,721923,iron_steel,0.095,135.92,2024,2021,True
Morocco,MA,MAR,721933,iron_steel,0.216,1284.23,2024,2021,True
Mozambique,MZ,MOZ,721720,iron_steel,2.402,1843.97,2024,2021,True
Mozambique,MZ,MOZ,721790,iron_steel,1.5,1398.36,2024,2021,True
Mozambique,MZ,MOZ,721899,iron_steel,22.0,24512.36,2024,2021,True
Ethiopia,ET,ETH,721114,iron_steel,0.002,5.93,2024,2021,True
Gabon,GA,GAB,7210,iron_steel,18.1,13444.86,2024,2021,True
Georgia,GE,GEO,721430,iron_steel,1.647,1823.68,2024,2021,True
Gabon,GA,GAB,721499,iron_steel,4.869,184.23,2024,2021,True
Kuwait,KW,KWT,721430,iron_steel,189.638,43655.85,2024,2021,True
Kuwait,KW,KWT,721129,iron_steel,1.6,3909.99,2024,2021,True
Lebanon,LB,LBN,720719,iron_steel,1.88,21352.0,2024,2021,True
Laos,LA,LAO,7216,iron_steel,0.045,55.45,2024,2021,True
Laos,LA,LAO,7212,iron_steel,14.0,5175.12,2024,2021,True
Laos,LA,LAO,720720,iron_steel,0.0785,6564.0,2024,2021,True
Kyrgyzstan,KG,KGZ,7215,iron_steel,310.616,105156.64,2024,2021,True
Jordan,JO,JOR,720720,iron_steel,133.3339,137643.16,2024,2021,True
Jordan,JO,JOR,720719,iron_steel,0.0,7989791.6,2024,2021,True
Israel,IL,ISR,310260,fertilizers,26.0725,7393.03,2024,2021,True
Ivory Coast,CI,CIV,280410,hydrogen,0.002,1309.58,2024,2021,True
Israel,IL,ISR,281410,fertilizers,1.8114,924.13,2024,2021,True
Israel,IL,ISR,280800,fertilizers,10.1045,3696.52,2024,2021,True
Israel,IL,ISR,252390,cement,0.0,10165.42,2024,2021,True
Guatemala,GT,GTM,252330,cement,4.739,2756.68,2024,2021,True
Ivory Coast,CI,CIV,310229,fertilizers,24.75,16648.57,2024,2021,True
Morocco,MA,MAR,721921,iron_steel,0.482,1172.06,2024,2021,True
Morocco,MA,MAR,721922,iron_steel,0.03,107.64,2024,2021,True
Kenya,KE,KEN,260112,iron_steel,0.79,700.73,2024,2021,True
Jamaica,JM,JAM,281410,fertilizers,0.78,722.1,2024,2021,True
Kazakhstan,KZ,KAZ,310240,fertilizers,1.5,346.55,2024,2021,True
Russia,RU,RUS,310551,fertilizers,475530.3878,149490621.95,2024,2021,True
Russia,RU,RUS,310590,fertilizers,65827.4204,20829336.98,2024,2021,True
Russia,RU,RUS,731821,iron_steel,831.0503,3734129.62,2024,2021,True
Russia,RU,RUS,731823,iron_steel,0.0,2749209.23,2024,2021,True
Russia,RU,RUS,731824,iron_steel,105.0194,777850.31,2024,2021,True
Russia,RU,RUS,731829,iron_steel,1125.7817,7670306.24,2024,2021,True
Russia,RU,RUS,732611,iron_steel,60976.212,47759194.28,2024,2021,True
Russia,RU,RUS,732619,iron_steel,6389.7382,15277150.29,2024,2021,True
Russia,RU,RUS,732620,iron_steel,18714.4053,19085110.18,2024,2021,True
Russia,RU,RUS,732690,iron_steel,91897.65,251992682.33,2024,2021,True
Russia,RU,RUS,7601,aluminium,3451276.4711,6462068044.05,2024,2021,True
Russia,RU,RUS,7603,aluminium,18379.6136,49901953.81,2024,2021,True
Russia,RU,RUS,760410,aluminium,324.4615,1428096.79,2024,2021,True
Russia,RU,RUS,760421,aluminium,22574.4965,74020238.63,2024,2021,True
Russia,RU,RUS,760429,aluminium,0.0,250111525.09,2024,2021,True
Rwanda,RW,RWA,731823,iron_steel,0.0009,1.38,2024,2021,True
Russia,RU,RUS,731822,iron_steel,1533.0577,6541304.71,2024,2021,True
Russia,RU,RUS,731819,iron_steel,5832.4178,20033710.4,2024,2021,True
Rwanda,RW,RWA,732611,iron_steel,0.04,51.24,2024,2021,True
Russia,RU,RUS,731816,iron_steel,4277.5038,13144121.17,2024,2021,True
Russia,RU,RUS,731812,iron_steel,1581.7323,2600446.47,2024,2021,True
Russia,RU,RUS,731813,iron_steel,0.0,1198306.25,2024,2021,True
Russia,RU,RUS,731814,iron_steel,4251.8316,11445273.37,2024,2021,True
Russia,RU,RUS,731815,iron_steel,16503.4736,38510222.35,2024,2021,True
Niger,NE,NER,732619,iron_steel,20.0,2499.75,2024,2021,True
Nigeria,NG,NGA,760429,aluminium,24.1,36109.09,2024,2021,True
Tajikistan,TJ,TJK,731813,iron_steel,0.0064,36.97,2024,2021,True
Tajikistan,TJ,TJK,731829,iron_steel,0.0084,142.32,2024,2021,True
Tajikistan,TJ,TJK,731812,iron_steel,0.007,29.57,2024,2021,True
Eswatini,SZ,SWZ,732611,iron_steel,0.015,230.64,2024,2021,True
Trinidad and Tobago,TT,TTO,7603,aluminium,0.001,7.11,2024,2021,True
Togo,TG,TGO,732620,iron_steel,0.022,324.97,2024,2021,True
Zimbabwe,ZW,ZWE,731812,iron_steel,0.0031,3.7,2024,2021,True
Lebanon,LB,LBN,731813,iron_steel,2.438,4558.73,2024,2021,True
Kuwait,KW,KWT,7603,aluminium,75.0,41992.42,2024,2021,True
Laos,LA,LAO,731812,iron_steel,0.004,764.74,2024,2021,True
Jamaica,JM,JAM,760410,aluminium,0.4,3228.2,2024,2021,True
Jordan,JO,JOR,731821,iron_steel,0.0718,1561.91,2024,2021,True
Morocco,MA,MAR,732611,iron_steel,189.025,164512.11,2024,2021,True
Nepal,NP,NPL,732619,iron_steel,0.02,743.48,2024,2021,True
Nepal,NP,NPL,732690,iron_steel,0.039,949.78,2024,2021,True
Mali,ML,MLI,732620,iron_steel,223.675,650976.82,2024,2021,True
Mauritania,MR,MRT,7601,aluminium,10.0,517.68,2024,2021,True
Mongolia,MN,MNG,760410,aluminium,0.995,4809.11,2024,2021,True
Mexico,MX,MEX,7603,aluminium,0.0,46613.07,2024,2021,True
Armenia,AM,ARM,7305,iron_steel,80.48,42597.17,2024,2021,True
Albania,AL,ALB,730419,iron_steel,3.0244,5796.9,2024,2021,True
Azerbaijan,AZ,AZE,730451,iron_steel,0.0235,415.86,2024,2021,True
Angola,AO,AGO,730611,iron_steel,3.496,4071.28,2024,2021,True
Bolivia,BO,BOL,730422,iron_steel,2.8348,7224.61,2024,2021,True
Belarus,BY,BLR,730459,iron_steel,33058.404,28291932.35,2024,2021,True
Belarus,BY,BLR,730449,iron_steel,1392.317,1850753.17,2024,2021,True
Belarus,BY,BLR,730441,iron_steel,85.732,1097957.67,2024,2021,True
Belarus,BY,BLR,730439,iron_steel,63573.526,53120968.49,2024,2021,True
Belarus,BY,BLR,730431,iron_steel,915.1974,1001571.02,2024,2021,True
Belarus,BY,BLR,730429,iron_steel,1523.342,1138896.59,2024,2021,True
Belarus,BY,BLR,730423,iron_steel,68.792,44450.61,2024,2021,True
Belarus,BY,BLR,730422,iron_steel,12.007,8594.4,2024,2021,True
Belarus,BY,BLR,730419,iron_steel,29615.861,28140467.61,2024,2021,True
Belarus,BY,BLR,730411,iron_steel,1474.725,5870344.7,2024,2021,True
Belarus,BY,BLR,730300,iron_steel,2.05,15248.13,2024,2021,True
Myanmar,MM,MMR,730629,iron_steel,939.068,871809.93,2024,2021,True
Myanmar,MM,MMR,730422,iron_steel,1.718,107398.39,2024,2021,True
Belarus,BY,BLR,730451,iron_steel,2.128,28185.93,2024,2021,True
Belarus,BY,BLR,730490,iron_steel,2992.329,2180297.57,2024,2021,True
Belarus,BY,BLR,7305,iron_steel,17983.66,8435542.0,2024,2021,True
Cameroon,CM,CMR,730449,iron_steel,0.225,811.38,2024,2021,True
Cameroon,CM,CMR,730411,iron_steel,28.45,33448.62,2024,2021,True
Cambodia,KH,KHM,730611,iron_steel,0.01,138.62,2024,2021,True
Cambodia,KH,KHM,7305,iron_steel,5.9998,18828.68,2024,2021,True
Cambodia,KH,KHM,730451,iron_steel,0.0105,110.9,2024,2021,True
Cambodia,KH,KHM,730431,iron_steel,14097.73,6447279.53,2024,2021,True
Belarus,BY,BLR,730630,iron_steel,8034.514,9023288.05,2024,2021,True
Belarus,BY,BLR,730629,iron_steel,0.043,184.83,2024,2021,True
Belarus,BY,BLR,730619,iron_steel,19.741,28463.17,2024,2021,True
Bolivia,BO,BOL,730449,iron_steel,0.0115,590.19,2024,2021,True
Bolivia,BO,BOL,730630,iron_steel,0.0001,9.24,2024,2021,True
Bolivia,BO,BOL,730621,iron_steel,0.6,64954.38,2024,2021,True
Bolivia,BO,BOL,730490,iron_steel,2.6387,10351.24,2024,2021,True
Gabon,GA,GAB,730449,iron_steel,0.751,27918.14,2024,2021,True
Gabon,GA,GAB,730441,iron_steel,0.011,426.92,2024,2021,True
Gabon,GA,GAB,730300,iron_steel,0.383,16703.0,2024,2021,True
Ethiopia,ET,ETH,730431,iron_steel,0.1106,1008.13,2024,2021,True
Georgia,GE,GEO,730611,iron_steel,13.341,28907.68,2024,2021,True
Mauritius,MU,MUS,730611,iron_steel,0.04,254.44,2024,2021,True
Mauritius,MU,MUS,730422,iron_steel,0.072,132.99,2024,2021,True
Mali,ML,MLI,7305,iron_steel,0.08,33.35,2024,2021,True
Cameroon,CM,CMR,730629,iron_steel,2.168,6004.55,2024,2021,True
Uruguay,UY,URY,7601,aluminium,6.64,15553.09,2024,2021,True
Uruguay,UY,URY,731812,iron_steel,0.0336,132.15,2024,2021,True
North Macedonia,MK,MKD,732611,iron_steel,18.429,5119.55,2024,2021,True
Congo,CG,COG,730459,iron_steel,1.08,33543.52,2024,2021,True
Guatemala,GT,GTM,730441,iron_steel,0.036,965.71,2024,2021,True
Guatemala,GT,GTM,730431,iron_steel,0.002,1793.73,2024,2021,True
Democratic Republic of the Congo,CD,COD,730630,iron_steel,7.463,22451.88,2024,2021,True
Democratic Republic of the Congo,CD,COD,7305,iron_steel,0.173,5844.2,2024,2021,True
Democratic Republic of the Congo,CD,COD,730490,iron_steel,0.104,2932.73,2024,2021,True
Democratic Republic of the Congo,CD,COD,730459,iron_steel,9.485,32565.06,2024,2021,True
Dominican Republic,DO,DOM,730459,iron_steel,0.2,563.26,2024,2021,True
Dominican Republic,DO,DOM,730411,iron_steel,0.091,15822.89,2024,2021,True
Benin,BJ,BEN,730490,iron_steel,0.032,106.64,2024,2021,True
Benin,BJ,BEN,730424,iron_steel,1.3,2382.79,2024,2021,True
Russia,RU,RUS,7201,iron_steel,3933290.9587,1841549412.48,2024,2021,True
Peru,PE,PER,730629,iron_steel,0.421,2407.19,2024,2021,True
Russia,RU,RUS,730439,iron_steel,180545.3281,226642732.17,2024,2021,True
Russia,RU,RUS,730431,iron_steel,14792.9309,25450241.38,2024,2021,True
Russia,RU,RUS,730429,iron_steel,278003.6528,238489274.77,2024,2021,True
Russia,RU,RUS,730424,iron_steel,3046.2378,8775317.52,2024,2021,True
Russia,RU,RUS,730423,iron_steel,8888.1385,17817493.26,2024,2021,True
Russia,RU,RUS,730422,iron_steel,384.3898,1163215.45,2024,2021,True
Russia,RU,RUS,730419,iron_steel,19743.0998,16413717.96,2024,2021,True
Russia,RU,RUS,730411,iron_steel,345.8144,621020.51,2024,2021,True
Russia,RU,RUS,730300,iron_steel,8181.9114,7754325.78,2024,2021,True
Papua New Guinea,PG,PNG,730411,iron_steel,1.0143,10410.71,2024,2021,True
Russia,RU,RUS,730449,iron_steel,0.0,57568397.33,2024,2021,True
Nigeria,NG,NGA,730431,iron_steel,0.866,92709.06,2024,2021,True
Niger,NE,NER,730629,iron_steel,10.0,1666.5,2024,2021,True
Niger,NE,NER,730429,iron_steel,1.1,333.3,2024,2021,True
Nicaragua,NI,NIC,730423,iron_steel,10.7311,26286.17,2024,2021,True
Russia,RU,RUS,730441,iron_steel,4541.3887,61450552.57,2024,2021,True
Russia,RU,RUS,730451,iron_steel,1985.5068,7486775.6,2024,2021,True
Suriname,SR,SUR,730411,iron_steel,5.0,16634.32,2024,2021,True
Eswatini,SZ,SWZ,730619,iron_steel,0.03,270.76,2024,2021,True
Eswatini,SZ,SWZ,730611,iron_steel,0.33,37.3,2024,2021,True
Eswatini,SZ,SWZ,730441,iron_steel,0.067,437.04,2024,2021,True
Russia,RU,RUS,730459,iron_steel,16558.9142,23671022.72,2024,2021,True
Rwanda,RW,RWA,730459,iron_steel,2.332,1480.85,2024,2021,True
Rwanda,RW,RWA,730449,iron_steel,,19.03,2024,2021,True
Rwanda,RW,RWA,730431,iron_steel,2.64,354.31,2024,2021,True
Rwanda,RW,RWA,730429,iron_steel,1.0,1328.29,2024,2021,True
Russia,RU,RUS,730630,iron_steel,258655.0977,222935373.87,2024,2021,True
Russia,RU,RUS,730629,iron_steel,59049.3268,57801408.3,2024,2021,True
Russia,RU,RUS,730621,iron_steel,0.004,737.06,2024,2021,True
Russia,RU,RUS,730619,iron_steel,86755.119,69081400.13,2024,2021,True
Russia,RU,RUS,730611,iron_steel,2127.3442,3694987.13,2024,2021,True
Russia,RU,RUS,7305,iron_steel,352135.2202,358069667.78,2024,2021,True
Russia,RU,RUS,730490,iron_steel,3266.4488,8596334.23,2024,2021,True
Montenegro,ME,MNE,730611,iron_steel,0.035,742.54,2024,2021,True
Montenegro,ME,MNE,730419,iron_steel,17.1642,2869.54,2024,2021,True
Uruguay,UY,URY,722300,iron_steel,0.0014,803.99,2024,2021,True
Zambia,ZM,ZMB,722410,iron_steel,9.4,25160.98,2024,2021,True
Mozambique,MZ,MOZ,730451,iron_steel,4.43,13510.05,2024,2021,True
Mozambique,MZ,MOZ,730422,iron_steel,67.746,254642.34,2024,2021,True
Namibia,,NAM,730441,iron_steel,0.02,9044.86,2024,2021,True
Lebanon,LB,LBN,730422,iron_steel,39.34,25460.68,2024,2021,True
Uruguay,UY,URY,722090,iron_steel,7.688,15213.94,2024,2021,True
Mozambique,MZ,MOZ,730611,iron_steel,0.639,4870.99,2024,2021,True
North Macedonia,MK,MKD,722230,iron_steel,0.04,340.06,2024,2021,True
North Macedonia,MK,MKD,722300,iron_steel,0.005,65.67,2024,2021,True
Egypt,EG,EGY,722530,iron_steel,0.3742,319.49,2024,2021,True
Egypt,EG,EGY,722550,iron_steel,1.6713,1651.77,2024,2021,True
Egypt,EG,EGY,722591,iron_steel,36.0144,37852.32,2024,2021,True
Tanzania,TZ,TZA,722211,iron_steel,0.1,840.98,2024,2021,True
Trinidad and Tobago,TT,TTO,7221,iron_steel,0.005,37.6,2024,2021,True
Trinidad and Tobago,TT,TTO,722012,iron_steel,0.002,641.43,2024,2021,True
Tunisia,TN,TUN,722012,iron_steel,0.12,815.48,2024,2021,True
Suriname,SR,SUR,722230,iron_steel,2.25,8682.19,2024,2021,True
Suriname,SR,SUR,721990,iron_steel,0.64,2089.27,2024,2021,True
Saudi Arabia,SA,SAU,720610,iron_steel,891.0,382880.69,2024,2021,True
Saudi Arabia,SA,SAU,720712,iron_steel,16.0,17280.97,2024,2021,True
Senegal,SN,SEN,310559,fertilizers,0.025,208.31,2024,2021,True
Serbia,RS,SRB,310551,fertilizers,25.5,9252.38,2024,2021,True
Russia,RU,RUS,720211,iron_steel,65282.969,74315212.71,2024,2021,True
Russia,RU,RUS,720219,iron_steel,552.739,1450624.98,2024,2021,True
Russia,RU,RUS,720241,iron_steel,188190.7001,239850251.23,2024,2021,True
Russia,RU,RUS,720249,iron_steel,72235.7648,164271801.99,2024,2021,True
Russia,RU,RUS,720260,iron_steel,649.99,2082809.6,2024,2021,True
Russia,RU,RUS,7203,iron_steel,4013780.181,1470856775.97,2024,2021,True
Russia,RU,RUS,7205,iron_steel,29935.6685,26280096.28,2024,2021,True
Russia,RU,RUS,720610,iron_steel,4.3284,22105.34,2024,2021,True
Russia,RU,RUS,720690,iron_steel,130.3792,186255.31,2024,2021,True
Russia,RU,RUS,720711,iron_steel,0.0,2081075476.89,2024,2021,True
Russia,RU,RUS,720712,iron_steel,9394340.33,5638864943.84,2024,2021,True
Ukraine,UA,UKR,722511,iron_steel,163.84,399665.3,2024,2021,True
Togo,TG,TGO,730459,iron_steel,0.9,12540.41,2024,2021,True
Togo,TG,TGO,730300,iron_steel,170.5,86322.06,2024,2021,True
Ukraine,UA,UKR,730629,iron_steel,0.18,901.92,2024,2021,True
Egypt,EG,EGY,730451,iron_steel,0.0172,46.21,2024,2021,True
Congo,CG,COG,731823,iron_steel,0.253,747.69,2024,2021,True
Congo,CG,COG,732611,iron_steel,0.133,135.75,2024,2021,True
Congo,CG,COG,732619,iron_steel,0.025,1888.34,2024,2021,True
Congo,CG,COG,7603,aluminium,1.323,301.81,2024,2021,True
Congo,CG,COG,760410,aluminium,37.046,59490.41,2024,2021,True
Congo,CG,COG,760421,aluminium,0.136,1359.81,2024,2021,True
Democratic Republic of the Congo,CD,COD,760410,aluminium,2.1,2868.41,2024,2021,True
Congo,CG,COG,731812,iron_steel,0.0008,302.07,2024,2021,True
Congo,CG,COG,731813,iron_steel,0.0004,28.81,2024,2021,True
Cuba,CU,CUB,760421,aluminium,0.048,64.72,2024,2021,True
Cuba,CU,CUB,731822,iron_steel,0.5698,169.86,2024,2021,True
Cuba,CU,CUB,731823,iron_steel,0.0265,73.93,2024,2021,True
Cameroon,CM,CMR,731812,iron_steel,0.009,54.02,2024,2021,True
Cameroon,CM,CMR,731823,iron_steel,0.02,66.48,2024,2021,True
Ethiopia,ET,ETH,731814,iron_steel,0.006,51.72,2024,2021,True
Ethiopia,ET,ETH,731824,iron_steel,0.059,810.6,2024,2021,True
Georgia,GE,GEO,7603,aluminium,0.1255,473.62,2024,2021,True
Gabon,GA,GAB,760421,aluminium,11.9,12860.23,2024,2021,True
Iran,IR,IRN,730441,iron_steel,12.0,6653.73,2024,2021,True
Angola,AO,AGO,760421,aluminium,0.1349,308.98,2024,2021,True
Honduras,HN,HND,730629,iron_steel,0.707,3233.42,2024,2021,True
Honduras,HN,HND,730441,iron_steel,0.0009,113.34,2024,2021,True
Ivory Coast,CI,CIV,730621,iron_steel,2.0,443.52,2024,2021,True
Jamaica,JM,JAM,730423,iron_steel,19.595,56045.72,2024,2021,True
Bosnia and Herzegovina,BA,BIH,732611,iron_steel,0.4,1582.14,2024,2021,True
Belarus,BY,BLR,731814,iron_steel,5142.281,10158303.3,2024,2021,True
Belarus,BY,BLR,731816,iron_steel,6964.0305,10302005.36,2024,2021,True
Belarus,BY,BLR,731819,iron_steel,941.609,2184733.39,2024,2021,True
Belarus,BY,BLR,731821,iron_steel,150.0885,503927.55,2024,2021,True
Belarus,BY,BLR,731822,iron_steel,136.2069,1051289.16,2024,2021,True
Belarus,BY,BLR,731823,iron_steel,458.4218,762406.43,2024,2021,True
Belarus,BY,BLR,731824,iron_steel,243.506,420663.52,2024,2021,True
Belarus,BY,BLR,731829,iron_steel,464.403,2038998.24,2024,2021,True
Belarus,BY,BLR,732611,iron_steel,2410.9,1840125.68,2024,2021,True
Belarus,BY,BLR,732619,iron_steel,6479.114,10969411.33,2024,2021,True
Belarus,BY,BLR,732620,iron_steel,7036.2922,5500877.92,2024,2021,True
Belarus,BY,BLR,732690,iron_steel,0.0,57922927.64,2024,2021,True
Belarus,BY,BLR,7601,aluminium,16546.249,35243877.65,2024,2021,True
Belarus,BY,BLR,7603,aluminium,119.862,136771.09,2024,2021,True
Belarus,BY,BLR,760410,aluminium,210.027,492191.11,2024,2021,True
Belarus,BY,BLR,760421,aluminium,25402.214,114763330.56,2024,2021,True
Belarus,BY,BLR,760429,aluminium,8746.118,38941687.46,2024,2021,True
Belarus,BY,BLR,731815,iron_steel,28004.218,43102855.56,2024,2021,True
Belarus,BY,BLR,731813,iron_steel,294.482,639774.51,2024,2021,True
Belarus,BY,BLR,731812,iron_steel,1028.615,1819610.02,2024,2021,True
Myanmar,MM,MMR,731813,iron_steel,0.6868,3527.33,2024,2021,True
Myanmar,MM,MMR,731814,iron_steel,0.0102,162.25,2024,2021,True
Myanmar,MM,MMR,760421,aluminium,77.9486,333786.43,2024,2021,True
Azerbaijan,AZ,AZE,732611,iron_steel,0.072,543.61,2024,2021,True
Bolivia,BO,BOL,731814,iron_steel,0.1129,7676.59,2024,2021,True
Rwanda,RW,RWA,721129,iron_steel,0.045,115.0,2024,2021,True
Rwanda,RW,RWA,310280,fertilizers,63.642,127603.16,2024,2021,True
Rwanda,RW,RWA,280410,hydrogen,0.15,139.77,2024,2021,True
Rwanda,RW,RWA,250700,cement,0.01,1.87,2024,2021,True
Russia,RU,RUS,310280,fertilizers,2169023.7434,529332815.39,2024,2021,True
Russia,RU,RUS,310260,fertilizers,19871.8482,6903087.36,2024,2021,True
Russia,RU,RUS,310250,fertilizers,7500.6155,3520740.74,2024,2021,True
Russia,RU,RUS,310240,fertilizers,411478.714,95113140.58,2024,2021,True
Russia,RU,RUS,310230,fertilizers,4312763.4872,1082732936.48,2024,2021,True
Russia,RU,RUS,310229,fertilizers,129150.712,39440722.72,2024,2021,True
Russia,RU,RUS,310221,fertilizers,409577.0996,74249661.08,2024,2021,True
Russia,RU,RUS,310210,fertilizers,7005826.8109,2301068542.73,2024,2021,True
Russia,RU,RUS,283421,fertilizers,12061.4185,8836048.84,2024,2021,True
Russia,RU,RUS,281420,fertilizers,6243.9271,1375778.42,2024,2021,True
Senegal,SN,SEN,283421,fertilizers,21.875,3506.53,2024,2021,True
Saudi Arabia,SA,SAU,283421,fertilizers,150.0,133767.79,2024,2021,True
Saudi Arabia,SA,SAU,310280,fertilizers,225.0,66426.39,2024,2021,True
Saudi Arabia,SA,SAU,310221,fertilizers,4924.38,1250730.95,2024,2021,True
Trinidad and Tobago,TT,TTO,250700,cement,3.39,3038.26,2024,2021,True
Vietnam,VN,VNM,283421,fertilizers,21.2144,16319.52,2024,2021,True
Suriname,SR,SUR,252390,cement,288.0,38669.39,2024,2021,True
Eswatini,SZ,SWZ,280800,fertilizers,0.05,21.12,2024,2021,True
Russia,RU,RUS,281410,fertilizers,4418098.4143,1541693711.1,2024,2021,True
Russia,RU,RUS,280800,fertilizers,12232.1685,3659735.77,2024,2021,True
Russia,RU,RUS,280410,hydrogen,51.8425,212748.95,2024,2021,True
Montenegro,ME,MNE,281410,fertilizers,4.38,170.98,2024,2021,True
Mexico,MX,MEX,310221,fertilizers,40.355,24005.18,2024,2021,True
Mexico,MX,MEX,280800,fertilizers,0.006,767.95,2024,2021,True
Mauritania,MR,MRT,252329,cement,512.523,177818.4,2024,2021,True
Mali,ML,MLI,252329,cement,13.045,1782.71,2024,2021,True
Lebanon,LB,LBN,281410,fertilizers,0.72,1601.52,2024,2021,True
Lebanon,LB,LBN,280800,fertilizers,2.685,11122.82,2024,2021,True
Lebanon,LB,LBN,252330,cement,16.16,3696.52,2024,2021,True
Lebanon,LB,LBN,252329,cement,0.42,937.99,2024,2021,True
Madagascar,MG,MDG,252321,cement,0.075,53.07,2024,2021,True
Madagascar,MG,MDG,252390,cement,13.2,1109.4,2024,2021,True
Russia,RU,RUS,260112,iron_steel,0.0,2129879908.09,2024,2021,True
Paraguay,PY,PRY,310229,fertilizers,1.415,19147.95,2024,2021,True
Nigeria,NG,NGA,310221,fertilizers,40013.2,32527040.64,2024,2021,True
Russia,RU,RUS,252390,cement,205.418,132480.7,2024,2021,True
Russia,RU,RUS,252330,cement,2914.4502,1077395.63,2024,2021,True
Russia,RU,RUS,252329,cement,1369219.3071,70659453.51,2024,2021,True
Russia,RU,RUS,252321,cement,1965.5475,294389.27,2024,2021,True
Russia,RU,RUS,252310,cement,37.2306,58714.21,2024,2021,True
Russia,RU,RUS,250700,cement,6682.1949,982781.35,2024,2021,True
Philippines,PH,PHL,310240,fertilizers,39.8,39090.66,2024,2021,True
Philippines,PH,PHL,252321,cement,173.44,14745.4,2024,2021,True
Oman,OM,OMN,283421,fertilizers,1.0,19854.95,2024,2021,True
Niger,NE,NER,310230,fertilizers,22.138,30159.72,2024,2021,True
Nicaragua,NI,NIC,281420,fertilizers,0.0004,4.16,2024,2021,True
Bolivia,BO,BOL,721911,iron_steel,0.15,589.65,2024,2021,True
Armenia,AM,ARM,721924,iron_steel,1.364,3644.97,2024,2021,True
Cameroon,CM,CMR,721810,iron_steel,0.005,285.44,2024,2021,True
Cameroon,CM,CMR,721922,iron_steel,2.0,2170.53,2024,2021,True
Cameroon,CM,CMR,721923,iron_steel,6.501,58017.91,2024,2021,True
Belarus,BY,BLR,721935,iron_steel,1.49,1755.85,2024,2021,True
Belarus,BY,BLR,721934,iron_steel,24.084,58220.13,2024,2021,True
Belarus,BY,BLR,721730,iron_steel,78987.158,81178818.96,2024,2021,True
Belarus,BY,BLR,721710,iron_steel,201195.43,145961094.17,2024,2021,True
Belarus,BY,BLR,721720,iron_steel,749.448,679789.3,2024,2021,True
Belarus,BY,BLR,721790,iron_steel,68.543,38721.01,2024,2021,True
Belarus,BY,BLR,721933,iron_steel,3.209,19314.3,2024,2021,True
Belarus,BY,BLR,721899,iron_steel,0.398,2772.39,2024,2021,True
Belarus,BY,BLR,721912,iron_steel,1.041,5914.43,2024,2021,True
Belarus,BY,BLR,721914,iron_steel,16.324,13677.11,2024,2021,True
Belarus,BY,BLR,721921,iron_steel,18.669,51751.22,2024,2021,True
Belarus,BY,BLR,721922,iron_steel,10.897,24581.83,2024,2021,True
Belarus,BY,BLR,721923,iron_steel,0.17,554.48,2024,2021,True
Belarus,BY,BLR,721924,iron_steel,14.758,81415.77,2024,2021,True
Belarus,BY,BLR,721931,iron_steel,1.265,7300.62,2024,2021,True
Belarus,BY,BLR,721932,iron_steel,5.508,29572.13,2024,2021,True
Azerbaijan,AZ,AZE,721922,iron_steel,35.0,32344.52,2024,2021,True
Angola,AO,AGO,721914,iron_steel,0.1,256.86,2024,2021,True
Azerbaijan,AZ,AZE,721933,iron_steel,74.17,178210.89,2024,2021,True
Argentina,AR,ARG,721790,iron_steel,0.5684,730.23,2024,2021,True
Ukraine,UA,UKR,310260,fertilizers,1268.3,320759.18,2024,2021,True
Ukraine,UA,UKR,310229,fertilizers,6.075,11452.44,2024,2021,True
Egypt,EG,EGY,310229,fertilizers,150.8488,43112.98,2024,2021,True
Ukraine,UA,UKR,280800,fertilizers,603.709,82980.76,2024,2021,True
Uganda,UG,UGA,310250,fertilizers,0.975,1712.39,2024,2021,True
Uzbekistan,UZ,UZB,310229,fertilizers,183.7411,49487.11,2024,2021,True
Sri Lanka,LK,LKA,721912,iron_steel,2.075,5370.76,2024,2021,True
Sri Lanka,LK,LKA,721934,iron_steel,29.3604,38323.15,2024,2021,True
Chile,CL,CHL,721899,iron_steel,0.035,5452.36,2024,2021,True
Rwanda,RW,RWA,721190,iron_steel,1.9,186.3,2024,2021,True
Egypt,EG,EGY,721119,iron_steel,142.7429,144606.18,2024,2021,True
Egypt,EG,EGY,721190,iron_steel,761.2376,1148692.36,2024,2021,True
Bolivia,BO,BOL,730640,iron_steel,0.0023,273.38,2024,2021,True
Bolivia,BO,BOL,730650,iron_steel,0.25,13666.64,2024,2021,True
Belarus,BY,BLR,7309,iron_steel,2322.769,5952407.36,2024,2021,True
Belarus,BY,BLR,731100,iron_steel,15375.352,27718879.96,2024,2021,True
Belarus,BY,BLR,731811,iron_steel,4.033,8594.4,2024,2021,True
Cameroon,CM,CMR,730721,iron_steel,0.356,1753.29,2024,2021,True
Belarus,BY,BLR,7310,iron_steel,6148.799,11196469.83,2024,2021,True
Belarus,BY,BLR,7308,iron_steel,84287.598,224568801.4,2024,2021,True
Belarus,BY,BLR,730799,iron_steel,733.349,2240828.02,2024,2021,True
Bolivia,BO,BOL,731811,iron_steel,0.0122,299.56,2024,2021,True
Belarus,BY,BLR,730669,iron_steel,1029.009,1756584.42,2024,2021,True
Myanmar,MM,MMR,731811,iron_steel,0.0006,5.53,2024,2021,True
Belarus,BY,BLR,730640,iron_steel,100.231,417613.9,2024,2021,True
Belarus,BY,BLR,730650,iron_steel,406.937,1332963.68,2024,2021,True
Belarus,BY,BLR,730661,iron_steel,80490.219,81136586.27,2024,2021,True
Belarus,BY,BLR,730690,iron_steel,977.027,873209.5,2024,2021,True
Myanmar,MM,MMR,730719,iron_steel,2.92,1623.23,2024,2021,True
Belarus,BY,BLR,730711,iron_steel,1.798,10442.66,2024,2021,True
Belarus,BY,BLR,730719,iron_steel,627.823,736808.06,2024,2021,True
Belarus,BY,BLR,730721,iron_steel,29.568,159781.91,2024,2021,True
Belarus,BY,BLR,730722,iron_steel,22.14,78550.97,2024,2021,True
Belarus,BY,BLR,730723,iron_steel,28.165,570649.66,2024,2021,True
Belarus,BY,BLR,730729,iron_steel,563.14,1874688.11,2024,2021,True
Belarus,BY,BLR,730791,iron_steel,6645.618,9823861.01,2024,2021,True
Belarus,BY,BLR,730792,iron_steel,525.051,580722.67,2024,2021,True
Belarus,BY,BLR,730793,iron_steel,8446.835,14047777.47,2024,2021,True
Myanmar,MM,MMR,730711,iron_steel,19.3,25366.8,2024,2021,True
Myanmar,MM,MMR,730661,iron_steel,4.8,3052.89,2024,2021,True
Brunei Darussalam,BN,BRN,731811,iron_steel,0.1988,2907.19,2024,2021,True
Honduras,HN,HND,721921,iron_steel,5.868,2728.03,2024,2021,True
Honduras,HN,HND,721922,iron_steel,16.9585,27535.28,2024,2021,True
Ghana,GH,GHA,721810,iron_steel,28.16,1610.45,2024,2021,True
Ghana,GH,GHA,721931,iron_steel,10.206,20946.02,2024,2021,True
Ghana,GH,GHA,721932,iron_steel,14.406,29445.52,2024,2021,True
Ghana,GH,GHA,721933,iron_steel,10.286,21625.58,2024,2021,True
Israel,IL,ISR,721934,iron_steel,1.6638,4620.65,2024,2021,True
Ivory Coast,CI,CIV,721913,iron_steel,13.406,70902.95,2024,2021,True
Ivory Coast,CI,CIV,721914,iron_steel,0.01,46.02,2024,2021,True
Ivory Coast,CI,CIV,721924,iron_steel,0.021,92.03,2024,2021,True
Congo,CG,COG,721730,iron_steel,20.0,249.01,2024,2021,True
Democratic Republic of the Congo,CD,COD,721790,iron_steel,3.105,8126.44,2024,2021,True
El Salvador,SV,SLV,721924,iron_steel,21.98,38645.08,2024,2021,True
Ecuador,EC,ECU,721914,iron_steel,0.2272,184.83,2024,2021,True
Ethiopia,ET,ETH,721790,iron_steel,0.024,8.11,2024,2021,True
Ethiopia,ET,ETH,721921,iron_steel,0.0007,95.78,2024,2021,True
Georgia,GE,GEO,721730,iron_steel,44.791,30968.86,2024,2021,True
Costa Rica,CR,CRI,721891,iron_steel,0.4632,1979.9,2024,2021,True
Cuba,CU,CUB,721720,iron_steel,3.24,8139.06,2024,2021,True
Benin,BJ,BEN,721720,iron_steel,831.168,858520.09,2024,2021,True
Uruguay,UY,URY,7212,iron_steel,0.6513,1155.16,2024,2021,True
Montenegro,ME,MNE,721710,iron_steel,8.2,4728.34,2024,2021,True
Tanzania,TZ,TZA,721114,iron_steel,0.25,239.04,2024,2021,True
Tanzania,TZ,TZA,721123,iron_steel,0.1154,46.22,2024,2021,True
Kenya,KE,KEN,721935,iron_steel,0.19,184.63,2024,2021,True
Kenya,KE,KEN,721931,iron_steel,3.5,11650.92,2024,2021,True
Jordan,JO,JOR,721810,iron_steel,0.0,5756.93,2024,2021,True
Kenya,KE,KEN,721913,iron_steel,0.2,15141.65,2024,2021,True
Kuwait,KW,KWT,721710,iron_steel,148.55,58544.5,2024,2021,True
Mali,ML,MLI,721710,iron_steel,0.73,1665.69,2024,2021,True
Mauritania,MR,MRT,721710,iron_steel,40.0,88106.08,2024,2021,True
Kuwait,KW,KWT,721934,iron_steel,10.478,30239.35,2024,2021,True
Laos,LA,LAO,721730,iron_steel,0.042,88.72,2024,2021,True
Madagascar,MG,MDG,721923,iron_steel,0.8305,4434.52,2024,2021,True
Madagascar,MG,MDG,721933,iron_steel,0.3295,1759.07,2024,2021,True
Belarus,BY,BLR,722540,iron_steel,361.279,362443.4,2024,2021,True
Belarus,BY,BLR,722550,iron_steel,7.001,18205.34,2024,2021,True
Cambodia,KH,KHM,722020,iron_steel,0.472,3397.46,2024,2021,True
Cameroon,CM,CMR,722240,iron_steel,25.5185,43253.58,2024,2021,True
Cameroon,CM,CMR,722300,iron_steel,0.348,3640.27,2024,2021,True
Cameroon,CM,CMR,722540,iron_steel,3.52,2244.03,2024,2021,True
Belarus,BY,BLR,722511,iron_steel,5.0,7855.1,2024,2021,True
Belarus,BY,BLR,722490,iron_steel,268.954,424360.04,2024,2021,True
Belarus,BY,BLR,722410,iron_steel,2.744,3788.93,2024,2021,True
Myanmar,MM,MMR,722490,iron_steel,21000.0,11352924.87,2024,2021,True
Belarus,BY,BLR,721990,iron_steel,10.01,11551.61,2024,2021,True
Belarus,BY,BLR,722300,iron_steel,105.546,671934.2,2024,2021,True
Belarus,BY,BLR,722011,iron_steel,0.117,646.89,2024,2021,True
Belarus,BY,BLR,722012,iron_steel,3.858,2864.8,2024,2021,True
Belarus,BY,BLR,722020,iron_steel,7.456,50549.86,2024,2021,True
Belarus,BY,BLR,722090,iron_steel,2.075,11366.79,2024,2021,True
Belarus,BY,BLR,722211,iron_steel,310.1,1153405.42,2024,2021,True
Belarus,BY,BLR,722219,iron_steel,5.74,49718.14,2024,2021,True
Belarus,BY,BLR,722220,iron_steel,43.79,170871.45,2024,2021,True
Belarus,BY,BLR,722230,iron_steel,4.874,16264.67,2024,2021,True
Belarus,BY,BLR,722240,iron_steel,155.229,490712.5,2024,2021,True
Uzbekistan,UZ,UZB,310540,fertilizers,0.9753,674.61,2024,2021,True
Uruguay,UY,URY,720711,iron_steel,498.18,329864.15,2024,2021,True
Iran,IR,IRN,761300,aluminium,0.672,354.87,2024,2021,True
Eswatini,SZ,SWZ,720711,iron_steel,0.5,50031.12,2024,2021,True
Zimbabwe,ZW,ZWE,720249,iron_steel,36.0003,55250.88,2024,2021,True
Tajikistan,TJ,TJK,310551,fertilizers,,16164.86,2024,2021,True
Zimbabwe,ZW,ZWE,310290,fertilizers,45.15,130780.47,2024,2021,True
Tajikistan,TJ,TJK,310520,fertilizers,58.5225,46188.89,2024,2021,True
Tajikistan,TJ,TJK,310590,fertilizers,7.549,14823.03,2024,2021,True
Togo,TG,TGO,7205,iron_steel,1.595,6646.91,2024,2021,True
Tanzania,TZ,TZA,310510,fertilizers,0.14,556.91,2024,2021,True
Tanzania,TZ,TZA,7201,iron_steel,5.0,8944.18,2024,2021,True
Tanzania,TZ,TZA,720219,iron_steel,27.0,36311.14,2024,2021,True
Ukraine,UA,UKR,310530,fertilizers,7.2,7753.49,2024,2021,True
Uganda,UG,UGA,310530,fertilizers,0.75,731.29,2024,2021,True
Uganda,UG,UGA,310510,fertilizers,0.2,456.89,2024,2021,True
Belarus,BY,BLR,761090,aluminium,14123.793,74988540.8,2024,2021,True
Belarus,BY,BLR,761100,aluminium,5.384,51751.22,2024,2021,True
Belarus,BY,BLR,7612,aluminium,24.308,255152.02,2024,2021,True
Belarus,BY,BLR,761300,aluminium,3.46,19499.12,2024,2021,True
Belarus,BY,BLR,7614,aluminium,974.422,2737547.36,2024,2021,True
Belarus,BY,BLR,761510,aluminium,1280.24,5113575.46,2024,2021,True
Belarus,BY,BLR,761520,aluminium,15.242,180759.63,2024,2021,True
Belarus,BY,BLR,761610,aluminium,8.3265,136955.92,2024,2021,True
Belarus,BY,BLR,761691,aluminium,7.851,47130.58,2024,2021,True
Belarus,BY,BLR,761699,aluminium,2346.652,14780611.77,2024,2021,True
Belarus,BY,BLR,761010,aluminium,1419.568,10469642.36,2024,2021,True
Belarus,BY,BLR,760900,aluminium,251.19,951205.99,2024,2021,True
Belarus,BY,BLR,7608,aluminium,179.224,508825.43,2024,2021,True
Belarus,BY,BLR,7607,aluminium,399.313,1543942.33,2024,2021,True
Belarus,BY,BLR,7605,aluminium,109.833,210424.18,2024,2021,True
Belarus,BY,BLR,7606,aluminium,605.039,2730616.39,2024,2021,True
Cameroon,CM,CMR,761010,aluminium,7.225,12799.27,2024,2021,True
Cameroon,CM,CMR,761300,aluminium,3.549,30686.9,2024,2021,True
Cameroon,CM,CMR,761691,aluminium,0.01,1080.45,2024,2021,True
Azerbaijan,AZ,AZE,722490,iron_steel,682.886,424386.17,2024,2021,True
Bahrain,BH,BHR,722410,iron_steel,22.28,1019.98,2024,2021,True
Bolivia,BO,BOL,7607,aluminium,1.277,4228.34,2024,2021,True
Ethiopia,ET,ETH,761610,aluminium,0.002,110.13,2024,2021,True
Gabon,GA,GAB,7614,aluminium,0.012,670.21,2024,2021,True
Congo,CG,COG,760900,aluminium,0.258,3878.22,2024,2021,True
Congo,CG,COG,761100,aluminium,0.1,13768.72,2024,2021,True
Democratic Republic of the Congo,CD,COD,7605,aluminium,15.0,4602.96,2024,2021,True
Uruguay,UY,URY,761520,aluminium,0.0123,18.48,2024,2021,True
Russia,RU,RUS,721990,iron_steel,728.5837,1870174.51,2024,2021,True
Russia,RU,RUS,722011,iron_steel,22.118,195243.66,2024,2021,True
Russia,RU,RUS,722012,iron_steel,49.3565,130175.58,2024,2021,True
Russia,RU,RUS,722020,iron_steel,600.1956,6158801.4,2024,2021,True
Russia,RU,RUS,722090,iron_steel,31.6788,238426.88,2024,2021,True
Russia,RU,RUS,7221,iron_steel,3.4067,17259.35,2024,2021,True
Russia,RU,RUS,722211,iron_steel,1613.3471,5394621.27,2024,2021,True
Russia,RU,RUS,722219,iron_steel,30.6965,183738.59,2024,2021,True
Russia,RU,RUS,722220,iron_steel,1888.1526,6090863.24,2024,2021,True
Russia,RU,RUS,722230,iron_steel,397.6378,2302549.6,2024,2021,True
Russia,RU,RUS,722240,iron_steel,418.4762,1191497.07,2024,2021,True
Russia,RU,RUS,722300,iron_steel,426.4517,4534057.06,2024,2021,True
Russia,RU,RUS,722410,iron_steel,4759.5328,6451930.84,2024,2021,True
Russia,RU,RUS,722490,iron_steel,874321.5224,551915800.6,2024,2021,True
Russia,RU,RUS,722511,iron_steel,220782.057,324512341.92,2024,2021,True
Russia,RU,RUS,722519,iron_steel,94160.881,100143912.92,2024,2021,True
Russia,RU,RUS,722530,iron_steel,42651.712,44359806.1,2024,2021,True
Russia,RU,RUS,722540,iron_steel,125011.9787,107101584.8,2024,2021,True
Russia,RU,RUS,722550,iron_steel,85975.7847,79464328.76,2024,2021,True
Russia,RU,RUS,722591,iron_steel,0.065,561.69,2024,2021,True
Rwanda,RW,RWA,721990,iron_steel,2.014,4473.63,2024,2021,True
Qatar,QA,QAT,722300,iron_steel,0.888,28482.13,2024,2021,True
Saudi Arabia,SA,SAU,722591,iron_steel,39.227,51662.51,2024,2021,True
Senegal,SN,SEN,721990,iron_steel,3.0,15831.75,2024,2021,True
Trinidad and Tobago,TT,TTO,761691,aluminium,2.476,1298.16,2024,2021,True
Tunisia,TN,TUN,761691,aluminium,0.644,6377.63,2024,2021,True
Eswatini,SZ,SWZ,7612,aluminium,0.0,620.83,2024,2021,True
Suriname,SR,SUR,7607,aluminium,2.5,2824.25,2024,2021,True
Eswatini,SZ,SWZ,761691,aluminium,0.05,141.96,2024,2021,True
Guatemala,GT,GTM,7221,iron_steel,0.162,5539.23,2024,2021,True
Ghana,GH,GHA,721990,iron_steel,72.5,91960.36,2024,2021,True
Ecuador,EC,ECU,722550,iron_steel,77.0,96680.96,2024,2021,True
Dominican Republic,DO,DOM,722540,iron_steel,1.778,1562.59,2024,2021,True
Gabon,GA,GAB,722230,iron_steel,1.022,12262.17,2024,2021,True
Gabon,GA,GAB,722240,iron_steel,0.003,32.2,2024,2021,True
Gabon,GA,GAB,722550,iron_steel,1.665,23745.84,2024,2021,True
Israel,IL,ISR,722410,iron_steel,0.0,1268829.13,2024,2021,True
Ivory Coast,CI,CIV,722219,iron_steel,0.001,387.58,2024,2021,True
Hong Kong,HK,HKG,722530,iron_steel,8.35,3305.62,2024,2021,True
Hong Kong,HK,HKG,722410,iron_steel,0.035,138.74,2024,2021,True
Hong Kong,HK,HKG,722511,iron_steel,41.114,104946.78,2024,2021,True
Dominican Republic,DO,DOM,722090,iron_steel,0.03,160.8,2024,2021,True
Vietnam,VN,VNM,720241,iron_steel,1084.3207,1601530.9,2024,2021,True
Democratic Republic of the Congo,CD,COD,722090,iron_steel,0.13,184.44,2024,2021,True
Costa Rica,CR,CRI,7221,iron_steel,0.0005,23.1,2024,2021,True
Colombia,CO,COL,7221,iron_steel,0.0015,360.9,2024,2021,True
Papua New Guinea,PG,PNG,722300,iron_steel,0.1,1184.12,2024,2021,True
Moldova,MD,MDA,722090,iron_steel,0.091,1544.22,2024,2021,True
Moldova,MD,MDA,722211,iron_steel,0.06,403.84,2024,2021,True
Mali,ML,MLI,722011,iron_steel,0.3,15.31,2024,2021,True
Mozambique,MZ,MOZ,721990,iron_steel,0.005,17.69,2024,2021,True
Mozambique,MZ,MOZ,722090,iron_steel,0.035,596.56,2024,2021,True
Nicaragua,NI,NIC,721990,iron_steel,0.02,110.9,2024,2021,True
Nigeria,NG,NGA,722490,iron_steel,301.0,396662.65,2024,2021,True
Mozambique,MZ,MOZ,722300,iron_steel,0.01,10.93,2024,2021,True
Laos,LA,LAO,722220,iron_steel,0.252,146.56,2024,2021,True
Madagascar,MG,MDG,721990,iron_steel,0.337,1620.48,2024,2021,True
Madagascar,MG,MDG,722020,iron_steel,0.15,749.38,2024,2021,True
Kyrgyzstan,KG,KGZ,722519,iron_steel,22.204,3696.52,2024,2021,True
Kuwait,KW,KWT,722530,iron_steel,439.0,268992.7,2024,2021,True
North Macedonia,MK,MKD,722840,iron_steel,9.775,10718.05,2024,2021,True
North Macedonia,MK,MKD,722810,iron_steel,1.398,2208.47,2024,2021,True
Tunisia,TN,TUN,722830,iron_steel,0.12,54.92,2024,2021,True
Tunisia,TN,TUN,722691,iron_steel,19.825,14190.09,2024,2021,True
Trinidad and Tobago,TT,TTO,722840,iron_steel,1.583,2717.2,2024,2021,True
Russia,RU,RUS,722840,iron_steel,11317.6516,13052076.07,2024,2021,True
Rwanda,RW,RWA,722810,iron_steel,0.42,164.25,2024,2021,True
Russia,RU,RUS,7302,iron_steel,200244.5755,138995611.71,2024,2021,True
Russia,RU,RUS,7301,iron_steel,6865.4837,10144156.9,2024,2021,True
Russia,RU,RUS,7229,iron_steel,0.0,131512168.78,2024,2021,True
Russia,RU,RUS,722880,iron_steel,103.6444,237936.37,2024,2021,True
Russia,RU,RUS,722870,iron_steel,35883.8982,39999610.09,2024,2021,True
Russia,RU,RUS,722860,iron_steel,3235.5376,3737722.7,2024,2021,True
Russia,RU,RUS,722850,iron_steel,234531.5057,195110601.67,2024,2021,True
Russia,RU,RUS,722830,iron_steel,331104.3988,238039335.11,2024,2021,True
Russia,RU,RUS,722820,iron_steel,129069.9944,87470717.84,2024,2021,True
Russia,RU,RUS,722810,iron_steel,200.5651,1456345.86,2024,2021,True
Russia,RU,RUS,7227,iron_steel,122226.954,81099690.01,2024,2021,True
Russia,RU,RUS,722699,iron_steel,1298.5993,1822428.58,2024,2021,True
Russia,RU,RUS,722692,iron_steel,7926.636,7439282.42,2024,2021,True
Russia,RU,RUS,722691,iron_steel,652.0862,981801.47,2024,2021,True
Russia,RU,RUS,722620,iron_steel,58.1378,349259.48,2024,2021,True
Russia,RU,RUS,722619,iron_steel,58639.4045,46979803.07,2024,2021,True
Rwanda,RW,RWA,722860,iron_steel,344.35,277442.73,2024,2021,True
Senegal,SN,SEN,722850,iron_steel,0.182,483.5,2024,2021,True
Senegal,SN,SEN,722599,iron_steel,0.456,3799.62,2024,2021,True
Suriname,SR,SUR,722880,iron_steel,0.52,8025.52,2024,2021,True
Eswatini,SZ,SWZ,7301,iron_steel,0.005,70.49,2024,2021,True
Togo,TG,TGO,7227,iron_steel,98.609,63443.18,2024,2021,True
Vietnam,VN,VNM,722620,iron_steel,0.0589,776.27,2024,2021,True
Russia,RU,RUS,722599,iron_steel,7852.3124,10916571.56,2024,2021,True
Zimbabwe,ZW,ZWE,730723,iron_steel,0.088,62.67,2024,2021,True
Zimbabwe,ZW,ZWE,730793,iron_steel,0.013,31.33,2024,2021,True
Tajikistan,TJ,TJK,730729,iron_steel,0.0001,1.85,2024,2021,True
Suriname,SR,SUR,730640,iron_steel,1.0,7131.5,2024,2021,True
Suriname,SR,SUR,730650,iron_steel,0.278,1237.21,2024,2021,True
Suriname,SR,SUR,730669,iron_steel,0.397,1282.26,2024,2021,True
Eswatini,SZ,SWZ,730650,iron_steel,0.2,317.43,2024,2021,True
Tanzania,TZ,TZA,730650,iron_steel,0.6,21.8,2024,2021,True
Egypt,EG,EGY,731811,iron_steel,0.0613,135.22,2024,2021,True
Russia,RU,RUS,722611,iron_steel,7210.586,9435291.11,2024,2021,True
Russia,RU,RUS,722592,iron_steel,10538.5404,12700999.76,2024,2021,True
Bahrain,BH,BHR,722870,iron_steel,0.0014,22.86,2024,2021,True
Armenia,AM,ARM,722611,iron_steel,44.68,18167.64,2024,2021,True
Armenia,AM,ARM,722870,iron_steel,36.466,39761.71,2024,2021,True
Bolivia,BO,BOL,722699,iron_steel,0.7995,2180.82,2024,2021,True
Azerbaijan,AZ,AZE,722860,iron_steel,15.4,13261.25,2024,2021,True
Azerbaijan,AZ,AZE,722850,iron_steel,0.0052,900.58,2024,2021,True
Azerbaijan,AZ,AZE,722830,iron_steel,0.0595,3516.31,2024,2021,True
Angola,AO,AGO,722830,iron_steel,47.097,40937.6,2024,2021,True
Cameroon,CM,CMR,722880,iron_steel,1.0,623.41,2024,2021,True
Sri Lanka,LK,LKA,722592,iron_steel,5.0,8349.45,2024,2021,True
Sri Lanka,LK,LKA,722850,iron_steel,0.953,865.32,2024,2021,True
Myanmar,MM,MMR,722599,iron_steel,0.1,44.31,2024,2021,True
Cameroon,CM,CMR,722611,iron_steel,0.5,10638.36,2024,2021,True
Myanmar,MM,MMR,7301,iron_steel,639.5,520112.9,2024,2021,True
Belarus,BY,BLR,722599,iron_steel,2.563,2125.5,2024,2021,True
Belarus,BY,BLR,722619,iron_steel,2.493,4435.82,2024,2021,True
Cambodia,KH,KHM,722880,iron_steel,15.107,15739.4,2024,2021,True
Cambodia,KH,KHM,722699,iron_steel,6.0,4717.1,2024,2021,True
Belarus,BY,BLR,7302,iron_steel,2009.372,3669901.12,2024,2021,True
Belarus,BY,BLR,7301,iron_steel,300.96,465114.13,2024,2021,True
Belarus,BY,BLR,7229,iron_steel,15343.349,20135477.31,2024,2021,True
Belarus,BY,BLR,722870,iron_steel,159.843,189816.1,2024,2021,True
Belarus,BY,BLR,722860,iron_steel,66.958,98604.57,2024,2021,True
Belarus,BY,BLR,722850,iron_steel,3575.426,3358469.64,2024,2021,True
Belarus,BY,BLR,722840,iron_steel,24.87,118473.34,2024,2021,True
Belarus,BY,BLR,722830,iron_steel,61762.294,48203400.79,2024,2021,True
Belarus,BY,BLR,722820,iron_steel,3258.75,2230015.71,2024,2021,True
Belarus,BY,BLR,7227,iron_steel,9046.894,7020423.25,2024,2021,True
Belarus,BY,BLR,722699,iron_steel,15.202,46760.93,2024,2021,True
Belarus,BY,BLR,722692,iron_steel,10.689,12290.92,2024,2021,True
Belarus,BY,BLR,722620,iron_steel,3.01,37057.57,2024,2021,True
Oman,OM,OMN,722599,iron_steel,165.897,274222.36,2024,2021,True
Tajikistan,TJ,TJK,721190,iron_steel,0.0141,21.25,2024,2021,True
Eswatini,SZ,SWZ,721410,iron_steel,16.826,536.76,2024,2021,True
Eswatini,SZ,SWZ,721119,iron_steel,0.0326,226.48,2024,2021,True
Togo,TG,TGO,7213,iron_steel,500.688,288765.51,2024,2021,True
Eswatini,SZ,SWZ,720719,iron_steel,0.045,70.2,2024,2021,True
Suriname,SR,SUR,7212,iron_steel,49.478,19574.37,2024,2021,True
Saudi Arabia,SA,SAU,721499,iron_steel,0.015,2134.62,2024,2021,True
Suriname,SR,SUR,721113,iron_steel,0.615,949.23,2024,2021,True
Ethiopia,ET,ETH,722699,iron_steel,0.0147,83.33,2024,2021,True
Montenegro,ME,MNE,7227,iron_steel,0.006,170.63,2024,2021,True
Moldova,MD,MDA,7302,iron_steel,116.46,37051.1,2024,2021,True
Montenegro,ME,MNE,722830,iron_steel,95.97,99140.18,2024,2021,True
Mozambique,MZ,MOZ,7229,iron_steel,0.044,339.74,2024,2021,True
Mozambique,MZ,MOZ,722860,iron_steel,0.1,4123.53,2024,2021,True
Mozambique,MZ,MOZ,722850,iron_steel,0.035,592.92,2024,2021,True
Mozambique,MZ,MOZ,7227,iron_steel,3.0,3428.5,2024,2021,True
Trinidad and Tobago,TT,TTO,721114,iron_steel,0.57,8728.9,2024,2021,True
Tunisia,TN,TUN,721114,iron_steel,96.0,59510.15,2024,2021,True
Lebanon,LB,LBN,722619,iron_steel,0.235,566.49,2024,2021,True
Kuwait,KW,KWT,722599,iron_steel,16.79,6833.93,2024,2021,True
Kyrgyzstan,KG,KGZ,7227,iron_steel,4.52,2907.31,2024,2021,True
Kuwait,KW,KWT,722830,iron_steel,168.0,27640.7,2024,2021,True
Mauritius,MU,MUS,722870,iron_steel,0.015,28.13,2024,2021,True
Paraguay,PY,PRY,722840,iron_steel,0.204,718.05,2024,2021,True
Papua New Guinea,PG,PNG,7302,iron_steel,,526.97,2024,2021,True
Papua New Guinea,PG,PNG,7229,iron_steel,0.67,909.14,2024,2021,True
Papua New Guinea,PG,PNG,722840,iron_steel,5.0,262.55,2024,2021,True
Papua New Guinea,PG,PNG,7227,iron_steel,0.1,102.19,2024,2021,True
Peru,PE,PER,7301,iron_steel,0.17,1848.26,2024,2021,True
New Zealand,NZ,NZL,722620,iron_steel,44.995,26129.62,2024,2021,True
Nigeria,NG,NGA,7301,iron_steel,148.0,229078.95,2024,2021,True
Niger,NE,NER,7229,iron_steel,10.0,6949.31,2024,2021,True
Nicaragua,NI,NIC,7227,iron_steel,0.005,0.92,2024,2021,True
Nicaragua,NI,NIC,722619,iron_steel,0.03,13.86,2024,2021,True
Dominican Republic,DO,DOM,722860,iron_steel,0.2273,226.49,2024,2021,True
Dominican Republic,DO,DOM,722820,iron_steel,,166.34,2024,2021,True
Benin,BJ,BEN,722620,iron_steel,23.0,10607.03,2024,2021,True
Costa Rica,CR,CRI,722691,iron_steel,0.051,55.45,2024,2021,True
Georgia,GE,GEO,722599,iron_steel,0.002,32.34,2024,2021,True
Georgia,GE,GEO,722691,iron_steel,61.992,92300.71,2024,2021,True
Georgia,GE,GEO,722699,iron_steel,17.714,25583.16,2024,2021,True
Ghana,GH,GHA,722810,iron_steel,2.6448,18299.52,2024,2021,True
Ghana,GH,GHA,722619,iron_steel,0.198,51.1,2024,2021,True
Democratic Republic of the Congo,CD,COD,7302,iron_steel,2.4,651.64,2024,2021,True
Congo,CG,COG,722870,iron_steel,0.25,1250.51,2024,2021,True
Congo,CG,COG,722840,iron_steel,0.5,833.68,2024,2021,True
Colombia,CO,COL,722620,iron_steel,13.802,30555.4,2024,2021,True
Iran,IR,IRN,722880,iron_steel,1.1,1386.19,2024,2021,True
Jamaica,JM,JAM,722860,iron_steel,0.275,1445.98,2024,2021,True
Ivory Coast,CI,CIV,730723,iron_steel,0.315,933.45,2024,2021,True
Jamaica,JM,JAM,730650,iron_steel,0.0038,813.19,2024,2021,True
Laos,LA,LAO,730793,iron_steel,1.1,1219.85,2024,2021,True
Benin,BJ,BEN,730792,iron_steel,7.54,25498.9,2024,2021,True
Benin,BJ,BEN,730669,iron_steel,64.911,43236.57,2024,2021,True
Benin,BJ,BEN,730640,iron_steel,34.0,23738.54,2024,2021,True
Democratic Republic of the Congo,CD,COD,730729,iron_steel,0.035,124.92,2024,2021,True
Ghana,GH,GHA,730711,iron_steel,1.268,1785.95,2024,2021,True
Nepal,NP,NPL,730791,iron_steel,0.018,148.61,2024,2021,True
Montenegro,ME,MNE,730650,iron_steel,7.81,2916.1,2024,2021,True
Moldova,MD,MDA,730723,iron_steel,0.009,8755.2,2024,2021,True
Russia,RU,RUS,730729,iron_steel,629.8214,6274234.5,2024,2021,True
Russia,RU,RUS,730723,iron_steel,730.6176,5925424.09,2024,2021,True
Paraguay,PY,PRY,731811,iron_steel,0.003,0.92,2024,2021,True
Russia,RU,RUS,730721,iron_steel,207.1392,1968298.03,2024,2021,True
Russia,RU,RUS,730719,iron_steel,1133.5554,4651368.57,2024,2021,True
Russia,RU,RUS,730711,iron_steel,274.6502,863104.06,2024,2021,True
Russia,RU,RUS,730690,iron_steel,13203.305,9131405.36,2024,2021,True
Russia,RU,RUS,730669,iron_steel,9745.8086,7952292.14,2024,2021,True
Russia,RU,RUS,730661,iron_steel,486311.5459,387616003.36,2024,2021,True
Russia,RU,RUS,730650,iron_steel,930.9918,1171757.79,2024,2021,True
Russia,RU,RUS,730640,iron_steel,4196.0095,12265083.56,2024,2021,True
Saudi Arabia,SA,SAU,731811,iron_steel,0.529,1677.73,2024,2021,True
Rwanda,RW,RWA,730711,iron_steel,3.007,1048.53,2024,2021,True
Rwanda,RW,RWA,730721,iron_steel,3.5,137.34,2024,2021,True
Russia,RU,RUS,731811,iron_steel,130.6728,261863.29,2024,2021,True
Mauritania,MR,MRT,730792,iron_steel,2.04,82937.26,2024,2021,True
Mauritania,MR,MRT,7309,iron_steel,3.6,5306.25,2024,2021,True
Mali,ML,MLI,730722,iron_steel,0.748,56067.28,2024,2021,True
Mali,ML,MLI,730711,iron_steel,1.427,9720.07,2024,2021,True
Mali,ML,MLI,730661,iron_steel,0.229,1017.09,2024,2021,True
Mali,ML,MLI,730640,iron_steel,6.419,27214.65,2024,2021,True
Russia,RU,RUS,731100,iron_steel,10062.4992,22198204.87,2024,2021,True
Madagascar,MG,MDG,730650,iron_steel,0.41,892.2,2024,2021,True
Madagascar,MG,MDG,730640,iron_steel,0.257,1898.8,2024,2021,True
Russia,RU,RUS,730791,iron_steel,3869.5904,8668871.86,2024,2021,True
Russia,RU,RUS,730792,iron_steel,275.8608,1196016.51,2024,2021,True
Russia,RU,RUS,730793,iron_steel,5866.4383,18535094.55,2024,2021,True
Russia,RU,RUS,730799,iron_steel,3407.9585,19050637.35,2024,2021,True
Russia,RU,RUS,7308,iron_steel,290256.147,677852284.62,2024,2021,True
Russia,RU,RUS,7309,iron_steel,7290.7372,53499092.68,2024,2021,True
Russia,RU,RUS,7310,iron_steel,14460.9694,34048784.4,2024,2021,True
Russia,RU,RUS,730722,iron_steel,693.1274,580430.6,2024,2021,True
Moldova,MD,MDA,761691,aluminium,0.011,173.74,2024,2020,True
Niger,NE,NER,7605,aluminium,,2970.26,2024,2020,True
Curacao,CW,CUW,761610,aluminium,1.6,3252.52,2024,2020,True
Curacao,CW,CUW,761699,aluminium,12.042,70058.24,2024,2020,True
Curacao,CW,CUW,761520,aluminium,2.7,671.16,2024,2020,True
Curacao,CW,CUW,761510,aluminium,7.4077,49510.58,2024,2020,True
Curacao,CW,CUW,7614,aluminium,4.0692,22870.89,2024,2020,True
Curacao,CW,CUW,761300,aluminium,3.2,6505.04,2024,2020,True
Curacao,CW,CUW,761100,aluminium,0.3,2065.09,2024,2020,True
Curacao,CW,CUW,761090,aluminium,39.3,60868.59,2024,2020,True
Curacao,CW,CUW,761010,aluminium,556.2,1614643.77,2024,2020,True
Curacao,CW,CUW,7606,aluminium,3.9854,23129.03,2024,2020,True
Mali,ML,MLI,7608,aluminium,0.022,2270.9,2024,2020,True
Jamaica,JM,JAM,7608,aluminium,0.0054,23.45,2024,2020,True
Laos,LA,LAO,760900,aluminium,0.005,92.41,2024,2020,True
Myanmar,MM,MMR,761100,aluminium,0.018,199.6,2024,2020,True
Cameroon,CM,CMR,7608,aluminium,1.0,1243.88,2024,2020,True
Cameroon,CM,CMR,760900,aluminium,0.748,5055.16,2024,2020,True
Cameroon,CM,CMR,761520,aluminium,6.0,1610.52,2024,2020,True
Ethiopia,ET,ETH,7614,aluminium,0.0124,112.68,2024,2020,True
Gabon,GA,GAB,7605,aluminium,0.05,4299.81,2024,2020,True
Congo,CG,COG,7608,aluminium,2.7215,35829.86,2024,2020,True
Congo,CG,COG,7614,aluminium,0.0098,66.7,2024,2020,True
Democratic Republic of the Congo,CD,COD,7606,aluminium,0.9,965.09,2024,2020,True
Cuba,CU,CUB,761610,aluminium,2.06,10678.19,2024,2020,True
Paraguay,PY,PRY,761520,aluminium,0.001,60.99,2024,2020,True
Panama,PA,PAN,7614,aluminium,5.6758,17451.25,2024,2020,True
Panama,PA,PAN,761610,aluminium,0.0,245602.99,2024,2020,True
Panama,PA,PAN,761691,aluminium,3.5779,34622.49,2024,2020,True
Armenia,AM,ARM,761691,aluminium,0.025,502.73,2024,2020,True
Togo,TG,TGO,7607,aluminium,13.664,36001.53,2024,2020,True
Togo,TG,TGO,761010,aluminium,0.123,1078.54,2024,2020,True
Israel,IL,ISR,721932,iron_steel,0.0,924.13,2024,2020,True
Iran,IR,IRN,721935,iron_steel,1.1,2541.35,2024,2020,True
Iran,IR,IRN,721933,iron_steel,0.21,582.2,2024,2020,True
Laos,LA,LAO,721911,iron_steel,0.021,3.87,2024,2020,True
Laos,LA,LAO,721790,iron_steel,0.29,739.3,2024,2020,True
Laos,LA,LAO,721720,iron_steel,0.15,166.34,2024,2020,True
Kuwait,KW,KWT,721923,iron_steel,130.423,78957.58,2024,2020,True
Chile,CL,CHL,721911,iron_steel,3.4552,7648.35,2024,2020,True
Cameroon,CM,CMR,721932,iron_steel,2.25,724.73,2024,2020,True
Sri Lanka,LK,LKA,721933,iron_steel,0.242,541.86,2024,2020,True
Guatemala,GT,GTM,721891,iron_steel,4.312,14919.14,2024,2020,True
Honduras,HN,HND,721934,iron_steel,0.213,3064.41,2024,2020,True
Congo,CG,COG,721720,iron_steel,0.0021,14.14,2024,2020,True
Benin,BJ,BEN,721790,iron_steel,90.0,62129.16,2024,2020,True
Dominican Republic,DO,DOM,721934,iron_steel,0.336,999.24,2024,2020,True
Dominican Republic,DO,DOM,721923,iron_steel,0.568,1724.33,2024,2020,True
Mali,ML,MLI,721899,iron_steel,0.1,2134.68,2024,2020,True
Serbia,RS,SRB,721911,iron_steel,0.369,251.36,2024,2020,True
Trinidad and Tobago,TT,TTO,721932,iron_steel,116.944,113218.31,2024,2020,True
Trinidad and Tobago,TT,TTO,721922,iron_steel,0.12,876.08,2024,2020,True
Trinidad and Tobago,TT,TTO,721810,iron_steel,32.659,604.9,2024,2020,True
Tunisia,TN,TUN,721911,iron_steel,0.02,274.12,2024,2020,True
Namibia,,NAM,721891,iron_steel,,1.4,2024,2020,True
Namibia,,NAM,721914,iron_steel,10.0,6968.55,2024,2020,True
Nepal,NP,NPL,721710,iron_steel,24.8,14858.45,2024,2020,True
Curacao,CW,CUW,721790,iron_steel,24.8,24522.97,2024,2020,True
Mexico,MX,MEX,721923,iron_steel,3.3218,7575.09,2024,2020,True
Mexico,MX,MEX,721912,iron_steel,3.8094,7664.73,2024,2020,True
Mexico,MX,MEX,721899,iron_steel,,530385.36,2024,2020,True
Mauritius,MU,MUS,721922,iron_steel,1.825,6275.56,2024,2020,True
Mauritius,MU,MUS,721899,iron_steel,3.544,6717.93,2024,2020,True
Mozambique,MZ,MOZ,721730,iron_steel,232.0,239112.86,2024,2020,True
Mozambique,MZ,MOZ,721710,iron_steel,28.26,15909.23,2024,2020,True
Morocco,MA,MAR,721935,iron_steel,0.108,433.51,2024,2020,True
Montenegro,ME,MNE,721790,iron_steel,0.04,462.67,2024,2020,True
Moldova,MD,MDA,721899,iron_steel,0.005,561.87,2024,2020,True
Rwanda,RW,RWA,721730,iron_steel,1.04,112.12,2024,2020,True
Saudi Arabia,SA,SAU,721931,iron_steel,11.05,25580.63,2024,2020,True
Saudi Arabia,SA,SAU,721923,iron_steel,6.5,4322.46,2024,2020,True
Nicaragua,NI,NIC,721730,iron_steel,0.0001,0.92,2024,2020,True
Panama,PA,PAN,721730,iron_steel,54.8544,61773.4,2024,2020,True
Panama,PA,PAN,721923,iron_steel,1.1955,2726.18,2024,2020,True
Panama,PA,PAN,721810,iron_steel,0.0,1848.26,2024,2020,True
Panama,PA,PAN,721790,iron_steel,0.2316,351.17,2024,2020,True
Panama,PA,PAN,721710,iron_steel,20.6701,16844.1,2024,2020,True
Pakistan,PK,PAK,721710,iron_steel,25.0,19339.65,2024,2020,True
Serbia,RS,SRB,721430,iron_steel,0.26,201.46,2024,2020,True
Tajikistan,TJ,TJK,7212,iron_steel,0.1911,220.87,2024,2020,True
Zimbabwe,ZW,ZWE,7212,iron_steel,15.35,25180.83,2024,2020,True
Zimbabwe,ZW,ZWE,721114,iron_steel,4.0,2230.0,2024,2020,True
Niger,NE,NER,7209,iron_steel,8.5,1364.71,2024,2020,True
Niger,NE,NER,7215,iron_steel,6.0,3347.56,2024,2020,True
Panama,PA,PAN,721410,iron_steel,3.0383,3063.49,2024,2020,True
Panama,PA,PAN,721129,iron_steel,13.2588,20925.98,2024,2020,True
Panama,PA,PAN,721119,iron_steel,6.2151,4116.99,2024,2020,True
Panama,PA,PAN,721491,iron_steel,0.4935,277.24,2024,2020,True
Curacao,CW,CUW,7208,iron_steel,43.2,35674.46,2024,2020,True
Curacao,CW,CUW,7210,iron_steel,1.5,6350.16,2024,2020,True
Curacao,CW,CUW,7216,iron_steel,0.6,722.78,2024,2020,True
Curacao,CW,CUW,7215,iron_steel,25.1,51627.3,2024,2020,True
Curacao,CW,CUW,721499,iron_steel,0.8,671.16,2024,2020,True
Curacao,CW,CUW,721420,iron_steel,16.6,12906.82,2024,2020,True
Curacao,CW,CUW,7213,iron_steel,0.1,826.04,2024,2020,True
Curacao,CW,CUW,721123,iron_steel,1.2,2323.23,2024,2020,True
Curacao,CW,CUW,721119,iron_steel,6.3,13577.98,2024,2020,True
Rwanda,RW,RWA,721114,iron_steel,1.6,1121.12,2024,2020,True
Rwanda,RW,RWA,721410,iron_steel,50.3,51312.63,2024,2020,True
Peru,PE,PER,720719,iron_steel,0.08,4.96,2024,2020,True
Azerbaijan,AZ,AZE,721923,iron_steel,10.0,11089.55,2024,2020,True
Uruguay,UY,URY,721114,iron_steel,0.0092,18.48,2024,2020,True
Brunei Darussalam,BN,BRN,721891,iron_steel,0.1,326.23,2024,2020,True
Bolivia,BO,BOL,721923,iron_steel,0.0816,248.41,2024,2020,True
Bolivia,BO,BOL,721921,iron_steel,1.0164,991.13,2024,2020,True
Bolivia,BO,BOL,721730,iron_steel,0.0131,1478.61,2024,2020,True
Bahrain,BH,BHR,721913,iron_steel,0.1727,364.65,2024,2020,True
Tunisia,TN,TUN,720719,iron_steel,0.212,523.12,2024,2020,True
Trinidad and Tobago,TT,TTO,721113,iron_steel,0.312,716.74,2024,2020,True
Trinidad and Tobago,TT,TTO,720719,iron_steel,2913.712,69557.33,2024,2020,True
Trinidad and Tobago,TT,TTO,721430,iron_steel,0.011,1117.0,2024,2020,True
North Macedonia,MK,MKD,721114,iron_steel,0.17,1467.92,2024,2020,True
Panama,PA,PAN,722240,iron_steel,0.1702,922.28,2024,2020,True
Tajikistan,TJ,TJK,722300,iron_steel,0.1,26.8,2024,2020,True
Eswatini,SZ,SWZ,722519,iron_steel,0.015,944.22,2024,2020,True
Zimbabwe,ZW,ZWE,722490,iron_steel,1.0,1753.66,2024,2020,True
Zimbabwe,ZW,ZWE,722410,iron_steel,1188.0,344242.37,2024,2020,True
Thailand,TH,THA,722410,iron_steel,16496.77,4407678.81,2024,2020,True
Egypt,EG,EGY,722540,iron_steel,302.5489,352549.21,2024,2020,True
Tanzania,TZ,TZA,722490,iron_steel,0.05,87.79,2024,2020,True
Egypt,EG,EGY,722012,iron_steel,7.1411,20944.62,2024,2020,True
Rwanda,RW,RWA,722490,iron_steel,0.2,279.74,2024,2020,True
Rwanda,RW,RWA,722219,iron_steel,1.25,1544.78,2024,2020,True
Rwanda,RW,RWA,722090,iron_steel,0.1,63.29,2024,2020,True
Saudi Arabia,SA,SAU,722012,iron_steel,0.5,1248.19,2024,2020,True
Senegal,SN,SEN,722011,iron_steel,0.122,198.76,2024,2020,True
Panama,PA,PAN,722550,iron_steel,6.1468,4630.81,2024,2020,True
Panama,PA,PAN,722530,iron_steel,1.895,1108.95,2024,2020,True
Panama,PA,PAN,722519,iron_steel,4.8515,3777.84,2024,2020,True
Qatar,QA,QAT,7221,iron_steel,33.5,54287.18,2024,2020,True
Armenia,AM,ARM,722880,iron_steel,3.46,28988.08,2024,2020,True
Azerbaijan,AZ,AZE,722870,iron_steel,57.32,88469.26,2024,2020,True
Angola,AO,AGO,722870,iron_steel,414.534,51933.85,2024,2020,True
Angola,AO,AGO,722820,iron_steel,0.345,456.11,2024,2020,True
Angola,AO,AGO,722619,iron_steel,82.1146,8695.04,2024,2020,True
Cameroon,CM,CMR,7302,iron_steel,11.4,20585.21,2024,2020,True
Cameroon,CM,CMR,722830,iron_steel,5.0,8245.46,2024,2020,True
Cambodia,KH,KHM,722870,iron_steel,3.044,42149.52,2024,2020,True
Sri Lanka,LK,LKA,722691,iron_steel,165.91,56154.6,2024,2020,True
Belarus,BY,BLR,722810,iron_steel,9.843,56279.46,2024,2020,True
Belarus,BY,BLR,722691,iron_steel,1.47,5452.36,2024,2020,True
Brunei Darussalam,BN,BRN,722870,iron_steel,0.015,502.1,2024,2020,True
Brunei Darussalam,BN,BRN,722699,iron_steel,2.0,669.47,2024,2020,True
Madagascar,MG,MDG,722860,iron_steel,0.0195,22.28,2024,2020,True
Madagascar,MG,MDG,722699,iron_steel,1.27,1357.27,2024,2020,True
Mauritius,MU,MUS,722830,iron_steel,1.628,3290.56,2024,2020,True
Mauritius,MU,MUS,722699,iron_steel,0.001,35.26,2024,2020,True
Mali,ML,MLI,7301,iron_steel,1.466,4873.03,2024,2020,True
Mali,ML,MLI,722860,iron_steel,0.395,8529.0,2024,2020,True
Uzbekistan,UZ,UZB,722011,iron_steel,0.0008,12.94,2024,2020,True
Uzbekistan,UZ,UZB,722220,iron_steel,0.21,190.37,2024,2020,True
Ecuador,EC,ECU,722840,iron_steel,20.15,66112.15,2024,2020,True
Zambia,ZM,ZMB,722511,iron_steel,0.7277,1093.93,2024,2020,True
Zambia,ZM,ZMB,722011,iron_steel,2226.0,20604.04,2024,2020,True
Panama,PA,PAN,722300,iron_steel,3.9435,17730.34,2024,2020,True
Myanmar,MM,MMR,722519,iron_steel,137.178,157668.67,2024,2020,True
Myanmar,MM,MMR,722219,iron_steel,0.3491,50271.43,2024,2020,True
Myanmar,MM,MMR,721990,iron_steel,0.318,20.12,2024,2020,True
Cambodia,KH,KHM,722219,iron_steel,0.0198,55.45,2024,2020,True
Cameroon,CM,CMR,722020,iron_steel,0.3,80.66,2024,2020,True
Cambodia,KH,KHM,722410,iron_steel,14841.43,4114611.59,2024,2020,True
Bolivia,BO,BOL,722211,iron_steel,0.1136,232.88,2024,2020,True
Bolivia,BO,BOL,722020,iron_steel,0.2411,116.44,2024,2020,True
Congo,CG,COG,722090,iron_steel,0.0143,374.21,2024,2020,True
Congo,CG,COG,722230,iron_steel,0.605,4100.87,2024,2020,True
Dominican Republic,DO,DOM,722011,iron_steel,0.14,282.78,2024,2020,True
Congo,CG,COG,722300,iron_steel,0.002,50.66,2024,2020,True
Chile,CL,CHL,722012,iron_steel,0.0011,32.34,2024,2020,True
Sri Lanka,LK,LKA,722012,iron_steel,0.039,962.8,2024,2020,True
Sri Lanka,LK,LKA,722011,iron_steel,0.05,707.25,2024,2020,True
Egypt,EG,EGY,721914,iron_steel,7.7794,13593.48,2024,2020,True
Argentina,AR,ARG,722300,iron_steel,1.1618,2960.26,2024,2020,True
Azerbaijan,AZ,AZE,722540,iron_steel,56.235,159209.39,2024,2020,True
Azerbaijan,AZ,AZE,722090,iron_steel,21.8,24175.21,2024,2020,True
Azerbaijan,AZ,AZE,721990,iron_steel,16.6,9906.66,2024,2020,True
Australia,AU,AUS,722511,iron_steel,2.5,1907.3,2024,2020,True
Uruguay,UY,URY,721924,iron_steel,1.5986,4385.92,2024,2020,True
Mali,ML,MLI,722519,iron_steel,0.002,105.64,2024,2020,True
Mauritius,MU,MUS,722090,iron_steel,0.01,1675.88,2024,2020,True
Moldova,MD,MDA,722020,iron_steel,1.667,5648.28,2024,2020,True
Mexico,MX,MEX,722519,iron_steel,26.7808,20853.9,2024,2020,True
Mexico,MX,MEX,722511,iron_steel,444.8599,668718.23,2024,2020,True
Mexico,MX,MEX,722410,iron_steel,,1659221.88,2024,2020,True
Kyrgyzstan,KG,KGZ,722090,iron_steel,1.1,1016.54,2024,2020,True
Kuwait,KW,KWT,722011,iron_steel,0.051,974.96,2024,2020,True
Madagascar,MG,MDG,722211,iron_steel,0.1606,747.81,2024,2020,True
Montenegro,ME,MNE,722220,iron_steel,0.002,55.62,2024,2020,True
Curacao,CW,CUW,722240,iron_steel,0.2096,1135.8,2024,2020,True
Curacao,CW,CUW,721990,iron_steel,0.8,1548.82,2024,2020,True
Panama,PA,PAN,722211,iron_steel,1.8532,6594.58,2024,2020,True
Pakistan,PK,PAK,722012,iron_steel,2.0,1133.78,2024,2020,True
Niger,NE,NER,721990,iron_steel,1.0,2536.76,2024,2020,True
New Zealand,NZ,NZL,722550,iron_steel,0.88,1069.12,2024,2020,True
Mozambique,MZ,MOZ,722519,iron_steel,,2919.92,2024,2020,True
Oman,OM,OMN,722519,iron_steel,82.842,23133.27,2024,2020,True
Oman,OM,OMN,722511,iron_steel,125.938,237697.02,2024,2020,True
Hong Kong,HK,HKG,722490,iron_steel,103.84,697503.86,2024,2020,True
Iran,IR,IRN,722230,iron_steel,44.22,13052.4,2024,2020,True
Georgia,GE,GEO,722230,iron_steel,0.0355,90.1,2024,2020,True
Gabon,GA,GAB,722300,iron_steel,0.19,1059.12,2024,2020,True
Ethiopia,ET,ETH,722300,iron_steel,1.81,6697.89,2024,2020,True
El Salvador,SV,SLV,722240,iron_steel,0.4029,5348.95,2024,2020,True
Honduras,HN,HND,722550,iron_steel,2.3963,10966.52,2024,2020,True
El Salvador,SV,SLV,722220,iron_steel,0.7938,2795.49,2024,2020,True
Ecuador,EC,ECU,722230,iron_steel,0.0344,5018.39,2024,2020,True
Honduras,HN,HND,722490,iron_steel,5.132,43208.51,2024,2020,True
Honduras,HN,HND,722211,iron_steel,0.0136,1105.79,2024,2020,True
Jordan,JO,JOR,722591,iron_steel,0.0,15384.8,2024,2020,True
Kenya,KE,KEN,722490,iron_steel,0.3,205.75,2024,2020,True
Ivory Coast,CI,CIV,722530,iron_steel,84.43,61090.03,2024,2020,True
Togo,TG,TGO,310221,fertilizers,601.05,110773.81,2024,2020,True
Egypt,EG,EGY,310250,fertilizers,2.2996,998.06,2024,2020,True
North Macedonia,MK,MKD,252321,cement,10.85,1322.92,2024,2020,True
North Macedonia,MK,MKD,310221,fertilizers,3.6,1732.95,2024,2020,True
Senegal,SN,SEN,310240,fertilizers,16.5,3576.89,2024,2020,True
Rwanda,RW,RWA,252330,cement,90.0,14935.03,2024,2020,True
Rwanda,RW,RWA,280800,fertilizers,0.25,203.01,2024,2020,True
Rwanda,RW,RWA,281410,fertilizers,5.77,15819.64,2024,2020,True
Saudi Arabia,SA,SAU,252390,cement,75.0,16880.76,2024,2020,True
Zimbabwe,ZW,ZWE,310210,fertilizers,1770.0,659080.6,2024,2020,True
Eswatini,SZ,SWZ,310280,fertilizers,0.012,191.17,2024,2020,True
Tajikistan,TJ,TJK,252321,cement,3.35,464.84,2024,2020,True
Tajikistan,TJ,TJK,252310,cement,5266.17,148998.24,2024,2020,True
Vietnam,VN,VNM,280410,hydrogen,0.1443,749.78,2024,2020,True
Belarus,BY,BLR,310590,fertilizers,2138.727,5066167.64,2024,2020,True
Belarus,BY,BLR,310559,fertilizers,82227.787,18713982.07,2024,2020,True
Belarus,BY,BLR,310540,fertilizers,7769.5,2154052.31,2024,2020,True
Belarus,BY,BLR,310530,fertilizers,1.512,1108.95,2024,2020,True
Belarus,BY,BLR,310520,fertilizers,973539.218,267607984.47,2024,2020,True
Belarus,BY,BLR,310510,fertilizers,129.978,273634.6,2024,2020,True
Belarus,BY,BLR,310290,fertilizers,0.136,92.41,2024,2020,True
Myanmar,MM,MMR,310520,fertilizers,3.596,8317.16,2024,2020,True
Cameroon,CM,CMR,7203,iron_steel,4.1,2317.08,2024,2020,True
Cameroon,CM,CMR,310540,fertilizers,894.0,416063.38,2024,2020,True
Cambodia,KH,KHM,310520,fertilizers,15.0,35116.9,2024,2020,True
Bolivia,BO,BOL,310510,fertilizers,2.2196,9503.74,2024,2020,True
Bosnia and Herzegovina,BA,BIH,310290,fertilizers,0.1445,171.53,2024,2020,True
Sri Lanka,LK,LKA,720219,iron_steel,0.44,219.03,2024,2020,True
Sri Lanka,LK,LKA,310551,fertilizers,21.439,31729.23,2024,2020,True
Sri Lanka,LK,LKA,310540,fertilizers,8.8213,904.57,2024,2020,True
Zambia,ZM,ZMB,310280,fertilizers,33.9844,5305.0,2024,2020,True
Zambia,ZM,ZMB,310229,fertilizers,62.019,13216.55,2024,2020,True
Uzbekistan,UZ,UZB,310280,fertilizers,693.4369,112495.15,2024,2020,True
Angola,AO,AGO,310290,fertilizers,0.39,359.8,2024,2020,True
Argentina,AR,ARG,310520,fertilizers,48.61,111514.28,2024,2020,True
Azerbaijan,AZ,AZE,720712,iron_steel,0.0434,266.26,2024,2020,True
Azerbaijan,AZ,AZE,7201,iron_steel,0.93,277.31,2024,2020,True
Azerbaijan,AZ,AZE,310590,fertilizers,48.0,88716.38,2024,2020,True
Vietnam,VN,VNM,720249,iron_steel,338.2342,827673.75,2024,2020,True
Benin,BJ,BEN,310229,fertilizers,110.0,35401.28,2024,2020,True
Benin,BJ,BEN,252390,cement,175.0,15009.34,2024,2020,True
Benin,BJ,BEN,252321,cement,25.0,4022.87,2024,2020,True
Cuba,CU,CUB,252310,cement,31485.66,951523.8,2024,2020,True
Ecuador,EC,ECU,280800,fertilizers,22.4,8360.41,2024,2020,True
Colombia,CO,COL,283421,fertilizers,0.005,5.02,2024,2020,True
Democratic Republic of the Congo,CD,COD,281420,fertilizers,1.625,1181.73,2024,2020,True
Ethiopia,ET,ETH,252310,cement,19979.08,1093230.71,2024,2020,True
Honduras,HN,HND,281410,fertilizers,4.0,11405.97,2024,2020,True
Guatemala,GT,GTM,310250,fertilizers,2.375,2063.58,2024,2020,True
Bahrain,BH,BHR,280410,hydrogen,0.225,129.61,2024,2020,True
Argentina,AR,ARG,310221,fertilizers,3.9215,2724.83,2024,2020,True
Argentina,AR,ARG,252329,cement,58379.4,3915262.62,2024,2020,True
Azerbaijan,AZ,AZE,310221,fertilizers,400.0,99172.83,2024,2020,True
Chile,CL,CHL,281420,fertilizers,18.0,15045.74,2024,2020,True
Belarus,BY,BLR,310280,fertilizers,775812.5,97608169.3,2024,2020,True
Belarus,BY,BLR,310260,fertilizers,57.049,33453.47,2024,2020,True
Belarus,BY,BLR,310250,fertilizers,2.75,1386.19,2024,2020,True
Belarus,BY,BLR,310221,fertilizers,152978.496,21719157.19,2024,2020,True
Belarus,BY,BLR,310210,fertilizers,229030.846,47970150.63,2024,2020,True
Belarus,BY,BLR,281420,fertilizers,1.976,7023.38,2024,2020,True
Belarus,BY,BLR,281410,fertilizers,23216.1,4158580.54,2024,2020,True
Cameroon,CM,CMR,310229,fertilizers,4000.0,1868203.46,2024,2020,True
Mozambique,MZ,MOZ,280410,hydrogen,0.008,1119.79,2024,2020,True
Mozambique,MZ,MOZ,252330,cement,,107448.73,2024,2020,True
Oman,OM,OMN,280800,fertilizers,52.33,19612.2,2024,2020,True
Curacao,CW,CUW,252321,cement,9.3,4904.59,2024,2020,True
Mexico,MX,MEX,310230,fertilizers,1222.7974,325646.43,2024,2020,True
Morocco,MA,MAR,280410,hydrogen,0.006,1045.78,2024,2020,True
Montenegro,ME,MNE,283421,fertilizers,0.0002,15.92,2024,2020,True
Curacao,CW,CUW,252310,cement,898.5,174397.02,2024,2020,True
Curacao,CW,CUW,252329,cement,5121.5,698568.98,2024,2020,True
Mauritania,MR,MRT,252310,cement,600.0,24469.72,2024,2020,True
Papua New Guinea,PG,PNG,252390,cement,0.25,26.62,2024,2020,True
Panama,PA,PAN,310240,fertilizers,2.533,418.63,2024,2020,True
Panama,PA,PAN,252330,cement,19.215,8330.1,2024,2020,True
Curacao,CW,CUW,252390,cement,0.1,206.51,2024,2020,True
Curacao,CW,CUW,281410,fertilizers,8.0,9138.03,2024,2020,True
Nicaragua,NI,NIC,283421,fertilizers,3.06,2755.75,2024,2020,True
Mauritania,MR,MRT,250700,cement,0.167,124.25,2024,2020,True
Jordan,JO,JOR,281420,fertilizers,0.0,12358.6,2024,2020,True
Jordan,JO,JOR,252330,cement,0.0,33752.84,2024,2020,True
Israel,IL,ISR,310280,fertilizers,6.143,924.13,2024,2020,True
Jamaica,JM,JAM,252330,cement,0.1,92.6,2024,2020,True
Jamaica,JM,JAM,252310,cement,0.1,92.6,2024,2020,True
Mali,ML,MLI,310240,fertilizers,40.0,12863.26,2024,2020,True
Lebanon,LB,LBN,310240,fertilizers,46.55,62540.43,2024,2020,True
Lebanon,LB,LBN,252310,cement,179857.0,7717942.89,2024,2020,True
Mali,ML,MLI,252390,cement,0.4,1607.91,2024,2020,True
Kyrgyzstan,KG,KGZ,260112,iron_steel,0.08,0.92,2024,2020,True
Kyrgyzstan,KG,KGZ,252310,cement,7127.47,131733.67,2024,2020,True
Kuwait,KW,KWT,252310,cement,84.0,17352.37,2024,2020,True
Costa Rica,CR,CRI,720720,iron_steel,25.744,13644.73,2024,2020,True
Cuba,CU,CUB,7216,iron_steel,0.05,3008.73,2024,2020,True
Dominican Republic,DO,DOM,721190,iron_steel,0.08,83.54,2024,2020,True
Dominican Republic,DO,DOM,721114,iron_steel,0.1518,379.34,2024,2020,True
Democratic Republic of the Congo,CD,COD,721430,iron_steel,0.45,204.52,2024,2020,True
Honduras,HN,HND,720719,iron_steel,0.8704,5048.05,2024,2020,True
Ecuador,EC,ECU,721123,iron_steel,0.15,54.56,2024,2020,True
Gabon,GA,GAB,721190,iron_steel,0.025,7632.41,2024,2020,True
Gabon,GA,GAB,720719,iron_steel,0.007,458.34,2024,2020,True
Ethiopia,ET,ETH,7213,iron_steel,0.005,9.2,2024,2020,True
Ethiopia,ET,ETH,721119,iron_steel,0.03,11.84,2024,2020,True
Myanmar,MM,MMR,7209,iron_steel,0.82,1667.13,2024,2020,True
Brunei Darussalam,BN,BRN,721430,iron_steel,23.0,20954.46,2024,2020,True
Bolivia,BO,BOL,721190,iron_steel,0.1488,583.31,2024,2020,True
Sri Lanka,LK,LKA,721420,iron_steel,5.85,2549.98,2024,2020,True
Cameroon,CM,CMR,7209,iron_steel,17.111,36464.03,2024,2020,True
Madagascar,MG,MDG,7213,iron_steel,0.137,73.8,2024,2020,True
Kuwait,KW,KWT,721123,iron_steel,0.296,310.51,2024,2020,True
Kuwait,KW,KWT,721113,iron_steel,2.0,533.22,2024,2020,True
Morocco,MA,MAR,720720,iron_steel,0.005,26.57,2024,2020,True
Mozambique,MZ,MOZ,721410,iron_steel,1.5,1400.86,2024,2020,True
Mauritius,MU,MUS,721410,iron_steel,16.442,11205.12,2024,2020,True
Mexico,MX,MEX,721113,iron_steel,7.3133,4472.78,2024,2020,True
Mauritania,MR,MRT,7216,iron_steel,20.834,160256.93,2024,2020,True
Moldova,MD,MDA,7209,iron_steel,0.021,41.59,2024,2020,True
Kuwait,KW,KWT,720720,iron_steel,54.0,22214.21,2024,2020,True
Iran,IR,IRN,7215,iron_steel,176.074,87454.02,2024,2020,True
Jamaica,JM,JAM,721499,iron_steel,50.802,30893.77,2024,2020,True
Kenya,KE,KEN,721113,iron_steel,1.05,160.41,2024,2020,True
Mali,ML,MLI,310510,fertilizers,0.0051,22.51,2024,2020,True
Mexico,MX,MEX,7201,iron_steel,0.0,29342.94,2024,2020,True
Madagascar,MG,MDG,720690,iron_steel,1.7057,2179.15,2024,2020,True
Lebanon,LB,LBN,720241,iron_steel,15.0,6930.97,2024,2020,True
Kuwait,KW,KWT,720260,iron_steel,1.0,997.14,2024,2020,True
Kuwait,KW,KWT,310520,fertilizers,240.0,11570.1,2024,2020,True
Laos,LA,LAO,7203,iron_steel,0.192,332.69,2024,2020,True
Kyrgyzstan,KG,KGZ,720241,iron_steel,153.0,250595.14,2024,2020,True
Kyrgyzstan,KG,KGZ,310551,fertilizers,1200.0,286942.06,2024,2020,True
Mexico,MX,MEX,720241,iron_steel,72.2939,69420.57,2024,2020,True
New Zealand,NZ,NZL,310540,fertilizers,0.075,129.45,2024,2020,True
New Zealand,NZ,NZL,310530,fertilizers,0.5,839.0,2024,2020,True
Niger,NE,NER,310520,fertilizers,4.0,2408.32,2024,2020,True
Niger,NE,NER,7205,iron_steel,1.5,160.55,2024,2020,True
Niger,NE,NER,720690,iron_steel,12.242,48686.21,2024,2020,True
Papua New Guinea,PG,PNG,7203,iron_steel,265409.0,28290.14,2024,2020,True
Panama,PA,PAN,720690,iron_steel,0.0,7265.5,2024,2020,True
Panama,PA,PAN,7205,iron_steel,2.603,2473.89,2024,2020,True
Panama,PA,PAN,310290,fertilizers,0.0,45484.71,2024,2020,True
Mexico,MX,MEX,720711,iron_steel,10353.0884,4544604.93,2024,2020,True
Curacao,CW,CUW,720690,iron_steel,0.2,1961.84,2024,2020,True
Moldova,MD,MDA,720211,iron_steel,66.088,66299.79,2024,2020,True
Moldova,MD,MDA,310559,fertilizers,25.2,16468.9,2024,2020,True
Curacao,CW,CUW,7205,iron_steel,60.0,13577.98,2024,2020,True
Honduras,HN,HND,720219,iron_steel,0.025,364.86,2024,2020,True
Iran,IR,IRN,310520,fertilizers,71.96,18552.81,2024,2020,True
Ethiopia,ET,ETH,7205,iron_steel,0.121,31.78,2024,2020,True
Honduras,HN,HND,310510,fertilizers,0.549,6612.14,2024,2020,True
Kazakhstan,KZ,KAZ,310551,fertilizers,404.6,95976.34,2024,2020,True
Jamaica,JM,JAM,720610,iron_steel,0.002,18.55,2024,2020,True
Angola,AO,AGO,721123,iron_steel,0.024,63.92,2024,2020,True
Argentina,AR,ARG,7210,iron_steel,10.1166,15726.77,2024,2020,True
Rwanda,RW,RWA,310290,fertilizers,4.2,1208.79,2024,2020,True
Philippines,PH,PHL,310290,fertilizers,0.0086,107.2,2024,2020,True
Peru,PE,PER,720712,iron_steel,7.6452,3155.57,2024,2020,True
Philippines,PH,PHL,720610,iron_steel,0.0104,38.81,2024,2020,True
Serbia,RS,SRB,720260,iron_steel,0.172,1437.02,2024,2020,True
Tunisia,TN,TUN,720249,iron_steel,2.771,23901.01,2024,2020,True
Tajikistan,TJ,TJK,310559,fertilizers,910.0,252287.22,2024,2020,True
Eswatini,SZ,SWZ,720219,iron_steel,0.749,147.68,2024,2020,True
Thailand,TH,THA,720241,iron_steel,22.0,33850.86,2024,2020,True
Togo,TG,TGO,310590,fertilizers,40.0,5137.74,2024,2020,True
Togo,TG,TGO,310551,fertilizers,160.0,48808.56,2024,2020,True
Egypt,EG,EGY,730669,iron_steel,27.7271,43101.38,2024,2020,True
Tajikistan,TJ,TJK,7309,iron_steel,39.38,7762.68,2024,2020,True
Togo,TG,TGO,730719,iron_steel,207.425,34230.81,2024,2020,True
Togo,TG,TGO,730650,iron_steel,2.0,3332.31,2024,2020,True
Uganda,UG,UGA,730793,iron_steel,1.972,12953.52,2024,2020,True
Cambodia,KH,KHM,7603,aluminium,263.109,146387.03,2024,2020,True
Cambodia,KH,KHM,760410,aluminium,25.0,36041.03,2024,2020,True
Sri Lanka,LK,LKA,732611,iron_steel,0.9429,413.6,2024,2020,True
Mongolia,MN,MNG,730650,iron_steel,0.0001,35.16,2024,2020,True
Rwanda,RW,RWA,730669,iron_steel,1.216,1245.13,2024,2020,True
Eswatini,SZ,SWZ,730661,iron_steel,0.04,53.52,2024,2020,True
Nepal,NP,NPL,7310,iron_steel,0.6941,728.52,2024,2020,True
Curacao,CW,CUW,7308,iron_steel,214.9899,45793.41,2024,2020,True
Curacao,CW,CUW,730799,iron_steel,1.2,3975.3,2024,2020,True
Curacao,CW,CUW,730721,iron_steel,0.1182,671.16,2024,2020,True
Curacao,CW,CUW,730719,iron_steel,0.2,567.9,2024,2020,True
Curacao,CW,CUW,730690,iron_steel,17.0,25039.24,2024,2020,True
Curacao,CW,CUW,730640,iron_steel,0.1,258.14,2024,2020,True
Curacao,CW,CUW,7309,iron_steel,6805.4803,1948414.26,2024,2020,True
Curacao,CW,CUW,7310,iron_steel,0.287,516.27,2024,2020,True
Curacao,CW,CUW,731100,iron_steel,65.6,56996.54,2024,2020,True
Curacao,CW,CUW,731811,iron_steel,0.0192,51.63,2024,2020,True
Panama,PA,PAN,730793,iron_steel,5.6435,27395.8,2024,2020,True
Panama,PA,PAN,730791,iron_steel,15.2785,77382.87,2024,2020,True
Panama,PA,PAN,730650,iron_steel,4.9015,10815.08,2024,2020,True
Panama,PA,PAN,730723,iron_steel,0.9984,15460.68,2024,2020,True
Panama,PA,PAN,730719,iron_steel,20.2966,112425.84,2024,2020,True
Panama,PA,PAN,730711,iron_steel,0.6271,4214.03,2024,2020,True
Papua New Guinea,PG,PNG,730661,iron_steel,0.03,280.39,2024,2020,True
Niger,NE,NER,730650,iron_steel,2.31,5259.09,2024,2020,True
Rwanda,RW,RWA,731824,iron_steel,0.28,161.9,2024,2020,True
Rwanda,RW,RWA,760410,aluminium,0.25,239.53,2024,2020,True
Niger,NE,NER,731813,iron_steel,0.06,727.62,2024,2020,True
Panama,PA,PAN,731812,iron_steel,3.2803,14757.42,2024,2020,True
Curacao,CW,CUW,760429,aluminium,0.0243,103.25,2024,2020,True
Curacao,CW,CUW,732690,iron_steel,118.1,131856.12,2024,2020,True
Curacao,CW,CUW,732620,iron_steel,0.5981,1548.82,2024,2020,True
Curacao,CW,CUW,732619,iron_steel,0.7,10377.09,2024,2020,True
Curacao,CW,CUW,731829,iron_steel,0.13,1342.31,2024,2020,True
Curacao,CW,CUW,731816,iron_steel,0.0062,51.63,2024,2020,True
Curacao,CW,CUW,731815,iron_steel,0.1066,671.16,2024,2020,True
Panama,PA,PAN,732619,iron_steel,22.8399,97778.39,2024,2020,True
Papua New Guinea,PG,PNG,731823,iron_steel,0.0023,74.51,2024,2020,True
Panama,PA,PAN,7601,aluminium,0.349,606.23,2024,2020,True
Trinidad and Tobago,TT,TTO,732611,iron_steel,42.606,53370.62,2024,2020,True
Tajikistan,TJ,TJK,731824,iron_steel,0.0002,2.77,2024,2020,True
Ivory Coast,CI,CIV,7603,aluminium,10.1,2411.86,2024,2020,True
Cuba,CU,CUB,760429,aluminium,0.011,85.25,2024,2020,True
Dominican Republic,DO,DOM,732611,iron_steel,0.0013,249.76,2024,2020,True
Democratic Republic of the Congo,CD,COD,760429,aluminium,3.0,159.67,2024,2020,True
Gabon,GA,GAB,760429,aluminium,2.645,9165.43,2024,2020,True
Gabon,GA,GAB,732620,iron_steel,0.026,2696.07,2024,2020,True
Moldova,MD,MDA,732611,iron_steel,2.822,6967.01,2024,2020,True
Mozambique,MZ,MOZ,7603,aluminium,5602.5296,323052.6,2024,2020,True
Kenya,KE,KEN,7603,aluminium,0.038,143.07,2024,2020,True
Mali,ML,MLI,731814,iron_steel,0.005,73.83,2024,2020,True
Laos,LA,LAO,731819,iron_steel,0.1,184.83,2024,2020,True
Laos,LA,LAO,731816,iron_steel,6.0,11089.55,2024,2020,True
Bolivia,BO,BOL,730439,iron_steel,0.2733,29291.86,2024,2020,True
Bolivia,BO,BOL,730431,iron_steel,1.253,13570.9,2024,2020,True
Belarus,BY,BLR,730611,iron_steel,9.791,5175.12,2024,2020,True
Mali,ML,MLI,730611,iron_steel,0.093,3787.29,2024,2020,True
Mali,ML,MLI,730449,iron_steel,247.662,220013.55,2024,2020,True
Mali,ML,MLI,730424,iron_steel,0.658,12225.61,2024,2020,True
Mexico,MX,MEX,730424,iron_steel,171.8937,1106524.35,2024,2020,True
Azerbaijan,AZ,AZE,730621,iron_steel,0.15,200.91,2024,2020,True
Zimbabwe,ZW,ZWE,730629,iron_steel,0.25,182.52,2024,2020,True
Iran,IR,IRN,730423,iron_steel,25.23,6701.78,2024,2020,True
Iran,IR,IRN,730422,iron_steel,0.2,314.2,2024,2020,True
Honduras,HN,HND,730424,iron_steel,0.106,316.05,2024,2020,True
Honduras,HN,HND,730611,iron_steel,10.7139,8103.9,2024,2020,True
Jamaica,JM,JAM,730490,iron_steel,0.14,556.31,2024,2020,True
Dominican Republic,DO,DOM,730422,iron_steel,0.4563,37.91,2024,2020,True
Ethiopia,ET,ETH,730629,iron_steel,0.8,20042.61,2024,2020,True
Ethiopia,ET,ETH,730619,iron_steel,105.0,356541.44,2024,2020,True
Ethiopia,ET,ETH,730429,iron_steel,0.2312,2366.42,2024,2020,True
Democratic Republic of the Congo,CD,COD,730419,iron_steel,0.029,781.41,2024,2020,True
Congo,CG,COG,730629,iron_steel,11.0,50635.63,2024,2020,True
Congo,CG,COG,730611,iron_steel,0.009,238.05,2024,2020,True
Congo,CG,COG,730431,iron_steel,0.021,381.31,2024,2020,True
Cuba,CU,CUB,730419,iron_steel,0.0028,6.02,2024,2020,True
Kuwait,KW,KWT,722699,iron_steel,10.0,25629.79,2024,2020,True
Kuwait,KW,KWT,7227,iron_steel,50.0,9069.4,2024,2020,True
New Zealand,NZ,NZL,722619,iron_steel,0.2,5141.85,2024,2020,True
Curacao,CW,CUW,7229,iron_steel,0.1,413.02,2024,2020,True
Niger,NE,NER,722880,iron_steel,6.0,3347.56,2024,2020,True
Panama,PA,PAN,7302,iron_steel,1.4645,3900.75,2024,2020,True
Panama,PA,PAN,722810,iron_steel,0.5251,7365.31,2024,2020,True
Panama,PA,PAN,7227,iron_steel,7.0132,4491.27,2024,2020,True
Panama,PA,PAN,722699,iron_steel,4.1017,7714.63,2024,2020,True
Panama,PA,PAN,722599,iron_steel,5.7395,5564.18,2024,2020,True
Morocco,MA,MAR,722699,iron_steel,0.525,746.65,2024,2020,True
Oman,OM,OMN,722592,iron_steel,1.755,665.76,2024,2020,True
Oman,OM,OMN,722820,iron_steel,0.55,754.69,2024,2020,True
Costa Rica,CR,CRI,722692,iron_steel,0.001,0.92,2024,2020,True
Congo,CG,COG,7229,iron_steel,0.009,788.25,2024,2020,True
Costa Rica,CR,CRI,722810,iron_steel,61.635,155133.19,2024,2020,True
Dominican Republic,DO,DOM,7229,iron_steel,0.001,180.93,2024,2020,True
Dominican Republic,DO,DOM,722620,iron_steel,0.0003,3.13,2024,2020,True
Jamaica,JM,JAM,7301,iron_steel,0.05,698.01,2024,2020,True
Honduras,HN,HND,7229,iron_steel,0.03,120.53,2024,2020,True
Paraguay,PY,PRY,722599,iron_steel,0.1,55.45,2024,2020,True
Tanzania,TZ,TZA,722699,iron_steel,20.0,4948.71,2024,2020,True
Egypt,EG,EGY,722619,iron_steel,8.0509,6544.68,2024,2020,True
Uruguay,UY,URY,7229,iron_steel,15.236,17740.5,2024,2020,True
Uruguay,UY,URY,722860,iron_steel,0.3,369.65,2024,2020,True
Zambia,ZM,ZMB,722692,iron_steel,1803.04,93154.42,2024,2020,True
Rwanda,RW,RWA,7227,iron_steel,2.0,254.24,2024,2020,True
Rwanda,RW,RWA,722692,iron_steel,0.025,44.76,2024,2020,True
Eswatini,SZ,SWZ,722810,iron_steel,30.15,5772.38,2024,2020,True
Philippines,PH,PHL,722620,iron_steel,0.2264,50.83,2024,2020,True
Tunisia,TN,TUN,722592,iron_steel,4.0,13339.0,2024,2020,True
Albania,AL,ALB,730791,iron_steel,2.4573,11434.95,2024,2020,True
Bolivia,BO,BOL,730711,iron_steel,0.0101,155.35,2024,2020,True
Mali,ML,MLI,730719,iron_steel,0.692,4570.57,2024,2020,True
Mali,ML,MLI,730669,iron_steel,0.0564,145.52,2024,2020,True
Cuba,CU,CUB,7310,iron_steel,1.2631,12591.88,2024,2020,True
Benin,BJ,BEN,730723,iron_steel,0.206,10137.64,2024,2020,True
Myanmar,MM,MMR,730721,iron_steel,0.103,163.57,2024,2020,True
Cameroon,CM,CMR,730723,iron_steel,0.012,277.62,2024,2020,True
Niger,NE,NER,730423,iron_steel,5.775,38170.73,2024,2020,True
Niger,NE,NER,730411,iron_steel,0.125,6547.66,2024,2020,True
Niger,NE,NER,730300,iron_steel,0.02,481.66,2024,2020,True
Nicaragua,NI,NIC,730629,iron_steel,8.7,5406.15,2024,2020,True
Nicaragua,NI,NIC,730441,iron_steel,0.2459,277.24,2024,2020,True
Nicaragua,NI,NIC,730424,iron_steel,0.26,48.05,2024,2020,True
Panama,PA,PAN,7305,iron_steel,18.8629,60418.63,2024,2020,True
Panama,PA,PAN,730424,iron_steel,3.0648,19729.23,2024,2020,True
Rwanda,RW,RWA,730629,iron_steel,0.026,26.45,2024,2020,True
Rwanda,RW,RWA,730441,iron_steel,0.65,70.02,2024,2020,True
Lebanon,LB,LBN,730441,iron_steel,0.686,1546.07,2024,2020,True
Kyrgyzstan,KG,KGZ,730449,iron_steel,17.38,16061.36,2024,2020,True
Moldova,MD,MDA,730619,iron_steel,48.487,70954.63,2024,2020,True
Nepal,NP,NPL,730629,iron_steel,0.032,3152.31,2024,2020,True
Curacao,CW,CUW,730300,iron_steel,7.4,29014.54,2024,2020,True
New Zealand,NZ,NZL,730422,iron_steel,0.25,715.54,2024,2020,True
Curacao,CW,CUW,730490,iron_steel,6.1,17759.79,2024,2020,True
Curacao,CW,CUW,730429,iron_steel,1.8,4233.44,2024,2020,True
Uruguay,UY,URY,730300,iron_steel,0.1182,569.26,2024,2020,True
Uruguay,UY,URY,730619,iron_steel,0.0024,345.62,2024,2020,True
Tanzania,TZ,TZA,730629,iron_steel,0.2,4835.28,2024,2020,True
Gabon,GA,GAB,730640,iron_steel,0.06,7076.92,2024,2020,True
Ethiopia,ET,ETH,730721,iron_steel,0.006,19.41,2024,2020,True
Trinidad and Tobago,TT,TTO,730621,iron_steel,0.611,278.56,2024,2020,True
Tajikistan,TJ,TJK,730449,iron_steel,0.177,189.45,2024,2020,True
North Macedonia,MK,MKD,730429,iron_steel,0.02,19.22,2024,2020,True
